source_dataset,trajectory_id,segment_id,split,source_doi,license,vehicle_class,timestamp,elapsed_s,latitude_deg,longitude_deg,altitude_m,utm_easting_m,utm_northing_m,x_east_m,y_north_m,z_up_m,x_smooth_m,y_smooth_m,z_smooth_m,vx_mps,vy_mps,vz_mps,ax_mps2,ay_mps2,az_mps2,speed_horizontal_mps,speed_3d_mps,course_deg,turn_rate_dps,climb_angle_deg,pressure_hpa,temperature_c,relative_humidity_pct,is_interpolated
HAOS / PANGAEA,HAOS_Flight_01,HAOS_Flight_01_seg00,train,10.1594/PANGAEA.918814,CC BY 4.0,fixed-wing UAV,2020-02-27 15:34:42+00:00,0.0,65.03979,24.5545,26.6,384872.47445915,7215117.03055846,0.0,0.0,0.0,-3.802454643348016,0.3861127476461945,-0.13654545454546488,3.639499670504348,-9.161221614894874,4.158909090909092,-0.3162327140175467,-0.24537942480312047,-0.22882034632034687,9.857684278207449,10.699087071113338,158.33344567865447,2.2087011096111695,22.874644785675937,998.93,-1.91,78.54,False
HAOS / PANGAEA,HAOS_Flight_01,HAOS_Flight_01_seg00,train,10.1594/PANGAEA.918814,CC BY 4.0,fixed-wing UAV,2020-02-27 15:34:43+00:00,1.0,65.03972,24.55448,30.38,384871.054487682,7215108.96758247,-1.419971467985306,-8.062975990585983,3.7799999999999976,-0.16295497284366833,-8.77510886724868,4.022363636363627,3.323266956486801,-9.406601039697994,3.9300887445887454,-0.47434907102632007,-0.3680691372046807,-0.34323051948051964,9.976384434459431,10.722585692101863,160.54214678826565,3.2285646244179182,21.501423917339466,998.43,-1.88,78.41,False
HAOS / PANGAEA,HAOS_Flight_01,HAOS_Flight_01_seg00,train,10.1594/PANGAEA.918814,CC BY 4.0,fixed-wing UAV,2020-02-27 15:34:44+00:00,2.0,65.03962,24.5545,34.4,384871.761836291,7215098.62681831,-0.7126228589913808,-18.40374015085399,7.799999999999997,2.844079269625586,-18.427089331749794,7.7236320346320255,2.6908015284517077,-9.897359889304235,3.472448051948053,-0.6324654280350943,-0.49075884960623384,-0.4576406926406953,10.256614726308403,10.828482863144044,164.7905749274903,4.125123402090151,18.703886727582056,997.9,-1.86,78.77,False
HAOS / PANGAEA,HAOS_Flight_01,HAOS_Flight_01_seg00,train,10.1594/PANGAEA.918814,CC BY 4.0,fixed-wing UAV,2020-02-27 15:34:45+00:00,3.0,65.03953,24.55456,37.74,384874.37108021,7215087.81395916,1.8966210600337945,-29.21659930050373,11.14,5.218648084059748,-28.56982864585715,10.967259740259733,2.0583361004166125,-10.388118738910462,3.0148073593073548,-0.03022236889574348,-0.6487319486734693,-0.42973809523809914,10.590078301692625,11.010850187415809,168.79239359244593,0.9934719812347813,15.890712662000144,997.46,-1.85,78.77,False
HAOS / PANGAEA,HAOS_Flight_01,HAOS_Flight_01_seg00,train,10.1594/PANGAEA.918814,CC BY 4.0,fixed-wing UAV,2020-02-27 15:34:46+00:00,4.0,65.03944,24.55466,40.09,384878.387864654,7215077.81859604,5.913405504019465,-39.211962420493364,13.490000000000002,6.960751470458812,-39.20332680957072,13.753246753246735,2.6303567906602208,-11.194823786651174,2.6129718614718547,0.09911335343835814,-0.7072973186839624,-0.4464729437229433,11.499689407125015,11.792814694091778,166.77751888995988,0.1919188991725425,12.80145227524789,997.15,-1.84,78.68,False
HAOS / PANGAEA,HAOS_Flight_01,HAOS_Flight_01_seg00,train,10.1594/PANGAEA.918814,CC BY 4.0,fixed-wing UAV,2020-02-27 15:34:47+00:00,5.0,65.03935,24.55477,42.44,384883.099865279,7215067.33305661,10.625406128994655,-49.69750185031444,15.839999999999996,10.479361665380189,-50.9594762191595,16.193203463203442,2.256562807293329,-11.802713376278387,2.121861471861468,-1.5054741754095762,-0.10974443233159015,-0.5583257575757563,12.016493612774083,12.202393816444806,169.17623139079103,7.566103756314006,10.014008467078261,996.84,-1.84,78.6,False
HAOS / PANGAEA,HAOS_Flight_01,HAOS_Flight_01_seg00,train,10.1594/PANGAEA.918814,CC BY 4.0,fixed-wing UAV,2020-02-27 15:34:48+00:00,6.0,65.03924,24.55484,45.25,384886.140465361,7215055.22336188,13.666006211016793,-61.807196580804884,18.65,11.47387708504547,-62.80875356212749,17.99696969696967,-0.3805915601589316,-11.414312651314354,1.496320346320342,-3.140945373634762,0.6001880627218217,-0.5306493506493499,11.42065598981158,11.518261926889464,181.9097264025879,15.806872872759975,7.464306002991315,996.47,-1.85,78.44,False
HAOS / PANGAEA,HAOS_Flight_01,HAOS_Flight_01_seg00,train,10.1594/PANGAEA.918814,CC BY 4.0,fixed-wing UAV,2020-02-27 15:34:49+00:00,7.0,65.03912,24.5548,45.63,384883.483999684,7215042.05340441,11.009540533996187,-74.97715405002236,19.03,9.718178545062326,-73.7881015217882,19.185844155844126,-4.025327939976195,-10.602337250834744,1.0605627705627683,-4.3681969303718065,0.6714479097142956,-0.5133658008657989,11.340759242872192,11.390242034087546,200.78997713631097,20.121363737111974,5.342636168618075,996.42,-1.83,78.89,False
HAOS / PANGAEA,HAOS_Flight_01,HAOS_Flight_01_seg00,train,10.1594/PANGAEA.918814,CC BY 4.0,fixed-wing UAV,2020-02-27 15:34:50+00:00,8.0,65.03902,24.55463,46.92,384875.168874432,7215030.85498203,2.6944152819924057,-86.17557643074542,20.32,3.4232212050930775,-84.01342806379698,20.118095238095208,-9.116985420902544,-10.071416831885763,0.46958874458874433,-4.788860372138265,0.6070827061624868,-0.5746753246753231,13.585023377474968,13.593137009372995,222.15245387681182,17.299223044670445,1.979734894629647,996.25,-1.82,78.79,False
HAOS / PANGAEA,HAOS_Flight_01,HAOS_Flight_01_seg00,train,10.1594/PANGAEA.918814,CC BY 4.0,fixed-wing UAV,2020-02-27 15:34:51+00:00,9.0,65.03894,24.5544,46.62,384864.110623266,7215023.03567724,-8.363835883967113,-93.99488122016191,20.019999999999996,-8.515792296742765,-93.93093518555973,20.125021645021615,-13.603048684252725,-9.38817183850977,-0.08878787878787797,-3.328210513590081,0.9043898553662082,-0.30435064935064915,16.528179088318765,16.52841756681375,235.38842322565188,10.100248661539162,-0.30778476963125445,996.29,-1.78,78.38,False
HAOS / PANGAEA,HAOS_Flight_01,HAOS_Flight_01_seg00,train,10.1594/PANGAEA.918814,CC BY 4.0,fixed-wing UAV,2020-02-27 15:34:52+00:00,10.0,65.03889,24.55416,46.46,384852.676600234,7215017.08626592,-19.79785891599022,-99.94429254066199,19.86,-23.78287616341237,-102.78977174081652,19.940519480519452,-15.773406448082707,-8.262637121153347,-0.13911255411255397,-1.202256418163551,1.035315850063217,-0.052597402597402976,17.806502272267803,17.807045669481226,242.35295119989016,5.022502149238662,-0.44761177418425224,996.31,-1.77,78.69,False
HAOS / PANGAEA,HAOS_Flight_01,HAOS_Flight_01_seg00,train,10.1594/PANGAEA.918814,CC BY 4.0,fixed-wing UAV,2020-02-27 15:34:53+00:00,11.0,65.03879,24.55372,46.92,384831.622852376,7215007.11092494,-40.85160677396925,-109.91963352076709,20.32,-40.06260519290818,-110.45620942786643,19.846796536796507,-16.007561520579827,-7.317540138383336,-0.19398268398268392,0.3062854616575681,0.778643808659222,-0.05377705627705609,17.60080735398235,17.601876286171432,245.4334275241292,1.894076357184173,-0.6314448472203462,996.25,-1.77,78.5,False
HAOS / PANGAEA,HAOS_Flight_01,HAOS_Flight_01_seg00,train,10.1594/PANGAEA.918814,CC BY 4.0,fixed-wing UAV,2020-02-27 15:34:54+00:00,12.0,65.03869,24.55331,44.94,384811.740357924,7214996.9713303,-60.734101225971244,-120.05922816041857,18.339999999999996,-55.79799920457202,-117.42485201758319,19.552554112554084,-15.16083552476757,-6.705349503834903,-0.24666666666666615,0.9834442515689901,0.6058647702972166,0.036488095238094154,16.57747404696003,16.579309099660268,246.14110391425848,0.5319955093335617,-0.8524770430550855,996.51,-1.74,78.24,False
HAOS / PANGAEA,HAOS_Flight_01,HAOS_Flight_01_seg00,train,10.1594/PANGAEA.918814,CC BY 4.0,fixed-wing UAV,2020-02-27 15:34:55+00:00,13.0,65.03865,24.55309,46.69,384801.24437843,7214992.6695103,-71.23008071997901,-124.36104816012084,20.089999999999996,-70.38427624244332,-123.86690843553623,19.353463203463175,-14.040673017441847,-6.105810597788903,-0.12100649350649562,1.4752878581359035,0.8259096849272289,0.10408008658008594,15.31082694823473,15.31130511779651,246.4974185427963,0.6877099923931425,-0.4528179337420038,996.28,-1.74,78.96,False
HAOS / PANGAEA,HAOS_Flight_01,HAOS_Flight_01_seg00,train,10.1594/PANGAEA.918814,CC BY 4.0,fixed-wing UAV,2020-02-27 15:34:56+00:00,14.0,65.03861,24.55286,46.01,384790.308524356,7214988.47813629,-82.16593479400035,-128.55242217052728,19.409999999999997,-83.87934523945572,-129.636473213161,19.310541125541093,-12.210259808495763,-5.053530133980445,-0.038506493506494266,1.9818281607898456,1.116377762700246,0.041228354978357196,13.214711930496836,13.214768032623864,247.51652389904478,1.239273454591337,-0.1669543255309877,996.37,-1.79,78.37,False
HAOS / PANGAEA,HAOS_Flight_01,HAOS_Flight_01_seg00,train,10.1594/PANGAEA.918814,CC BY 4.0,fixed-wing UAV,2020-02-27 15:34:57+00:00,15.0,65.03856,24.55264,45.55,384779.499543926,7214983.81069613,-92.97491522401106,-133.21986233070493,18.949999999999996,-94.80479585943485,-133.97396870349712,19.276450216450186,-10.077016695862156,-3.8730550723884107,-0.038549783549781225,1.4520630850244345,0.7841001583950629,-0.15213203463203406,10.795685299342429,10.795754126889422,248.975965451979,0.9757820550191467,-0.20459382146753902,996.43,-1.78,78.53,False
HAOS / PANGAEA,HAOS_Flight_01,HAOS_Flight_01_seg00,train,10.1594/PANGAEA.918814,CC BY 4.0,fixed-wing UAV,2020-02-27 15:34:58+00:00,16.0,65.03852,24.55239,45.55,384767.793579537,7214979.3066711,-104.68087961297715,-137.72388736065477,18.949999999999996,-104.03337863118003,-137.38258335793782,19.23344155844153,-9.306133638446894,-3.485329817190319,-0.3427705627705624,0.39641595725820267,0.19395098159517232,-0.2074891774891796,9.93738633802816,9.943296178326923,249.4680880090831,0.22430080800082514,-1.975521805124197,996.43,-1.78,78.53,False
HAOS / PANGAEA,HAOS_Flight_01,HAOS_Flight_01_seg00,train,10.1594/PANGAEA.918814,CC BY 4.0,fixed-wing UAV,2020-02-27 15:34:59+00:00,17.0,65.03848,24.55214,46.01,384755.964695373,7214974.88877456,-116.50976377696497,-142.14178390055895,19.409999999999997,-113.41706313632864,-140.94462833787776,18.59090909090906,-9.28418478134575,-3.485153109198066,-0.45352813852814045,-0.022146868993019098,0.03248800475300584,0.028138528138528685,9.916772622618963,9.927137906827012,249.42456706798066,0.21978405680091276,-2.618508607142318,996.37,-1.76,78.28,False
HAOS / PANGAEA,HAOS_Flight_01,HAOS_Flight_01_seg00,train,10.1594/PANGAEA.918814,CC BY 4.0,fixed-wing UAV,2020-02-27 15:35:00+00:00,18.0,65.038455,24.552010000000003,44.985,384749.749716926,7214972.673036166,-122.72474222397432,-144.3575222948566,18.384999999999998,-122.60174819387153,-144.35288957633395,18.32638528138525,-9.350427376432933,-3.4203538076843074,-0.286493506493505,-0.3030556288200259,-0.06490411005362517,0.021450216450218385,9.956370437648802,9.96049149494893,249.9076561226849,0.24888891915584033,-1.6482251899163838,996.505,-1.725,78.18,True
HAOS / PANGAEA,HAOS_Flight_01,HAOS_Flight_01_seg00,train,10.1594/PANGAEA.918814,CC BY 4.0,fixed-wing UAV,2020-02-27 15:35:01+00:00,19.0,65.03843,24.55188,43.96,384743.534738479,7214970.45729777,-128.93972067098366,-146.5732606900856,17.36,-132.1179178891945,-147.78533595324637,18.01792207792205,-9.890296038985802,-3.6149613293053164,-0.4106277056277037,-0.7788811387501511,-0.3098567148944795,-0.13728354978355028,10.530237468886973,10.538240662642895,249.92234490629232,-0.11538953684277564,-2.2331234322512805,996.64,-1.69,78.08,False
HAOS / PANGAEA,HAOS_Flight_01,HAOS_Flight_01_seg00,train,10.1594/PANGAEA.918814,CC BY 4.0,fixed-wing UAV,2020-02-27 15:35:02+00:00,20.0,65.03839,24.55162,43.73,384730.839621205,7214965.83123171,-141.6348379449919,-151.19932675082237,17.129999999999995,-142.38234027184313,-151.58281223494458,17.505129870129842,-10.908189653933235,-4.0400672374732665,-0.5610606060606056,-1.3750803236936058,-0.5293504174756265,-0.039945887445887784,11.632314679782393,11.645837617498968,249.67687704899933,-0.10681675288497458,-2.7614031919561803,996.67,-1.68,78.25,False
HAOS / PANGAEA,HAOS_Flight_01,HAOS_Flight_01_seg00,train,10.1594/PANGAEA.918814,CC BY 4.0,fixed-wing UAV,2020-02-27 15:35:03+00:00,21.0,65.03834,24.55135,44.34,384717.870269594,7214960.96263004,-154.6041895559756,-156.06792842037976,17.740000000000002,-153.93429719706097,-155.8654704281929,16.89580086580084,-12.640456686373014,-4.673662164256569,-0.49051948051947925,-1.4077282135185314,-0.496839450601712,0.08690476190476204,13.476804638551219,13.485728479635231,249.70871140052236,0.09020339082048633,-2.084492274778753,996.59,-1.73,78.3,False
HAOS / PANGAEA,HAOS_Flight_01,HAOS_Flight_01_seg00,train,10.1594/PANGAEA.918814,CC BY 4.0,fixed-wing UAV,2020-02-27 15:35:04+00:00,22.0,65.03829,24.55108,43.27,384704.809509644,7214956.04854482,-167.66494950599736,-160.98201363999397,16.67,-167.66325364458916,-160.93013656345772,16.524090909090884,-13.723646080970298,-5.03374613867669,-0.3872510822510815,0.02830379504963787,0.06936873681942757,-0.0025378787878791442,14.617696875512705,14.622825491165464,249.8572838306403,0.23665640582693967,-1.5175211493727574,996.73,-1.7,78.34,False
HAOS / PANGAEA,HAOS_Flight_01,HAOS_Flight_01_seg00,train,10.1594/PANGAEA.918814,CC BY 4.0,fixed-wing UAV,2020-02-27 15:35:05+00:00,23.0,65.03824,24.5508,42.29,384691.644250376,7214951.12941991,-180.83020877401577,-165.9011385506019,15.689999999999998,-181.38158935900157,-165.9329627055463,16.121298701298677,-12.583849096273738,-4.534924690617714,-0.49559523809523753,1.4275452402049638,0.614690751355397,-0.08988095238095273,13.376053230582015,13.385231214565785,250.18202421217626,0.425465738831459,-2.1218914259294053,996.86,-1.64,78.6,False
HAOS / PANGAEA,HAOS_Flight_01,HAOS_Flight_01_seg00,train,10.1594/PANGAEA.918814,CC BY 4.0,fixed-wing UAV,2020-02-27 15:35:06+00:00,24.0,65.0382,24.55053,41.98,384678.799930125,7214946.72598488,-193.6745290249819,-170.30457358062267,15.379999999999995,-192.83095183713664,-169.99998594469315,15.532900432900409,-10.86855560056037,-3.8043646359658965,-0.567012987012987,1.2941901591277372,0.5489526939905005,0.12799242424242419,11.515150503830165,11.529102083566677,250.70821530830324,0.42102373570842716,-2.8190020134352847,996.9,-1.63,78.11,False
HAOS / PANGAEA,HAOS_Flight_01,HAOS_Flight_01_seg00,train,10.1594/PANGAEA.918814,CC BY 4.0,fixed-wing UAV,2020-02-27 15:35:07+00:00,25.0,65.03815,24.55027,41.98,384666.335170571,7214942.37960895,-206.13928857899737,-174.6509495107457,15.379999999999995,-203.1187005601223,-173.54169197747808,14.987272727272703,-9.995468778018264,-3.4370193026367133,-0.23961038961038916,0.5999557874601322,0.20035337599487235,0.3022294372294372,10.5698863654741,10.572601899146894,251.0240716835931,-0.05092010886987387,-1.2986244719531426,996.9,-1.63,78.11,False
HAOS / PANGAEA,HAOS_Flight_01,HAOS_Flight_01_seg00,train,10.1594/PANGAEA.918814,CC BY 4.0,fixed-wing UAV,2020-02-27 15:35:08+00:00,26.0,65.03813,24.55013,41.45,384659.787326131,7214940.18817929,-212.68713301897515,-176.84237917046994,14.850000000000001,-212.82188939317317,-176.87402454996658,15.05367965367963,-9.668644025640106,-3.4036578839761518,0.037445887445887394,0.06158992372318295,-0.10790747835088155,0.10493506493506466,10.250247035349886,10.250315433204275,250.6063750905635,-0.6644956630444051,0.2093102497067927,996.97,-1.63,78.22,False
HAOS / PANGAEA,HAOS_Flight_01,HAOS_Flight_01_seg00,train,10.1594/PANGAEA.918814,CC BY 4.0,fixed-wing UAV,2020-02-27 15:35:09+00:00,27.0,65.03811,24.55,41.23,384653.23940567,7214937.99674193,-219.23505347996252,-179.03381653036922,14.629999999999995,-222.45598861140252,-180.34900774543038,15.062164502164478,-9.872288930571898,-3.6528342593384764,-0.029740259740259845,-0.4732465338496894,-0.3183530731181179,-0.017467532467532187,10.526409019931219,10.526451032420125,249.6950803575043,-0.7221723970980473,-0.16187731519849854,997.0,-1.66,78.22,False
HAOS / PANGAEA,HAOS_Flight_01,HAOS_Flight_01_seg00,train,10.1594/PANGAEA.918814,CC BY 4.0,fixed-wing UAV,2020-02-27 15:35:10+00:00,28.0,65.03806,24.54973,41.83,384640.45782966,7214933.26028558,-232.01662949001184,-183.77027288079262,15.229999999999997,-232.56646725431696,-184.17969306864353,14.99419913419911,-10.615137093339484,-4.0403640302123875,0.0025108225108230187,-0.9927567897719811,-0.438754929587418,0.0918939393939393,11.3580666051501,11.358066882672228,249.16203029636742,-0.30236758218916315,0.012665846717961716,996.92,-1.64,78.22,False
HAOS / PANGAEA,HAOS_Flight_01,HAOS_Flight_01_seg00,train,10.1594/PANGAEA.918814,CC BY 4.0,fixed-wing UAV,2020-02-27 15:35:11+00:00,29.0,65.03801,24.54947,42.52,384627.86839723,7214928.27915915,-244.60606191999977,-188.75139931030571,15.920000000000002,-243.6862627980815,-188.42973580585516,15.067186147186124,-11.85780251011586,-4.530344118513312,0.15404761904761877,-1.0805569263862367,-0.39139519965385006,0.08741341991341978,12.693758237852892,12.694692941146405,249.09034519312598,0.07798909603476979,0.6952901568750992,996.83,-1.65,78.52,False
HAOS / PANGAEA,HAOS_Flight_01,HAOS_Flight_01_seg00,train,10.1594/PANGAEA.918814,CC BY 4.0,fixed-wing UAV,2020-02-27 15:35:12+00:00,30.0,65.03796,24.54921,41.15,384615.617416214,7214923.30625742,-256.8570429359679,-193.72430104017258,14.549999999999997,-256.2820722745487,-193.24038130567016,15.302294372294348,-12.776250946111958,-4.823154429520088,0.17733766233766257,-0.40921801596018526,-0.06521943770752614,-0.017846320346319722,13.65633211697145,13.657483499368006,249.31800848843693,0.3611272145569175,0.7439866312445248,997.01,-1.65,78.24,False
HAOS / PANGAEA,HAOS_Flight_01,HAOS_Flight_01_seg00,train,10.1594/PANGAEA.918814,CC BY 4.0,fixed-wing UAV,2020-02-27 15:35:13+00:00,31.0,65.03792,24.54895,41.76,384603.397589901,7214918.90534246,-269.0768692489946,-198.1252160007134,15.159999999999997,-269.2387646903054,-198.07604466489533,15.42186147186145,-12.67623854203623,-4.660782993928365,0.11835497835497932,0.19131397605096367,0.1914954662163808,0.08759740259740223,13.505921726824004,13.50644030053804,249.81259962223982,0.4856609100563698,0.5020810355731053,996.93,-1.67,77.96,False
HAOS / PANGAEA,HAOS_Flight_01,HAOS_Flight_01_seg00,train,10.1594/PANGAEA.918814,CC BY 4.0,fixed-wing UAV,2020-02-27 15:35:14+00:00,32.0,65.03788,24.54869,42.59,384590.968202099,7214914.55867957,-281.50625705101993,-202.47187888994813,15.990000000000002,-281.63454935862114,-202.56194729352688,15.539004329004307,-12.39362299401003,-4.440163497087326,0.35253246753246703,0.4371469386258582,0.23073899521173757,0.2360497835497828,13.164989282127081,13.16970849864132,250.28933030854967,0.3005479262825393,1.5339014928407435,996.82,-1.69,77.83,False
HAOS / PANGAEA,HAOS_Flight_01,HAOS_Flight_01_seg00,train,10.1594/PANGAEA.918814,CC BY 4.0,fixed-wing UAV,2020-02-27 15:35:15+00:00,33.0,65.03783,24.54843,42.67,384578.505095094,7214910.09234314,-293.96936405601446,-206.93821531999856,16.07,-294.02601067832546,-206.95637165907,16.126926406926383,-11.801944664784514,-4.1993050035048896,0.5904545454545449,0.14552703455868254,0.06503473384530878,0.011742424242424665,12.526773741993463,12.540681678176222,250.41369547480485,0.05415197390222798,2.698662336209416,996.81,-1.64,78.42,False
HAOS / PANGAEA,HAOS_Flight_01,HAOS_Flight_01_seg00,train,10.1594/PANGAEA.918814,CC BY 4.0,fixed-wing UAV,2020-02-27 15:35:16+00:00,34.0,65.03779,24.54817,42.67,384565.897804477,7214905.79697232,-306.5766546729719,-211.23358613997698,16.07,-305.2384386881902,-210.96055730053666,16.719913419913397,-12.102568924892665,-4.3100940293967085,0.37601731601731636,-0.907511252290476,-0.32287343932230783,-0.28124458874458913,12.847143072450729,12.85264463625925,250.39763425635414,0.00012091213381324893,1.6764860743358494,996.81,-1.64,78.42,False
HAOS / PANGAEA,HAOS_Flight_01,HAOS_Flight_01_seg00,train,10.1594/PANGAEA.918814,CC BY 4.0,fixed-wing UAV,2020-02-27 15:35:17+00:00,35.0,65.03775,24.54791,43.73,384553.721587255,7214901.28513025,-318.7528718949761,-215.74542821012437,17.129999999999995,-318.2311485281108,-215.5765597178634,16.878961038961016,-13.616967169365466,-4.845051882149505,0.02796536796536664,-1.3779890284321965,-0.515084356872876,-0.2864177489177502,14.453246093258684,14.453273148117795,250.41393729907253,-0.08320812529269281,0.110860601629694,996.67,-1.7,78.3,False
HAOS / PANGAEA,HAOS_Flight_01,HAOS_Flight_01_seg00,train,10.1594/PANGAEA.918814,CC BY 4.0,fixed-wing UAV,2020-02-27 15:35:18+00:00,36.0,65.0377,24.54767,44.57,384541.789938983,7214896.81180723,-330.6845201670076,-220.21875123027712,17.97,-332.4723730269211,-220.65066106483567,16.77584415584413,-14.858546981757058,-5.3402627431424605,-0.196818181818184,-0.8854481588559793,-0.3805664655776724,-0.1951082251082239,15.789072948557722,15.79029961626984,250.23121800576877,-0.21594441718898544,-0.7141817094292318,996.56,-1.73,78.34,False
HAOS / PANGAEA,HAOS_Flight_01,HAOS_Flight_01_seg00,train,10.1594/PANGAEA.918814,CC BY 4.0,fixed-wing UAV,2020-02-27 15:35:19+00:00,37.0,65.03766,24.54742,42.52,384529.861328986,7214892.51120452,-342.61313016398344,-224.51935394015163,15.920000000000002,-347.9482424916249,-226.25708520414832,16.485324675324648,-15.387863487077425,-5.60618481330485,-0.36225108225108116,0.2269268607533661,0.031098439792593524,-0.13990259740259514,16.37729070566498,16.381296551386054,249.98204846469451,-0.177352632836646,-1.2671249841898127,996.83,-1.64,78.38,False
HAOS / PANGAEA,HAOS_Flight_01,HAOS_Flight_01_seg00,train,10.1594/PANGAEA.918814,CC BY 4.0,fixed-wing UAV,2020-02-27 15:35:20+00:00,38.0,65.03758,24.5469,42.44,384505.329390973,7214884.19447139,-367.14506817696383,-232.83608707040548,15.839999999999996,-363.24810000107595,-231.86303069144537,16.051341991341967,-14.404693260250326,-5.2780658635572735,-0.4766233766233743,1.396788106558617,0.49904800804526417,0.010432900432899572,15.341224435551085,15.348626551750277,249.87651274009548,-0.03948786249340874,-1.7795011585131835,996.84,-1.68,78.32,False
HAOS / PANGAEA,HAOS_Flight_01,HAOS_Flight_01_seg00,train,10.1594/PANGAEA.918814,CC BY 4.0,fixed-wing UAV,2020-02-27 15:35:21+00:00,39.0,65.03753,24.54665,42.06,384493.219737878,7214879.42349293,-379.2547212719801,-237.60706553049386,15.46,-376.75762901212556,-236.81321693126287,15.5320779220779,-12.594287273960191,-4.608088797214322,-0.341385281385282,1.8392918581715634,0.693900847165466,0.29123376623376496,13.410837196165186,13.415181631733288,249.90307273970774,0.09411553775544401,-1.4582022131629866,996.89,-1.64,78.44,False
HAOS / PANGAEA,HAOS_Flight_01,HAOS_Flight_01_seg00,train,10.1594/PANGAEA.918814,CC BY 4.0,fixed-wing UAV,2020-02-27 15:35:22+00:00,40.0,65.03748,24.5464,41.83,384481.441810603,7214874.77610212,-391.03264854697045,-242.2544563403353,15.229999999999997,-388.43667454899634,-241.07920828587402,15.368571428571403,-10.7261095439072,-3.8902641692263416,0.10584415584415563,1.9250633176022944,0.7527258918737445,0.3267857142857151,11.409801981378267,11.410292907703543,250.06474381560633,0.28051346799686727,0.5314947162369625,996.92,-1.6,78.64,False
HAOS / PANGAEA,HAOS_Flight_01,HAOS_Flight_01_seg00,train,10.1594/PANGAEA.918814,CC BY 4.0,fixed-wing UAV,2020-02-27 15:35:23+00:00,41.0,65.03746000000001,24.546275,42.25,384475.503117812,7214872.74037763,-396.97134133800864,-244.29018083028495,15.649999999999999,-398.20984809993996,-244.59374526971555,15.74376623376621,-8.744160638755602,-3.1026370134668326,0.31218614718614823,1.141225747337188,0.48744637370756294,0.12811688311688307,9.278291961007541,9.283542529885457,250.46409967570148,0.44340953282414497,1.9271007287914725,996.865,-1.615,78.56,True
HAOS / PANGAEA,HAOS_Flight_01,HAOS_Flight_01_seg00,train,10.1594/PANGAEA.918814,CC BY 4.0,fixed-wing UAV,2020-02-27 15:35:24+00:00,42.0,65.03744,24.54615,42.67,384469.564425021,7214870.70465314,-402.9100341289886,-246.3259053202346,16.07,-405.92499582650754,-247.28448231280768,15.9929437229437,-8.443658049232823,-2.9153714218112157,0.3620779220779218,-0.42947046158361957,-0.13413989542200255,0.02448051948051866,8.932790816955684,8.940125961145293,250.95156288125463,0.09680753732948709,2.3211319918632456,996.81,-1.63,78.48,False
HAOS / PANGAEA,HAOS_Flight_01,HAOS_Flight_01_seg00,train,10.1594/PANGAEA.918814,CC BY 4.0,fixed-wing UAV,2020-02-27 15:35:25+00:00,43.0,65.0374,24.54591,43.27,384457.859183185,7214866.82121776,-414.615275965014,-250.20934069994837,16.67,-415.0971641984056,-250.424488113338,16.467922077922054,-9.603101561922841,-3.3709168043108377,0.36114718614718555,-1.15221008525981,-0.5184270191980147,-0.05772727272727307,10.177555684455385,10.183961262703827,250.65771475036044,-0.5703878449377535,2.0322690241492425,996.73,-1.64,78.8,False
HAOS / PANGAEA,HAOS_Flight_01,HAOS_Flight_01_seg00,train,10.1594/PANGAEA.918814,CC BY 4.0,fixed-wing UAV,2020-02-27 15:35:26+00:00,44.0,65.03736,24.54567,43.35,384446.415717406,7214862.97852199,-426.0587417439674,-254.05203647073358,16.75,-425.1311989503532,-254.02631592142936,16.71523809523807,-10.748078219752443,-3.952225460207245,0.24662337662337563,-1.1609875099998703,-0.5459551615771616,-0.11305194805194851,11.451692953717682,11.45434828334307,249.81078719137912,-0.5877585732147844,1.2337297822195203,996.72,-1.62,78.6,False
HAOS / PANGAEA,HAOS_Flight_01,HAOS_Flight_01_seg00,train,10.1594/PANGAEA.918814,CC BY 4.0,fixed-wing UAV,2020-02-27 15:35:27+00:00,45.0,65.03732,24.54544,43.35,384435.3960501,7214858.85569269,-437.0784090500092,-258.1748657701537,16.75,-436.5933206379105,-258.3289390337525,16.961168831168806,-11.925076581922582,-4.462827127465161,0.13504329004328852,-0.6265671963323314,-0.2508745482009971,-0.1364718614718612,12.732803204886084,12.733519314963285,249.48219760393087,-0.08601955451103611,0.6076525608439021,996.72,-1.62,78.6,False
HAOS / PANGAEA,HAOS_Flight_01,HAOS_Flight_01_seg00,train,10.1594/PANGAEA.918814,CC BY 4.0,fixed-wing UAV,2020-02-27 15:35:28+00:00,46.0,65.03728,24.54521,43.96,384424.194605522,7214854.13391124,-448.279853628017,-262.89664722047746,17.36,-448.9813521141984,-262.9519701763597,16.985324675324648,-12.001212612417106,-4.453974556609239,-0.026320346320346744,0.4803806845585825,0.24770061041579794,-0.08183982683982549,12.801054390922722,12.801081449627306,249.63874808235707,0.31259937960981465,-0.11780612661307632,996.64,-1.63,78.63,False
HAOS / PANGAEA,HAOS_Flight_01,HAOS_Flight_01_seg00,train,10.1594/PANGAEA.918814,CC BY 4.0,fixed-wing UAV,2020-02-27 15:35:29+00:00,47.0,65.03723,24.54497,43.12,384412.801297335,7214849.73498251,-459.6731618149788,-267.29557595029473,16.519999999999996,-460.5957458627447,-267.23688814697095,16.908528138528112,-10.964315212805417,-3.967425906633565,-0.02863636363636246,1.0598778740379515,0.5428622631815756,0.051125541125541574,11.660046158158357,11.660081322688354,250.10739636315049,0.7693837681687941,-0.14071466407027208,996.75,-1.63,78.59,False
HAOS / PANGAEA,HAOS_Flight_01,HAOS_Flight_01_seg00,train,10.1594/PANGAEA.918814,CC BY 4.0,fixed-wing UAV,2020-02-27 15:35:30+00:00,48.0,65.03719,24.54472,44.03,384400.981085657,7214845.7793735,-471.4933734929655,-271.25118496082723,17.43,-470.9099825398092,-270.8868219896268,16.928051948051923,-9.881456864341203,-3.368250030246088,0.0759307359307364,0.9079423557815289,0.5328997939298716,0.07353896103895963,10.439746071054058,10.440022198479639,251.17751561869466,1.147516089118765,0.4167183725572168,996.63,-1.66,78.18,False
HAOS / PANGAEA,HAOS_Flight_01,HAOS_Flight_01_seg00,train,10.1594/PANGAEA.918814,CC BY 4.0,fixed-wing UAV,2020-02-27 15:35:31+00:00,49.0,65.03716,24.54447,43.12,384389.076753021,7214842.16206804,-483.3977061290061,-274.8684904202819,16.519999999999996,-480.3586595914271,-273.97338820746313,17.060389610389585,-9.148430501242359,-2.901626318773822,0.1184415584415568,0.5669797100957794,0.3150813823769454,0.02378787878787847,9.597563020364202,9.598293824041255,252.40242854138802,0.720822541382949,0.7070395821013785,996.75,-1.66,78.5,False
HAOS / PANGAEA,HAOS_Flight_01,HAOS_Flight_01_seg00,train,10.1594/PANGAEA.918814,CC BY 4.0,fixed-wing UAV,2020-02-27 15:35:32+00:00,50.0,65.03714,24.54435,43.62,384383.23601252,7214840.3890257,-489.23844663001364,-276.6415327601135,17.019999999999996,-489.20684354229394,-276.69007462717445,17.164935064935037,-8.747497444149644,-2.7380872654921973,0.12350649350649334,0.18647439482445805,0.0040954868017166746,-0.09054112554112415,9.16601513248015,9.166847182253742,252.61916070146054,-0.32537643759329876,0.7719791537200894,996.68,-1.63,78.35,False
HAOS / PANGAEA,HAOS_Flight_01,HAOS_Flight_01_seg00,train,10.1594/PANGAEA.918814,CC BY 4.0,fixed-wing UAV,2020-02-27 15:35:33+00:00,51.0,65.03712,24.54423,44.11,384377.395323375,7214838.61601261,-495.079135774984,-278.4145458508283,17.509999999999998,-497.8536544797264,-279.4495627384475,17.30740259740257,-8.775481711593443,-2.8934353451703885,-0.0626406926406915,-0.2638747190364654,-0.24006917697150243,-0.06786796536796569,9.240186543960693,9.240398867125096,251.7516756662014,-0.8771816375095606,-0.3884112423400825,996.62,-1.61,78.2,False
HAOS / PANGAEA,HAOS_Flight_01,HAOS_Flight_01_seg00,train,10.1594/PANGAEA.918814,CC BY 4.0,fixed-wing UAV,2020-02-27 15:35:34+00:00,52.0,65.03708,24.54399,44.26,384366.287997276,7214834.88905212,-506.1864618739928,-282.1415063403547,17.659999999999997,-506.7578069654808,-282.47694531751523,17.039653679653654,-9.275246882222575,-3.218225619435202,-0.012229437229438034,-0.7564593080241622,-0.3660127118026395,0.09767316017315952,9.817697330014237,9.81770494682457,250.8647974264414,-0.5816418548940308,-0.07137058243933071,996.6,-1.59,78.36,False
HAOS / PANGAEA,HAOS_Flight_01,HAOS_Flight_01_seg00,train,10.1594/PANGAEA.918814,CC BY 4.0,fixed-wing UAV,2020-02-27 15:35:35+00:00,53.0,65.03705,24.54377,43.73,384355.505220311,7214830.97571395,-516.9692388389958,-286.05484451074153,17.129999999999995,-516.4041482441716,-285.88601397731793,17.282943722943696,-10.288400327641767,-3.6254607687756675,0.13270562770562755,-0.6425028803159876,-0.23551052647692927,0.0325974025974034,10.908489679499663,10.909296855039532,250.58839195641337,-0.06088366857124658,0.6969890010283992,996.67,-1.6,78.09,False
HAOS / PANGAEA,HAOS_Flight_01,HAOS_Flight_01_seg00,train,10.1594/PANGAEA.918814,CC BY 4.0,fixed-wing UAV,2020-02-27 15:35:36+00:00,54.0,65.03701,24.54354,43.35,384344.633163055,7214826.92968188,-527.8412960949936,-290.1008765799925,16.75,-527.3346076207644,-289.72786685506657,17.30506493506491,-10.56025264285455,-3.6892466723890607,0.05296536796536877,-0.1798765830495057,-0.07835313294977198,0.014956709956710057,11.18612877141374,11.186254163966327,250.7430300892989,-0.07157876359497344,0.2712886136404469,996.72,-1.57,78.22,False
HAOS / PANGAEA,HAOS_Flight_01,HAOS_Flight_01_seg00,train,10.1594/PANGAEA.918814,CC BY 4.0,fixed-wing UAV,2020-02-27 15:35:37+00:00,55.0,65.03697,24.54332,43.35,384333.889710817,7214823.23888451,-538.5847483329708,-293.79167395085096,16.75,-537.5246535298807,-293.26450732209605,17.388874458874433,-10.648153493740779,-3.7821670346752114,0.16261904761904766,-0.5311292465422639,-0.2671124197016468,0.01843073593073541,11.299909747623998,11.30107982712698,250.44523442922343,-0.35676284420310134,0.8244970230677411,996.72,-1.61,78.05,False
HAOS / PANGAEA,HAOS_Flight_01,HAOS_Flight_01_seg00,train,10.1594/PANGAEA.918814,CC BY 4.0,fixed-wing UAV,2020-02-27 15:35:38+00:00,56.0,65.03693,24.5431,45.32,384323.566670765,7214819.72375053,-548.9077883849968,-297.3068079305813,18.72,-548.6309146082459,-297.292200924417,17.630303030303004,-11.622511135939078,-4.223471511792354,0.08982683982683959,-0.6633861497924443,-0.2699734688932125,-0.11294372294372312,12.366101920813586,12.366428165687243,250.02950440089273,-0.14564269262902177,0.4161867921602582,996.46,-1.62,77.94,False
HAOS / PANGAEA,HAOS_Flight_01,HAOS_Flight_01_seg00,train,10.1594/PANGAEA.918814,CC BY 4.0,fixed-wing UAV,2020-02-27 15:35:39+00:00,57.0,65.0369,24.54288,44.03,384313.192901096,7214816.18597188,-559.2815580539755,-300.8445865800604,17.43,-560.7696758017588,-301.71145034568076,17.568528138528112,-11.974925793325667,-4.322113972461636,-0.06326839826839858,-0.5123866854369226,-0.13573490263738108,-0.13648268398268382,12.731045398811697,12.731202607641745,250.15394904396538,0.20244739743284534,-0.28473563967586585,996.63,-1.56,77.87,False
HAOS / PANGAEA,HAOS_Flight_01,HAOS_Flight_01_seg00,train,10.1594/PANGAEA.918814,CC BY 4.0,fixed-wing UAV,2020-02-27 15:35:40+00:00,58.0,65.03686,24.54266,44.26,384302.76133958,7214812.30834921,-569.7131195699912,-304.72220925055444,17.659999999999997,-572.5807661948973,-305.93642886934026,17.503766233766207,-12.647284506812923,-4.494941317067116,-0.18313852813852805,-0.9751534294833277,-0.279596457159073,-0.21297619047618976,13.422306166979924,13.423555511139217,250.43439919575843,0.2643039969468506,-0.7817146705610466,996.6,-1.59,78.0,False
HAOS / PANGAEA,HAOS_Flight_01,HAOS_Flight_01_seg00,train,10.1594/PANGAEA.918814,CC BY 4.0,fixed-wing UAV,2020-02-27 15:35:41+00:00,59.0,65.03678,24.54224,43.81,384282.356882201,7214804.26451545,-590.1175769490073,-312.7660430101678,17.21,-586.0642448153847,-310.701332979815,17.202251082251056,-13.925232652292323,-4.881306886779782,-0.4892207792207781,-0.8529635708526371,-0.23130416607048687,-0.22974025974025958,14.755990693389313,14.764098289913049,250.68255703785906,0.255432726826221,-1.8988913072569928,996.66,-1.57,77.92,False
HAOS / PANGAEA,HAOS_Flight_01,HAOS_Flight_01_seg00,train,10.1594/PANGAEA.918814,CC BY 4.0,fixed-wing UAV,2020-02-27 15:35:42+00:00,60.0,65.03675,24.54202,42.29,384271.973472592,7214801.14567929,-600.5009865579777,-315.88487916998565,15.689999999999998,-600.4312314994819,-315.6990426428998,16.52532467532465,-14.353211648518197,-4.95754964920809,-0.6426190476190472,0.02698262621356662,0.0938495572946465,-0.006190476190476968,15.185255452297197,15.198846745456859,250.94526464941083,0.31160704387791377,-2.4232324216522683,996.86,-1.58,77.75,False
HAOS / PANGAEA,HAOS_Flight_01,HAOS_Flight_01_seg00,train,10.1594/PANGAEA.918814,CC BY 4.0,fixed-wing UAV,2020-02-27 15:35:43+00:00,61.0,65.03672,24.54181,43.43,384261.751865242,7214798.15187687,-610.7225939079653,-318.8786815907806,16.83,-614.770668112421,-320.6164322782312,15.917012987012962,-13.87126739986519,-4.693607772190489,-0.501601731601732,0.9449065914895414,0.4300373606837411,0.1521536796536802,14.64383874527884,14.65242701721717,251.3057711256149,0.4279526156245178,-1.961810052970601,996.71,-1.62,77.91,False
HAOS / PANGAEA,HAOS_Flight_01,HAOS_Flight_01_seg00,train,10.1594/PANGAEA.918814,CC BY 4.0,fixed-wing UAV,2020-02-27 15:35:44+00:00,62.0,65.03665,24.54138,42.29,384241.662642487,7214791.22048031,-630.8118166630156,-325.81007815059274,15.689999999999998,-628.1737662992123,-325.0862581872808,15.522121212121187,-12.463398465539115,-4.097474927840608,-0.3383116883116868,1.157218394861843,0.4319800569966219,0.1766883116883129,13.119664709705242,13.124025940752077,251.80116988065987,0.18015505007250657,-1.477136620525507,996.86,-1.57,78.01,False
HAOS / PANGAEA,HAOS_Flight_01,HAOS_Flight_01_seg00,train,10.1594/PANGAEA.918814,CC BY 4.0,fixed-wing UAV,2020-02-27 15:35:45+00:00,63.0,65.03661,24.54117,41.3,384231.349940067,7214787.64055347,-641.1245190830086,-329.3900049906224,14.699999999999996,-639.6974650434993,-328.8113821339124,15.240389610389588,-11.556830610141503,-3.8296476581972456,-0.14822510822510626,0.758000082353476,0.18039932471066322,0.1258982683982679,12.174832029126286,12.175734294905897,251.6660812257599,-0.323743154312444,-0.697525315427229,996.99,-1.55,77.79,False
HAOS / PANGAEA,HAOS_Flight_01,HAOS_Flight_01_seg00,train,10.1594/PANGAEA.918814,CC BY 4.0,fixed-wing UAV,2020-02-27 15:35:46+00:00,64.0,65.03658,24.54096,41.07,384221.312221353,7214784.16652641,-651.1622377969907,-332.8640320505947,14.469999999999999,-651.2874275194953,-332.7455535036753,15.225670995670974,-10.947398300832162,-3.7366762784192815,-0.08651515151515099,0.9380892091102169,0.2779049135258731,0.09388528138528018,11.567552859907938,11.567876384116747,251.15368357203502,-0.17538750709193185,-0.42851419679912234,997.02,-1.57,77.49,False
HAOS / PANGAEA,HAOS_Flight_01,HAOS_Flight_01_seg00,train,10.1594/PANGAEA.918814,CC BY 4.0,fixed-wing UAV,2020-02-27 15:35:47+00:00,65.0,65.03655,24.54076,42.74,384211.651406303,7214781.05289251,-660.8230528470012,-335.9776659505442,16.14,-661.5922616451636,-336.28473469075095,15.067359307359286,-9.68065219192107,-3.2738378311454994,0.039545454545454106,0.8220712984442002,0.33339894216135235,0.1681601731601723,10.219248553860782,10.219325068152049,251.31530621157606,0.292257492278112,0.22171653060266486,996.8,-1.59,77.88,False
HAOS / PANGAEA,HAOS_Flight_01,HAOS_Flight_01_seg00,train,10.1594/PANGAEA.918814,CC BY 4.0,fixed-wing UAV,2020-02-27 15:35:48+00:00,66.0,65.03652,24.54056,41.6,384202.304919839,7214778.03860066,-670.1695393109694,-338.99195780046284,15.0,-670.6487319033374,-339.2932291659663,15.304761904761882,-9.303255703943762,-3.069878394096577,0.2498051948051936,0.376911650264077,0.18331576245574865,0.051861471861472275,9.796668824018862,9.79985319700529,251.73819855659121,0.32289187925320906,1.4606681902323697,996.95,-1.53,77.63,False
HAOS / PANGAEA,HAOS_Flight_01,HAOS_Flight_01_seg00,train,10.1594/PANGAEA.918814,CC BY 4.0,fixed-wing UAV,2020-02-27 15:35:49+00:00,67.0,65.03649,24.54036,42.29,384192.949239561,7214774.8129708,-679.5252195890062,-342.2175876600668,15.689999999999998,-680.1987730530511,-342.4244914789441,15.566969696969673,-8.926828891392915,-2.907206306234002,0.14326839826839866,0.6863311404782451,0.2556191340977563,-0.10123376623376545,9.388297106675632,9.389390203690356,251.96108997008244,0.19029544787661073,0.8742839462228233,996.86,-1.57,78.16,False
HAOS / PANGAEA,HAOS_Flight_01,HAOS_Flight_01_seg00,train,10.1594/PANGAEA.918814,CC BY 4.0,fixed-wing UAV,2020-02-27 15:35:50+00:00,68.0,65.03645,24.54017,42.06,384183.542710985,7214771.61846458,-688.9317481649923,-345.4120938805863,15.46,-688.5023896861233,-345.1076417784343,15.59129870129868,-7.930593422987272,-2.5586401259010643,0.04733766233766268,0.7555309260672516,0.2794832662564488,0.06814935064934957,8.333123744107008,8.333258197660479,252.11878945234443,0.23412917401361907,0.3254744766947529,996.89,-1.57,78.24,False
HAOS / PANGAEA,HAOS_Flight_01,HAOS_Flight_01_seg00,train,10.1594/PANGAEA.918814,CC BY 4.0,fixed-wing UAV,2020-02-27 15:35:51+00:00,69.0,65.03642,24.53997,42.36,384173.939274126,7214768.72168999,-698.5351850239676,-348.30886847060174,15.759999999999998,-696.0599598990257,-347.54177173074623,15.661645021644999,-7.415767039258412,-2.3482397737211045,0.2795670995670978,0.29612346332345396,0.16142214935786114,0.09732683982683943,7.778677960645833,7.78370018555427,252.4293483181097,0.4683244616708043,2.058334785380004,996.85,-1.57,78.18,False
HAOS / PANGAEA,HAOS_Flight_01,HAOS_Flight_01_seg00,train,10.1594/PANGAEA.918814,CC BY 4.0,fixed-wing UAV,2020-02-27 15:35:52+00:00,70.0,65.03641,24.539865,42.44,384169.10276289703,7214767.2746172,-703.3716962529579,-349.75594126060605,15.839999999999996,-703.3339237646401,-349.8041213258765,16.150432900432875,-7.338346496340364,-2.235795827185342,0.24199134199134154,-0.12423877393626981,0.03860067707702797,-0.15319264069264005,7.67138268379373,7.675198504977513,253.05543837568604,0.5326258254888876,1.8067781251621187,996.84,-1.565,77.84,True
HAOS / PANGAEA,HAOS_Flight_01,HAOS_Flight_01_seg00,train,10.1594/PANGAEA.918814,CC BY 4.0,fixed-wing UAV,2020-02-27 15:35:53+00:00,71.0,65.0364,24.53976,42.52,384164.266251668,7214765.82754441,-708.2082074820064,-351.20301405061036,15.920000000000002,-710.7366528917064,-352.0133633851169,16.145627705627682,-7.664244587130952,-2.2710384195670485,-0.026818181818182296,-0.4946143272685788,-0.12763221285638338,-0.16277056277056312,7.9936387580698005,7.993683744644376,253.4945999690875,0.1454266669593103,-0.19222320571723173,996.83,-1.56,77.5,False
HAOS / PANGAEA,HAOS_Flight_01,HAOS_Flight_01_seg00,train,10.1594/PANGAEA.918814,CC BY 4.0,fixed-wing UAV,2020-02-27 15:35:54+00:00,72.0,65.03636,24.53956,43.58,384154.459134807,7214762.77199515,-718.0153243429959,-354.25856331083924,16.979999999999997,-718.662412938902,-354.3461981650106,16.09679653679651,-8.327575150877522,-2.4910602528981087,-0.0835497835497847,-0.8157397201744345,-0.2986646642287667,0.0006926406926410777,8.692174013276631,8.692575547178913,253.34629170960466,-0.32158933784791094,-0.5507140732919432,996.69,-1.61,77.77,False
HAOS / PANGAEA,HAOS_Flight_01,HAOS_Flight_01_seg00,train,10.1594/PANGAEA.918814,CC BY 4.0,fixed-wing UAV,2020-02-27 15:35:55+00:00,73.0,65.03633,24.53935,42.97,384144.521182224,7214759.86257537,-727.9532769260113,-357.167983090505,16.369999999999997,-727.3918031934614,-356.99548389091314,15.978528138528112,-9.295724027479821,-2.868367748024582,-0.02543290043290014,-0.9079623398808963,-0.37215800615916805,0.061709956709957936,9.728207375101196,9.728240620245662,252.85142129339167,-0.5184614538212505,-0.14979065304847514,996.77,-1.6,77.59,False
HAOS / PANGAEA,HAOS_Flight_01,HAOS_Flight_01_seg00,train,10.1594/PANGAEA.918814,CC BY 4.0,fixed-wing UAV,2020-02-27 15:35:56+00:00,74.0,65.0363,24.53914,41.53,384134.616776383,7214756.82995506,-737.8576827669749,-360.20060340035707,14.93,-737.2538609938616,-360.08293366105977,16.04593073593071,-10.143499830639314,-3.235376265216445,0.039870129870131166,-0.3439996277357409,-0.2116542589322421,-0.017153679653679532,10.646983065249316,10.647057716522513,252.3093688019622,-0.5495150840489637,0.21455650659492584,996.96,-1.52,78.31,False
HAOS / PANGAEA,HAOS_Flight_01,HAOS_Flight_01_seg00,train,10.1594/PANGAEA.918814,CC BY 4.0,fixed-wing UAV,2020-02-27 15:35:57+00:00,75.0,65.03627,24.53894,42.36,384124.994031847,7214753.77914104,-747.4804273030022,-363.2514174208045,15.759999999999998,-747.6788028547401,-363.466236421346,16.058268398268375,-9.983723282951303,-3.291676265889066,-0.059740259740259205,0.6379039744678323,0.10881188410047571,-0.016363636363637468,10.512367156352623,10.512536902603252,251.75239112529374,-0.5516269066364836,-0.3256001101348816,996.85,-1.56,77.81,False
HAOS / PANGAEA,HAOS_Flight_01,HAOS_Flight_01_seg00,train,10.1594/PANGAEA.918814,CC BY 4.0,fixed-wing UAV,2020-02-27 15:35:58+00:00,76.0,65.03624,24.53875,42.97,384115.845671137,7214750.56329286,-756.6287880130112,-366.4672656003386,16.369999999999997,-757.2213075597642,-366.6662861928379,15.926450216450192,-8.86769188170365,-3.0177524970154934,0.007142857142856229,1.1012880893833596,0.28570094883836816,0.14623376623376583,9.367112118581481,9.367114841960902,251.2061149886892,-0.5109607034943188,0.0436906789889385,996.77,-1.56,77.92,False
HAOS / PANGAEA,HAOS_Flight_01,HAOS_Flight_01_seg00,train,10.1594/PANGAEA.918814,CC BY 4.0,fixed-wing UAV,2020-02-27 15:35:59+00:00,77.0,65.03621,24.53856,43.43,384106.688562211,7214747.31100077,-765.7858969389927,-369.71955769043416,16.83,-765.4141866181474,-369.501741415377,16.072554112554087,-7.781147104184583,-2.72027436821233,0.23272727272727245,0.8281786265059168,0.23332879669234785,0.08079004329004391,8.24294503774671,8.246229737206221,250.73046971830507,-0.34397521904449235,1.6172313509569547,996.71,-1.56,77.66,False
HAOS / PANGAEA,HAOS_Flight_01,HAOS_Flight_01_seg00,train,10.1594/PANGAEA.918814,CC BY 4.0,fixed-wing UAV,2020-02-27 15:36:00+00:00,78.0,65.03618,24.53836,42.59,384097.349999888,7214744.0936957,-775.124459262006,-372.93686276022345,15.990000000000002,-772.7836017681334,-372.10683492926256,16.391904761904737,-7.211334628691816,-2.5510949036307977,0.16872294372294405,0.3278863939127348,0.12498938260716841,-0.12073593073593081,7.649276588952759,7.651137155092653,250.5181645506002,0.07430674679754624,1.263589459056941,996.82,-1.56,77.91,False
HAOS / PANGAEA,HAOS_Flight_01,HAOS_Flight_01_seg00,train,10.1594/PANGAEA.918814,CC BY 4.0,fixed-wing UAV,2020-02-27 15:36:01+00:00,79.0,65.03616,24.53826,42.44,384092.606670215,7214742.49319175,-779.8677889349638,-374.53736671060324,15.839999999999996,-779.836855875531,-374.6039312226386,16.409999999999975,-7.125374316359114,-2.470295602997993,-0.008744588744589166,-0.1207792474233429,0.04722288426302157,-0.057380952380952976,7.5414401485672045,7.541445218408316,250.8790832119002,0.6191990853854766,-0.06643662141759678,996.84,-1.55,78.27,False
HAOS / PANGAEA,HAOS_Flight_01,HAOS_Flight_01_seg00,train,10.1594/PANGAEA.918814,CC BY 4.0,fixed-wing UAV,2020-02-27 15:36:02+00:00,80.0,65.03614,24.53816,43.12,384087.863287459,7214740.89267923,-784.61117169098,-376.13787923008204,16.519999999999996,-787.0343504008516,-377.04742613525855,16.37441558441556,-7.452893123538502,-2.4566491351047546,0.0539610389610381,-0.5186473948965897,-0.03847130911840679,0.08469696969696994,7.8473397329221335,7.8475252581705135,251.75656272137115,0.8949448901265494,0.39397950988561803,996.75,-1.61,78.3,False
HAOS / PANGAEA,HAOS_Flight_01,HAOS_Flight_01_seg00,train,10.1594/PANGAEA.918814,CC BY 4.0,fixed-wing UAV,2020-02-27 15:36:03+00:00,81.0,65.03611,24.53796,43.58,384078.212947545,7214737.58540316,-794.2615116050001,-379.4451553002,16.979999999999997,-794.742642122608,-379.5172294928481,16.51792207792205,-8.162669106152293,-2.5472382212348066,0.1606493506493507,-0.9214090901609211,-0.14579156548634842,0.056082251082251844,8.550882380915583,8.552391344303452,252.6689729921533,0.8866886057277118,1.07631547517679,996.69,-1.59,78.28,False
HAOS / PANGAEA,HAOS_Flight_01,HAOS_Flight_01_seg00,train,10.1594/PANGAEA.918814,CC BY 4.0,fixed-wing UAV,2020-02-27 15:36:04+00:00,82.0,65.03608,24.53776,43.2,384068.552346756,7214734.57294194,-803.9221123940079,-382.45761652011424,16.6,-803.3596886131562,-382.14190257772816,16.69571428571426,-9.295711303860344,-2.7482322660774514,0.1661255411255418,-1.0021048429500468,-0.14597974449205253,-0.041547619047618056,9.693452905596962,9.694876323524733,253.5299399328266,0.8640649898828486,0.9818339003055047,996.74,-1.57,78.41,False
HAOS / PANGAEA,HAOS_Flight_01,HAOS_Flight_01_seg00,train,10.1594/PANGAEA.918814,CC BY 4.0,fixed-wing UAV,2020-02-27 15:36:05+00:00,83.0,65.03605,24.53755,43.2,384058.756245963,7214731.87222601,-813.7182131870068,-385.15833245031536,16.6,-813.3340647303287,-385.013694025003,16.850173160173135,-10.166878792052387,-2.8391977102189117,0.0775541125541146,-0.43678426800175885,0.05808087827905695,-0.041948051948051734,10.555873626090685,10.556158517679194,254.39710297191897,0.9794432286526981,0.4209451099504574,996.74,-1.57,78.06,False
HAOS / PANGAEA,HAOS_Flight_01,HAOS_Flight_01_seg00,train,10.1594/PANGAEA.918814,CC BY 4.0,fixed-wing UAV,2020-02-27 15:36:06+00:00,84.0,65.03603,24.53734,43.73,384048.818473226,7214729.31159645,-823.6559859240078,-387.7189620099962,17.129999999999995,-823.693446197261,-387.820297998166,16.85082251082249,-10.169279839863862,-2.6320705095193375,0.08222943722943832,0.0805190488553933,0.2270949487191274,0.08093073593073452,10.504382305901807,10.5047041514214,255.48882639013198,1.0979797784746568,0.44850837814861394,996.67,-1.57,78.69,False
HAOS / PANGAEA,HAOS_Flight_01,HAOS_Flight_01_seg00,train,10.1594/PANGAEA.918814,CC BY 4.0,fixed-wing UAV,2020-02-27 15:36:07+00:00,85.0,65.036,24.53713,43.27,384038.762427026,7214726.73798594,-833.7120321239927,-390.2925725206733,16.67,-833.6726244100564,-390.2778350440417,17.01463203463201,-10.0058406943416,-2.385007812780657,0.23941558441558364,0.04531314257184249,0.18651541282454787,0.09382034632034575,10.28616110449215,10.288946986432977,256.5930625288683,0.9388215891405172,1.3333474027934236,996.73,-1.57,77.98,False
HAOS / PANGAEA,HAOS_Flight_01,HAOS_Flight_01_seg00,train,10.1594/PANGAEA.918814,CC BY 4.0,fixed-wing UAV,2020-02-27 15:36:08+00:00,86.0,65.03598,24.53692,44.11,384028.610425927,7214724.40341287,-843.8640332230134,-392.6271455902606,17.509999999999998,-843.7051275859442,-392.5903136237273,17.329653679653656,-10.078653554720177,-2.259039683870242,0.2698701298701298,0.13596621376905205,0.17449524215911083,-0.013625541125541929,10.328722949589373,10.332247947875153,257.36646956841304,0.7964248296932175,1.496690573705852,996.62,-1.6,78.34,False
HAOS / PANGAEA,HAOS_Flight_01,HAOS_Flight_01_seg00,train,10.1594/PANGAEA.918814,CC BY 4.0,fixed-wing UAV,2020-02-27 15:36:09+00:00,87.0,65.03595,24.53671,43.96,384018.625866717,7214722.13005527,-853.8485924329725,-394.9005031902343,17.36,-853.8299315194968,-394.7959144117822,17.55437229437227,-9.733908266803496,-2.036017328462435,0.21216450216449978,-0.07331915236170516,0.1227816009090077,-0.026861471861472808,9.944563173329675,9.946826151306931,258.18591218825475,0.7469281591266057,1.2222041790975746,996.64,-1.59,78.92,False
HAOS / PANGAEA,HAOS_Flight_01,HAOS_Flight_01_seg00,train,10.1594/PANGAEA.918814,CC BY 4.0,fixed-wing UAV,2020-02-27 15:36:10+00:00,88.0,65.03593,24.5365,44.64,384008.468893682,7214720.19587909,-864.0055654679891,-396.834679370746,18.04,-863.1729441195512,-396.66234828065217,17.753982683982656,-10.225291859443587,-2.0134764820522264,0.2161471861471842,-1.0090037003935777,-0.14734391810361558,-0.05221861471861278,10.421644839207518,10.42388606809668,258.86032588666626,0.298216904306987,1.1881566140803494,996.55,-1.6,78.55,False
HAOS / PANGAEA,HAOS_Flight_01,HAOS_Flight_01_seg00,train,10.1594/PANGAEA.918814,CC BY 4.0,fixed-wing UAV,2020-02-27 15:36:11+00:00,89.0,65.03591,24.53628,44.53,383998.030846956,7214718.18245536,-874.4436121939798,-398.84810310043395,17.93,-874.2805152383839,-398.82286737588663,17.98666666666664,-11.751915667590652,-2.3307051646696664,0.10772727272727423,-1.3117868396782058,-0.29530143299146516,-0.1244805194805183,11.980805833614887,11.981290147061367,258.7823459968687,-0.1586387279800104,0.5151699990659911,996.57,-1.58,78.67,False
HAOS / PANGAEA,HAOS_Flight_01,HAOS_Flight_01_seg00,train,10.1594/PANGAEA.918814,CC BY 4.0,fixed-wing UAV,2020-02-27 15:36:12+00:00,90.0,65.03589,24.53605,44.41,383987.185463282,7214716.1192539,-885.2889958680025,-400.91130456048995,17.809999999999995,-886.6767754547325,-401.3237586099915,17.969437229437204,-12.848865538799998,-2.6040793480351567,-0.03281385281385241,-0.939868996232434,-0.12872799763201215,-0.1478463203463214,13.110094388867893,13.110135454447521,258.5430484307062,0.23360215142891005,-0.1434079186575395,996.58,-1.56,78.79,False
HAOS / PANGAEA,HAOS_Flight_01,HAOS_Flight_01_seg00,train,10.1594/PANGAEA.918814,CC BY 4.0,fixed-wing UAV,2020-02-27 15:36:13+00:00,91.0,65.03587,24.53582,44.64,383976.163578273,7214714.11641052,-896.3108808770194,-402.9141479404643,18.04,-899.9782463159839,-404.03102607195694,17.921038961038935,-13.63165366005552,-2.5881611599336907,-0.18796536796536856,-0.6182885548136028,0.20161297854571103,-0.16941558441558424,13.875177825797202,13.87645093952516,259.24955029972654,1.288140298618254,-0.7761315696577497,996.55,-1.57,78.65,False
HAOS / PANGAEA,HAOS_Flight_01,HAOS_Flight_01_seg00,train,10.1594/PANGAEA.918814,CC BY 4.0,fixed-wing UAV,2020-02-27 15:36:14+00:00,92.0,65.03582,24.53537,44.34,383954.77586234,7214709.5322818,-917.6985968099907,-407.49827666021883,17.740000000000002,-913.9400827748435,-406.5000809298589,17.593506493506467,-14.085442648427204,-2.2008533909437347,-0.3716450216450209,-0.22194245994700168,0.4086910918933597,-0.06365259740259699,14.256347717790854,14.261191053789092,261.11932902794274,1.7900004606240256,-1.4932905693194591,996.59,-1.59,78.42,False
HAOS / PANGAEA,HAOS_Flight_01,HAOS_Flight_01_seg00,train,10.1594/PANGAEA.918814,CC BY 4.0,fixed-wing UAV,2020-02-27 15:36:15+00:00,93.0,65.03579,24.53513,43.88,383943.64474408,7214707.38188541,-928.8297150699655,-409.6486730501056,17.28,-928.1491316128383,-408.4327328538444,17.177748917748893,-14.075538579949523,-1.7707789761469712,-0.31527056277056253,0.6231437157024686,0.14747043079961486,0.09232683982683998,14.18648809600218,14.189990839523514,262.82955122097457,0.21852077114704602,-1.2730916684933977,996.65,-1.63,79.12,False
HAOS / PANGAEA,HAOS_Flight_01,HAOS_Flight_01_seg00,train,10.1594/PANGAEA.918814,CC BY 4.0,fixed-wing UAV,2020-02-27 15:36:16+00:00,94.0,65.03578,24.53488,43.5,383931.842450188,7214706.04751172,-940.632008961984,-410.9830467402935,16.9,-942.0911599347426,-410.0416388821528,16.962965367965342,-12.839155217022267,-1.905912529344505,-0.18699134199134093,1.9396179356744767,-0.5121569279168057,0.07483225108225078,12.979846272444927,12.981193127685998,261.5563705702368,-4.079673455731432,-0.8253621332445198,996.7,-1.66,78.67,False
HAOS / PANGAEA,HAOS_Flight_01,HAOS_Flight_01_seg00,train,10.1594/PANGAEA.918814,CC BY 4.0,fixed-wing UAV,2020-02-27 15:36:17+00:00,95.0,65.03577,24.53462,42.89,383919.595295265,7214705.46879845,-952.8791638849652,-411.56176001019776,16.29,-953.8274420468829,-412.2445579125334,16.80376623376621,-10.19630270860057,-2.7950928319805826,-0.16560606060606098,2.550346124333487,-1.3089205726973319,0.010660173160172093,10.57247051851196,10.573767456877137,254.6702043095117,-10.933044656386649,-0.8974016436991734,996.78,-1.59,78.45,False
HAOS / PANGAEA,HAOS_Flight_01,HAOS_Flight_01_seg00,train,10.1594/PANGAEA.918814,CC BY 4.0,fixed-wing UAV,2020-02-27 15:36:18+00:00,96.0,65.03574,24.5344,42.97,383909.094866265,7214702.96572612,-963.3795928849722,-414.0648323399946,16.369999999999997,-962.4837653519437,-415.631824546114,16.63175324675322,-7.738462968355293,-4.523753674739169,-0.16567099567099675,2.6821763326155406,-1.9367332062089417,-0.06492424242424111,8.963713316607262,8.965244185248329,239.6902812574635,-19.371806619732396,-1.0588433473057084,996.77,-1.67,78.61,False
HAOS / PANGAEA,HAOS_Flight_01,HAOS_Flight_01_seg00,train,10.1594/PANGAEA.918814,CC BY 4.0,fixed-wing UAV,2020-02-27 15:36:19+00:00,97.0,65.03569,24.53425,43.88,383901.769095796,7214697.13922294,-970.7053633540054,-419.891335519962,17.28,-969.3043679835935,-421.29206526201176,16.472424242424218,-4.831950043369488,-6.668559244398466,-0.2954545454545432,3.5880365136394516,-1.8920121783979198,-0.14121212121212068,8.235133491187051,8.240431845850095,215.92659107004692,-27.908793477029977,-2.0547378917567816,996.65,-1.68,78.54,False
HAOS / PANGAEA,HAOS_Flight_01,HAOS_Flight_01_seg00,train,10.1594/PANGAEA.918814,CC BY 4.0,fixed-wing UAV,2020-02-27 15:36:20+00:00,98.0,65.035605,24.53425,42.895,383901.2497947925,7214687.752216325,-971.2246643574908,-429.27834213525057,16.295,-972.1476654386827,-428.9689430349109,16.040844155844134,-0.5623899410763897,-8.307778031535008,-0.4480952380952381,4.315168980861074,-1.1784739384953724,-0.148733766233768,8.326791595031041,8.338839704028567,183.87269430340356,-29.375200213014857,-3.0803251728341183,996.78,-1.645,78.575,True
HAOS / PANGAEA,HAOS_Flight_01,HAOS_Flight_01_seg00,train,10.1594/PANGAEA.918814,CC BY 4.0,fixed-wing UAV,2020-02-27 15:36:21+00:00,99.0,65.03552,24.53425,41.91,383900.730493789,7214678.36520971,-971.7439653609763,-438.6653487505391,15.309999999999995,-970.4291478657462,-437.9076213250818,15.576233766233742,3.7983879183526597,-9.02550712138921,-0.5929220779220792,3.99518350424151,-0.27563134676702816,0.010454545454545716,9.792217806836957,9.81015219897338,157.1761906440172,-21.925639704770212,-3.4650481452331756,996.91,-1.61,78.61,False
HAOS / PANGAEA,HAOS_Flight_01,HAOS_Flight_01_seg00,train,10.1594/PANGAEA.918814,CC BY 4.0,fixed-wing UAV,2020-02-27 15:36:22+00:00,100.0,65.03544,24.53438,41.6,383906.856273088,7214669.10353665,-965.618186061969,-447.92702181078494,15.0,-964.5508896019774,-447.01995727768934,14.854999999999976,7.42797706740663,-8.859040725069065,-0.42718614718614667,2.989567224772486,0.3525456927013124,0.2592748917748926,11.56103135028839,11.56892103381723,140.02141489386315,-13.38963835527306,-2.1161462441580525,996.95,-1.62,78.96,False
HAOS / PANGAEA,HAOS_Flight_01,HAOS_Flight_01_seg00,train,10.1594/PANGAEA.918814,CC BY 4.0,fixed-wing UAV,2020-02-27 15:36:23+00:00,101.0,65.03537,24.5346,40.62,383916.602169663,7214661.00059612,-955.8722894869861,-456.0299623403698,14.019999999999996,-955.573193730933,-455.6257027752199,14.721861471861448,9.777522367897632,-8.320415735986586,-0.07437229437229398,1.8719511665621837,0.3144916459268785,0.25230519480519487,12.838584878186214,12.838800291014808,130.39691393347107,-6.821612549729255,-0.33190347351493316,997.08,-1.65,78.84,False
HAOS / PANGAEA,HAOS_Flight_01,HAOS_Flight_01_seg00,train,10.1594/PANGAEA.918814,CC BY 4.0,fixed-wing UAV,2020-02-27 15:36:24+00:00,102.0,65.03531,24.53485,41.3,383928.256851088,7214653.6505709,-944.2176080619683,-463.3799875602126,14.699999999999996,-944.9958448661821,-463.6607887496625,14.706255411255388,11.171879400530997,-8.230057433215308,0.07742424242424306,0.6902059309620086,-0.03765133888664707,0.14715909090909118,13.876048958332174,13.876264958818938,126.37818979440465,-1.7187544910576096,0.31969015825506336,996.99,-1.67,78.47,False
HAOS / PANGAEA,HAOS_Flight_01,HAOS_Flight_01_seg00,train,10.1594/PANGAEA.918814,CC BY 4.0,fixed-wing UAV,2020-02-27 15:36:25+00:00,103.0,65.03524,24.5351,41.3,383939.822004177,7214645.79028045,-932.6524549729656,-471.2402780102566,14.699999999999996,-933.229434929871,-472.0858176416505,14.876709956709934,11.157934229821649,-8.39571841375988,0.2199458874458884,-0.8367694911825936,0.11835881569160733,0.145530303030303,13.96379547115226,13.96552756445587,126.95940495135585,1.8520694163079292,0.9024000011255091,996.99,-1.67,78.47,False
HAOS / PANGAEA,HAOS_Flight_01,HAOS_Flight_01_seg00,train,10.1594/PANGAEA.918814,CC BY 4.0,fixed-wing UAV,2020-02-27 15:36:26+00:00,104.0,65.03517,24.53533,43.27,383950.103893829,7214637.32641927,-922.3705653210054,-479.704139190726,16.67,-922.6799764065388,-480.4522255771823,15.146147186147164,9.49834041816581,-7.993339801832093,0.3684848484848491,-1.8039500427520352,0.5040081016592239,0.015557359307359242,12.41418349658629,12.419651080866897,130.0823286270205,3.7089863470692093,1.7001866819087308,996.73,-1.76,78.6,False
HAOS / PANGAEA,HAOS_Flight_01,HAOS_Flight_01_seg00,train,10.1594/PANGAEA.918814,CC BY 4.0,fixed-wing UAV,2020-02-27 15:36:27+00:00,105.0,65.03509,24.53552,40.85,383958.799640642,7214628.40364992,-913.6748185079778,-488.6269085407257,14.25,-914.2327540935394,-488.0724972453147,15.613679653679633,7.5500341443175785,-7.387702210441432,0.2510606060606069,-1.7290095260668181,0.49227191706982865,-0.2154545454545458,10.563198357056564,10.566181474801482,134.37737764549428,4.581123261022978,1.3615199632130268,997.05,-1.69,78.4,False
HAOS / PANGAEA,HAOS_Flight_01,HAOS_Flight_01_seg00,train,10.1594/PANGAEA.918814,CC BY 4.0,fixed-wing UAV,2020-02-27 15:36:28+00:00,106.0,65.03501,24.53569,42.21,383966.43440015,7214619.35285655,-906.0400589999626,-497.67770191002637,15.61,-907.5799081179036,-495.22762999806514,15.648268398268378,6.040321366032174,-7.008795967692436,-0.06242424242424249,-1.2553875128031677,0.25510175462341067,-0.2309523809523819,9.25249712897478,9.252707706813654,139.24457514906646,4.695880582411145,-0.3865541716902264,996.87,-1.74,78.54,False
HAOS / PANGAEA,HAOS_Flight_01,HAOS_Flight_01_seg00,train,10.1594/PANGAEA.918814,CC BY 4.0,fixed-wing UAV,2020-02-27 15:36:29+00:00,107.0,65.03497,24.53576,42.52,383969.846549275,7214614.83974205,-902.6279098750092,-502.1908164108172,15.920000000000002,-902.152111361475,-502.0900891806996,15.488831168831148,5.039259118711243,-6.877498701194611,-0.21084415584415694,-0.8265939860008586,-0.06288919380958191,-0.0369696969696971,8.526084731601486,8.528691347944397,143.76913881031658,4.583789625313732,-1.4165961268762717,996.83,-1.7,78.76,False
HAOS / PANGAEA,HAOS_Flight_01,HAOS_Flight_01_seg00,train,10.1594/PANGAEA.918814,CC BY 4.0,fixed-wing UAV,2020-02-27 15:36:30+00:00,108.0,65.03493,24.53584,42.52,383973.258674808,7214610.32667696,-899.21578434197,-506.70388150028884,15.920000000000002,-897.5013898804812,-508.98262740045436,15.226580086580064,4.387133394030457,-7.1345743553115994,-0.1363636363636367,-0.5891282508748645,-0.48188985878547896,0.01772727272727259,8.37550539660068,8.376615407777143,148.41215439969392,5.007739208693123,-0.9327640809046541,996.83,-1.7,78.76,False
HAOS / PANGAEA,HAOS_Flight_01,HAOS_Flight_01_seg00,train,10.1594/PANGAEA.918814,CC BY 4.0,fixed-wing UAV,2020-02-27 15:36:31+00:00,109.0,65.03486,24.53597,41.15,383978.955151855,7214601.25828228,-893.5193072949769,-515.7722761807963,14.549999999999997,-893.3778445734141,-516.3592378913228,15.216103896103874,3.861002616961514,-7.841278418765569,-0.17538961038961176,-0.47034744680050267,-0.9319622680006887,-0.022683982683982862,8.740308258224209,8.742067831137833,153.78461722770282,5.315465602057889,-1.149585991445306,997.01,-1.71,78.51,False
HAOS / PANGAEA,HAOS_Flight_01,HAOS_Flight_01_seg00,train,10.1594/PANGAEA.918814,CC BY 4.0,fixed-wing UAV,2020-02-27 15:36:32+00:00,110.0,65.03477,24.53608,41.23,383983.643288781,7214591.95113668,-888.8311703689978,-525.0794217800722,14.629999999999995,-889.7793846465581,-524.6651842379855,14.87580086580084,3.4464385004294513,-8.998498891312977,-0.1817316017316024,-0.37695534752270987,-1.032437600024025,0.11091991341991436,9.635918255890472,9.63763181540316,159.0430856038097,4.4006042198719255,-1.080459508521149,997.0,-1.72,78.49,False
HAOS / PANGAEA,HAOS_Flight_01,HAOS_Flight_01_seg00,train,10.1594/PANGAEA.918814,CC BY 4.0,fixed-wing UAV,2020-02-27 15:36:33+00:00,111.0,65.03469,24.53616,41.68,383987.073594858,7214582.48078269,-885.4008642919944,-534.5497757699341,15.079999999999998,-886.4849675725552,-534.3562356739487,14.85264069264067,3.107091921916094,-9.906153618813619,0.04645021645021696,-0.17497734575880486,-0.43362827915635194,0.21348484848484883,10.381998831187104,10.382102742382136,162.58582566744667,1.7659167373167213,0.25634597394997644,996.94,-1.71,78.57,False
HAOS / PANGAEA,HAOS_Flight_01,HAOS_Flight_01_seg00,train,10.1594/PANGAEA.918814,CC BY 4.0,fixed-wing UAV,2020-02-27 15:36:34+00:00,112.0,65.0346,24.53622,41.23,383989.611812778,7214572.80372226,-882.8626463719993,-544.2268362008035,14.629999999999995,-883.5652008027259,-544.4774914756127,14.968701298701275,3.0964838089118416,-9.86575544962568,0.24523809523809526,0.17219677238898612,0.13251747837634298,0.1121753246753241,10.340277683441194,10.343185403637895,162.57491907844314,-1.141504306057638,1.3586167254115737,997.0,-1.72,78.49,False
HAOS / PANGAEA,HAOS_Flight_01,HAOS_Flight_01_seg00,train,10.1594/PANGAEA.918814,CC BY 4.0,fixed-wing UAV,2020-02-27 15:36:35+00:00,113.0,65.03452,24.53627,42.14,383991.88010356,7214563.39911712,-880.5943555900012,-553.6314413407817,15.54,-880.2919999547315,-554.0877465732001,15.34311688311686,3.4514854666940664,-9.641118662060933,0.27080086580086515,1.7621319054926516,0.6862566602593745,-0.09903679653679642,10.240308637084135,10.24388862159573,160.3028170553314,-10.256223904590474,1.5148109258855809,996.88,-1.76,78.58,False
HAOS / PANGAEA,HAOS_Flight_01,HAOS_Flight_01_seg00,train,10.1594/PANGAEA.918814,CC BY 4.0,fixed-wing UAV,2020-02-27 15:36:36+00:00,114.0,65.03444,24.53637,42.36,383996.140185842,7214554.36403512,-876.3342733079917,-562.6665233401582,15.759999999999998,-876.6622298693378,-563.7597287997346,15.510303030303005,6.620747619897145,-8.493242129106932,0.04716450216450241,4.4422465636112065,2.18595937262009,-0.14007575757575674,10.768911779284412,10.769015061753558,142.06247126926218,-23.58675572844166,0.2509361850154238,996.85,-1.77,78.78,False
HAOS / PANGAEA,HAOS_Flight_01,HAOS_Flight_01_seg00,train,10.1594/PANGAEA.918814,CC BY 4.0,fixed-wing UAV,2020-02-27 15:36:37+00:00,115.0,65.03438,24.53656,41.91,384004.615547711,7214546.71590288,-867.8589114390197,-570.3146555805579,15.309999999999995,-867.0505047149372,-571.074230831414,15.437445887445865,12.33597859391648,-5.269199916820753,-0.009350649350648332,5.183032825343076,3.9762648046570916,-0.09480519480519511,13.414202758009491,13.414206017041513,113.12930559844807,-25.119643575518104,-0.039939209686058984,996.91,-1.77,78.58,False
HAOS / PANGAEA,HAOS_Flight_01,HAOS_Flight_01_seg00,train,10.1594/PANGAEA.918814,CC BY 4.0,fixed-wing UAV,2020-02-27 15:36:38+00:00,116.0,65.03433,24.53682,42.21,384016.936720167,7214541.63075266,-855.5377389829955,-575.399805800058,15.61,-851.9902726815048,-574.2981286333761,15.491601731601708,16.986813270583298,-0.5407125197927485,-0.14244588744588782,3.816416376762959,5.346758879247432,-0.15143939393939476,16.99541688569967,16.996013825293733,91.82318411822598,-19.16319903465288,-0.48020928882169367,996.87,-1.77,78.6,False
HAOS / PANGAEA,HAOS_Flight_01,HAOS_Flight_01_seg00,train,10.1594/PANGAEA.918814,CC BY 4.0,fixed-wing UAV,2020-02-27 15:36:39+00:00,117.0,65.03433,24.53716,41.68,384032.539259901,7214540.48621537,-839.9351992490119,-576.5443430906162,15.079999999999998,-833.0768781737706,-572.1556558709995,15.152554112554089,19.968811347442397,5.42431784167411,-0.31222943722943786,1.765875755734612,5.748377680967991,-0.057792207792207506,20.692429791526376,20.694785282740213,74.80290752914232,-14.961754556556256,-0.8644741903579688,996.94,-1.74,78.67,False
HAOS / PANGAEA,HAOS_Flight_01,HAOS_Flight_01_seg00,train,10.1594/PANGAEA.918814,CC BY 4.0,fixed-wing UAV,2020-02-27 15:36:40+00:00,118.0,65.03445,24.53789,41.23,384067.803564598,7214552.45886309,-804.670894551964,-564.5716953705996,14.629999999999995,-812.05264998662,-563.4494929500279,14.867142857142833,20.518564782052522,10.956042842143233,-0.25803030303030283,-0.947560512447069,4.242662107728165,0.022229437229438265,23.26040359654501,23.261834732270067,61.899675005113465,-11.192523446448917,-0.6355625303679454,997.0,-1.75,79.03,False
HAOS / PANGAEA,HAOS_Flight_01,HAOS_Flight_01_seg00,train,10.1594/PANGAEA.918814,CC BY 4.0,fixed-wing UAV,2020-02-27 15:36:41+00:00,119.0,65.03458,24.53821,41.76,384083.48389196,7214566.53108825,-788.9905671899905,-550.4994702106342,15.159999999999997,-792.0397486096656,-550.243570186713,14.636493506493483,18.07369032254826,13.90964205713044,-0.2677705627705613,-3.2533833418330005,1.8449139764534266,-0.009339826839826149,22.806499600615314,22.80807149031134,52.417860636244484,-9.083590424129685,-0.6726774594243334,996.93,-1.76,78.83,False
HAOS / PANGAEA,HAOS_Flight_01,HAOS_Flight_01_seg00,train,10.1594/PANGAEA.918814,CC BY 4.0,fixed-wing UAV,2020-02-27 15:36:42+00:00,120.0,65.03474,24.53849,40.47,384097.182531561,7214583.34167811,-775.2919275889872,-533.6888803504407,13.869999999999997,-775.9052693415235,-535.630208835767,14.33160173160171,14.011798098386521,14.645870795050087,-0.27670995670995513,-4.073914799815952,0.017425460020263017,0.04153679653679676,20.268991521416382,20.270880239777245,43.7324941568541,-8.48706710715095,-0.7821468482185747,997.1,-1.74,78.54,False
HAOS / PANGAEA,HAOS_Flight_01,HAOS_Flight_01_seg00,train,10.1594/PANGAEA.918814,CC BY 4.0,fixed-wing UAV,2020-02-27 15:36:43+00:00,121.0,65.0349,24.53875,40.85,384109.898310572,7214600.78831614,-762.5761485779658,-516.2422423204407,14.25,-764.0161524128926,-520.9518285966128,14.083073593073573,9.925860722916354,13.944492977170967,-0.1846969696969678,-2.5345947413002534,-0.8747470648767717,0.0784632034632029,17.11641304365795,17.11740951346667,35.443726421942586,-4.497135940000275,-0.6182338627479219,997.05,-1.77,79.08,False
HAOS / PANGAEA,HAOS_Flight_01,HAOS_Flight_01_seg00,train,10.1594/PANGAEA.918814,CC BY 4.0,fixed-wing UAV,2020-02-27 15:36:44+00:00,122.0,65.034975,24.53888,40.620000000000005,384116.33921551,7214609.24382446,-756.1352436399902,-507.7867340007797,14.020000000000003,-756.0535478956908,-507.7412228814251,13.962207792207774,8.942608615786014,12.896376665296543,-0.11978354978354933,0.3564598440308373,-0.8616633598502972,0.1118398268398253,15.69352668931797,15.693983816964199,34.73822227685355,2.7982625521360665,-0.4373114292445041,997.0799999999999,-1.775,78.77,True
HAOS / PANGAEA,HAOS_Flight_01,HAOS_Flight_01_seg00,train,10.1594/PANGAEA.918814,CC BY 4.0,fixed-wing UAV,2020-02-27 15:36:45+00:00,123.0,65.03505,24.53901,40.39,384122.780120448,7214617.69933278,-749.6943387020146,-499.33122568018734,13.79,-746.1309351813205,-495.1590752660197,13.843506493506474,10.638780410978029,12.221166257470372,0.038982683982682786,1.7261467777934456,-0.5834658856148849,0.14195887445887356,16.2031032004904,16.203150094206766,41.04025152621472,5.920925317356704,0.13784636987399596,997.11,-1.78,78.46,False
HAOS / PANGAEA,HAOS_Flight_01,HAOS_Flight_01_seg00,train,10.1594/PANGAEA.918814,CC BY 4.0,fixed-wing UAV,2020-02-27 15:36:46+00:00,124.0,65.0352,24.53929,40.39,384136.633051365,7214633.12775071,-735.8414077850175,-483.90280775073916,13.79,-734.7759870737348,-483.29889036648433,14.04017316017314,12.394902171372905,11.729444894066773,0.1641341991341978,2.028514067894264,-0.22499642722630142,0.13970779220779228,17.06497809435611,17.065767413045897,46.58007291156696,5.132711379642046,0.5510646925822388,997.11,-1.79,78.89,False
HAOS / PANGAEA,HAOS_Flight_01,HAOS_Flight_01_seg00,train,10.1594/PANGAEA.918814,CC BY 4.0,fixed-wing UAV,2020-02-27 15:36:47+00:00,125.0,65.03532,24.53959,41.07,384151.590021847,7214646.90141348,-720.8844373030006,-470.12914498057216,14.469999999999999,-721.3411308385747,-471.7001854778862,14.17177489177487,14.695808546766557,11.77117340301777,0.31839826839826735,2.0599008875570632,-0.22622241108329888,0.12272727272727346,18.828895669346355,18.831587548171527,51.30567428549881,4.546433474918019,0.9687842954515189,997.02,-1.81,78.83,False
HAOS / PANGAEA,HAOS_Flight_01,HAOS_Flight_01_seg00,train,10.1594/PANGAEA.918814,CC BY 4.0,fixed-wing UAV,2020-02-27 15:36:48+00:00,126.0,65.03543,24.53993,41.0,384167.685055299,7214658.40994235,-704.7894038509694,-458.62061611004174,14.399999999999999,-705.3843699802017,-459.7565435604488,14.676969696969675,16.51470394648703,11.277000071900176,0.4095887445887447,1.3489946313962946,-1.0261383379539382,-0.006785714285713951,19.99765428898477,20.001848414620202,55.672939861402995,4.749884243382414,1.1733588987532613,997.03,-1.77,78.84,False
HAOS / PANGAEA,HAOS_Flight_01,HAOS_Flight_01_seg00,train,10.1594/PANGAEA.918814,CC BY 4.0,fixed-wing UAV,2020-02-27 15:36:49+00:00,127.0,65.03552,24.54027,41.6,384184.390710959,7214667.96582684,-688.083748191013,-449.06473162025213,15.0,-688.3117229456006,-449.1461853340858,14.99095238095236,17.393797809559146,9.718896727109893,0.30482683982683945,0.5263359574881576,-1.4913697165640798,-0.08417748917749002,19.924887849924072,19.927219455667437,60.80544277226363,4.526595285739036,0.8764881952980171,996.95,-1.79,79.36,False
HAOS / PANGAEA,HAOS_Flight_01,HAOS_Flight_01_seg00,train,10.1594/PANGAEA.918814,CC BY 4.0,fixed-wing UAV,2020-02-27 15:36:50+00:00,128.0,65.03561,24.54062,41.98,384201.197636431,7214676.27818701,-671.2768227189663,-440.7523714499548,15.379999999999995,-670.5967743610834,-440.318750106229,15.286623376623353,17.567375861463347,8.294260638772016,0.2412337662337647,-0.5317935153613575,-1.3019903632902867,-0.08095238095238066,19.42697748497712,19.428475182879875,64.72613043288106,2.8261313774147223,0.7114316343844763,996.9,-1.85,78.72,False
HAOS / PANGAEA,HAOS_Flight_01,HAOS_Flight_01_seg00,train,10.1594/PANGAEA.918814,CC BY 4.0,fixed-wing UAV,2020-02-27 15:36:51+00:00,129.0,65.03568,24.54098,42.67,384218.214478044,7214683.83797183,-654.2599811059772,-433.1925866305828,16.07,-653.176971222674,-432.5576640565418,15.473419913419889,16.33021077883643,7.11491600052932,0.14292207792207812,-1.5167080942084112,-1.086153124472176,-0.06461038961038845,17.812855295426775,17.81342865638649,66.45770552709308,1.2161023561767195,0.4597048598147026,996.81,-1.85,79.34,False
HAOS / PANGAEA,HAOS_Flight_01,HAOS_Flight_01_seg00,train,10.1594/PANGAEA.918814,CC BY 4.0,fixed-wing UAV,2020-02-27 15:36:52+00:00,130.0,65.03575,24.54134,41.45,384235.464995865,7214691.09303124,-637.0094632849796,-425.9375272206962,14.850000000000001,-637.9363528034105,-426.08891810517036,15.57246753246751,14.533959673046525,6.121954389827664,0.11201298701298779,-1.4085560471752956,-0.7318149972606136,-0.042932900432900656,15.770678784658346,15.771076571944365,67.1583351452345,0.42361130220899984,0.4069427560126427,996.97,-1.8,78.82,False
HAOS / PANGAEA,HAOS_Flight_01,HAOS_Flight_01_seg00,train,10.1594/PANGAEA.918814,CC BY 4.0,fixed-wing UAV,2020-02-27 15:36:53+00:00,131.0,65.03582,24.5417,42.44,384252.88051735,7214698.48064585,-619.5939418000053,-418.54991261009127,15.839999999999996,-624.1090518765809,-420.31375527688647,15.697445887445864,13.51309868448584,5.6512860060080925,0.057056277056276805,-0.6431849270574048,-0.2641499044708411,-0.08654761904761976,14.647213713821337,14.647324840977186,67.30492813151108,-0.024861424763289883,0.22318697597873538,996.84,-1.86,78.67,False
HAOS / PANGAEA,HAOS_Flight_01,HAOS_Flight_01_seg00,train,10.1594/PANGAEA.918814,CC BY 4.0,fixed-wing UAV,2020-02-27 15:36:54+00:00,132.0,65.03586,24.54188,42.29,384261.606715945,7214702.27011751,-610.8677432049881,-414.7604409502819,15.689999999999998,-610.9101554344388,-414.7863460931542,15.686580086580063,13.247589818931715,5.593654580885982,-0.06108225108225174,0.0953212642368726,0.11699094737825533,-0.04663419913419897,14.380111528807069,14.380241257445135,67.10861229570793,-0.27336256254844776,-0.2433732266157141,996.86,-1.85,78.63,False
HAOS / PANGAEA,HAOS_Flight_01,HAOS_Flight_01_seg00,train,10.1594/PANGAEA.918814,CC BY 4.0,fixed-wing UAV,2020-02-27 15:36:55+00:00,133.0,65.0359,24.54206,42.14,384270.332803812,7214706.05957648,-602.1416553379968,-410.97098198067397,15.54,-597.6138722387175,-409.1264461151145,15.575281385281361,13.703741212959585,5.885267900764603,-0.03621212121212114,0.808931964514386,0.44319242859880603,-0.005703463203462711,14.914050472475182,14.914094434904854,66.75820300641419,-0.3308044065061629,-0.1391169782628821,996.88,-1.85,78.59,False
HAOS / PANGAEA,HAOS_Flight_01,HAOS_Flight_01_seg00,train,10.1594/PANGAEA.918814,CC BY 4.0,fixed-wing UAV,2020-02-27 15:36:56+00:00,134.0,65.03597,24.54243,42.74,384287.970225211,7214713.58600044,-584.5042339389911,-403.44455802068114,16.14,-583.5026730085197,-403.015810291625,15.614155844155821,14.865453747960487,6.480039438083594,-0.07248917748917716,1.5194358382004225,0.7658982824350886,-0.008939393939393803,16.21643074945505,16.216592765828594,66.4470034826956,-0.3258971803868978,-0.2561165481664623,996.8,-1.85,78.46,False
HAOS / PANGAEA,HAOS_Flight_01,HAOS_Flight_01_seg00,train,10.1594/PANGAEA.918814,CC BY 4.0,fixed-wing UAV,2020-02-27 15:36:57+00:00,135.0,65.03605,24.5428,41.68,384305.662047927,7214721.29558319,-566.8124112230144,-395.73497526999563,15.079999999999998,-567.8829647427965,-396.1663672389473,15.430303030303007,16.74261288936043,7.41706446563478,-0.054090909090908745,1.6166937878784324,0.8761923366782582,0.05541125541125558,18.31196143645896,18.312041324680504,66.10640864564039,-0.4529268398124766,-0.16924302718783618,996.94,-1.81,78.84,False
HAOS / PANGAEA,HAOS_Flight_01,HAOS_Flight_01_seg00,train,10.1594/PANGAEA.918814,CC BY 4.0,fixed-wing UAV,2020-02-27 15:36:58+00:00,136.0,65.03612,24.54317,41.76,384323.336002177,7214729.20028384,-549.1384569730144,-387.8302746200934,15.159999999999997,-550.0174472297988,-388.1816813603554,15.505974025974004,18.09884132371735,8.23242411144011,0.038333333333333997,0.17394261922649434,0.3323702615830797,0.016396103896103575,19.883180429994578,19.883217381906878,65.54114980307065,-0.7075383891385097,0.11046198072857023,996.93,-1.8,79.19,False
HAOS / PANGAEA,HAOS_Flight_01,HAOS_Flight_01_seg00,train,10.1594/PANGAEA.918814,CC BY 4.0,fixed-wing UAV,2020-02-27 15:36:59+00:00,137.0,65.0362,24.54353,42.14,384340.850697633,7214737.27035072,-531.6237615169957,-379.76020774059,15.54,-531.6852820953618,-379.7015190160671,15.506969696969675,17.09049812781342,8.08180498880094,-0.021298701298701594,-0.8793824643665715,-0.1100449497232745,-0.006764069264070471,18.90504425104056,18.905056248752043,64.69133186736337,-0.8310547882085727,-0.06455024177765666,996.88,-1.83,78.76,False
HAOS / PANGAEA,HAOS_Flight_01,HAOS_Flight_01_seg00,train,10.1594/PANGAEA.918814,CC BY 4.0,fixed-wing UAV,2020-02-27 15:37:00+00:00,138.0,65.03628,24.54389,42.29,384358.177180287,7214745.53579856,-514.2972788629704,-371.4947599004954,15.689999999999998,-515.836450974172,-372.01807138275353,15.4633766233766,16.34007639498421,8.012334211993561,0.024805194805193054,0.9737338435995184,0.6271654703489133,0.02358225108225076,18.19878007226316,18.1987969771711,63.8790402266535,-0.4072319030691702,0.07809491001974833,996.86,-1.82,79.13,False
HAOS / PANGAEA,HAOS_Flight_01,HAOS_Flight_01_seg00,train,10.1594/PANGAEA.918814,CC BY 4.0,fixed-wing UAV,2020-02-27 15:37:01+00:00,139.0,65.03636,24.54426,42.52,384375.552482754,7214754.2060481,-496.9219763959991,-362.8245103601366,15.920000000000002,-499.0051293053934,-363.67685059208,15.55658008658006,19.037965815012456,9.336135929498766,0.025865800865799926,3.1864819767698833,1.4648680143316142,-0.04156926406926287,21.203951906841816,21.20396768313221,63.876868061225025,0.19919431065204676,0.06989265466877966,996.83,-1.84,79.19,False
HAOS / PANGAEA,HAOS_Flight_01,HAOS_Flight_01_seg00,train,10.1594/PANGAEA.918814,CC BY 4.0,fixed-wing UAV,2020-02-27 15:37:02+00:00,140.0,65.03645,24.54462,41.76,384392.825925077,7214763.00395262,-479.6485340729705,-354.0266058407724,15.159999999999997,-477.76051934414704,-353.345799523756,15.5151082251082,22.713040348523975,10.94207024065679,-0.05833333333333268,2.935582951006637,1.232142918096116,-0.07215367965367925,25.211328862738377,25.211396347741687,64.2774288479576,0.38720112282876845,-0.13256928497639092,996.93,-1.84,79.12,False
HAOS / PANGAEA,HAOS_Flight_01,HAOS_Flight_01_seg00,train,10.1594/PANGAEA.918814,CC BY 4.0,fixed-wing UAV,2020-02-27 15:37:03+00:00,141.0,65.03653,24.54497,41.91,384410.053668301,7214771.48870893,-462.4207908489625,-345.541849530302,15.309999999999995,-453.57904860834543,-341.7927101107664,15.439913419913395,24.90913171702573,11.800421765690999,-0.11844155844155857,1.4602982098652149,0.5180006645160233,-0.03446969696969715,27.562924314091404,27.563178792495922,64.65127030688257,0.3384267728000019,-0.2462060836112359,996.91,-1.86,78.9,False
HAOS / PANGAEA,HAOS_Flight_01,HAOS_Flight_01_seg00,train,10.1594/PANGAEA.918814,CC BY 4.0,fixed-wing UAV,2020-02-27 15:37:04+00:00,142.0,65.03669,24.54569,41.91,384444.657426185,7214787.52821137,-427.81703296501655,-329.50234709028155,15.309999999999995,-427.9422559100956,-329.744955992374,15.278225108225083,25.633636768254405,11.978071569688836,-0.12727272727272698,0.003061318060360918,-0.11368755509201378,0.08532467532467525,28.294125406087254,28.29441165393795,64.9542823935576,0.21701481519255605,-0.25772632420333863,996.91,-1.81,78.87,False
HAOS / PANGAEA,HAOS_Flight_01,HAOS_Flight_01_seg00,train,10.1594/PANGAEA.918814,CC BY 4.0,fixed-wing UAV,2020-02-27 15:37:05+00:00,143.0,65.03684,24.54641,42.06,384478.98210667,7214803.00913792,-393.4923524800106,-314.0214205402881,15.46,-402.3117750718366,-317.8365669713887,15.185367965367941,24.91525435314645,11.573046655506971,0.052207792207791925,-1.45140178019075,-0.6365204299084439,0.1263852813852817,27.47190034148574,27.471949949468303,65.08529993726768,-0.0861297146389837,0.10888517040943135,996.89,-1.83,78.65,False
HAOS / PANGAEA,HAOS_Flight_01,HAOS_Flight_01_seg00,train,10.1594/PANGAEA.918814,CC BY 4.0,fixed-wing UAV,2020-02-27 15:37:06+00:00,144.0,65.03692,24.54677,41.91,384496.128309919,7214811.13209702,-376.34614923101617,-305.8984614405781,15.309999999999995,-378.1117472038027,-306.59886268136006,15.382640692640667,22.730833207872905,10.705030709871949,0.12549783549783644,-2.7373102217670464,-1.0179659843765023,-0.025037878787877776,25.12545444013778,25.125767859513346,64.78202296427963,-0.6083877206129653,0.286181351771728,996.91,-1.86,78.88,False
HAOS / PANGAEA,HAOS_Flight_01,HAOS_Flight_01_seg00,train,10.1594/PANGAEA.918814,CC BY 4.0,fixed-wing UAV,2020-02-27 15:37:07+00:00,145.0,65.037,24.54713,41.53,384513.413750615,7214819.46157816,-359.06070853502024,-297.568980300799,14.93,-356.8501086560908,-296.4265055516448,15.436363636363614,19.44063390961236,9.537114686753966,0.0021320346320363726,-2.9402014932097416,-1.0829028418223174,-0.1168722943722953,21.653978926651522,21.653979031610792,63.86852449604174,-0.8281822012038473,0.005641299744977796,996.96,-1.83,79.11,False
HAOS / PANGAEA,HAOS_Flight_01,HAOS_Flight_01_seg00,train,10.1594/PANGAEA.918814,CC BY 4.0,fixed-wing UAV,2020-02-27 15:37:08+00:00,146.0,65.03708,24.54749,42.14,384530.895366234,7214828.11785545,-341.5790929159848,-288.9127030102536,15.54,-339.23047938457796,-287.5246333078521,15.38690476190474,16.850430221453422,8.539225026227314,-0.10824675324675415,-1.8385614342475378,-0.7521983422772678,-0.11865259740259848,18.890615731008285,18.890925865510305,63.125658561871944,-0.4354279263928669,-0.3283119150172342,996.88,-1.84,78.53,False
HAOS / PANGAEA,HAOS_Flight_01,HAOS_Flight_01_seg00,train,10.1594/PANGAEA.918814,CC BY 4.0,fixed-wing UAV,2020-02-27 15:37:09+00:00,147.0,65.03717,24.54785,42.44,384548.358061873,7214836.94396456,-324.1163972769864,-280.0865939008072,15.839999999999996,-323.14924821318397,-279.3480554991902,15.219870129870106,15.763511041117283,8.03271800219943,-0.2351731601731606,-1.0808915626906526,-0.6685884030590046,-0.0963961038961032,17.692168856482386,17.69373180709912,62.99766864325602,0.37749253177574277,-0.7615593161344257,996.84,-1.87,79.06,False
HAOS / PANGAEA,HAOS_Flight_01,HAOS_Flight_01_seg00,train,10.1594/PANGAEA.918814,CC BY 4.0,fixed-wing UAV,2020-02-27 15:37:10+00:00,148.0,65.03725,24.54821,41.45,384565.625658057,7214845.98389035,-306.8488010930014,-271.04666811041534,14.850000000000001,-307.7034573023434,-271.45919730345327,14.916558441558418,14.688647096072117,7.202048220109305,-0.30103896103896055,-1.1482499658840197,-1.2409645925735333,-0.051363636363635834,16.359274191654332,16.362043776184898,63.88064362542343,2.301006779847911,-1.0542225308937097,996.97,-1.8,79.29,False
HAOS / PANGAEA,HAOS_Flight_01,HAOS_Flight_01_seg00,train,10.1594/PANGAEA.918814,CC BY 4.0,fixed-wing UAV,2020-02-27 15:37:11+00:00,149.0,65.03733,24.54857,41.0,384582.884169176,7214854.01294553,-289.5902899740031,-263.01761293038726,14.399999999999999,-293.77195402103973,-264.9439590589716,14.617792207792185,13.467011109349244,5.550788817052364,-0.33790043290043226,-0.9778327706933965,-1.92012599093772,0.032424242424242244,14.5661128895409,14.570031620192312,67.59968220295184,5.664731301877401,-1.3288924206784476,997.03,-1.84,78.95,False
HAOS / PANGAEA,HAOS_Flight_01,HAOS_Flight_01_seg00,train,10.1594/PANGAEA.918814,CC BY 4.0,fixed-wing UAV,2020-02-27 15:37:12+00:00,150.0,65.03735,24.548745,40.735,384591.2319913985,7214856.034490719,-281.2424677514937,-260.99606774095446,14.134999999999998,-280.7694350836449,-260.35761966934854,14.240757575757554,12.732981554685324,3.3617962382338646,-0.23619047619047606,-0.6001196970654092,-2.400516837248688,0.15752164502164456,13.169301166704331,13.171419026073202,75.21010622917822,9.451351932710308,-1.0274855567591403,997.065,-1.8250000000000002,78.97,True
HAOS / PANGAEA,HAOS_Flight_01,HAOS_Flight_01_seg00,train,10.1594/PANGAEA.918814,CC BY 4.0,fixed-wing UAV,2020-02-27 15:37:13+00:00,151.0,65.03737,24.54892,40.47,384599.579813621,7214858.05603591,-272.89464552898426,-258.97452255059034,13.869999999999997,-268.3059909116691,-258.22036658250386,14.145411255411233,12.266771715218425,0.7497551425549887,-0.02285714285714313,-0.4468034685053084,-2.6345867715479585,0.143668831168831,12.289663180375223,12.289684435983295,86.50238606837246,11.970933639239858,-0.10656242471319244,997.1,-1.81,78.99,False
HAOS / PANGAEA,HAOS_Flight_01,HAOS_Flight_01_seg00,train,10.1594/PANGAEA.918814,CC BY 4.0,fixed-wing UAV,2020-02-27 15:37:14+00:00,152.0,65.03738,24.54926,41.0,384615.384533994,7214858.6263004,-257.0899251559749,-258.40425806026906,14.399999999999999,-256.23589165320806,-258.85810938423856,14.195043290043268,11.839374617674707,-1.9073773048620524,0.05114718614718594,-0.43593504769749103,-2.4426903706154945,0.07451298701298681,11.992034002651216,11.992143076005794,99.15197350765794,11.722647941372774,0.24437056549509112,997.03,-1.87,79.21,False
HAOS / PANGAEA,HAOS_Flight_01,HAOS_Flight_01_seg00,train,10.1594/PANGAEA.918814,CC BY 4.0,fixed-wing UAV,2020-02-27 15:37:15+00:00,153.0,65.03736,24.54956,41.0,384629.333683416,7214855.92747434,-243.14077573397662,-261.1030841199681,14.399999999999999,-244.62724167631967,-262.03512119222796,14.247705627705605,11.394901619823443,-4.135625598676,0.1261688311688305,-0.9441208837764208,-2.135275004216922,0.06663419913419899,12.122177280417867,12.122833851531484,109.947681951118,11.340567087288317,0.5963186602748178,997.03,-1.86,79.16,False
HAOS / PANGAEA,HAOS_Flight_01,HAOS_Flight_01_seg00,train,10.1594/PANGAEA.918814,CC BY 4.0,fixed-wing UAV,2020-02-27 15:37:16+00:00,154.0,65.03732,24.5498,41.3,384640.483868445,7214850.27779566,-231.99059070501244,-266.75276280008256,14.699999999999996,-233.44608841356117,-267.12936058159056,14.447380952380929,9.951132850121866,-6.177927313295896,0.18441558441558392,-2.2244918416395265,-1.986877290796059,-0.008479437229437448,11.712891653607233,11.714343344674397,121.83310768223458,14.735655194037518,0.9020284658764351,996.99,-1.88,78.82,False
HAOS / PANGAEA,HAOS_Flight_01,HAOS_Flight_01_seg00,train,10.1594/PANGAEA.918814,CC BY 4.0,fixed-wing UAV,2020-02-27 15:37:17+00:00,155.0,65.03725,24.54997,40.69,384648.385501646,7214842.44529708,-224.08895750402007,-274.5852613802999,14.089999999999996,-224.72497597607594,-274.39097581881975,14.616536796536773,6.94591793654439,-8.109380180268118,0.10920995670995559,-2.966306180100723,-1.43526374202753,0.0033225108225107824,10.6774445861046,10.678003076604682,139.41899233919304,17.110173702905207,0.5860064516547259,997.07,-1.81,78.71,False
HAOS / PANGAEA,HAOS_Flight_01,HAOS_Flight_01_seg00,train,10.1594/PANGAEA.918814,CC BY 4.0,fixed-wing UAV,2020-02-27 15:37:18+00:00,156.0,65.03717,24.55008,41.3,384653.069636195,7214833.67420993,-219.40482295496622,-283.35634853038937,14.699999999999996,-219.5542525404724,-283.3481209421268,14.66580086580084,4.018520489920419,-9.048454797350956,0.1910606060606055,-2.4289444053512383,-0.2351003065554238,0.08381493506493598,9.900658621910654,9.902501971865597,156.05345508804498,13.451369737383713,1.105543396925572,996.99,-1.85,78.63,False
HAOS / PANGAEA,HAOS_Flight_01,HAOS_Flight_01_seg00,train,10.1594/PANGAEA.918814,CC BY 4.0,fixed-wing UAV,2020-02-27 15:37:19+00:00,157.0,65.03709,24.55014,41.91,384655.484587898,7214824.65705257,-216.9898712519789,-292.3735058903694,15.309999999999995,-216.6879349962351,-292.48788541352167,14.998658008657983,2.0880291258419135,-8.579580793378966,0.27683982683982755,-1.574816634547986,0.7493509652971966,0.006060606060606766,8.830009752003754,8.834348448539151,166.32173181396047,8.690681442020999,1.795757880656276,996.91,-1.82,78.92,False
HAOS / PANGAEA,HAOS_Flight_01,HAOS_Flight_01_seg00,train,10.1594/PANGAEA.918814,CC BY 4.0,fixed-wing UAV,2020-02-27 15:37:20+00:00,158.0,65.03701,24.55017,41.6,384656.884430036,7214815.82484415,-215.5900291139842,-301.2057143105194,15.0,-215.37819428878856,-300.50728252888473,15.219480519480495,0.8688872208244476,-7.549752866756563,0.20318181818181902,-0.9258401128621969,0.8825712738945697,-0.068495670995671,7.59958770931759,7.602303348515544,173.434817972087,5.8459217496104,1.5314894025007113,996.95,-1.9,79.03,False
HAOS / PANGAEA,HAOS_Flight_01,HAOS_Flight_01_seg00,train,10.1594/PANGAEA.918814,CC BY 4.0,fixed-wing UAV,2020-02-27 15:37:21+00:00,159.0,65.03694,24.55019,41.91,384657.381201244,7214807.3272885,-215.0932579059736,-309.70326996035874,15.309999999999995,-214.9501605545862,-307.5873911470348,15.405021645021622,0.23634890011751963,-6.814438245589827,0.13984848484848555,-0.4670541210392827,0.5143393466755128,-0.04373376623376668,6.818535722979247,6.819969721652622,178.01357531318126,3.569105517491989,1.1749743657624554,996.91,-1.82,78.95,False
HAOS / PANGAEA,HAOS_Flight_01,HAOS_Flight_01_seg00,train,10.1594/PANGAEA.918814,CC BY 4.0,fixed-wing UAV,2020-02-27 15:37:22+00:00,160.0,65.0369,24.55019,42.74,384657.324878867,7214802.95616782,-215.14958028297406,-314.0743906404823,16.14,-214.90549648855352,-314.1361590200644,15.499177489177466,-0.06522102125411777,-6.5210741734055375,0.11571428571428566,-0.26514940967454237,0.06444627987383456,0.05130952380952358,6.521400321761435,6.522426845322875,180.57302900707097,2.251991370204031,1.0165369723164823,996.8,-1.86,79.19,False
HAOS / PANGAEA,HAOS_Flight_01,HAOS_Flight_01_seg00,train,10.1594/PANGAEA.918814,CC BY 4.0,fixed-wing UAV,2020-02-27 15:37:23+00:00,161.0,65.03686,24.5502,41.76,384657.268557442,7214798.58509111,-215.20590170798823,-318.44546735007316,15.159999999999997,-215.08060259709444,-320.62953949384587,15.636450216450193,-0.2939499192315651,-6.685545685842158,0.24246753246753272,-0.22254854345326436,-0.3411418122372538,0.02991341991341967,6.692004757357763,6.6963959095023515,182.5175580535893,1.739645033537399,2.07505707503529,996.93,-1.86,78.81,False
HAOS / PANGAEA,HAOS_Flight_01,HAOS_Flight_01_seg00,train,10.1594/PANGAEA.918814,CC BY 4.0,fixed-wing UAV,2020-02-27 15:37:24+00:00,162.0,65.03678,24.5502,42.14,384656.956118103,7214790.0533305,-215.51834104699083,-326.9772279607132,15.54,-215.49339632701665,-327.5072503917487,15.984112554112532,-0.5103181081606465,-7.203357797880045,0.175541125541125,-0.2071865011185139,-0.6442188463693981,-0.14283549783549798,7.221411782733063,7.22354503153072,184.05231907414577,1.2793296114872499,1.392495759359192,996.88,-1.86,78.68,False
HAOS / PANGAEA,HAOS_Flight_01,HAOS_Flight_01_seg00,train,10.1594/PANGAEA.918814,CC BY 4.0,fixed-wing UAV,2020-02-27 15:37:25+00:00,163.0,65.03671,24.55019,42.89,384656.491346309,7214781.54242616,-215.98311284097144,-335.4881323007867,16.29,-216.10123881341573,-335.03625508960596,15.987532467532443,-0.7083229214685929,-7.973983378580954,-0.043203463203463244,-0.22600115911885865,-0.6179018753159369,-0.09791125541125467,8.005381457679773,8.005498037111488,185.07621727656382,1.2265194046359438,-0.30921100802533186,996.78,-1.9,78.76,False
HAOS / PANGAEA,HAOS_Flight_01,HAOS_Flight_01_seg00,train,10.1594/PANGAEA.918814,CC BY 4.0,fixed-wing UAV,2020-02-27 15:37:26+00:00,164.0,65.03663,24.55018,42.89,384655.609835411,7214773.04567784,-216.86462373897666,-343.9848806206137,16.29,-216.91004216995384,-343.4552171489106,15.897705627705605,-0.9623204263983638,-8.439161548511919,-0.020281385281384345,-0.2755498037416899,-0.09104225798751031,-0.010790043290043183,8.493851202190065,8.49387541582372,186.50535788341764,1.8509019190702427,-0.13680903317136675,996.78,-1.89,78.63,False
HAOS / PANGAEA,HAOS_Flight_01,HAOS_Flight_01_seg00,train,10.1594/PANGAEA.918814,CC BY 4.0,fixed-wing UAV,2020-02-27 15:37:27+00:00,165.0,65.03656,24.55016,42.89,384654.419551748,7214764.89076091,-218.05490740196547,-352.1397975506261,16.29,-218.02587966621246,-351.9145781866298,15.946969696969674,-1.2594225289519727,-8.156067894555974,-0.06478354978354961,-0.258940720224885,0.3329157049332281,-0.07277056277056282,8.252732190434784,8.252986460388813,188.7780211147043,2.1379320374921345,-0.44975986844365107,996.78,-1.89,79.2,False
HAOS / PANGAEA,HAOS_Flight_01,HAOS_Flight_01_seg00,train,10.1594/PANGAEA.918814,CC BY 4.0,fixed-wing UAV,2020-02-27 15:37:28+00:00,166.0,65.03649,24.55014,41.6,384653.138648881,7214757.28339112,-219.33581026899628,-359.7471673404798,15.0,-219.42888722785779,-359.76735293802255,15.768138528138506,-1.4802018668481338,-7.773330138645463,-0.16582251082250998,-0.1319837448712633,0.3994700427074207,-0.0015692640692641646,7.913005687537106,7.914742959571718,190.78122195840191,1.4602505029190205,-1.2004970058693094,996.95,-1.8,79.1,False
HAOS / PANGAEA,HAOS_Flight_01,HAOS_Flight_01_seg00,train,10.1594/PANGAEA.918814,CC BY 4.0,fixed-wing UAV,2020-02-27 15:37:29+00:00,167.0,65.03642,24.55012,42.21,384651.745592619,7214749.65259574,-220.72886653098976,-367.3779627205804,15.61,-220.98628339990873,-367.4612384639207,15.615324675324654,-1.5233900186944993,-7.357127809141133,-0.06792207792207794,0.20762447706558618,0.03938312072091321,0.12807359307359256,7.513191515534249,7.5134985298305,191.69852212054235,-1.4506788067384793,-0.517961292274299,996.87,-1.83,78.76,False
HAOS / PANGAEA,HAOS_Flight_01,HAOS_Flight_01_seg00,train,10.1594/PANGAEA.918814,CC BY 4.0,fixed-wing UAV,2020-02-27 15:37:30+00:00,168.0,65.03635,24.55009,42.36,384650.040953284,7214741.93159458,-222.43350586597808,-375.09896387998015,15.759999999999998,-222.47566726524678,-374.4816085563048,15.63229437229435,-1.0649529127169615,-7.694563897203636,0.09032467532467514,0.5999611829373066,-0.7537989669995397,0.1030735930735931,7.767910805001172,7.768435931474653,187.87986434492495,-4.804383142006496,0.6662009368964423,996.85,-1.85,78.83,False
HAOS / PANGAEA,HAOS_Flight_01,HAOS_Flight_01_seg00,train,10.1594/PANGAEA.918814,CC BY 4.0,fixed-wing UAV,2020-02-27 15:37:31+00:00,169.0,65.03628,24.55007,42.36,384648.671893118,7214734.22100315,-223.8025660319836,-382.80955531075597,15.759999999999998,-223.11618922534265,-382.850366258328,15.795974025974004,-0.3234676528198861,-8.864725743140212,0.13822510822510825,0.5131350986044438,-0.9202104413526797,-0.01841991341991367,8.87062533441209,8.87170220442827,182.08975583652935,-3.823710477798348,0.8927301205072936,996.85,-1.85,78.83,False
HAOS / PANGAEA,HAOS_Flight_01,HAOS_Flight_01_seg00,train,10.1594/PANGAEA.918814,CC BY 4.0,fixed-wing UAV,2020-02-27 15:37:32+00:00,170.0,65.03621,24.55006,42.67,384648.150409367,7214726.2353597,-224.32404978299746,-390.7951987599954,16.07,-223.12260257088656,-392.21106004258525,15.908744588744566,-0.038682715508073784,-9.534984779908996,0.0534848484848478,-0.2295777324718955,-0.3167185562499384,-0.06227272727272748,9.535063246018627,9.535213250609171,180.23244338932827,1.310310855494491,0.3213847530498555,996.81,-1.81,78.73,False
HAOS / PANGAEA,HAOS_Flight_01,HAOS_Flight_01_seg00,train,10.1594/PANGAEA.918814,CC BY 4.0,fixed-wing UAV,2020-02-27 15:37:33+00:00,171.0,65.03614,24.55008,42.59,384648.467208921,7214718.0715158,-224.00725022901315,-398.9590426599607,15.990000000000002,-223.1935546563588,-401.920335818146,15.9029437229437,-0.7826231177636771,-9.49816285564009,0.013679653679653292,-1.1352205109512497,0.4677852104312876,-0.018939393939394034,9.53035133542931,9.530361153159099,184.71037754751833,7.399061100484676,0.0822410271330601,996.82,-1.83,78.62,False
HAOS / PANGAEA,HAOS_Flight_01,HAOS_Flight_01_seg00,train,10.1594/PANGAEA.918814,CC BY 4.0,fixed-wing UAV,2020-02-27 15:37:34+00:00,172.0,65.036,24.55012,42.52,384649.910520266,7214702.81309113,-222.56393888400635,-414.2174673303962,15.920000000000002,-224.6878488064139,-411.2073857538654,15.936103896103873,-2.309123737410573,-8.59941435904642,0.015606060606059735,-1.4512609973008281,1.3237241316733872,-0.06529220779220823,8.904042888106881,8.904056564419072,195.0305655902976,11.783187811074354,0.1004218536667832,996.83,-1.85,78.52,False
HAOS / PANGAEA,HAOS_Flight_01,HAOS_Flight_01_seg00,train,10.1594/PANGAEA.918814,CC BY 4.0,fixed-wing UAV,2020-02-27 15:37:35+00:00,173.0,65.03594,24.55006,41.98,384646.685331711,7214696.39597337,-225.78912743896944,-420.63458508998156,15.379999999999995,-227.81180213117995,-419.1191645362388,15.93415584415582,-3.6851451123653334,-6.850714592293315,-0.11690476190476318,-1.3440362699617197,1.9865913295894728,-0.04810606060606082,7.77898354055661,7.7798619298549685,208.27675316966705,16.08849156823793,-0.86099234406775,996.9,-1.8,78.93,False
HAOS / PANGAEA,HAOS_Flight_01,HAOS_Flight_01_seg00,train,10.1594/PANGAEA.918814,CC BY 4.0,fixed-wing UAV,2020-02-27 15:37:36+00:00,174.0,65.0359,24.54992,42.89,384640.301694074,7214691.67379085,-232.1727650759858,-425.3567676106468,16.29,-232.05813903114458,-424.90881493845205,15.702294372294347,-4.997196277334012,-4.626231699867475,-0.0806060606060619,-1.3519781022852868,2.2517438443181845,0.056504329004329,6.809845106539474,6.810322144514608,227.20754872677347,20.775466693733062,-0.6781610053954504,996.78,-1.83,78.84,False
HAOS / PANGAEA,HAOS_Flight_01,HAOS_Flight_01_seg00,train,10.1594/PANGAEA.918814,CC BY 4.0,fixed-wing UAV,2020-02-27 15:37:37+00:00,175.0,65.03587,24.54975,42.44,384631.811332135,7214688.86701507,-240.66312701499555,-428.16354339011014,15.839999999999996,-237.80619468584797,-428.3716279359738,15.772943722943696,-6.389101316935907,-2.3472269036569458,-0.003896103896105174,-1.1267426702233792,1.6639676460223995,-0.014188311688310584,6.806621024805415,6.806622139868548,249.82768655713318,16.320367685667367,-0.03279605028662619,996.84,-1.82,79.03,False
HAOS / PANGAEA,HAOS_Flight_01,HAOS_Flight_01_seg00,train,10.1594/PANGAEA.918814,CC BY 4.0,fixed-wing UAV,2020-02-27 15:37:38+00:00,176.0,65.03586,24.54965,42.099999999999994,384627.1327652015,7214687.770930335,-245.34169394848868,-429.2596281254664,15.499999999999993,-244.8363416650164,-429.60326874576594,15.694502164502136,-7.250681617780771,-1.2982964078226757,-0.10898268398268307,-0.47504538101714644,0.5955636221260505,-0.0480735930735916,7.366000100800246,7.3668062761550415,259.8482840981082,5.610203570140274,-0.847650309336817,996.885,-1.8,78.93,True
HAOS / PANGAEA,HAOS_Flight_01,HAOS_Flight_01_seg00,train,10.1594/PANGAEA.918814,CC BY 4.0,fixed-wing UAV,2020-02-27 15:37:39+00:00,177.0,65.03585,24.54955,41.76,384622.454198268,7214686.6748456,-250.0202608819818,-430.3557128608227,15.159999999999997,-252.3075579214095,-430.9682207516191,15.55497835497833,-7.3391920789702,-1.1560996594048447,-0.10004329004328838,-0.4387600681867667,-0.07634967709263663,0.07476190476190459,7.429690894949461,7.430364422716938,261.0480936974137,0.015123493909279894,-0.7714603433975119,996.93,-1.78,78.83,False
HAOS / PANGAEA,HAOS_Flight_01,HAOS_Flight_01_seg00,train,10.1594/PANGAEA.918814,CC BY 4.0,fixed-wing UAV,2020-02-27 15:37:40+00:00,178.0,65.03583,24.54934,42.97,384612.708527989,7214684.81502978,-259.7659311610041,-432.21552868001163,16.369999999999997,-259.5147258229568,-431.91546806457563,15.49441558441556,-8.128201754154304,-1.450995762007949,0.0405411255411261,-1.3213331029219546,-0.6650197547215555,0.16887445887445818,8.256697430425929,8.256796960108822,259.87853108592674,-2.5169735316332886,0.2813251597257092,996.77,-1.83,78.36,False
HAOS / PANGAEA,HAOS_Flight_01,HAOS_Flight_01_seg00,train,10.1594/PANGAEA.918814,CC BY 4.0,fixed-wing UAV,2020-02-27 15:37:41+00:00,179.0,65.0358,24.54914,41.6,384603.107488716,7214682.85760394,-269.36697043397,-434.1729545202106,15.0,-268.5639614297181,-433.870212275635,15.636060606060582,-9.981858284814109,-2.4861391688479557,0.23770562770562798,-1.543233052266686,-0.9823695491864584,0.12607142857142817,10.286806248053479,10.28955231049607,256.01414663414715,-3.4090420757519273,1.3237447597173109,996.95,-1.79,79.1,False
HAOS / PANGAEA,HAOS_Flight_01,HAOS_Flight_01_seg00,train,10.1594/PANGAEA.918814,CC BY 4.0,fixed-wing UAV,2020-02-27 15:37:42+00:00,180.0,65.03578,24.54894,42.21,384593.483041451,7214680.74193405,-278.9914176989696,-436.2886244105175,15.61,-279.478442392585,-436.88774640227155,15.969826839826816,-11.214667858687676,-3.4157348603808657,0.29268398268398244,-0.7049872128672092,-0.8722190987066512,-0.05713203463203431,11.72331095796335,11.726963960498185,253.06044693442288,-3.1937996923135143,1.4301483723104025,996.87,-1.78,79.04,False
HAOS / PANGAEA,HAOS_Flight_01,HAOS_Flight_01_seg00,train,10.1594/PANGAEA.918814,CC BY 4.0,fixed-wing UAV,2020-02-27 15:37:43+00:00,181.0,65.03575,24.54875,43.2,384584.385794805,7214678.08678929,-288.0886643449776,-438.94376916997135,16.6,-290.9932971470935,-440.70168199639676,16.221428571428547,-11.391832710548528,-4.230577366261258,0.12344155844155935,0.15813693173156196,-0.702995258458003,-0.1378354978354972,12.152021945217408,12.152648895421768,249.62654724952012,-3.4631291822752424,0.5819967320835207,996.74,-1.8,78.98,False
HAOS / PANGAEA,HAOS_Flight_01,HAOS_Flight_01_seg00,train,10.1594/PANGAEA.918814,CC BY 4.0,fixed-wing UAV,2020-02-27 15:37:44+00:00,182.0,65.03568,24.5484,42.82,384567.660786238,7214670.54564357,-304.81367291201605,-446.4849148904905,16.22,-302.26210781368206,-445.34890113479406,16.216709956709934,-10.898393995224552,-4.821725377296872,0.017012987012988035,0.8973068245725102,-0.2784050980893369,-0.1760822510822515,11.917383407829725,11.917395551501272,246.1341885698724,-3.0689884425114693,0.08179410338745516,996.79,-1.76,78.93,False
HAOS / PANGAEA,HAOS_Flight_01,HAOS_Flight_01_seg00,train,10.1594/PANGAEA.918814,CC BY 4.0,fixed-wing UAV,2020-02-27 15:37:45+00:00,183.0,65.03564,24.54822,43.27,384559.056813609,7214666.40777093,-313.41764554101974,-450.62278753053397,16.67,-312.7900851375426,-450.3451327509905,16.255454545454523,-9.597219061403507,-4.787387562439932,-0.22872294372294366,1.5406715489162366,0.27133853648970785,-0.29729437229437305,10.725003188138052,10.727441799914677,243.48857036449718,-2.4152274675219556,-1.221712753795409,996.73,-1.79,78.85,False
HAOS / PANGAEA,HAOS_Flight_01,HAOS_Flight_01_seg00,train,10.1594/PANGAEA.918814,CC BY 4.0,fixed-wing UAV,2020-02-27 15:37:46+00:00,184.0,65.0356,24.54805,42.29,384550.658392223,7214661.94357681,-321.8160669269855,-455.0869816504419,15.689999999999998,-321.4565459364891,-454.9236762596739,15.759264069264047,-7.817050897392079,-4.279048304317456,-0.5775757575757581,1.7253370320689498,0.5791106612796426,-0.1414393939393941,8.91159576748746,8.930292989529494,241.3037336348285,-2.0239367877727275,-3.708250989656099,996.86,-1.75,78.71,False
HAOS / PANGAEA,HAOS_Flight_01,HAOS_Flight_01_seg00,train,10.1594/PANGAEA.918814,CC BY 4.0,fixed-wing UAV,2020-02-27 15:37:47+00:00,185.0,65.03555,24.54788,41.68,384542.780317907,7214657.16560243,-329.6941412430024,-459.8649560306221,15.079999999999998,-328.42418693232673,-458.9032293596254,15.100303030303007,-6.146544997265607,-3.6291662398806466,-0.5116017316017318,1.0844315494111783,0.38838733610037934,0.12926406926407008,7.137987321374303,7.156297878923025,239.4406967889517,-1.552778401138933,-4.099556292925109,996.94,-1.73,78.8,False
HAOS / PANGAEA,HAOS_Flight_01,HAOS_Flight_01_seg00,train,10.1594/PANGAEA.918814,CC BY 4.0,fixed-wing UAV,2020-02-27 15:37:48+00:00,186.0,65.03553,24.5478,41.15,384538.852390569,7214654.78002703,-333.6220685809967,-462.2505314303562,14.549999999999997,-333.7496359310203,-462.1820087394352,14.736060606060583,-5.648187798569722,-3.5022736321166974,-0.3190476190476179,0.00942464648449004,-0.0971531804783865,0.08969696969697027,6.645896929845645,6.653550735160267,238.19817683255064,-0.7017249836641966,-2.7484715138659355,997.01,-1.73,78.78,False
HAOS / PANGAEA,HAOS_Flight_01,HAOS_Flight_01_seg00,train,10.1594/PANGAEA.918814,CC BY 4.0,fixed-wing UAV,2020-02-27 15:37:49+00:00,187.0,65.03551,24.54772,40.62,384534.924496379,7214652.39448076,-337.5499627710087,-464.6360777001828,14.019999999999996,-339.7205625294662,-465.9077766238588,14.46220779220777,-6.127695704296627,-3.8234726008374196,-0.3322077922077913,-0.48469272268692976,-0.27921866526067163,0.08313852813852751,7.222713989478595,7.230349880262598,238.03724682162334,0.1337440088055944,-2.633455936370707,997.08,-1.71,78.76,False
HAOS / PANGAEA,HAOS_Flight_01,HAOS_Flight_01_seg00,train,10.1594/PANGAEA.918814,CC BY 4.0,fixed-wing UAV,2020-02-27 15:37:50+00:00,188.0,65.03546,24.54755,40.92,384526.863161537,7214647.6096059,-345.6112976130098,-469.4209525603801,14.32,-346.00502733961355,-469.82895394111006,14.071645021645,-6.617573243943582,-4.060710962638041,-0.1527705627705629,-0.634003983676763,-0.29030783238189883,0.2229978354978348,7.764125782150026,7.765628629151408,238.46566485016183,0.5946296792822816,-1.127233040900529,997.04,-1.67,78.61,False
HAOS / PANGAEA,HAOS_Flight_01,HAOS_Flight_01_seg00,train,10.1594/PANGAEA.918814,CC BY 4.0,fixed-wing UAV,2020-02-27 15:37:51+00:00,189.0,65.03541,24.54739,41.38,384518.976800594,7214642.67004104,-353.497658555978,-474.360517420806,14.780000000000001,-352.95570901735334,-474.0291985491349,14.156666666666645,-7.395703671650153,-4.404088265601217,0.11378787878787833,-0.46340669201339324,-0.16659827521613124,0.15287878787878828,8.607695757289862,8.608447823587301,239.22650618018787,0.6587458283994192,0.7573670901453685,996.98,-1.73,79.2,False
HAOS / PANGAEA,HAOS_Flight_01,HAOS_Flight_01_seg00,train,10.1594/PANGAEA.918814,CC BY 4.0,fixed-wing UAV,2020-02-27 15:37:52+00:00,190.0,65.03537,24.54723,40.69,384511.326263615,7214637.92647999,-361.14819553500274,-479.1040784707293,14.089999999999996,-360.79643468291385,-478.6371304723125,14.299220779220757,-7.544386627970368,-4.393907513070303,0.15298701298701367,-0.026567955365095486,0.05808513754580247,0.0060064935064936265,8.730646758729492,8.731987050600594,239.78315650696067,0.423324469460469,1.0038904799496837,997.07,-1.68,78.43,False
HAOS / PANGAEA,HAOS_Flight_01,HAOS_Flight_01_seg00,train,10.1594/PANGAEA.918814,CC BY 4.0,fixed-wing UAV,2020-02-27 15:37:53+00:00,191.0,65.03533,24.54708,39.78,384503.769271344,7214633.72188761,-368.7051878059865,-483.30867085047066,13.18,-368.0444822732941,-482.8170135752755,14.462640692640672,-7.448839582380344,-4.287917990509612,0.12580086580086558,-0.18672038524331924,-0.06596017074348026,-0.03077922077922235,8.594850308025858,8.595770918027563,240.07315511910883,0.23228541791474608,0.83856539112314,997.19,-1.67,78.27,False
HAOS / PANGAEA,HAOS_Flight_01,HAOS_Flight_01_seg00,train,10.1594/PANGAEA.918814,CC BY 4.0,fixed-wing UAV,2020-02-27 15:37:54+00:00,192.0,65.03529,24.54692,42.44,384496.475873573,7214629.81160965,-375.99858557700645,-487.2189488103613,15.839999999999996,-375.69411384767454,-487.2129664533317,14.550822510822488,-7.917827398457007,-4.525827854557264,0.09142857142856897,-0.468973177588623,-0.2027762991041584,-0.001071428571428612,9.120038842068759,9.120497117181515,240.24772734279014,0.34714849642506995,0.574372092102064,996.84,-1.73,78.57,False
HAOS / PANGAEA,HAOS_Flight_01,HAOS_Flight_01_seg00,train,10.1594/PANGAEA.918814,CC BY 4.0,fixed-wing UAV,2020-02-27 15:37:55+00:00,193.0,65.03525,24.54678,41.15,384489.442613131,7214625.9766928,-383.03184601897374,-491.05386565998197,14.549999999999997,-383.8801370702081,-491.86866928439,14.64549783549781,-8.38678593755759,-4.693470588717929,0.12365800865800836,-0.3771619380963216,-0.085714637443985,-0.039242424242422747,9.610767114521815,9.611562611390472,240.76745211195896,0.6550759304418342,0.7371618702004274,997.01,-1.68,78.71,False
HAOS / PANGAEA,HAOS_Flight_01,HAOS_Flight_01_seg00,train,10.1594/PANGAEA.918814,CC BY 4.0,fixed-wing UAV,2020-02-27 15:37:56+00:00,194.0,65.03522,24.54664,41.3,384482.589308882,7214621.91370809,-389.8851502679754,-495.1168503705412,14.699999999999996,-392.4676857227897,-496.5999076307676,14.798138528138505,-8.67215127464965,-4.697257129445234,0.012943722943723479,-0.23374513657685725,0.030629500300207724,-0.1587878787878787,9.862577364489043,9.862585858206522,241.55787920367385,0.807869954293725,0.07519538176096428,996.99,-1.68,78.35,False
HAOS / PANGAEA,HAOS_Flight_01,HAOS_Flight_01_seg00,train,10.1594/PANGAEA.918814,CC BY 4.0,fixed-wing UAV,2020-02-27 15:37:57+00:00,195.0,65.03514,24.54635,41.3,384468.935955053,7214614.01829813,-403.5385040969704,-503.01226033084095,14.699999999999996,-401.2244396195074,-501.2631835432805,14.671385281385257,-8.854276210711305,-4.632211588117514,-0.19391774891774904,0.017024596074975307,0.17055106211405757,0.007402597402597522,9.992776962019033,9.994658348638218,242.3831920205464,0.8402610992603409,-1.1117304269012898,996.99,-1.68,78.35,False
HAOS / PANGAEA,HAOS_Flight_01,HAOS_Flight_01_seg00,train,10.1594/PANGAEA.918814,CC BY 4.0,fixed-wing UAV,2020-02-27 15:37:58+00:00,196.0,65.03511,24.5462,41.15,384461.838954847,7214610.58794845,-410.6355043029762,-506.4426100105047,14.549999999999997,-410.17623814421233,-505.8643308070026,14.410303030303007,-8.6381020824997,-4.3561550052171185,0.027748917748918522,0.6826914483734186,0.5029953590602361,0.26108225108225147,9.674342045698188,9.674381841730254,243.23840140219454,0.8899652205797719,0.16434104825714432,997.01,-1.71,78.58,False
HAOS / PANGAEA,HAOS_Flight_01,HAOS_Flight_01_seg00,train,10.1594/PANGAEA.918814,CC BY 4.0,fixed-wing UAV,2020-02-27 15:37:59+00:00,197.0,65.03508,24.54605,41.0,384454.411890588,7214607.54257208,-418.0625685619889,-509.48798638023436,14.399999999999999,-418.5006437845068,-509.9754935537147,14.726883116883094,-7.488893313964468,-3.6262208699970415,0.3282467532467539,1.4151397703791986,0.8218160481433898,0.12127705627705598,8.320637046881917,8.32710915005687,244.16312246170594,0.8634195262521146,2.259130664565496,997.03,-1.65,78.88,False
HAOS / PANGAEA,HAOS_Flight_01,HAOS_Flight_01_seg00,train,10.1594/PANGAEA.918814,CC BY 4.0,fixed-wing UAV,2020-02-27 15:38:00+00:00,198.0,65.03505,24.5459,41.07,384447.362394467,7214604.28509846,-425.11206468299497,-512.7454600008205,14.469999999999999,-425.15402477214127,-513.1167725469967,15.066796536796515,-5.807822541741302,-2.712522908930339,0.2703030303030305,1.1873214525818412,0.6076441187657622,-0.085919913419914,6.410037691607617,6.415734325548503,244.96524045469874,0.2985001369276669,2.4146586272812094,997.02,-1.66,78.52,False
HAOS / PANGAEA,HAOS_Flight_01,HAOS_Flight_01_seg00,train,10.1594/PANGAEA.918814,CC BY 4.0,fixed-wing UAV,2020-02-27 15:38:01+00:00,199.0,65.03501,24.54576,42.52,384440.595227492,7214600.778621,-431.8792316580075,-516.2519374601543,15.920000000000002,-430.1162888679894,-515.4005393715754,15.267489177489155,-5.114250408800785,-2.410932632465517,0.15640692640692588,0.2678556716714269,0.08579843691390465,-0.04410173160173203,5.6540386806429,5.656201599026875,244.76012273556128,-0.3486325068349392,1.5845614884242154,996.83,-1.71,78.64,False
HAOS / PANGAEA,HAOS_Flight_01,HAOS_Flight_01_seg00,train,10.1594/PANGAEA.918814,CC BY 4.0,fixed-wing UAV,2020-02-27 15:38:02+00:00,200.0,65.03499500000001,24.54569,42.44,384437.19265726453,7214599.041019425,-435.2818018854596,-517.989539035596,15.839999999999996,-435.38252558974284,-517.9386378119277,15.379610389610367,-5.2721111983984486,-2.5409260351025296,0.18209956709956643,-0.16427683832841922,-0.09552743036735478,0.05682900432900473,5.852474827296585,5.85530715304313,244.26797544102885,-0.15536276975275193,1.7821813613185267,996.84,-1.6949999999999998,78.825,True
HAOS / PANGAEA,HAOS_Flight_01,HAOS_Flight_01_seg00,train,10.1594/PANGAEA.918814,CC BY 4.0,fixed-wing UAV,2020-02-27 15:38:03+00:00,201.0,65.03498,24.54562,42.36,384433.790087037,7214597.30341785,-438.68437211296987,-519.7271406101063,15.759999999999998,-440.6605112647863,-520.4823914417805,15.631688311688288,-5.442804085457624,-2.6019874932002267,0.27006493506493534,-0.3003918765998037,-0.1490449934877347,0.009523809523809934,6.0327817155475305,6.038823585483867,244.4493971960558,-0.03378082798017039,2.563205114863635,996.85,-1.68,79.01,False
HAOS / PANGAEA,HAOS_Flight_01,HAOS_Flight_01_seg00,train,10.1594/PANGAEA.918814,CC BY 4.0,fixed-wing UAV,2020-02-27 15:38:04+00:00,202.0,65.03495,24.54547,41.53,384426.655584937,7214593.90126621,-445.8188742129714,-523.1292922506109,14.93,-446.2681337606581,-523.1426127983282,15.919740259740237,-5.872894951598056,-2.839016022077999,0.2011471861471863,-0.5438690679418698,-0.3649003145333438,-0.06637445887445992,6.523105631991676,6.526206193234815,244.20041378506852,-0.7397069532333952,1.766219142827321,996.96,-1.65,78.9,False
HAOS / PANGAEA,HAOS_Flight_01,HAOS_Flight_01_seg00,train,10.1594/PANGAEA.918814,CC BY 4.0,fixed-wing UAV,2020-02-27 15:38:05+00:00,203.0,65.03491,24.54532,42.29,384419.404738506,7214590.78442605,-453.06972064397996,-526.2461324101314,15.689999999999998,-452.4063011679824,-526.1604234859365,16.03398268398266,-6.5305422213413635,-3.3317881222669143,0.1373160173160155,-0.5496080083750741,-0.481293408164845,-0.09331168831168801,7.331356886443401,7.332642735399879,242.969983289589,-1.4011081132381982,1.0730221634765886,996.86,-1.66,78.86,False
HAOS / PANGAEA,HAOS_Flight_01,HAOS_Flight_01_seg00,train,10.1594/PANGAEA.918814,CC BY 4.0,fixed-wing UAV,2020-02-27 15:38:06+00:00,204.0,65.03488,24.54518,43.5,384412.593003002,7214587.29123108,-459.8814561479958,-529.7393273804337,16.9,-459.3292182033408,-529.806189042862,16.19437229437227,-6.972110968348204,-3.801602838407689,0.014523809523810272,-0.15802568420909324,-0.305653452444858,-0.19793290043289868,7.941191062803535,7.941204344241106,241.39819755859213,-1.454257196476475,0.1047893261539595,996.7,-1.73,78.88,False
HAOS / PANGAEA,HAOS_Flight_01,HAOS_Flight_01_seg00,train,10.1594/PANGAEA.918814,CC BY 4.0,fixed-wing UAV,2020-02-27 15:38:07+00:00,205.0,65.03484,24.54505,43.27,384406.148704225,7214583.41866338,-466.32575492496835,-533.6118950806558,16.67,-466.3505231046788,-533.7636291627518,16.06303030303028,-6.84659358975955,-3.9430950271566303,-0.25854978354978186,0.06463391658482465,-0.12831517368221057,-0.22330086580086572,7.900876038549391,7.905105322960445,240.06146889663606,-1.034392385318729,-1.8742892322241527,996.73,-1.72,78.7,False
HAOS / PANGAEA,HAOS_Flight_01,HAOS_Flight_01_seg00,train,10.1594/PANGAEA.918814,CC BY 4.0,fixed-wing UAV,2020-02-27 15:38:08+00:00,206.0,65.0348,24.54491,42.36,384399.665925538,7214579.26359583,-472.8085336119984,-537.7669626306742,15.759999999999998,-473.0224053828599,-537.6923790971753,15.677272727272705,-6.842843135178555,-4.05823318577211,-0.4320779220779212,-0.06775358095316619,-0.07862488734153317,-0.0664393939393948,7.955737474474779,7.967461960593819,239.32941278795465,-0.24285128254364519,-3.1086928241309746,996.85,-1.66,78.61,False
HAOS / PANGAEA,HAOS_Flight_01,HAOS_Flight_01_seg00,train,10.1594/PANGAEA.918814,CC BY 4.0,fixed-wing UAV,2020-02-27 15:38:09+00:00,207.0,65.03477,24.54477,41.53,384392.842479421,7214575.13093105,-479.6319797289907,-541.8996274108067,14.93,-480.0362093750359,-541.8800955342961,15.198874458874439,-6.982100751665882,-4.100344801839697,-0.39142857142857146,0.14329304334643211,0.1655918049255547,0.1380194805194792,8.097070976617848,8.106526674656521,239.57576633154878,0.5267813264195249,-2.767637734164222,996.96,-1.71,78.9,False
HAOS / PANGAEA,HAOS_Flight_01,HAOS_Flight_01_seg00,train,10.1594/PANGAEA.918814,CC BY 4.0,fixed-wing UAV,2020-02-27 15:38:10+00:00,208.0,65.03473,24.54463,40.77,384385.9367363,7214571.2366297,-486.5377228499856,-545.7939287601039,14.170000000000002,-486.9866068861917,-545.8930687008547,14.894415584415562,-6.556257048485691,-3.7270495759210007,-0.15603896103896275,0.5490104992767897,0.4383567715249228,0.31798701298701326,7.541578417492668,7.543192506131163,240.38297544079373,0.8539082312469408,-1.185308692581736,997.06,-1.66,79.01,False
HAOS / PANGAEA,HAOS_Flight_01,HAOS_Flight_01_seg00,train,10.1594/PANGAEA.918814,CC BY 4.0,fixed-wing UAV,2020-02-27 15:38:11+00:00,209.0,65.03469,24.54448,41.23,384378.784220603,7214567.63137236,-493.69023854698753,-549.3991861008108,14.629999999999995,-493.1487234720073,-549.3341946861381,14.886796536796513,-5.884079753112303,-3.223631258789851,0.24454545454545507,0.5260683743680374,0.4198619525998595,0.3692316017316033,6.709261735365016,6.713716966999132,241.28358279404264,0.9683149609020211,2.0874461448578927,997.0,-1.69,78.97,False
HAOS / PANGAEA,HAOS_Flight_01,HAOS_Flight_01_seg00,train,10.1594/PANGAEA.918814,CC BY 4.0,fixed-wing UAV,2020-02-27 15:38:12+00:00,210.0,65.03466,24.54434,42.67,384371.901289526,7214563.79009419,-500.57316962396726,-553.2404642701149,16.07,-498.7547663924163,-552.3403312184344,15.383506493506472,-5.504120299749616,-2.8873256707212818,0.5824242424242438,0.20988329109414394,0.23223851387712102,0.18133116883116784,6.215463764106577,6.242692351949225,242.31960536259774,0.9626739611218458,5.3533076604041625,996.81,-1.72,78.99,False
HAOS / PANGAEA,HAOS_Flight_01,HAOS_Flight_01_seg00,train,10.1594/PANGAEA.918814,CC BY 4.0,fixed-wing UAV,2020-02-27 15:38:13+00:00,211.0,65.03464,24.54426,42.74,384368.324713435,7214561.88557977,-504.14974571496714,-555.1449786899611,16.14,-504.15696407150654,-555.1088460275806,16.051645021645,-5.464313170924015,-2.759154231035609,0.6072077922077908,-0.10535873552794328,0.022186245844807218,-0.09801948051948184,6.121409192381716,6.151451194920856,243.20893071628632,0.6157425175246878,5.664873086328078,996.8,-1.72,79.04,False
HAOS / PANGAEA,HAOS_Flight_01,HAOS_Flight_01_seg00,train,10.1594/PANGAEA.918814,CC BY 4.0,fixed-wing UAV,2020-02-27 15:38:14+00:00,212.0,65.03462,24.54419,42.67,384364.748168655,7214559.98108877,-507.7262904950185,-557.0494696907699,16.07,-509.6833927342643,-557.8586396805056,16.597922077922053,-5.714837770805502,-2.8429531790316673,0.38638528138528017,-0.38473911651382764,-0.17933372725644858,-0.22458874458874378,6.382926720932292,6.39461078647189,243.55109039764716,0.10960491001280429,3.464126272262751,996.81,-1.73,78.54,False
HAOS / PANGAEA,HAOS_Flight_01,HAOS_Flight_01_seg00,train,10.1594/PANGAEA.918814,CC BY 4.0,fixed-wing UAV,2020-02-27 15:38:15+00:00,213.0,65.03459,24.54403,43.96,384357.40345333,7214556.43388585,-515.0710058200057,-560.5966726103798,17.36,-515.5866396131175,-560.794752385644,16.82441558441556,-6.23379140395167,-3.117821685548506,0.1580303030303032,-0.6521898218283582,-0.37232768901688473,-0.14541125541125588,6.970004830045548,6.971796103410807,243.42814053631193,-0.31161297014021216,1.2988396108234654,996.64,-1.73,79.02,False
HAOS / PANGAEA,HAOS_Flight_01,HAOS_Flight_01_seg00,train,10.1594/PANGAEA.918814,CC BY 4.0,fixed-wing UAV,2020-02-27 15:38:16+00:00,214.0,65.03455,24.54387,43.58,384349.713305169,7214552.80721066,-522.7611539809732,-564.2233478007838,16.979999999999997,-522.1509755421677,-564.0942830516026,16.91398268398266,-7.019217414462219,-3.587608557065437,0.0955627705627684,-0.6696978591375,-0.4413666764356776,-0.11220779220779242,7.882914960230056,7.883494181727825,242.92786445736672,-0.6367532904133402,0.6945495747963851,996.69,-1.65,78.89,False
HAOS / PANGAEA,HAOS_Flight_01,HAOS_Flight_01_seg00,train,10.1594/PANGAEA.918814,CC BY 4.0,fixed-wing UAV,2020-02-27 15:38:17+00:00,215.0,65.03451,24.54372,43.27,384342.362631782,7214548.97079988,-530.1118273679749,-568.0597585802898,16.67,-529.625074442042,-567.9699694997748,17.015541125541098,-7.5731871222266705,-4.000555038419861,-0.06638528138528166,-0.22544415515528726,-0.27773828412108514,-0.1743614718614701,8.564905358711584,8.565162625967531,242.15463395548528,-0.9707898571777618,-0.4440819974970713,996.73,-1.66,79.13,False
HAOS / PANGAEA,HAOS_Flight_01,HAOS_Flight_01_seg00,train,10.1594/PANGAEA.918814,CC BY 4.0,fixed-wing UAV,2020-02-27 15:38:18+00:00,216.0,65.03447,24.54357,43.39,384335.194298958,7214544.91324855,-537.2801601919928,-572.1173099102452,16.79,-537.297349786621,-572.0953931284423,16.781212121212096,-7.470105724772793,-4.143085125307607,-0.2531601731601718,0.15546115050514686,-0.12485488222154117,-0.0856385281385279,8.542109452285683,8.545860048473934,240.98628474301117,-1.246540800535824,-1.6975625312388423,996.72,-1.7,79.06,False
HAOS / PANGAEA,HAOS_Flight_01,HAOS_Flight_01_seg00,train,10.1594/PANGAEA.918814,CC BY 4.0,fixed-wing UAV,2020-02-27 15:38:19+00:00,217.0,65.03443,24.54342,43.5,384328.014909025,7214540.69919125,-544.4595501250005,-576.331367210485,16.9,-544.5652858915876,-576.25613975039,16.509220779220755,-7.262264821216377,-4.250264802862944,-0.23766233766233746,0.0652022621618471,-0.14135918601061803,0.014642857142856514,8.414585030049462,8.417940639769066,239.66155235441363,-1.0380269016110386,-1.61783732368416,996.7,-1.74,78.98,False
HAOS / PANGAEA,HAOS_Flight_01,HAOS_Flight_01_seg00,train,10.1594/PANGAEA.918814,CC BY 4.0,fixed-wing UAV,2020-02-27 15:38:20+00:00,218.0,65.03439,24.54327,42.74,384320.586321853,7214536.50822908,-551.8881372970063,-580.5223293807358,16.14,-551.8218794290538,-580.5959227341682,16.30588744588742,-7.339701200449099,-4.425803497328843,-0.22387445887445878,0.06112929281783863,-0.07172689431155277,-0.07081168831168805,8.570819698771066,8.573743061357654,238.91023093978913,-0.6341448962014423,-1.4962566068458525,996.8,-1.68,78.4,False
HAOS / PANGAEA,HAOS_Flight_01,HAOS_Flight_01_seg00,train,10.1594/PANGAEA.918814,CC BY 4.0,fixed-wing UAV,2020-02-27 15:38:21+00:00,219.0,65.03435,24.54312,42.06,384313.208478442,7214532.02996295,-559.2659807080054,-585.000595510006,15.46,-559.2446882924858,-585.1077467450477,16.061471861471837,-7.1400062355806995,-4.393718591486049,-0.37928571428571356,-0.09793053475593183,-0.09243361354961621,-0.17117965367965304,8.383582295492866,8.392157634265615,238.39326256201073,-0.18540733944866247,-2.5903798011839005,996.89,-1.68,78.91,False
HAOS / PANGAEA,HAOS_Flight_01,HAOS_Flight_01_seg00,train,10.1594/PANGAEA.918814,CC BY 4.0,fixed-wing UAV,2020-02-27 15:38:22+00:00,220.0,65.03431,24.54296,42.82,384305.784739813,7214527.34434108,-566.6897193369805,-589.6862173806876,16.22,-566.1018919002152,-589.3833599171403,15.547316017315994,-7.535562269960963,-4.610670724428076,-0.5662337662337649,-0.7969768355148403,-0.35223474723662207,-0.09895021645021629,8.834193978714602,8.852321951419334,238.5394162608918,0.6668842169810317,-3.667395859007601,996.79,-1.73,78.32,False
HAOS / PANGAEA,HAOS_Flight_01,HAOS_Flight_01_seg00,train,10.1594/PANGAEA.918814,CC BY 4.0,fixed-wing UAV,2020-02-27 15:38:23+00:00,221.0,65.03426,24.5428,41.6,384297.942263911,7214522.62672503,-574.5321952389786,-594.4038334302604,15.0,-574.3158128324077,-594.3290881939039,14.929004329004307,-8.73395990661038,-5.098188085959293,-0.5771861471861461,-0.8785977242568208,-0.19941643058842828,0.04408008658008633,10.11303996877768,10.12949758174602,239.72703099597277,1.5662688927251671,-3.2665244878933866,996.95,-1.74,78.28,False
HAOS / PANGAEA,HAOS_Flight_01,HAOS_Flight_01_seg00,train,10.1594/PANGAEA.918814,CC BY 4.0,fixed-wing UAV,2020-02-27 15:38:24+00:00,222.0,65.03422,24.54263,41.23,384289.922935249,7214517.92471001,-582.5515239009983,-599.1058484502137,14.629999999999995,-583.5698117134359,-599.5797360890589,14.392943722943702,-9.292757718474604,-5.009503585604932,-0.4780735930735922,-0.6496274257293067,0.07542911746330105,0.15122294372294354,10.557010570633052,10.567829793711304,241.67195404634214,2.012642353110159,-2.5928645028847046,997.0,-1.66,78.35,False
HAOS / PANGAEA,HAOS_Flight_01,HAOS_Flight_01_seg00,train,10.1594/PANGAEA.918814,CC BY 4.0,fixed-wing UAV,2020-02-27 15:38:25+00:00,223.0,65.03417,24.54247,40.09,384281.981725997,7214513.55678351,-590.4927331529907,-603.47377495002,13.490000000000002,-592.9013282693569,-604.3480953651137,13.972857142857123,-10.033214758068993,-4.947329851032691,-0.27474025974025906,-0.9419361552740213,-0.15198023652544634,0.25132575757575637,11.186664875486912,11.190038125349473,243.75231570219313,1.450618906306117,-1.4068798622477923,997.15,-1.67,78.59,False
HAOS / PANGAEA,HAOS_Flight_01,HAOS_Flight_01_seg00,train,10.1594/PANGAEA.918814,CC BY 4.0,fixed-wing UAV,2020-02-27 15:38:26+00:00,224.0,65.0341,24.54213,40.09,384265.814778119,7214505.59830775,-606.6596810310148,-611.4322507102042,13.490000000000002,-603.6362412295739,-609.4743957911243,13.843463203463184,-11.176630029022647,-5.313464058655825,0.024577922077920533,-0.686122671315843,-0.24429034414092143,0.23474025974025903,12.375377129941453,12.375401536214154,244.57319185895437,0.38246801366680766,0.11379122737031444,997.15,-1.65,78.27,False
HAOS / PANGAEA,HAOS_Flight_01,HAOS_Flight_01_seg00,train,10.1594/PANGAEA.918814,CC BY 4.0,fixed-wing UAV,2020-02-27 15:38:27+00:00,225.0,65.03407,24.54196,40.47,384257.42290514,7214502.29321502,-615.0515540100168,-614.7373434407637,13.869999999999997,-615.2545883274022,-614.9750234824254,14.022012987012964,-11.40546010070068,-5.435910539314534,0.194740259740259,0.4590799037793545,0.1499075131658003,0.1257196969696981,12.634620829297015,12.63612152794004,244.51725172952672,-0.3097301910807353,0.8830428458835519,997.1,-1.67,78.76,False
HAOS / PANGAEA,HAOS_Flight_01,HAOS_Flight_01_seg00,train,10.1594/PANGAEA.918814,CC BY 4.0,fixed-wing UAV,2020-02-27 15:38:28+00:00,226.0,65.03403,24.54179,41.23,384249.203947022,7214498.99725568,-623.270512128016,-618.0333027802408,14.629999999999995,-626.4471614309753,-620.3462168697533,14.232943722943702,-10.258470221463938,-5.013649032324224,0.2760173160173167,1.6193835627227031,0.5793495759603786,0.016125541125540988,11.418094758057844,11.421430447309541,243.95373147679288,-1.0800165005984894,1.3847798763079597,997.0,-1.63,78.6,False
HAOS / PANGAEA,HAOS_Flight_01,HAOS_Flight_01_seg00,train,10.1594/PANGAEA.918814,CC BY 4.0,fixed-wing UAV,2020-02-27 15:38:29+00:00,227.0,65.03395,24.54147,41.83,384234.146203984,7214490.87976218,-638.3282551660086,-626.1507962802425,15.229999999999997,-635.7715287703301,-625.0023215470738,14.574047619047597,-8.166692975255273,-4.277211387393777,0.22699134199134097,1.7018187769499775,0.5192049788200563,-0.07139610389610462,9.218970192192554,9.221764282059798,242.35721872832977,-2.0319688940046823,1.410463243746219,996.92,-1.71,78.49,False
HAOS / PANGAEA,HAOS_Flight_01,HAOS_Flight_01_seg00,train,10.1594/PANGAEA.918814,CC BY 4.0,fixed-wing UAV,2020-02-27 15:38:30+00:00,228.0,65.03391,24.54132,40.85,384226.809574944,7214486.45442007,-645.6648842059658,-630.5761383902282,14.25,-642.7805473814858,-628.9006396445409,14.686926406926384,-6.854832667563983,-3.9752390746841115,0.13322510822510747,0.933545956074056,0.23590799939549356,-0.01443722943722836,7.924093424562695,7.925213279821517,239.8897936887835,-1.746051321842467,0.9632038545800876,997.05,-1.63,78.86,False
HAOS / PANGAEA,HAOS_Flight_01,HAOS_Flight_01_seg00,train,10.1594/PANGAEA.918814,CC BY 4.0,fixed-wing UAV,2020-02-27 15:38:31+00:00,229.0,65.03389,24.541245,41.225,384223.220441461,7214484.18111471,-649.2540176889743,-632.849443750456,14.625,-649.481194105458,-632.9527996964421,14.840497835497812,-6.299601063107161,-3.80539538860279,0.19811688311688425,0.6387106454698994,0.3831675870291349,0.10330086580086606,7.359755948256725,7.3624220143425765,238.8651160846448,0.0983485157934798,1.54196969351766,997.0,-1.65,78.725,True
HAOS / PANGAEA,HAOS_Flight_01,HAOS_Flight_01_seg00,train,10.1594/PANGAEA.918814,CC BY 4.0,fixed-wing UAV,2020-02-27 15:38:32+00:00,230.0,65.03387,24.54117,41.6,384219.631307978,7214481.90780935,-652.8431511719828,-635.1227491106838,15.0,-655.3797495077001,-636.5114304217465,15.083160173160152,-5.577411376624184,-3.2089039006258417,0.3398268398268396,0.14070097753108257,0.364840494454711,0.0398917748917742,6.4346392212422145,6.443606458235583,240.08649072037048,2.032360639311459,3.0231021933932234,996.95,-1.67,78.59,False
HAOS / PANGAEA,HAOS_Flight_01,HAOS_Flight_01_seg00,train,10.1594/PANGAEA.918814,CC BY 4.0,fixed-wing UAV,2020-02-27 15:38:33+00:00,231.0,65.03383,24.54102,41.76,384212.414227637,7214477.6507513,-660.0602315129945,-639.3798071602359,15.159999999999997,-660.6360168587064,-639.3706074976938,15.520151515151491,-6.018199108044996,-3.075714399693368,0.27790043290043265,-0.8924188034311271,-0.13451555677897886,-0.19345238095238004,6.758604854003133,6.764315798597887,242.92983736326772,2.3137021302183878,2.354562518264595,996.93,-1.71,78.78,False
HAOS / PANGAEA,HAOS_Flight_01,HAOS_Flight_01_seg00,train,10.1594/PANGAEA.918814,CC BY 4.0,fixed-wing UAV,2020-02-27 15:38:34+00:00,232.0,65.03379,24.54086,42.74,384204.783553361,7214473.95407103,-667.6909057889716,-643.0764874303713,16.14,-667.4161477237901,-642.6628592211332,15.638961038961018,-7.362248983486438,-3.4779350141837995,-0.0470779220779205,-1.048211671112142,-0.3004594545930672,-0.22151515151515166,8.1424039483271,8.142540045248776,244.71389498080725,1.3477403387712477,-0.33127024940925537,996.8,-1.72,78.97,False
HAOS / PANGAEA,HAOS_Flight_01,HAOS_Flight_01_seg00,train,10.1594/PANGAEA.918814,CC BY 4.0,fixed-wing UAV,2020-02-27 15:38:35+00:00,233.0,65.03376,24.5407,42.74,384196.770015683,7214470.57785554,-675.704443466966,-646.4527029199526,16.14,-675.3605148256793,-646.3264775260614,15.42599567099565,-8.11462245026928,-3.6766333088795022,-0.16512987012987068,-0.3689232631539312,-0.07519897670493947,-0.02428030303030404,8.908688455568331,8.910218733139246,245.6253180408102,0.578364450696846,-1.0619028093755287,996.8,-1.72,78.97,False
HAOS / PANGAEA,HAOS_Flight_01,HAOS_Flight_01_seg00,train,10.1594/PANGAEA.918814,CC BY 4.0,fixed-wing UAV,2020-02-27 15:38:36+00:00,234.0,65.03373,24.54053,42.14,384188.824646019,7214467.09325576,-683.6498131309636,-649.9373027002439,15.54,-683.6453926243287,-650.0161258388922,15.308701298701276,-8.1000955097943,-3.6283329675936784,-0.09563852813852858,0.06446710197781158,-0.04820354336681021,0.06946969696969685,8.87560405783837,8.876119316434488,245.87062388220093,-0.45744759338077307,-0.6173632710587769,996.88,-1.65,79.36,False
HAOS / PANGAEA,HAOS_Flight_01,HAOS_Flight_01_seg00,train,10.1594/PANGAEA.918814,CC BY 4.0,fixed-wing UAV,2020-02-27 15:38:37+00:00,235.0,65.03369,24.54037,40.31,384180.838019621,7214463.58473764,-691.6364395290148,-653.4458208205178,13.71,-691.5607058452679,-653.5831434612487,15.234718614718593,-7.985688246313657,-3.7730403956131227,-0.026190476190476986,0.12828220535806167,-0.19695940032181625,0.09536255411255379,8.832160018604766,8.832198850528878,244.71042285404866,-1.509944941864594,-0.16990173950474488,997.12,-1.65,78.76,False
HAOS / PANGAEA,HAOS_Flight_01,HAOS_Flight_01_seg00,train,10.1594/PANGAEA.918814,CC BY 4.0,fixed-wing UAV,2020-02-27 15:38:38+00:00,236.0,65.03365,24.5402,41.76,384173.014687397,7214459.66271841,-699.4597717529978,-657.3678400507197,15.159999999999997,-699.616769116956,-657.5622066301185,15.256320346320322,-7.843531099078177,-4.022251768237311,0.095086580086579,0.44826307876769533,-0.041519892409979775,0.16635281385281475,8.814731384976781,8.815244230706671,242.85073399847175,-1.626984624375665,0.6180390739062585,996.93,-1.71,78.8,False
HAOS / PANGAEA,HAOS_Flight_01,HAOS_Flight_01_seg00,train,10.1594/PANGAEA.918814,CC BY 4.0,fixed-wing UAV,2020-02-27 15:38:39+00:00,237.0,65.03362,24.54005,42.82,384165.581183835,7214455.73211791,-706.8932753150002,-661.298440550454,16.22,-707.2477680434242,-661.6276469977233,15.424891774891751,-7.0891620887782665,-3.856080180433082,0.3065151515151525,0.836310431440495,0.24816026597176233,0.16844155844155972,8.070041727209338,8.075860636304233,241.45645360529733,-1.296746582289823,2.175154394185908,996.79,-1.7,78.81,False
HAOS / PANGAEA,HAOS_Flight_01,HAOS_Flight_01_seg00,train,10.1594/PANGAEA.918814,CC BY 4.0,fixed-wing UAV,2020-02-27 15:38:40+00:00,238.0,65.03358,24.5399,42.67,384158.370635083,7214451.49043556,-714.1038240669877,-665.5401229001582,16.07,-713.7950932945125,-665.2743669909846,15.869350649350627,-6.170910236197187,-3.5259312362937862,0.43196969696969845,0.7226615352560373,0.26197422945813287,-0.018084415584416647,7.107202278412755,7.120317552284838,240.2572408338921,-1.0070624634290295,3.478110021810134,996.81,-1.73,78.83,False
HAOS / PANGAEA,HAOS_Flight_01,HAOS_Flight_01_seg00,train,10.1594/PANGAEA.918814,CC BY 4.0,fixed-wing UAV,2020-02-27 15:38:41+00:00,239.0,65.03353,24.53975,42.89,384151.087942274,7214447.21978765,-721.3865168759949,-669.8107708105817,16.29,-719.5895885158186,-668.6795094703109,16.28883116883115,-5.643839018266192,-3.3321317215168165,0.2703463203463192,0.30782541534767915,0.12985757885809335,-0.13366883116883255,6.5540842742249295,6.55965759827198,239.4423286784393,-0.35532511700845004,2.3620274830012726,996.78,-1.69,78.84,False
HAOS / PANGAEA,HAOS_Flight_01,HAOS_Flight_01_seg00,train,10.1594/PANGAEA.918814,CC BY 4.0,fixed-wing UAV,2020-02-27 15:38:42+00:00,240.0,65.03351,24.53967,42.52,384147.35951901,7214445.0912756,-725.1149401399889,-671.9392828606069,15.920000000000002,-725.0827713310449,-671.9386304340183,16.410043290043266,-5.555259405501829,-3.2662160785775995,0.16463203463203335,-0.10230100316880453,-0.013922838061773746,-0.014502164502163684,6.444305589772677,6.446408165886059,239.54659059987523,0.339975008891973,1.4634112797614929,996.83,-1.66,79.11,False
HAOS / PANGAEA,HAOS_Flight_01,HAOS_Flight_01_seg00,train,10.1594/PANGAEA.918814,CC BY 4.0,fixed-wing UAV,2020-02-27 15:38:43+00:00,241.0,65.03349,24.53959,43.35,384143.631052835,7214442.96274677,-728.8434063150198,-674.0678116902709,16.75,-730.7001073268223,-675.2119416274661,16.618095238095215,-5.848441024603801,-3.359977397640364,0.24134199134199186,-0.4417547149568577,-0.17195435698965866,0.06929653679653658,6.744902559038408,6.749218953901836,240.12227869622325,0.5873444600188603,2.0492483942891817,996.72,-1.71,78.85,False
HAOS / PANGAEA,HAOS_Flight_01,HAOS_Flight_01_seg00,train,10.1594/PANGAEA.918814,CC BY 4.0,fixed-wing UAV,2020-02-27 15:38:44+00:00,242.0,65.03345,24.53944,43.27,384136.233822144,7214438.56050219,-736.2406370060053,-678.4700562702492,16.67,-736.7796533802525,-678.658585229299,16.89272727272725,-6.438768835415544,-3.610124792556917,0.3032251082251065,-0.7227749373911081,-0.31128103698773657,-0.01117965367965379,7.381784684868055,7.3880099214883765,240.72127951991294,0.6215286733112619,2.3522437698342644,996.73,-1.69,78.8,False
HAOS / PANGAEA,HAOS_Flight_01,HAOS_Flight_01_seg00,train,10.1594/PANGAEA.918814,CC BY 4.0,fixed-wing UAV,2020-02-27 15:38:45+00:00,243.0,65.03341,24.53928,44.19,384128.493797636,7214434.34442275,-743.9806615139823,-682.6861357102171,17.589999999999996,-743.5776449976534,-682.4321912125799,17.224545454545428,-7.293990899386017,-3.982539471615837,0.21898268398268428,-0.7389638135970813,-0.28926535186084834,-0.16627705627705502,8.31041057248703,8.313295213042085,241.36533604284577,0.6978957247972476,1.5094177057959979,996.61,-1.7,78.81,False
HAOS / PANGAEA,HAOS_Flight_01,HAOS_Flight_01_seg00,train,10.1594/PANGAEA.918814,CC BY 4.0,fixed-wing UAV,2020-02-27 15:38:46+00:00,244.0,65.03337,24.53912,43.96,384120.708219448,7214430.19751428,-751.7662397020031,-686.8330441806465,17.36,-751.3676351790245,-686.6236641725307,17.330692640692618,-7.916696462609707,-4.1886554962786136,-0.02932900432900354,-0.28386099725835834,-0.051009316500284285,-0.19071428571428672,8.956501423413167,8.956549443736524,242.1170709695074,0.5902508288498632,-0.1876203753607461,996.64,-1.7,78.67,False
HAOS / PANGAEA,HAOS_Flight_01,HAOS_Flight_01_seg00,train,10.1594/PANGAEA.918814,CC BY 4.0,fixed-wing UAV,2020-02-27 15:38:47+00:00,245.0,65.03333,24.53896,43.65,384112.951629896,7214426.00755233,-759.5228292539832,-691.0230061300099,17.049999999999997,-759.4110379228728,-690.8095022051372,17.16588744588742,-7.861712893902734,-4.084558104616406,-0.16244588744588917,0.13374485684937554,0.07636804625923332,-0.1522619047619047,8.859466379875487,8.860955546807135,242.54583770054546,0.03282015536066006,-1.0504493717488728,996.68,-1.67,79.33,False
HAOS / PANGAEA,HAOS_Flight_01,HAOS_Flight_01_seg00,train,10.1594/PANGAEA.918814,CC BY 4.0,fixed-wing UAV,2020-02-27 15:38:48+00:00,246.0,65.03329,24.5388,43.88,384105.354751077,7214422.18463739,-767.1197080729762,-694.845921070315,17.28,-767.09106096683,-694.7927803817635,17.00580086580084,-7.649206748910956,-4.035919403760147,-0.33385281385281296,0.10240412973837465,-0.02479100107214549,-0.16985930735930665,8.648642050705567,8.6550833053501,242.18271128022877,-0.4557375051730321,-2.2106204137522396,996.65,-1.76,79.27,False
HAOS / PANGAEA,HAOS_Flight_01,HAOS_Flight_01_seg00,train,10.1594/PANGAEA.918814,CC BY 4.0,fixed-wing UAV,2020-02-27 15:38:49+00:00,247.0,65.03326,24.53864,42.67,384097.748469394,7214418.43428112,-774.7259897559998,-698.5962773403153,16.07,-774.7094514206947,-698.8813410126575,16.498181818181795,-7.656904634425985,-4.134140106760697,-0.5021645021645025,-0.06474114071573922,-0.09078958557182659,-0.12173160173160236,8.701683917669124,8.716161551408716,241.63436269019942,-0.3243267911082579,-3.302812500789971,996.81,-1.7,78.92,False
HAOS / PANGAEA,HAOS_Flight_01,HAOS_Flight_01_seg00,train,10.1594/PANGAEA.918814,CC BY 4.0,fixed-wing UAV,2020-02-27 15:38:50+00:00,248.0,65.03322,24.53848,42.82,384090.041879261,7214414.20806966,-782.4325798889622,-702.8224888006225,16.22,-782.404870235682,-703.0610605952849,16.001471861471835,-7.778689030342434,-4.2174985749038,-0.5773160173160177,-0.2099821237702315,-0.042317475620592404,0.012099567099567388,8.848462988569558,8.867276416348762,241.53405769801225,0.3931549951654125,-3.732959582854499,996.79,-1.76,78.43,False
HAOS / PANGAEA,HAOS_Flight_01,HAOS_Flight_01_seg00,train,10.1594/PANGAEA.918814,CC BY 4.0,fixed-wing UAV,2020-02-27 15:38:51+00:00,249.0,65.03317,24.53832,42.44,384082.331066336,7214409.56807416,-790.1433928139741,-707.4624843001366,15.839999999999996,-790.2668294813795,-707.3163381624651,15.34354978354976,-8.076868881966448,-4.2187750580018815,-0.4779653679653677,-0.3777103834406432,0.03838742257789818,0.2158766233766234,9.112292462739369,9.124819166398366,242.42067268053026,1.2917119942021258,-3.0025731396978457,996.84,-1.72,79.16,False
HAOS / PANGAEA,HAOS_Flight_01,HAOS_Flight_01_seg00,train,10.1594/PANGAEA.918814,CC BY 4.0,fixed-wing UAV,2020-02-27 15:38:52+00:00,250.0,65.03313,24.53815,41.23,384074.28868453,7214405.17371717,-798.1857746199821,-711.8568412903696,14.629999999999995,-798.5586079996149,-711.4986107112886,15.0455411255411,-8.53410979722372,-4.140723729748004,-0.1455627705627709,-0.31646493172308965,-0.0017057721930484604,0.21832251082251108,9.485600826366674,9.486717638748507,244.1174816864165,0.8584723408326276,-0.8791723352409349,997.0,-1.72,78.6,False
HAOS / PANGAEA,HAOS_Flight_01,HAOS_Flight_01_seg00,train,10.1594/PANGAEA.918814,CC BY 4.0,fixed-wing UAV,2020-02-27 15:38:53+00:00,251.0,65.03309,24.537975000000003,41.23,384065.832047877,7214401.036825335,-806.6424112729728,-715.9937331257388,14.629999999999995,-807.335049075827,-715.5977856219611,15.052424242424218,-8.709798745412627,-4.222186602387978,-0.041320346320345536,0.25813584997757744,-0.27296444875375414,0.12301948051948086,9.679227959448827,9.679316156733178,244.1376173621955,-2.2124863463741327,-0.24459255226742754,997.0,-1.71,78.685,True
HAOS / PANGAEA,HAOS_Flight_01,HAOS_Flight_01_seg00,train,10.1594/PANGAEA.918814,CC BY 4.0,fixed-wing UAV,2020-02-27 15:38:54+00:00,252.0,65.03305,24.5378,41.23,384057.375411224,7214396.8999335,-815.0990479259635,-720.1306249601766,14.629999999999995,-815.9782054904401,-719.9429839160646,14.962900432900408,-8.017838097268566,-4.686652627255512,0.10047619047619083,1.2954585887904955,-0.652433114799635,0.24726190476190446,9.287111531718148,9.287655035983239,239.69250899366824,-8.114217650040086,0.6198522588770704,997.0,-1.7,78.77,False
HAOS / PANGAEA,HAOS_Flight_01,HAOS_Flight_01_seg00,train,10.1594/PANGAEA.918814,CC BY 4.0,fixed-wing UAV,2020-02-27 15:38:55+00:00,253.0,65.03301,24.53763,42.89,384048.91900586,7214392.74031051,-823.5554532899987,-724.2902479507029,16.29,-823.3707252703641,-724.9710908764721,15.2533766233766,-6.118881567831636,-5.527052831987248,0.4532034632034634,2.4831322393447977,-0.9167580451903063,0.17807359307359283,8.245545745960543,8.257991161764926,227.90918206211532,-17.305972138756438,3.146007016344585,996.78,-1.79,79.08,False
HAOS / PANGAEA,HAOS_Flight_01,HAOS_Flight_01_seg00,train,10.1594/PANGAEA.918814,CC BY 4.0,fixed-wing UAV,2020-02-27 15:38:56+00:00,254.0,65.03296,24.5375,42.14,384042.830864233,7214386.84823698,-829.6435949169681,-730.1823214804754,15.54,-828.2159686261034,-730.9970895800391,15.869307359307335,-3.0515736185789706,-6.520168717636125,0.4566233766233765,3.3893638521955722,-0.9444188115779184,-0.13756493506493506,7.198937536612459,7.213404644419083,205.08056471615535,-26.496908747050917,3.6293675580256473,996.88,-1.76,78.56,False
HAOS / PANGAEA,HAOS_Flight_01,HAOS_Flight_01_seg00,train,10.1594/PANGAEA.918814,CC BY 4.0,fixed-wing UAV,2020-02-27 15:38:57+00:00,255.0,65.03288,24.53748,42.14,384041.571506458,7214379.04165223,-830.9029526920058,-737.9889062307775,15.54,-829.4738725075221,-738.0114283117443,16.166623376623352,0.6598461365595085,-7.415890455143085,0.17807359307359327,3.642235336650998,-0.7782822576022568,-0.2670995670995664,7.445188255955307,7.447317528557847,174.9153645680135,-26.36946847488709,1.3701359945511873,996.88,-1.76,78.56,False
HAOS / PANGAEA,HAOS_Flight_01,HAOS_Flight_01_seg00,train,10.1594/PANGAEA.918814,CC BY 4.0,fixed-wing UAV,2020-02-27 15:38:58+00:00,256.0,65.03281,24.53756,43.35,384044.880501193,7214370.70736242,-827.5939579569967,-746.3231960404664,16.75,-826.8962763529844,-745.8288704903252,16.22545454545452,4.232897054723026,-8.076733232840638,-0.0775757575757563,3.100237593157658,-0.47905969636286727,-0.15831168831168796,9.118719054250725,9.11904902873752,152.34162776638118,-17.120529963610384,-0.48742112252288256,996.72,-1.82,79.05,False
HAOS / PANGAEA,HAOS_Flight_01,HAOS_Flight_01_seg00,train,10.1594/PANGAEA.918814,CC BY 4.0,fixed-wing UAV,2020-02-27 15:38:59+00:00,257.0,65.03274,24.53771,43.27,384051.550120017,7214362.51469981,-820.9243391329655,-754.5158586502075,16.67,-821.008078398076,-754.1648947774256,16.01147186147184,6.8603213228748245,-8.37400984786882,-0.13854978354978265,2.003474848859952,-0.25794758772161686,-0.016569264069264733,10.825342931533159,10.826229520373962,140.67430464079274,-8.070487994642765,-0.7332686360190149,996.73,-1.78,79.08,False
HAOS / PANGAEA,HAOS_Flight_01,HAOS_Flight_01_seg00,train,10.1594/PANGAEA.918814,CC BY 4.0,fixed-wing UAV,2020-02-27 15:39:00+00:00,258.0,65.03267,24.53789,42.06,384060.050757312,7214354.49040432,-812.4237018380081,-762.5401541404426,15.46,-813.1756337072347,-762.5768901860629,15.948354978354956,8.23984675244293,-8.592628408283872,-0.11071428571428577,0.7578233780617438,-0.15778573838997545,-0.025443722943723657,11.904971124139331,11.905485925389712,136.20065177709563,-2.3107498998956775,-0.5328260246091509,996.89,-1.78,79.58,False
HAOS / PANGAEA,HAOS_Flight_01,HAOS_Flight_01_seg00,train,10.1594/PANGAEA.918814,CC BY 4.0,fixed-wing UAV,2020-02-27 15:39:01+00:00,259.0,65.0326,24.53808,42.1,384068.370779186,7214346.22274213,-804.1036799639696,-770.8078163303435,15.5,-804.5283848931902,-771.3501515939934,15.790043290043268,8.375968078998312,-8.68958132464877,-0.18943722943722996,-0.44791044888731335,0.23348918587203116,0.019318181818182012,12.06920315754455,12.07068976164909,136.05280484100138,0.8459137062170867,-0.8992360461633029,996.89,-1.78,79.39,False
HAOS / PANGAEA,HAOS_Flight_01,HAOS_Flight_01_seg00,train,10.1594/PANGAEA.918814,CC BY 4.0,fixed-wing UAV,2020-02-27 15:39:02+00:00,260.0,65.03253,24.53825,42.14,384076.072084244,7214337.66564838,-796.4023749059997,-779.3649100800976,15.54,-796.4236975492381,-779.9560528353604,15.569480519480496,7.344025854668303,-8.12565003653981,-0.07207792207792174,-1.2594725336614943,0.6364948590552331,0.13090909090909086,10.952666536983397,10.952903701631223,137.8924791895298,2.824187802163123,-0.3770498354875695,996.88,-1.79,79.19,False
HAOS / PANGAEA,HAOS_Flight_01,HAOS_Flight_01_seg00,train,10.1594/PANGAEA.918814,CC BY 4.0,fixed-wing UAV,2020-02-27 15:39:03+00:00,261.0,65.03245,24.5384,42.21,384083.052494396,7214328.95417316,-789.4219647540012,-788.0763853006065,15.61,-789.8403331838535,-787.601451667073,15.645887445887425,5.857023011675324,-7.416591606538304,0.07238095238095177,-1.2789410766231413,0.5048134135913074,0.03612554112554012,9.450425896088953,9.450703075419113,141.70118044532762,4.0916311516695325,0.43882064641688695,996.87,-1.76,78.89,False
HAOS / PANGAEA,HAOS_Flight_01,HAOS_Flight_01_seg00,train,10.1594/PANGAEA.918814,CC BY 4.0,fixed-wing UAV,2020-02-27 15:39:04+00:00,262.0,65.03237,24.53855,42.52,384089.6730122,7214320.12544516,-782.8014469500049,-796.9051133003086,15.920000000000002,-784.7096515258875,-794.789236048437,15.7142424242424,4.78614370142202,-7.116023209357195,0.00017316017315849308,-0.5888182562794668,0.23557218417198555,-0.13152597402597355,8.575835693783548,8.575835695531742,146.07574149286887,2.164658093880714,0.0011568956606269453,996.83,-1.81,79.35,False
HAOS / PANGAEA,HAOS_Flight_01,HAOS_Flight_01_seg00,train,10.1594/PANGAEA.918814,CC BY 4.0,fixed-wing UAV,2020-02-27 15:39:05+00:00,263.0,65.03234,24.53862,42.36,384092.819798889,7214315.73644288,-779.6546602610033,-801.2941155806184,15.759999999999998,-780.2680457810095,-801.8334980857874,15.646233766233742,4.67938649911639,-6.945447238194333,-0.19067099567099532,0.4890760754092298,0.2887589847044012,-0.15568181818181692,8.374717627875823,8.376887893200207,146.03049663308906,-3.737446877453435,-1.3042536809145964,996.85,-1.81,79.09,False
HAOS / PANGAEA,HAOS_Flight_01,HAOS_Flight_01_seg00,train,10.1594/PANGAEA.918814,CC BY 4.0,fixed-wing UAV,2020-02-27 15:39:06+00:00,264.0,65.0323,24.53869,42.14,384095.966626888,7214311.34739987,-776.5078322619665,-805.6831585904583,15.54,-775.3508785276547,-808.6801305248257,15.33290043290041,5.76429585224048,-6.5385052399483925,-0.31119047619047535,1.6446890857787935,0.6630044201987175,-0.05265151515151523,8.716602402598697,8.722155522430281,138.600847737962,-10.41982586801614,-2.0446420313481513,996.88,-1.81,79.48,False
HAOS / PANGAEA,HAOS_Flight_01,HAOS_Flight_01_seg00,train,10.1594/PANGAEA.918814,CC BY 4.0,fixed-wing UAV,2020-02-27 15:39:07+00:00,265.0,65.03222,24.53883,41.3,384102.379651549,7214302.67716078,-770.09480760101,-814.3533976804465,14.699999999999996,-768.7394540765285,-814.9105085656842,15.023852813852791,7.968764670673977,-5.619438397796898,-0.2959740259740258,2.3016713452002477,0.8792682657264095,0.05389610389610411,9.750861412368442,9.75535232102189,125.19084489705676,-11.924462482228595,-1.7386009944400274,996.99,-1.82,79.02,False
HAOS / PANGAEA,HAOS_Flight_01,HAOS_Flight_01_seg00,train,10.1594/PANGAEA.918814,CC BY 4.0,fixed-wing UAV,2020-02-27 15:39:08+00:00,266.0,65.03216,24.53904,41.53,384112.051945567,7214295.9408612,-760.4225135829765,-821.0896972604096,14.93,-759.4133491863067,-819.9190073204195,14.740952380952358,10.367638542640975,-4.7799687084955735,-0.20339826839826713,2.7966571572409293,2.0557806553929936,0.15925324675324726,11.416480622549644,11.418292370605988,114.75192277350482,-14.423282937698223,-1.0206849129193396,996.96,-1.86,79.39,False
HAOS / PANGAEA,HAOS_Flight_01,HAOS_Flight_01_seg00,train,10.1594/PANGAEA.918814,CC BY 4.0,fixed-wing UAV,2020-02-27 15:39:09+00:00,267.0,65.03214,24.53933,40.77,384125.28718587,7214292.89992324,-747.1872732799966,-824.1306352205575,14.170000000000002,-748.0041769912466,-824.4704459826753,14.617056277056257,13.562078985155836,-1.507877087010911,0.022532467532468736,3.23250220954111,4.860906242719551,0.19113636363636255,13.645646914277757,13.64566551771042,96.34427902166033,-20.556735819983373,0.09460996069707975,997.06,-1.83,79.02,False
HAOS / PANGAEA,HAOS_Flight_01,HAOS_Flight_01_seg00,train,10.1594/PANGAEA.918814,CC BY 4.0,fixed-wing UAV,2020-02-27 15:39:10+00:00,268.0,65.03216,24.53965,41.53,384140.655680657,7214294.11652469,-731.818778492976,-822.9140337705612,14.93,-732.2891912159951,-822.9347614944413,14.786017316017295,16.832642961723195,4.941843776943529,0.17887445887445796,2.394745294463405,6.232483752385349,0.06406926406926283,17.543080943567606,17.54399284839693,73.63845113353807,-18.59212515976313,0.5841845250927526,996.96,-1.8,79.43,False
HAOS / PANGAEA,HAOS_Flight_01,HAOS_Flight_01_seg00,train,10.1594/PANGAEA.918814,CC BY 4.0,fixed-wing UAV,2020-02-27 15:39:11+00:00,269.0,65.03221,24.54,41.53,384157.013709775,7214299.52167992,-715.4607493749936,-817.5088785402477,14.93,-714.3388910678002,-814.5867584287882,14.974805194805173,18.351569574082646,10.957090417759787,0.1506709956709944,0.5191105573420032,4.902779662548198,-0.07377705627705566,21.373767479210567,21.37429853829818,59.16002870213407,-11.5842991595263,0.4038908518222375,996.96,-1.8,79.43,False
HAOS / PANGAEA,HAOS_Flight_01,HAOS_Flight_01_seg00,train,10.1594/PANGAEA.918814,CC BY 4.0,fixed-wing UAV,2020-02-27 15:39:12+00:00,270.0,65.0323,24.54032,41.76,384172.89349842,7214309.18940301,-699.5809607299743,-807.8411554507911,15.159999999999997,-695.5860520678298,-801.0205806589217,15.087359307359284,17.8708640764072,14.747403102039925,0.03132034632034664,-0.30232760037114303,3.2606972431061934,-0.12882034632034545,23.170103173949794,23.170124342686897,50.46985281448548,-6.861711956817969,0.07744991684155701,996.93,-1.88,79.45,False
HAOS / PANGAEA,HAOS_Flight_01,HAOS_Flight_01_seg00,train,10.1594/PANGAEA.918814,CC BY 4.0,fixed-wing UAV,2020-02-27 15:39:13+00:00,271.0,65.03258,24.54089,42.14,384200.794651097,7214338.36252638,-671.6798080530134,-778.6680320799351,15.54,-678.5971629149858,-785.0919522247084,15.037445887445866,17.74691437334036,17.478484903972173,-0.10696969696969649,0.4860839850687455,2.2391285709895214,-0.0565259740259747,24.90884189024166,24.90907157702044,45.43660478849813,-3.0228564795108923,-0.24605216583553863,996.88,-1.85,79.32,False
HAOS / PANGAEA,HAOS_Flight_01,HAOS_Flight_01_seg00,train,10.1594/PANGAEA.918814,CC BY 4.0,fixed-wing UAV,2020-02-27 15:39:14+00:00,272.0,65.03272,24.54117,41.23,384214.38809613,7214354.46918835,-658.0863630200038,-762.5613701101393,14.629999999999995,-660.092223321149,-766.0636108509774,14.873419913419891,18.843032046544693,19.225660244018968,-0.08173160173160277,0.8948385778934949,0.5942568875964298,0.03269480519480483,26.919990128630467,26.920114200728857,44.42413985546369,0.43367033655368886,-0.1739547979425979,997.0,-1.79,79.07,False
HAOS / PANGAEA,HAOS_Flight_01,HAOS_Flight_01_seg00,train,10.1594/PANGAEA.918814,CC BY 4.0,fixed-wing UAV,2020-02-27 15:39:15+00:00,273.0,65.03286,24.54146,41.38,384228.73942204,7214369.26367887,-643.7350371099892,-747.7668795902282,14.780000000000001,-640.9110988218964,-746.6406317366705,14.87398268398266,19.53659152912735,18.666998679165033,-0.04158008658008683,0.15798040657756474,-1.659986783248371,0.01681818181818251,27.021014937709495,27.021046929523653,46.30394546160551,2.9382979963568228,-0.08816699142888966,996.98,-1.83,79.44,False
HAOS / PANGAEA,HAOS_Flight_01,HAOS_Flight_01_seg00,train,10.1594/PANGAEA.918814,CC BY 4.0,fixed-wing UAV,2020-02-27 15:39:16+00:00,274.0,65.03299,24.54176,40.85,384243.387371734,7214382.85677136,-629.0870874159737,-734.1737871002406,14.25,-621.0190402628944,-728.7296134926473,14.790259740259717,19.158992859699822,15.905686677522226,-0.04809523809523775,-0.7148390801585549,-2.756774851033299,0.12738095238095237,24.900961348541077,24.9010077955384,50.30073584817734,3.8500918513202866,-0.11066443147619955,997.05,-1.82,79.03,False
HAOS / PANGAEA,HAOS_Flight_01,HAOS_Flight_01_seg00,train,10.1594/PANGAEA.918814,CC BY 4.0,fixed-wing UAV,2020-02-27 15:39:17+00:00,275.0,65.03321,24.5424,41.91,384274.494241006,7214406.30912852,-597.9802181440173,-710.7214299403131,15.309999999999995,-602.5931131024968,-714.829258381626,14.777792207792185,18.10691336881024,13.153448977098435,0.21318181818181792,-1.191082352151767,-2.3442200120100836,0.16929653679653667,22.380204014680718,22.381219319472613,54.00412916424608,2.965982374758937,0.5457523550709877,996.91,-1.84,79.16,False
HAOS / PANGAEA,HAOS_Flight_01,HAOS_Flight_01_seg00,train,10.1594/PANGAEA.918814,CC BY 4.0,fixed-wing UAV,2020-02-27 15:39:18+00:00,276.0,65.03331,24.54274,41.91,384290.749385607,7214416.52939993,-581.7250735429698,-700.5011585308239,15.309999999999995,-584.8052135252739,-702.4227155384505,15.216623376623353,16.776828155396288,11.217246653502059,0.2904978354978356,-1.688597083497143,-2.1104476574296314,-0.09201298701298644,20.181392059052833,20.183482713189758,56.232700597695214,2.380981469121027,0.8246780239918934,996.91,-1.84,79.16,False
HAOS / PANGAEA,HAOS_Flight_01,HAOS_Flight_01_seg00,train,10.1594/PANGAEA.918814,CC BY 4.0,fixed-wing UAV,2020-02-27 15:39:19+00:00,277.0,65.0334,24.54308,41.45,384307.349723445,7214426.39944326,-565.1247357049724,-690.631115199998,14.850000000000001,-569.0394567917042,-692.3947650746219,15.358787878787856,14.729719201815954,8.932553662239172,0.029155844155845045,-2.0873222286072917,-2.204531202740867,-0.24232683982683945,17.226582443802602,17.226607116793964,58.76609210248813,2.6938381174260844,0.09697252653871194,996.97,-1.85,79.14,False
HAOS / PANGAEA,HAOS_Flight_01,HAOS_Flight_01_seg00,train,10.1594/PANGAEA.918814,CC BY 4.0,fixed-wing UAV,2020-02-27 15:39:20+00:00,278.0,65.033445,24.543255000000002,42.02,384315.8043113515,7214431.17132745,-556.6701477984898,-685.8592310100794,15.420000000000002,-555.345775121642,-684.5576082139721,15.274935064935043,12.602183698181705,6.808184248020325,-0.1941558441558433,-1.0563017254865201,-1.2640901051443905,-0.14967532467532507,14.323631059117265,14.324946883305664,61.62037683254738,2.1609137244295735,-0.7765928314092069,996.895,-1.88,79.155,True
HAOS / PANGAEA,HAOS_Flight_01,HAOS_Flight_01_seg00,train,10.1594/PANGAEA.918814,CC BY 4.0,fixed-wing UAV,2020-02-27 15:39:21+00:00,279.0,65.03349,24.54343,42.59,384324.258899258,7214435.94321164,-548.2155598920071,-681.0873468201607,15.990000000000002,-543.8350893953408,-678.7783965785812,14.97047619047617,12.617115750842913,6.404373451950391,-0.2701948051948051,0.9245060080306189,0.25653864122475056,0.019101731601730787,14.149473812909626,14.152053363910467,63.087919551347284,0.7559739844344865,-1.0939728850856296,996.82,-1.91,79.17,False
HAOS / PANGAEA,HAOS_Flight_01,HAOS_Flight_01_seg00,train,10.1594/PANGAEA.918814,CC BY 4.0,fixed-wing UAV,2020-02-27 15:39:22+00:00,280.0,65.03358,24.54379,40.77,384341.452105316,7214444.91548202,-531.0223538340069,-672.1150764403865,14.170000000000002,-530.1115436199561,-671.7488613100713,14.734545454545433,14.451195714242942,7.321261530469826,-0.15595238095238173,1.7963862457568922,0.8766562452487676,0.08875541125541098,16.19993604829633,16.200686686496212,63.13232480141636,0.09904282866011714,-0.5515538577300272,997.06,-1.85,78.83,False
HAOS / PANGAEA,HAOS_Flight_01,HAOS_Flight_01_seg00,train,10.1594/PANGAEA.918814,CC BY 4.0,fixed-wing UAV,2020-02-27 15:39:23+00:00,281.0,65.03366,24.54414,40.69,384358.554526686,7214453.55493886,-513.919932463963,-663.4756196001545,14.089999999999996,-514.9326979668549,-664.1358735176416,14.658571428571406,16.209888242356698,8.157685942447927,-0.09268398268398315,1.4979402051031911,0.7276028883976551,0.11373376623376696,18.14685418372304,18.147090871154877,63.28600520866752,0.08186906616666276,-0.29263225502308465,997.07,-1.83,78.84,False
HAOS / PANGAEA,HAOS_Flight_01,HAOS_Flight_01_seg00,train,10.1594/PANGAEA.918814,CC BY 4.0,fixed-wing UAV,2020-02-27 15:39:24+00:00,282.0,65.03374,24.5445,41.3,384375.714289163,7214461.84834848,-496.7601699869847,-655.1822099806741,14.699999999999996,-497.69176713524274,-655.4334894251755,14.549177489177467,17.447076124449325,8.776467307265136,0.0715151515151522,0.5120699197616716,0.22690402191975068,0.23426406926406962,19.530152167554235,19.53028310354767,63.29606293374968,0.08181347681156478,0.20980369246507477,996.99,-1.85,79.05,False
HAOS / PANGAEA,HAOS_Flight_01,HAOS_Flight_01_seg00,train,10.1594/PANGAEA.918814,CC BY 4.0,fixed-wing UAV,2020-02-27 15:39:25+00:00,283.0,65.03383,24.54485,41.38,384392.562156367,7214470.29073738,-479.9123027829919,-646.7398210801184,14.780000000000001,-480.03854571795625,-646.5829389031113,14.80160173160171,17.23402808188004,8.611493986287428,0.3758441558441561,-0.32021622911877046,-0.19659662496164287,0.12498917748917693,19.26576114776923,19.269426857910865,63.44963216229064,0.09679405507918702,1.1176071643759444,996.98,-1.81,79.08,False
HAOS / PANGAEA,HAOS_Flight_01,HAOS_Flight_01_seg00,train,10.1594/PANGAEA.918814,CC BY 4.0,fixed-wing UAV,2020-02-27 15:39:26+00:00,284.0,65.03391,24.5452,42.06,384409.239065089,7214478.91209601,-463.2353940610192,-638.1184624508023,15.46,-463.22371097148266,-638.2105014526006,15.300865800865779,16.806643666211784,8.38327405734185,0.32149350649350605,-0.028095333205740758,0.03236468812829685,-0.0760606060606066,18.781441777550455,18.78419317719649,63.489651043908054,-0.12358475933496026,0.9806713710958372,996.89,-1.87,79.13,False
HAOS / PANGAEA,HAOS_Flight_01,HAOS_Flight_01_seg00,train,10.1594/PANGAEA.918814,CC BY 4.0,fixed-wing UAV,2020-02-27 15:39:27+00:00,285.0,65.03399,24.54554,42.06,384425.801894773,7214487.43903094,-446.6725643770187,-629.5915275206789,15.46,-446.4252583855327,-629.8163907884276,15.444588744588723,17.17783741546856,8.676223362544022,0.22372294372294288,0.2564812293591956,0.2504075499063845,-0.060703463203463315,19.2446083386757,19.245908709764116,63.20246264362072,-0.3225996607813755,0.6660464492840473,996.89,-1.87,79.13,False
HAOS / PANGAEA,HAOS_Flight_01,HAOS_Flight_01_seg00,train,10.1594/PANGAEA.918814,CC BY 4.0,fixed-wing UAV,2020-02-27 15:39:28+00:00,286.0,65.03407,24.5459,42.67,384442.788491139,7214495.70596157,-429.6859680109774,-621.3245968902484,16.07,-428.86803614054554,-620.8580547275126,15.748311688311665,17.319606124930175,8.88408915715462,0.20008658008657942,-0.5881762204487586,-0.19796963790898303,-0.13617965367965335,19.465245862176804,19.466274197044534,62.8444517223453,-0.2813296976818845,0.5889323418571537,996.81,-1.92,79.08,False
HAOS / PANGAEA,HAOS_Flight_01,HAOS_Flight_01_seg00,train,10.1594/PANGAEA.918814,CC BY 4.0,fixed-wing UAV,2020-02-27 15:39:29+00:00,287.0,65.03415,24.54625,41.91,384459.799250253,7214504.16547515,-412.6752088969806,-612.8650833107531,15.309999999999995,-411.78604613567234,-612.0482124741184,15.844761904761882,16.001484974571042,8.280284086726056,-0.04863636363636381,-1.5774857951086432,-0.7235899291947021,-0.23373376623376618,18.016953847648928,18.017019493916838,62.63980324825695,-0.27271721569786644,-0.15466829864031692,996.91,-1.86,79.08,False
HAOS / PANGAEA,HAOS_Flight_01,HAOS_Flight_01_seg00,train,10.1594/PANGAEA.918814,CC BY 4.0,fixed-wing UAV,2020-02-27 15:39:30+00:00,288.0,65.03424,24.5466,42.06,384476.567041422,7214513.10794051,-395.90741772798356,-603.9226179504767,15.46,-396.86506619140346,-604.2974865540605,15.651038961038937,14.164634534712889,7.436909298765215,-0.26738095238095294,-1.5188894399273778,-0.6127545791626972,-0.14753246753246785,15.998265262835265,16.00049949200767,62.299017290949564,-0.597291764361901,-0.9575021830419389,996.89,-1.85,79.1,False
HAOS / PANGAEA,HAOS_Flight_01,HAOS_Flight_01_seg00,train,10.1594/PANGAEA.918814,CC BY 4.0,fixed-wing UAV,2020-02-27 15:39:31+00:00,289.0,65.03433,24.54694,43.12,384493.277279871,7214522.39675338,-379.1971792789991,-594.633805080317,16.519999999999996,-383.45677706624656,-597.1743938765879,15.309999999999976,12.963706094716287,7.054774928400661,-0.3437012987012995,-0.852369103492066,-0.1927535771281157,0.05965367965367996,14.758981164042954,14.762982611359524,61.445219719533156,-0.9028733447296163,-1.3340402643091662,996.75,-1.9,79.13,False
HAOS / PANGAEA,HAOS_Flight_01,HAOS_Flight_01_seg00,train,10.1594/PANGAEA.918814,CC BY 4.0,fixed-wing UAV,2020-02-27 15:39:32+00:00,290.0,65.03437,24.54712,41.23,384501.52806106,7214526.906556,-370.9463980899891,-590.1240024603903,14.629999999999995,-370.9376540019709,-590.1879366972591,14.963636363636338,12.459896327728757,7.051402144508984,-0.14807359307359302,-0.09748399187387236,0.11547237770417951,0.2230519480519484,14.316818386126663,14.317584101038141,60.49327060149034,-0.5769432410932019,-0.5925680706459269,997.0,-1.89,78.59,False
HAOS / PANGAEA,HAOS_Flight_01,HAOS_Flight_01_seg00,train,10.1594/PANGAEA.918814,CC BY 4.0,fixed-wing UAV,2020-02-27 15:39:33+00:00,291.0,65.03441,24.54729,41.07,384509.778733829,7214531.41633595,-362.695725321013,-585.6142225107178,14.469999999999999,-358.53698441078905,-583.07158958757,15.01385281385279,12.768738110968542,7.28571968380902,0.10240259740259727,0.717900565007028,0.35210740510618166,0.20031385281385328,14.701101464092503,14.701458109639924,60.29133323734675,0.169748469006945,0.3990953852239331,997.02,-1.9,78.72,False
HAOS / PANGAEA,HAOS_Flight_01,HAOS_Flight_01_seg00,train,10.1594/PANGAEA.918814,CC BY 4.0,fixed-wing UAV,2020-02-27 15:39:34+00:00,292.0,65.0345,24.54763,41.23,384526.203441261,7214540.71897742,-346.27101788896834,-576.3115810407326,14.629999999999995,-345.4001777800338,-575.6164973296411,15.168441558441533,13.895697457742813,7.755616954721347,0.25255411255411353,1.5065076944160438,0.6378254328060393,0.20467532467532523,15.913516336293537,15.915520279439479,60.83276753950423,0.6147414010919776,0.9092314827567747,997.0,-1.85,79.36,False
HAOS / PANGAEA,HAOS_Flight_01,HAOS_Flight_01_seg00,train,10.1594/PANGAEA.918814,CC BY 4.0,fixed-wing UAV,2020-02-27 15:39:35+00:00,293.0,65.0346,24.54797,42.29,384542.619006078,7214550.3255891,-329.85545307199936,-566.7049693604931,15.689999999999998,-330.7455894953034,-567.5603556781273,15.518961038961017,15.78175349980063,8.561370549421099,0.5117532467532477,1.6547273273092884,0.6855220791038903,0.1039935064935067,17.95440918585082,17.96170093834453,61.5208160395307,0.6115142781130518,1.632655487680355,996.86,-1.88,79.01,False
HAOS / PANGAEA,HAOS_Flight_01,HAOS_Flight_01_seg00,train,10.1594/PANGAEA.918814,CC BY 4.0,fixed-wing UAV,2020-02-27 15:39:36+00:00,294.0,65.03468,24.54831,43.27,384559.215450119,7214559.28797649,-313.2590090309968,-557.7425819700584,16.67,-313.83667078043254,-558.4937562307989,16.191948051948028,17.20515211236139,9.126661112929128,0.4605411255411269,0.6923204335098063,0.1769574249780419,-0.1858441558441557,19.475964732966283,19.48140909708692,62.05579609573033,0.5171448936083612,1.3546002248753353,996.73,-1.92,79.18,False
HAOS / PANGAEA,HAOS_Flight_01,HAOS_Flight_01_seg00,train,10.1594/PANGAEA.918814,CC BY 4.0,fixed-wing UAV,2020-02-27 15:39:37+00:00,295.0,65.03476,24.54867,43.27,384576.191215941,7214567.76476346,-296.2832432090072,-549.2657950008288,16.67,-296.33528527058064,-549.307033452269,16.44004329004327,17.166394366820242,8.915285399377183,0.14006493506493634,-0.17819163387891024,-0.23295604454324348,-0.279610389610391,19.343407386227117,19.343914482223614,62.55510582674742,0.3698719342081643,0.41486948108201493,996.73,-1.92,79.18,False
HAOS / PANGAEA,HAOS_Flight_01,HAOS_Flight_01_seg00,train,10.1594/PANGAEA.918814,CC BY 4.0,fixed-wing UAV,2020-02-27 15:39:38+00:00,296.0,65.03484,24.54902,43.2,384593.093809543,7214576.1150834,-279.3806496069883,-540.915475060232,16.6,-279.50388204679206,-540.6631854320445,16.4720779220779,16.84876884460357,8.66074902384264,-0.09867965367965503,-0.1582161012137604,-0.060835841474727204,-0.20401515151515204,18.944381363160822,18.94463836833328,62.795539964146656,-0.057071131017554455,-0.29844608997799843,996.74,-1.95,79.07,False
HAOS / PANGAEA,HAOS_Flight_01,HAOS_Flight_01_seg00,train,10.1594/PANGAEA.918814,CC BY 4.0,fixed-wing UAV,2020-02-27 15:39:39+00:00,297.0,65.03493,24.54937,42.59,384609.832569289,7214584.85725871,-262.64188986096997,-532.1732997503132,15.990000000000002,-262.6377475813735,-531.9855354045837,16.24268398268396,16.84996216439272,8.793613716427728,-0.26796536796536774,-0.4064919812082195,0.042102327727604916,-0.052673160173159594,19.006548006811023,19.00843687875573,62.44096356471232,-0.7004689313016008,-0.8077357076313267,996.82,-1.89,78.84,False
HAOS / PANGAEA,HAOS_Flight_01,HAOS_Flight_01_seg00,train,10.1594/PANGAEA.918814,CC BY 4.0,fixed-wing UAV,2020-02-27 15:39:40+00:00,298.0,65.03502,24.54971,42.21,384626.628389306,7214593.91377892,-245.84606984397396,-523.1167795406654,15.61,-245.80395771800661,-523.0759579991891,15.936147186147165,16.03578488218713,8.74495367929785,-0.20402597402597422,0.01533848311420627,0.2984869284525473,0.1214448051948045,18.2652843295922,18.266423794462987,61.394602101543455,-0.7639304257766341,-0.639975861282668,996.87,-1.9,79.12,False
HAOS / PANGAEA,HAOS_Flight_01,HAOS_Flight_01_seg00,train,10.1594/PANGAEA.918814,CC BY 4.0,fixed-wing UAV,2020-02-27 15:39:41+00:00,299.0,65.0351,24.55006,42.67,384643.416012046,7214602.99993332,-229.0584471040056,-514.0306251402944,16.07,-230.56617781699924,-514.495628045988,15.834632034632012,16.880639130621134,9.390587573332823,-0.02507575757575875,1.5542603295211563,0.7266289758973699,0.17170995670995648,19.316809064405287,19.31682534021334,60.91310271315905,0.2805381789471516,-0.07437741219882184,996.81,-1.92,78.7,False
HAOS / PANGAEA,HAOS_Flight_01,HAOS_Flight_01_seg00,train,10.1594/PANGAEA.918814,CC BY 4.0,fixed-wing UAV,2020-02-27 15:39:42+00:00,300.0,65.03519,24.55041,42.52,384660.178265688,7214612.27824749,-212.2961934619816,-504.75231097079813,15.920000000000002,-212.04267945676435,-504.29478285252344,15.885995670995648,19.144305541229443,10.19821163109259,0.13939393939393874,1.2094555476178286,0.1870389043965872,0.13557900432900505,21.691195336553044,21.6916432249574,61.95567845943776,1.1248154154321828,0.3681942997221791,996.83,-1.91,79.51,False
HAOS / PANGAEA,HAOS_Flight_01,HAOS_Flight_01_seg00,train,10.1594/PANGAEA.918814,CC BY 4.0,fixed-wing UAV,2020-02-27 15:39:43+00:00,301.0,65.03528,24.55076,42.52,384676.858797081,7214621.31664011,-195.6156620690017,-495.71391835063696,15.920000000000002,-192.27756673454036,-494.09920478380286,16.11341991341989,19.29955022585679,9.764665382125997,0.24608225108225135,-0.4247736374663589,-0.89021451815006,0.08564935064935142,21.629177722355948,21.630577556310335,63.16273354402341,1.6681104646833127,0.6518447564721441,996.83,-1.91,79.51,False
HAOS / PANGAEA,HAOS_Flight_01,HAOS_Flight_01_seg00,train,10.1594/PANGAEA.918814,CC BY 4.0,fixed-wing UAV,2020-02-27 15:39:44+00:00,302.0,65.03536,24.5511,43.05,384693.447580675,7214630.05336513,-179.02687847497873,-486.9771933304146,16.449999999999996,-173.44357900505076,-484.76545208827145,16.37816017316015,18.294758266296725,8.41778259479247,0.3106926406926416,-1.1567194251827146,-1.8606872116215243,0.054036796536795606,20.138451872858138,20.140848387106338,65.29189938880438,3.6264040278457514,0.8838795058439685,996.76,-1.94,79.21,False
HAOS / PANGAEA,HAOS_Flight_01,HAOS_Flight_01_seg00,train,10.1594/PANGAEA.918814,CC BY 4.0,fixed-wing UAV,2020-02-27 15:39:45+00:00,303.0,65.0355,24.5518,43.27,384726.705633771,7214644.27985081,-145.76882537896745,-472.75070765055716,16.67,-155.6880502019469,-477.2636395942179,16.734805194805173,16.98611137549136,6.043290958882949,0.35415584415584256,-1.6617074169472197,-2.8284701258992158,-0.03285714285714292,18.029124917042243,18.032603018872877,70.41554159971491,7.129828622610546,1.125347230586491,996.73,-1.94,79.23,False
HAOS / PANGAEA,HAOS_Flight_01,HAOS_Flight_01_seg00,train,10.1594/PANGAEA.918814,CC BY 4.0,fixed-wing UAV,2020-02-27 15:39:46+00:00,304.0,65.03551,24.551965,43.55500000000001,384734.5306633815,7214644.750895309,-137.94379576848587,-472.2796631511301,16.955000000000005,-139.47135625406804,-472.67887017050555,17.086471861471836,14.971343432402286,2.7608423429940387,0.24497835497835574,-2.513782800346206,-3.5158217022189433,-0.23602813852813664,15.223776621252819,15.225747568123275,79.55155663402547,12.154557068951783,0.9219141087150737,996.6949999999999,-1.96,79.245,True
HAOS / PANGAEA,HAOS_Flight_01,HAOS_Flight_01_seg00,train,10.1594/PANGAEA.918814,CC BY 4.0,fixed-wing UAV,2020-02-27 15:39:47+00:00,305.0,65.03552,24.55213,43.84,384742.355692992,7214645.22193981,-130.1187661580043,-471.8086186507717,17.240000000000002,-125.74536333714234,-471.74195490822984,17.224761904761884,11.95854577479895,-0.9883524455549377,-0.11790043290043073,-3.4611748272024023,-3.6877251594323326,-0.35093073593073765,11.9993190475375,11.99989825443009,94.72465573761849,20.137366338997023,-0.5629469311039167,996.66,-1.98,79.26,False
HAOS / PANGAEA,HAOS_Flight_01,HAOS_Flight_01_seg00,train,10.1594/PANGAEA.918814,CC BY 4.0,fixed-wing UAV,2020-02-27 15:39:48+00:00,306.0,65.03549,24.55241,44.11,384755.47662577,7214642.34156743,-116.99783338000998,-474.68899103067815,17.509999999999998,-115.55426470447014,-474.6555750616154,16.850670995670974,8.048993777997481,-4.614607975870626,-0.45688311688311956,-2.9509668003275564,-2.8351358726189346,-0.19551948051948287,9.277979715930131,9.289222238255677,119.82628931201953,21.493014973867673,-2.8191854417515123,996.62,-2.02,79.24,False
HAOS / PANGAEA,HAOS_Flight_01,HAOS_Flight_01_seg00,train,10.1594/PANGAEA.918814,CC BY 4.0,fixed-wing UAV,2020-02-27 15:39:49+00:00,307.0,65.03544,24.55262,43.05,384765.028306897,7214636.30792521,-107.44615225301823,-480.7226332500577,16.449999999999996,-109.64737578114737,-480.9711708599711,16.310995670995645,6.056612174143837,-6.658624190792807,-0.5089393939393965,-1.5592175576877665,-1.5532868195827092,0.00419913419913609,9.001101440501518,9.015478159748483,137.71068568535384,13.806199943340689,-3.2361666147198216,996.76,-1.98,79.26,False
HAOS / PANGAEA,HAOS_Flight_01,HAOS_Flight_01_seg00,train,10.1594/PANGAEA.918814,CC BY 4.0,fixed-wing UAV,2020-02-27 15:39:50+00:00,308.0,65.03538,24.55273,42.21,384770.172568731,7214628.59345756,-102.3018904189812,-488.4371009003371,15.61,-103.44104035618247,-487.97282344320104,15.832792207792181,4.930558662621948,-7.721181615036045,-0.4484848484848474,-1.9178493331555373,-1.0143675326552852,0.10008116883117069,9.161171009097416,9.17214222072725,147.4386891987009,13.974430340311418,-2.802675620933477,996.87,-1.95,79.27,False
HAOS / PANGAEA,HAOS_Flight_01,HAOS_Flight_01_seg00,train,10.1594/PANGAEA.918814,CC BY 4.0,fixed-wing UAV,2020-02-27 15:39:51+00:00,309.0,65.0353,24.55278,41.15,384772.344257475,7214620.27377887,-100.1302016749978,-496.7567795906216,14.549999999999997,-99.78625845590348,-496.4135340900432,15.41402597402595,2.220913507832762,-8.687359256103377,-0.3087770562770551,-2.4204474962244653,-0.6093047485118035,0.2350649350649343,8.966753462311711,8.972068374926831,165.65954636597667,15.993334502548187,-1.972244931365443,997.01,-1.92,79.29,False
HAOS / PANGAEA,HAOS_Flight_01,HAOS_Flight_01_seg00,train,10.1594/PANGAEA.918814,CC BY 4.0,fixed-wing UAV,2020-02-27 15:39:52+00:00,310.0,65.03523,24.5528,41.91,384772.905587294,7214611.67637781,-99.56887185596861,-505.35418065078557,15.309999999999995,-98.99921334051695,-505.3475419554078,15.215238095238071,0.08966367017301735,-8.939791112059652,0.021645021645021245,-1.620344647819124,-0.09782894614389193,0.19707251082251043,8.940240751848334,8.940266953954543,179.42535820379726,10.444687345282322,0.13871728950357823,996.91,-1.91,79.77,False
HAOS / PANGAEA,HAOS_Flight_01,HAOS_Flight_01_seg00,train,10.1594/PANGAEA.918814,CC BY 4.0,fixed-wing UAV,2020-02-27 15:39:53+00:00,311.0,65.03514,24.5528,42.44,384772.63131525,7214602.73230411,-99.84314389998326,-514.2982543502003,15.839999999999996,-99.60693111555744,-514.2931163141625,15.457316017315993,-1.0197757878054858,-8.883017148391161,0.08536796536796576,-0.9335742415593771,0.00637269099098603,-0.028073593073592473,8.941360987903673,8.941768505475682,186.5489210565413,5.91783097341672,0.5470168932203902,996.84,-1.93,79.56,False
HAOS / PANGAEA,HAOS_Flight_01,HAOS_Flight_01_seg00,train,10.1594/PANGAEA.918814,CC BY 4.0,fixed-wing UAV,2020-02-27 15:39:54+00:00,312.0,65.03506,24.55279,42.06,384771.579084939,7214593.73236691,-100.89537421101704,-523.2981915501878,15.46,-101.03876491612792,-523.1135762521901,15.385974025974003,-1.7774848129457368,-8.92704573007768,-0.0345021645021637,-0.589855465790535,0.21909608517862011,-0.1675108225108226,9.10228530244745,9.102350692348994,191.2610201506307,4.0248233400102436,-0.21717831037427263,996.89,-1.93,79.64,False
HAOS / PANGAEA,HAOS_Flight_01,HAOS_Flight_01_seg00,train,10.1594/PANGAEA.918814,CC BY 4.0,fixed-wing UAV,2020-02-27 15:39:55+00:00,313.0,65.03499,24.55275,42.14,384769.599662708,7214585.05403438,-102.87479644198902,-531.9765240801498,15.54,-103.16190074144892,-532.1472077743178,15.388311688311665,-2.199486719386556,-8.444824978033921,-0.24965367965367946,-0.32208606433483666,0.5550540736372227,-0.20867965367965358,8.726557782905207,8.730128160465233,194.5985677365618,2.9758790917618096,-1.6386990239278822,996.88,-1.94,79.29,False
HAOS / PANGAEA,HAOS_Flight_01,HAOS_Flight_01_seg00,train,10.1594/PANGAEA.918814,CC BY 4.0,fixed-wing UAV,2020-02-27 15:39:56+00:00,314.0,65.03491,24.5527,41.91,384766.925034378,7214576.81236341,-105.54942477197619,-540.2181950500235,15.309999999999995,-105.43773835490103,-540.003226208258,14.886666666666644,-2.42165694161541,-7.816937582803234,-0.45186147186147085,-0.20407143741065426,0.3429604552331966,0.047099567099567086,8.183454986514912,8.195920589297373,197.21277833415434,1.9890064574437394,-3.160461190825746,996.91,-1.93,79.04,False
HAOS / PANGAEA,HAOS_Flight_01,HAOS_Flight_01_seg00,train,10.1594/PANGAEA.918814,CC BY 4.0,fixed-wing UAV,2020-02-27 15:39:57+00:00,315.0,65.03484,24.55265,40.24,384764.028848105,7214568.66327631,-108.44561104499735,-548.3672821503133,13.64,-108.00521462467974,-547.7810829399243,14.484588744588724,-2.6076295942078644,-7.758904067567528,-0.1554545454545453,-0.07425544635622927,0.032976663231011116,0.2820454545454534,8.185372589583482,8.186848633388008,198.57658065144926,0.5661763727057272,-1.0880162912356726,997.13,-1.83,79.33,False
HAOS / PANGAEA,HAOS_Flight_01,HAOS_Flight_01_seg00,train,10.1594/PANGAEA.918814,CC BY 4.0,fixed-wing UAV,2020-02-27 15:39:58+00:00,316.0,65.03476,24.5526,41.53,384761.475582528,7214560.55076702,-110.9988766220049,-556.4797914400697,14.93,-110.65299754331676,-555.521034343393,14.575757575757553,-2.5701678343278687,-7.750984256341212,0.1122294372294359,0.22373452727988763,-0.049002806460578086,0.12444805194805264,8.165997773613642,8.166768950156714,198.3451310795658,-1.6018244726554893,0.7873953013516745,996.96,-1.89,78.92,False
HAOS / PANGAEA,HAOS_Flight_01,HAOS_Flight_01_seg00,train,10.1594/PANGAEA.918814,CC BY 4.0,fixed-wing UAV,2020-02-27 15:39:59+00:00,317.0,65.03473,24.55258,40.47,384760.297851995,7214556.638465,-112.17660715500824,-560.3920934600756,13.869999999999997,-113.14555029333548,-563.2830514526067,14.709047619047595,-2.160160539648089,-7.856909680488684,0.09344155844155999,0.5361968064571023,-0.16633784669971874,0.02165584415584476,8.148455269829338,8.148991017865555,195.3729317061383,-3.924085408297237,0.6570045602255827,997.1,-1.83,78.95,False
HAOS / PANGAEA,HAOS_Flight_01,HAOS_Flight_01_seg00,train,10.1594/PANGAEA.918814,CC BY 4.0,fixed-wing UAV,2020-02-27 15:40:00+00:00,318.0,65.03462,24.55252,41.83,384757.055102286,7214544.87521548,-115.41935686400393,-572.155342980288,15.229999999999997,-114.97331862261294,-571.2348537043704,14.762640692640673,-1.497774221413664,-8.08365994974065,0.15554112554112542,0.5075239808092249,-0.2148558416371884,0.008409090909089478,8.221246000538624,8.222717242074356,190.4969602629713,-3.7525821658107903,1.0838730464069541,996.92,-1.83,78.75,False
HAOS / PANGAEA,HAOS_Flight_01,HAOS_Flight_01_seg00,train,10.1594/PANGAEA.918814,CC BY 4.0,fixed-wing UAV,2020-02-27 15:40:01+00:00,319.0,65.03455,24.55249,42.59,384755.264949528,7214537.20232111,-117.2095096220146,-579.8282373500988,15.990000000000002,-116.1410987361628,-579.450371352088,15.020129870129846,-1.1451125780296394,-8.28662136376306,0.11025974025973895,0.020215083141685852,-0.09106657173367694,-0.0644480519480517,8.36536768126399,8.366094289037042,187.86776737451672,-0.2489449513615951,0.7551433736661375,996.82,-1.91,78.94,False
HAOS / PANGAEA,HAOS_Flight_01,HAOS_Flight_01_seg00,train,10.1594/PANGAEA.918814,CC BY 4.0,fixed-wing UAV,2020-02-27 15:40:02+00:00,320.0,65.03448,24.55248,41.23,384754.29107909,7214529.48162202,-118.18338006001431,-587.5489364406094,14.629999999999995,-117.26354377867222,-587.8080964318965,14.983160173160151,-1.4573440551302923,-8.265793093208003,0.026645021645022027,-0.35727553808544954,0.5018583350700396,-0.07981601731601673,8.393282263497918,8.39332455657037,189.9990703602481,3.228209793447462,0.18188857576217266,997.0,-1.84,79.03,False
HAOS / PANGAEA,HAOS_Flight_01,HAOS_Flight_01_seg00,train,10.1594/PANGAEA.918814,CC BY 4.0,fixed-wing UAV,2020-02-27 15:40:03+00:00,321.0,65.03441,24.55248,40.77,384754.340146721,7214521.41608308,-118.13431242899969,-595.6144753806293,14.170000000000002,-119.05578684642339,-595.981957538504,15.07341991341989,-1.8596636542005385,-7.2829046936229815,-0.04937229437229451,-1.0632831508280418,1.085406001573574,-0.08901515151515138,7.516584974784104,7.51674712269887,194.32418696141164,10.228443621297401,-0.3763389119148854,997.06,-1.85,78.74,False
HAOS / PANGAEA,HAOS_Flight_01,HAOS_Flight_01_seg00,train,10.1594/PANGAEA.918814,CC BY 4.0,fixed-wing UAV,2020-02-27 15:40:04+00:00,322.0,65.03434,24.55244,41.91,384751.929469715,7214514.07366367,-120.54498943500221,-602.9568947907537,15.309999999999995,-120.98287108707329,-602.3739058191425,14.884415584415562,-3.583910356786376,-6.094981090060855,-0.15138528138528073,-2.451216139636685,1.0812439055492575,0.02811688311688343,7.070587523938874,7.072207960538219,210.45595760284291,19.27097878545085,-1.226547674580112,996.91,-1.86,78.53,False
HAOS / PANGAEA,HAOS_Flight_01,HAOS_Flight_01_seg00,train,10.1594/PANGAEA.918814,CC BY 4.0,fixed-wing UAV,2020-02-27 15:40:05+00:00,323.0,65.03429,24.55233,41.68,384746.393639618,7214508.38683575,-126.08081953198416,-608.6437227101997,15.079999999999998,-126.22360755999614,-608.1719197186258,14.770649350649329,-6.762095933473908,-5.1204168825244665,0.006861471861472346,-2.926436604159939,1.1733074734466982,0.17231601731601653,8.482016886586937,8.482019661857784,232.86614453231334,18.940334708963782,0.04634903448232209,996.94,-1.83,78.61,False
HAOS / PANGAEA,HAOS_Flight_01,HAOS_Flight_01_seg00,train,10.1594/PANGAEA.918814,CC BY 4.0,fixed-wing UAV,2020-02-27 15:40:06+00:00,324.0,65.03425,24.55217,41.53,384739.10568431,7214504.39119937,-133.36877483996795,-612.6393590904772,14.93,-134.5070629540211,-612.6147395841914,14.898138528138507,-9.436783565106253,-3.748366143167459,0.19324675324675233,-2.2373203428935717,1.2493318384483132,0.06679653679653663,10.153971282109458,10.155810017204143,248.3366270207705,12.000284107797059,1.0903011786652748,996.96,-1.8,78.84,False
HAOS / PANGAEA,HAOS_Flight_01,HAOS_Flight_01_seg00,train,10.1594/PANGAEA.918814,CC BY 4.0,fixed-wing UAV,2020-02-27 15:40:07+00:00,325.0,65.03422,24.552,41.53,384730.806956525,7214501.50507983,-141.66750262497226,-615.5254786303267,14.93,-145.09717469020865,-615.6686520049607,15.157142857142833,-11.236736619261052,-2.62175320562784,0.1404545454545456,-1.1233754831490756,0.9002299767796558,-0.06761904761904702,11.538537156930342,11.539391977101783,256.86671274790746,6.0989736464048265,0.6974068827960487,996.96,-1.8,78.84,False
HAOS / PANGAEA,HAOS_Flight_01,HAOS_Flight_01_seg00,train,10.1594/PANGAEA.918814,CC BY 4.0,fixed-wing UAV,2020-02-27 15:40:08+00:00,326.0,65.03419,24.55161,41.38,384712.296649633,7214498.78957788,-160.1778095170157,-618.2409805804491,14.780000000000001,-156.9805361925432,-617.8582459954471,15.179047619047598,-11.683534531404405,-1.9479061896081475,0.05800865800865829,0.32352876235595573,0.5602907212500838,-0.06057359307359267,11.844801292973761,11.844943337746992,260.53457431358015,2.532455456893609,0.28059775975017404,996.98,-1.81,78.6,False
HAOS / PANGAEA,HAOS_Flight_01,HAOS_Flight_01_seg00,train,10.1594/PANGAEA.918814,CC BY 4.0,fixed-wing UAV,2020-02-27 15:40:09+00:00,327.0,65.03418,24.55141,41.91,384702.932267912,7214497.81208442,-169.54219123796793,-619.2184740407392,15.309999999999995,-168.46424375301746,-619.564464384177,15.27316017316015,-10.58967909454914,-1.5011717631276724,0.019307359307360272,1.5077373380497363,0.3468884991469281,-0.0786471861471858,10.695551411121492,10.695568837704068,261.9316236616947,0.6163871778972788,0.10342888905158298,996.91,-1.81,78.72,False
HAOS / PANGAEA,HAOS_Flight_01,HAOS_Flight_01_seg00,train,10.1594/PANGAEA.918814,CC BY 4.0,fixed-wing UAV,2020-02-27 15:40:10+00:00,328.0,65.03416,24.55122,42.74,384693.910421109,7214496.42555937,-178.56403804098954,-620.6049990905449,16.14,-178.1598943816415,-620.8605895217024,15.217662337662318,-8.668059855304932,-1.2541291913142913,-0.09928571428571331,2.0518175634002844,0.0836548883049204,-0.06373376623376714,8.758316144308539,8.758878885834466,261.7673486693747,-1.776272644184719,-0.649486572449003,996.8,-1.82,78.71,False
HAOS / PANGAEA,HAOS_Flight_01,HAOS_Flight_01_seg00,train,10.1594/PANGAEA.918814,CC BY 4.0,fixed-wing UAV,2020-02-27 15:40:11+00:00,329.0,65.03414,24.55104,41.45,384685.405216274,7214494.52240737,-187.06924287596485,-622.5081510907039,14.850000000000001,-185.80036346362732,-622.0727227668056,15.074588744588723,-6.4860439677485715,-1.3338619865178316,-0.10816017316017401,1.5878349261901974,-0.25759423824200667,-0.03810606060606059,6.621778775423182,6.622662060961813,258.3790783733252,-4.811583379809632,-0.9357863803221613,996.97,-1.79,78.73,False
HAOS / PANGAEA,HAOS_Flight_01,HAOS_Flight_01_seg00,train,10.1594/PANGAEA.918814,CC BY 4.0,fixed-wing UAV,2020-02-27 15:40:12+00:00,330.0,65.03413,24.55096,41.260000000000005,384681.4579749805,7214493.330659165,-191.0164841694641,-623.699899295345,14.660000000000004,-191.13198231713864,-623.5283134947381,15.00134199134197,-5.492390002924537,-1.7693176677983047,-0.1754978354978345,0.4156765795154769,-0.5121914289500751,-0.03719696969696962,5.770340800490785,5.773008959292637,252.14418190975542,-5.5086378646679295,-1.7420438381841168,996.995,-1.775,78.77000000000001,True
HAOS / PANGAEA,HAOS_Flight_01,HAOS_Flight_01_seg00,train,10.1594/PANGAEA.918814,CC BY 4.0,fixed-wing UAV,2020-02-27 15:40:13+00:00,331.0,65.03412,24.55088,41.07,384677.510733687,7214492.13891096,-194.96372546296334,-624.891647499986,14.469999999999999,-196.7851434694764,-625.6113581024022,14.723593073593054,-5.654690808717618,-2.3582448444179818,-0.18255411255411325,-0.21420647697239303,-0.5754943704201878,0.1559307359307347,6.126732154127476,6.129451271723262,247.3618026439894,-4.198996076913845,-1.7066988004347603,997.02,-1.76,78.81,False
HAOS / PANGAEA,HAOS_Flight_01,HAOS_Flight_01_seg00,train,10.1594/PANGAEA.918814,CC BY 4.0,fixed-wing UAV,2020-02-27 15:40:14+00:00,332.0,65.03409,24.55073,41.45,384670.282532494,7214489.11417446,-202.19192665599985,-627.9163840003312,14.850000000000001,-202.44136393457387,-628.244803183574,14.636233766233744,-5.9208029568693235,-2.9203064086386803,0.1363636363636349,-0.5161750709154944,-0.5613281316511234,0.21580086580086544,6.601825291115229,6.6032334666987955,243.74618975592773,-2.4303887161120734,1.1833015328178478,996.97,-1.81,78.94,False
HAOS / PANGAEA,HAOS_Flight_01,HAOS_Flight_01_seg00,train,10.1594/PANGAEA.918814,CC BY 4.0,fixed-wing UAV,2020-02-27 15:40:15+00:00,333.0,65.03406,24.55059,41.83,384663.501170027,7214485.50154603,-208.97328912297962,-631.5290124304593,15.229999999999997,-208.62674938321504,-631.4519709196795,14.996320346320324,-6.687040950548607,-3.4809011077202285,0.24904761904761763,-0.6842005647130094,-0.47528598701697433,0.03099567099567091,7.538779025547965,7.542891614798347,242.5010252117652,-0.8581993917506255,1.8921087713322795,996.92,-1.82,78.61,False
HAOS / PANGAEA,HAOS_Flight_01,HAOS_Flight_01_seg00,train,10.1594/PANGAEA.918814,CC BY 4.0,fixed-wing UAV,2020-02-27 15:40:16+00:00,334.0,65.03402,24.55044,41.3,384656.60635013,7214481.66956208,-215.86810901999706,-635.3609963804483,14.699999999999996,-215.81544583567108,-635.2066053990145,15.134329004328979,-7.289204086295342,-3.870878382672629,0.19835497835497673,-0.2735158905885342,-0.22643440317671093,0.006601731601731942,8.253253641147047,8.255636884126215,242.02979097242647,-0.5188232032582278,1.3767559063395371,996.99,-1.75,79.02,False
HAOS / PANGAEA,HAOS_Flight_01,HAOS_Flight_01_seg00,train,10.1594/PANGAEA.918814,CC BY 4.0,fixed-wing UAV,2020-02-27 15:40:17+00:00,335.0,65.03398,24.55029,42.29,384649.328333614,7214477.6473138,-223.14612553600455,-639.383244660683,15.689999999999998,-223.20515755580573,-639.1937276850248,15.393030303030278,-7.234072731725675,-3.9337699140736504,0.2622510822510815,0.08711234566905546,0.008237960893524132,0.014318181818182119,8.234461368223666,8.238636395357538,241.4633788052488,-0.23777709371949557,1.824139112397957,996.86,-1.84,79.0,False
HAOS / PANGAEA,HAOS_Flight_01,HAOS_Flight_01_seg00,train,10.1594/PANGAEA.918814,CC BY 4.0,fixed-wing UAV,2020-02-27 15:40:18+00:00,336.0,65.03394,24.55014,42.44,384642.015559876,7214473.86949904,-230.45889927400276,-643.1610594205558,15.839999999999996,-230.28359129912243,-643.0741452271618,15.658831168831142,-7.114979394957231,-3.8544024608855807,0.22699134199134097,0.03129256581398465,0.08944702055509879,-0.0014718614718605139,8.091931173777171,8.095114279025703,241.5542367849875,0.45039405562536017,1.6068149707989248,996.84,-1.78,78.71,False
HAOS / PANGAEA,HAOS_Flight_01,HAOS_Flight_01_seg00,train,10.1594/PANGAEA.918814,CC BY 4.0,fixed-wing UAV,2020-02-27 15:40:19+00:00,337.0,65.03391,24.54999,41.91,384634.83768134,7214470.27398537,-237.6367778099957,-646.7565730903298,15.309999999999995,-237.4351163457202,-646.902532606796,15.84701298701296,-7.171487600097706,-3.754875872963453,0.2593073593073605,-0.14265061394094403,0.10788207549953199,0.018365800865800974,8.095018667039515,8.099170792513833,242.3641669164995,1.1314572021358438,1.8347256885380892,996.91,-1.8,79.13,False
HAOS / PANGAEA,HAOS_Flight_01,HAOS_Flight_01_seg00,train,10.1594/PANGAEA.918814,CC BY 4.0,fixed-wing UAV,2020-02-27 15:40:20+00:00,338.0,65.03387,24.54985,43.12,384627.915319852,7214466.54330519,-244.55913929798407,-650.487253270112,16.519999999999996,-244.62656649931785,-650.5838969730887,16.177445887445863,-7.400280622839119,-3.6386383098865167,0.2637229437229429,-0.19372898421099904,0.1396851691364418,-0.038852813852814805,8.246444206258959,8.250660084986404,243.81715118925916,1.471736184634028,1.8317062697953859,996.75,-1.79,78.89,False
HAOS / PANGAEA,HAOS_Flight_01,HAOS_Flight_01_seg00,train,10.1594/PANGAEA.918814,CC BY 4.0,fixed-wing UAV,2020-02-27 15:40:21+00:00,339.0,65.03384,24.5497,43.05,384620.809804001,7214462.83458167,-251.664655148983,-654.1959767900407,16.449999999999996,-252.23567759139843,-654.179809226569,16.374458874458846,-7.558945568519704,-3.475505534690569,0.18160173160173088,0.14511027240233432,0.28873310507245264,-0.04050865800865644,8.319663264189751,8.321645030787435,245.30763928576755,1.444495494154562,1.2504545416214186,996.76,-1.8,78.86,False
HAOS / PANGAEA,HAOS_Flight_01,HAOS_Flight_01_seg00,train,10.1594/PANGAEA.918814,CC BY 4.0,fixed-wing UAV,2020-02-27 15:40:22+00:00,340.0,65.0338,24.54954,42.82,384613.264664284,7214459.41567092,-259.20979486597935,-657.6148875402287,16.22,-259.74445763635725,-657.5349080424699,16.540649350649325,-7.110060078034451,-3.0611720997416114,0.18270562770563004,0.5614927673931192,0.43742724307574576,-0.07704545454545375,7.741041850907132,7.743197678213506,246.70614217756832,1.3448242175993625,1.352055496103219,996.79,-1.79,78.93,False
HAOS / PANGAEA,HAOS_Flight_01,HAOS_Flight_01_seg00,train,10.1594/PANGAEA.918814,CC BY 4.0,fixed-wing UAV,2020-02-27 15:40:23+00:00,341.0,65.03378,24.54938,43.58,384605.602834038,7214456.53987199,-266.8716251119622,-660.4906864706427,16.979999999999997,-266.45579774746733,-660.3021534260522,16.739870129870106,-6.4359600337334655,-2.6006510485390777,0.027510822510823374,0.5922460892443411,0.3162431275366657,-0.15857142857142925,6.941539269649195,6.94159378510707,247.99728772096626,0.503413148691215,0.22707438607864822,996.69,-1.8,78.76,False
HAOS / PANGAEA,HAOS_Flight_01,HAOS_Flight_01_seg00,train,10.1594/PANGAEA.918814,CC BY 4.0,fixed-wing UAV,2020-02-27 15:40:24+00:00,342.0,65.03375,24.54922,43.35,384597.873172096,7214453.63905946,-274.6012870540144,-663.3914990006015,16.75,-272.6163777038242,-662.736210139548,16.59567099567097,-5.925567899545769,-2.42868584466828,-0.13443722943722847,0.4156725256614493,0.01988256738815153,-0.08202380952380928,6.403972974975717,6.405383925486285,247.71296847495074,-1.2770549835222897,-1.2026213521583813,996.72,-1.81,78.98,False
HAOS / PANGAEA,HAOS_Flight_01,HAOS_Flight_01_seg00,train,10.1594/PANGAEA.918814,CC BY 4.0,fixed-wing UAV,2020-02-27 15:40:25+00:00,343.0,65.03373,24.54914,42.89,384594.098399087,7214451.94136294,-278.3760600630194,-665.0891955206171,16.29,-278.30693354655887,-665.1595251153888,16.47099567099565,-5.604614982410567,-2.5608859137627746,-0.13653679653679518,0.12736766041150815,-0.22808618908865697,0.009826839826839517,6.161967686086125,6.163480190702176,245.4431777539217,-2.338128642730927,-1.2693513931757636,996.78,-1.8,78.75,False
HAOS / PANGAEA,HAOS_Flight_01,HAOS_Flight_01_seg00,train,10.1594/PANGAEA.918814,CC BY 4.0,fixed-wing UAV,2020-02-27 15:40:26+00:00,344.0,65.03371,24.54906,43.2,384590.323659608,7214450.24368825,-282.150799541967,-666.7868702104315,16.6,-283.8256076686453,-667.8579819670736,16.32259740259738,-5.670832578722752,-2.884858222845594,-0.11478354978354943,-0.26922314539085335,-0.3556053637611569,0.10244588744588601,6.362448357497542,6.36348366581734,243.03671118948887,-1.7425691778010461,-1.033548601658894,996.74,-1.8,79.13,False
HAOS / PANGAEA,HAOS_Flight_01,HAOS_Flight_01_seg00,train,10.1594/PANGAEA.918814,CC BY 4.0,fixed-wing UAV,2020-02-27 15:40:27+00:00,345.0,65.03368,24.54891,42.52,384583.184472072,7214446.28916096,-289.28998707799474,-670.7413975000381,15.920000000000002,-289.64859870400437,-670.92924156108,16.24142857142855,-6.143061273192274,-3.2720966412850885,0.06835497835497684,-0.6602522836950442,-0.39677891449386493,0.11661255411255311,6.960159354217677,6.960494999579394,241.9580393983196,-0.3936625257394578,0.5626776144892661,996.83,-1.79,79.08,False
HAOS / PANGAEA,HAOS_Flight_01,HAOS_Flight_01_seg00,train,10.1594/PANGAEA.918814,CC BY 4.0,fixed-wing UAV,2020-02-27 15:40:28+00:00,346.0,65.03364,24.54877,42.67,384576.229033727,7214442.27308227,-296.24542542296695,-674.7574761901051,16.07,-296.11173021502987,-674.4021752496437,16.459307359307335,-6.991337146112841,-3.6784160518333238,0.1184415584415568,-0.7870057774157857,-0.32094236680518407,-0.08202380952380928,7.899970869629982,7.9008586966081324,242.24938613800998,0.5742668575139158,0.8589516507390003,996.81,-1.8,79.01,False
HAOS / PANGAEA,HAOS_Flight_01,HAOS_Flight_01_seg00,train,10.1594/PANGAEA.918814,CC BY 4.0,fixed-wing UAV,2020-02-27 15:40:29+00:00,347.0,65.0336,24.54861,43.12,384568.587946199,7214438.40231913,-303.8865129509941,-678.6282393308356,16.519999999999996,-303.63127299623005,-678.2860736647466,16.478311688311663,-7.717072828023845,-3.9139813748954566,-0.09569264069264172,-0.43781044285069015,-0.07395221918088168,-0.16072510822510822,8.652887566359132,8.6534166846128,243.10657311334745,0.9066571777314383,-0.6336105603227195,996.75,-1.82,79.13,False
HAOS / PANGAEA,HAOS_Flight_01,HAOS_Flight_01_seg00,train,10.1594/PANGAEA.918814,CC BY 4.0,fixed-wing UAV,2020-02-27 15:40:30+00:00,348.0,65.03357,24.54845,43.58,384560.694536558,7214434.85694482,-311.779922591988,-682.1736136404797,16.979999999999997,-311.54587587107756,-682.2301379994346,16.26792207792205,-7.866958031814221,-3.826320490195087,-0.20300865800865964,-0.10381734539976151,0.09558175805074143,-0.07905844155844033,8.748128780945846,8.750483968515086,244.06270049347285,0.8652655657137366,-1.329364524677846,996.69,-1.83,79.25,False
HAOS / PANGAEA,HAOS_Flight_01,HAOS_Flight_01_seg00,train,10.1594/PANGAEA.918814,CC BY 4.0,fixed-wing UAV,2020-02-27 15:40:31+00:00,349.0,65.03353,24.54829,43.12,384553.143400087,7214431.07486904,-319.33105906296987,-685.9556894199923,16.519999999999996,-319.3651890598585,-685.9387146451368,16.072294372294344,-7.924707518823368,-3.7228178587939738,-0.2538095238095224,-0.10182711534920941,0.013205532874565051,-0.02972943722943544,8.755590332390556,8.759268310939412,244.83710424477493,0.36235114302568816,-1.660441231422758,996.75,-1.82,78.96,False
HAOS / PANGAEA,HAOS_Flight_01,HAOS_Flight_01_seg00,train,10.1594/PANGAEA.918814,CC BY 4.0,fixed-wing UAV,2020-02-27 15:40:32+00:00,350.0,65.03349,24.54812,41.6,384545.199591307,7214427.38223552,-327.27486784296343,-689.6483229408041,15.0,-327.3952909087243,-689.6757737170226,15.760303030303007,-8.07061226251264,-3.799909424445957,-0.2624675324675305,0.0677148408505559,-0.014298603290399114,0.07582251082251013,8.920431263443074,8.924291743965577,244.78740277952423,-0.2765803425514605,-1.6853382993537924,996.95,-1.75,79.19,False
HAOS / PANGAEA,HAOS_Flight_01,HAOS_Flight_01_seg00,train,10.1594/PANGAEA.918814,CC BY 4.0,fixed-wing UAV,2020-02-27 15:40:33+00:00,351.0,65.03346,24.54795,41.76,384536.9443698,7214423.52256118,-335.5300893500098,-693.5079972799867,15.159999999999997,-335.5064135848838,-693.5385334940287,15.547359307359283,-7.789277837122256,-3.751415065374772,-0.10216450216450212,-0.10237311702312013,-0.1509611824430408,0.1705735930735921,8.645574834364965,8.646178450743848,244.283943559672,-0.5767767905794745,-0.6770310197043233,996.93,-1.77,79.26,False
HAOS / PANGAEA,HAOS_Flight_01,HAOS_Flight_01_seg00,train,10.1594/PANGAEA.918814,CC BY 4.0,fixed-wing UAV,2020-02-27 15:40:34+00:00,352.0,65.03342,24.54778,42.14,384528.604329986,7214419.43975379,-343.87012916401727,-697.590804670006,15.54,-342.9738465829688,-697.1786038477721,15.555974025974002,-8.27535849655888,-4.101831789332039,0.07867965367965368,-1.0462112891668625,-0.6500533401404027,0.08972943722943683,9.23615625000704,9.236491366446854,243.63384919836528,-0.6800228029572309,0.48807132826922617,996.88,-1.78,79.42,False
HAOS / PANGAEA,HAOS_Flight_01,HAOS_Flight_01_seg00,train,10.1594/PANGAEA.918814,CC BY 4.0,fixed-wing UAV,2020-02-27 15:40:35+00:00,353.0,65.03338,24.5476,42.44,384520.097886736,7214415.19498796,-352.3765724140103,-701.8355705002323,15.839999999999996,-352.05713057800153,-701.7421970726928,15.70471861471859,-9.881700415455981,-5.051521745655577,0.07729437229437153,-1.3369373557103614,-0.7953438371051504,-0.13021645021645023,11.09801221154735,11.098281374503102,242.92389795375755,-0.5519123115169036,0.3990417043514047,996.84,-1.78,79.36,False
HAOS / PANGAEA,HAOS_Flight_01,HAOS_Flight_01_seg00,train,10.1594/PANGAEA.918814,CC BY 4.0,fixed-wing UAV,2020-02-27 15:40:36+00:00,354.0,65.03333,24.54742,42.74,384511.508349777,7214410.71698425,-360.96610937296646,-706.3135742107406,16.14,-362.73724741388077,-707.2816473390833,15.710562770562746,-10.949233207979603,-5.6925194635423395,-0.18175324675324678,-0.477137083773016,-0.29850901306394917,-0.2510281385281381,12.340603132972541,12.341941497521248,242.53002457533145,-0.22793699695732497,-0.8437951510097538,996.8,-1.79,78.98,False
HAOS / PANGAEA,HAOS_Flight_01,HAOS_Flight_01_seg00,train,10.1594/PANGAEA.918814,CC BY 4.0,fixed-wing UAV,2020-02-27 15:40:37+00:00,355.0,65.03329,24.54724,42.36,384502.49594129,7214405.98435683,-369.97851785999956,-711.0462016304955,15.759999999999998,-373.95559699396074,-713.1272359997774,15.341212121212097,-10.835974583002013,-5.648539771783476,-0.4247619047619047,0.6571084903217184,0.3491028509218097,-0.15806277056277018,12.21983415259329,12.22721429405007,242.46802395984287,0.034997739096265065,-1.9908019536726245,996.85,-1.79,79.24,False
HAOS / PANGAEA,HAOS_Flight_01,HAOS_Flight_01_seg00,train,10.1594/PANGAEA.918814,CC BY 4.0,fixed-wing UAV,2020-02-27 15:40:38+00:00,356.0,65.03319,24.54686,41.23,384484.25100157,7214396.40926208,-388.22345757996663,-720.6212963806465,14.629999999999995,-384.4091965798848,-718.5787268826502,14.861038961038936,-9.635016227336166,-4.99431376169872,-0.49787878787878714,0.8522636012919094,0.5832513267864101,0.0628138528138531,10.85249776094538,10.86391232193744,242.60002005352402,0.6942698701928071,-2.6267100982296734,997.0,-1.73,79.19,False
HAOS / PANGAEA,HAOS_Flight_01,HAOS_Flight_01_seg00,train,10.1594/PANGAEA.918814,CC BY 4.0,fixed-wing UAV,2020-02-27 15:40:39+00:00,357.0,65.03315,24.54666,40.47,384474.758388355,7214391.64929439,-397.7160707949661,-725.3812640700489,13.869999999999997,-393.2256294486331,-723.1158635231749,14.345454545454523,-9.131447380418194,-4.4820371182106555,-0.2991341991341985,0.08045500306852205,0.37382693351065654,0.2908225108225104,10.172118166358684,10.176515575552175,243.8565637002285,1.6281084064000308,-1.684426865005838,997.1,-1.74,78.77,False
HAOS / PANGAEA,HAOS_Flight_01,HAOS_Flight_01_seg00,train,10.1594/PANGAEA.918814,CC BY 4.0,fixed-wing UAV,2020-02-27 15:40:40+00:00,358.0,65.03313,24.546554999999998,40.769999999999996,384469.798503172,7214389.498993875,-402.67595597798936,-727.5315645849332,14.169999999999995,-402.6720913407212,-727.5428011190716,14.26277056277054,-9.474106221199122,-4.246659894677407,0.08376623376623371,-0.07301307685352754,0.3299984520580779,0.32179653679653697,10.382331575885324,10.38266948975767,245.85623686632408,1.8766238228187992,0.4622610527571771,997.06,-1.77,78.81,True
HAOS / PANGAEA,HAOS_Flight_01,HAOS_Flight_01_seg00,train,10.1594/PANGAEA.918814,CC BY 4.0,fixed-wing UAV,2020-02-27 15:40:41+00:00,359.0,65.03311,24.54645,41.07,384464.838617989,7214387.34869336,-407.63584116101265,-729.6818651007488,14.469999999999999,-412.1738418910313,-731.6091833125297,14.51298701298699,-9.27747353412525,-3.8220402140945,0.34445887445887546,-0.2162863165174258,0.1381845004146669,0.18655844155844203,10.033917807843055,10.039828608633886,247.6098113458661,1.1521875050575812,1.9661604300980007,997.02,-1.8,78.85,False
HAOS / PANGAEA,HAOS_Flight_01,HAOS_Flight_01_seg00,train,10.1594/PANGAEA.918814,CC BY 4.0,fixed-wing UAV,2020-02-27 15:40:42+00:00,360.0,65.03307,24.54625,41.38,384455.183554344,7214383.51382809,-417.2909048059955,-733.51673037,14.780000000000001,-421.2270384089717,-735.1868815472606,14.95168831168829,-9.906678854233974,-3.970290893848073,0.4568831168831178,-0.9683602261895601,-0.4039763148583404,-0.0014285714285722229,10.672651765268999,10.682426591612614,248.16061187643925,-0.02201166925281111,2.4512653083562728,996.98,-1.76,79.21,False
HAOS / PANGAEA,HAOS_Flight_01,HAOS_Flight_01_seg00,train,10.1594/PANGAEA.918814,CC BY 4.0,fixed-wing UAV,2020-02-27 15:40:43+00:00,361.0,65.03299,24.54585,42.74,384436.219874101,7214375.81834491,-436.2545850489987,-741.2122135506943,16.14,-431.98719959949926,-739.5497651002258,15.426753246753226,-11.21419398650437,-4.629992843811181,0.341601731601731,-0.7699480306075941,-0.4591200404419453,-0.14320346320346378,12.132393848729668,12.13720199402345,247.56578800736048,-0.6433324614322071,1.6128035471146043,996.8,-1.81,78.66,False
HAOS / PANGAEA,HAOS_Flight_01,HAOS_Flight_01_seg00,train,10.1594/PANGAEA.918814,CC BY 4.0,fixed-wing UAV,2020-02-27 15:40:44+00:00,362.0,65.03296,24.54567,42.14,384427.156991266,7214371.99246205,-445.31746788398596,-745.0380964102224,15.54,-443.6554263819804,-744.4468672348829,15.634891774891752,-11.446574915449162,-4.888530974731964,0.17047619047619023,0.40775901800472525,0.018066776557589037,-0.10081168831168785,12.446759111748882,12.447926514782417,246.8739469535748,-0.7001792087073903,0.7846986857829036,996.88,-1.74,78.94,False
HAOS / PANGAEA,HAOS_Flight_01,HAOS_Flight_01_seg00,train,10.1594/PANGAEA.918814,CC BY 4.0,fixed-wing UAV,2020-02-27 15:40:45+00:00,363.0,65.03292,24.54548,42.14,384418.119826133,7214367.95801011,-454.35463301697746,-749.0725483503193,15.54,-454.8803494303976,-749.3268270496898,15.767705627705606,-10.398675950494919,-4.5938592906960025,0.1399783549783553,1.352054776118763,0.47914295159768017,-0.08936147186147192,11.368201471917859,11.369063226404268,246.1654295899457,-0.5403138896150961,0.7054558012374039,996.88,-1.74,78.94,False
HAOS / PANGAEA,HAOS_Flight_01,HAOS_Flight_01_seg00,train,10.1594/PANGAEA.918814,CC BY 4.0,fixed-wing UAV,2020-02-27 15:40:46+00:00,364.0,65.03288,24.54529,42.52,384408.910587663,7214363.83433797,-463.5638714869856,-753.1962204901502,15.920000000000002,-464.45277828297026,-753.6345858162749,15.914848484848463,-8.742465363211636,-3.9302450715366035,-0.008246753246753613,1.0975691254572837,0.4686730723380208,-0.11940476190476179,9.585276571351132,9.5852801189236,245.79331917434462,-0.09455343156303504,-0.0492947736690781,996.83,-1.73,78.76,False
HAOS / PANGAEA,HAOS_Flight_01,HAOS_Flight_01_seg00,train,10.1594/PANGAEA.918814,CC BY 4.0,fixed-wing UAV,2020-02-27 15:40:47+00:00,365.0,65.03284,24.5451,42.14,384399.913595987,7214359.59769762,-472.56086316297296,-757.432860840112,15.54,-472.36528015682086,-757.187317192763,15.751212121212099,-8.203537699580352,-3.656513146019961,-0.09883116883116827,0.11989660104751465,0.04788070303300174,-0.042629870129869296,8.98154325132674,8.982086994423145,245.9763227268196,-0.033726834415592995,-0.6304462570092229,996.88,-1.73,78.78,False
HAOS / PANGAEA,HAOS_Flight_01,HAOS_Flight_01_seg00,train,10.1594/PANGAEA.918814,CC BY 4.0,fixed-wing UAV,2020-02-27 15:40:48+00:00,366.0,65.0328,24.54492,42.59,384391.421128345,7214355.66642084,-481.05333080497803,-761.3641376206651,15.990000000000002,-480.85985368213096,-760.9476121083148,15.717186147186126,-8.502672161116607,-3.8344836654706,-0.0935064935064922,-0.02380569163074142,-0.11375565887874473,-0.05748917748917748,9.327309304412939,9.32777799502733,245.7258655055134,-0.5919372585574313,-0.5743722859234063,996.82,-1.73,78.57,False
HAOS / PANGAEA,HAOS_Flight_01,HAOS_Flight_01_seg00,train,10.1594/PANGAEA.918814,CC BY 4.0,fixed-wing UAV,2020-02-27 15:40:49+00:00,367.0,65.03277,24.54475,42.59,384383.454265338,7214352.38259166,-489.0201938119717,-764.6479668002576,15.990000000000002,-489.3706244790541,-764.8562845237042,15.564199134199114,-8.251149082841835,-3.8840244637774504,-0.21380952380952323,0.5531711970252076,0.0763455447428214,-0.07265151515151613,9.119600167907766,9.122106211559643,244.79244820970476,-1.0946821052536102,-1.3430566351584035,996.82,-1.73,78.57,False
HAOS / PANGAEA,HAOS_Flight_01,HAOS_Flight_01_seg00,train,10.1594/PANGAEA.918814,CC BY 4.0,fixed-wing UAV,2020-02-27 15:40:50+00:00,368.0,65.03273,24.54459,41.38,384375.602436289,7214349.02303008,-496.87202286097454,-768.0075283804908,14.780000000000001,-497.36215184781463,-768.7156610358697,15.28956709956708,-7.396329767066192,-3.6817925759849572,-0.23880952380952447,0.8891341241944701,0.2066820256938513,0.031255411255410426,8.26203913061221,8.26548973651468,243.53650129500622,-1.4959909051401943,-1.6556408189211265,996.98,-1.72,78.68,False
HAOS / PANGAEA,HAOS_Flight_01,HAOS_Flight_01_seg00,train,10.1594/PANGAEA.918814,CC BY 4.0,fixed-wing UAV,2020-02-27 15:40:51+00:00,369.0,65.03269,24.54443,41.68,384367.952317965,7214344.80150087,-504.52214118500706,-772.2290575904772,15.079999999999998,-504.16328401318646,-772.2198696756741,15.086580086580065,-6.472880834452894,-3.4706604123897478,-0.15129870129870238,0.6591456041544745,0.09794026304308545,0.07151515151515131,7.344635456927524,7.346193660132548,241.80046639942435,-1.6859427751025566,-1.1801199907819697,996.94,-1.76,78.64,False
HAOS / PANGAEA,HAOS_Flight_01,HAOS_Flight_01_seg00,train,10.1594/PANGAEA.918814,CC BY 4.0,fixed-wing UAV,2020-02-27 15:40:52+00:00,370.0,65.03265,24.54427,41.6,384360.164683607,7214340.20584038,-512.3097755429917,-776.824718080461,15.0,-510.3079135167204,-775.6569818606492,14.986969696969675,-6.0780385587572425,-3.4859120498987863,-0.09577922077922185,0.17478228090956804,-0.05444955088307779,0.06728354978355,7.006720740929338,7.00737534320108,240.1646157448011,-1.0550539341068155,-0.7831628441047738,996.95,-1.74,78.56,False
HAOS / PANGAEA,HAOS_Flight_01,HAOS_Flight_01_seg00,train,10.1594/PANGAEA.918814,CC BY 4.0,fixed-wing UAV,2020-02-27 15:40:53+00:00,371.0,65.03262,24.54419,41.38,384356.161734729,7214337.74090495,-516.3127244209754,-779.2896535107866,14.780000000000001,-516.3193611307009,-779.1916937754717,14.895021645021622,-6.123316272633758,-3.5795595141559033,-0.016731601731602375,-0.21338037502123086,-0.08129228157037005,0.04364718614718699,7.0928307811539835,7.0928505155954005,239.69035853121073,0.273810499066494,-0.13515737441414047,996.98,-1.69,78.56,False
HAOS / PANGAEA,HAOS_Flight_01,HAOS_Flight_01_seg00,train,10.1594/PANGAEA.918814,CC BY 4.0,fixed-wing UAV,2020-02-27 15:40:54+00:00,372.0,65.0326,24.54411,41.68,384352.158819421,7214335.27599964,-520.3156397289713,-781.7545588202775,15.079999999999998,-522.5545460619879,-782.816100888961,14.95350649350647,-6.504799308799704,-3.6484966130395264,-0.008484848484847873,-0.5236275393457106,-0.08635721467555868,-0.010043290043289854,7.458145988321897,7.45815081476473,240.71223674293407,1.343559376161525,-0.06518319687167017,996.94,-1.71,78.45,False
HAOS / PANGAEA,HAOS_Flight_01,HAOS_Flight_01_seg00,train,10.1594/PANGAEA.918814,CC BY 4.0,fixed-wing UAV,2020-02-27 15:40:55+00:00,373.0,65.03256,24.54393,41.91,384343.699406349,7214330.80176435,-528.7750528010074,-786.2287941100076,15.309999999999995,-529.3289597483003,-786.4886870015507,14.878051948051926,-7.170571351325179,-3.7522739435070207,-0.03681818181818208,-0.7923046074518822,-0.16241695897375052,0.056948051948051415,8.09300026266941,8.093084012295902,242.37747728353378,1.564279581333595,-0.26065881696272725,996.91,-1.73,78.41,False
HAOS / PANGAEA,HAOS_Flight_01,HAOS_Flight_01_seg00,train,10.1594/PANGAEA.918814,CC BY 4.0,fixed-wing UAV,2020-02-27 15:40:56+00:00,374.0,65.03252,24.54375,41.0,384334.971419908,7214326.44698132,-537.5030392420013,-790.5835771402344,14.399999999999999,-536.8956887646383,-790.3206487759751,14.879870129870106,-8.089408523703469,-3.9733305309870275,0.10541125541125496,-0.7410444911655532,-0.1504168614051764,0.09330086580086583,9.012540472688041,9.013156900032715,243.84079590560128,1.2615182386571142,0.6701045822367867,997.03,-1.71,78.41,False
HAOS / PANGAEA,HAOS_Flight_01,HAOS_Flight_01_seg00,train,10.1594/PANGAEA.918814,CC BY 4.0,fixed-wing UAV,2020-02-27 15:40:57+00:00,375.0,65.03248,24.54357,41.53,384326.528358713,7214322.23943282,-545.9461004369659,-794.7911256402731,14.93,-545.5077767957073,-794.4353480635248,15.088874458874436,-8.652660333656286,-4.0531076663173735,0.14978354978354957,-0.22306022074889142,0.03914010967628201,-0.05771103896103824,9.55490515936132,9.55607909742146,244.900513760848,0.8151937639237398,0.8981002141649156,996.96,-1.73,78.4,False
HAOS / PANGAEA,HAOS_Flight_01,HAOS_Flight_01_seg00,train,10.1594/PANGAEA.918814,CC BY 4.0,fixed-wing UAV,2020-02-27 15:40:58+00:00,376.0,65.03244,24.5434,41.68,384318.274209011,7214318.45704325,-554.2002501389943,-798.5735152103007,15.079999999999998,-554.2010094319509,-798.4268641086098,15.179437229437205,-8.535528965201252,-3.8950503116344635,-0.010010822510821527,0.2595732228614054,0.1780073967483986,-0.14437229437229426,9.38225301545174,9.382258356201913,245.47118343344874,0.3276457388651986,-0.06113432037179653,996.94,-1.71,78.71,False
HAOS / PANGAEA,HAOS_Flight_01,HAOS_Flight_01_seg00,train,10.1594/PANGAEA.918814,CC BY 4.0,fixed-wing UAV,2020-02-27 15:40:59+00:00,377.0,65.0324,24.54323,41.91,384310.130809533,7214314.9930851,-562.3436496169888,-802.0374733600765,15.309999999999995,-562.5788347261098,-802.2254486867937,15.068852813852793,-8.133513887933475,-3.6970928728205763,-0.13896103896103895,0.7810288650651387,0.3462889555940478,-0.1259469696969706,8.934346303757618,8.935426908985185,245.55580523857842,-0.06874847291678426,-0.8910824409799376,996.91,-1.69,78.21,False
HAOS / PANGAEA,HAOS_Flight_01,HAOS_Flight_01_seg00,train,10.1594/PANGAEA.918814,CC BY 4.0,fixed-wing UAV,2020-02-27 15:41:00+00:00,378.0,65.03237,24.54307,42.21,384302.306785794,7214311.62615683,-570.1676733560162,-805.4044016301632,15.61,-570.4680372078178,-805.821049854251,14.901515151515127,-6.973471235070974,-3.202472400446368,-0.26190476190476275,0.940567671730463,0.37203094076761545,-0.1281601731601727,7.6736647400041536,7.678132888032833,245.33368648761518,-0.41870772499471853,-1.9547654641009649,996.87,-1.72,78.17,False
HAOS / PANGAEA,HAOS_Flight_01,HAOS_Flight_01_seg00,train,10.1594/PANGAEA.918814,CC BY 4.0,fixed-wing UAV,2020-02-27 15:41:01+00:00,379.0,65.03234,24.54291,40.92,384294.934950712,7214307.97717032,-577.5395084379707,-809.0533881401643,14.32,-576.5257771962517,-808.6303934876864,14.545043290043267,-6.252378544472549,-2.9530309912853454,-0.39528138528138435,0.1430424596341595,-0.023477456483021797,-0.05225108225108155,6.914667707046549,6.9259567478018775,244.71838978858898,-0.6244928366199106,-3.2717888728144455,997.04,-1.68,77.71,False
HAOS / PANGAEA,HAOS_Flight_01,HAOS_Flight_01_seg00,train,10.1594/PANGAEA.918814,CC BY 4.0,fixed-wing UAV,2020-02-27 15:41:02+00:00,380.0,65.0323,24.54276,40.16,384287.428683117,7214304.239505,-585.0457760330173,-812.7910534599796,13.559999999999995,-582.9727942967629,-811.7271118368217,14.110952380952359,-6.687386315802655,-3.2494273134124114,-0.36640692640692585,-0.4813334683619246,-0.26947634930326103,0.10982683982683916,7.43504630798862,7.444069292910577,244.08470081437537,-0.27236965129880947,-2.82131397288055,997.14,-1.69,78.3,False
HAOS / PANGAEA,HAOS_Flight_01,HAOS_Flight_01_seg00,train,10.1594/PANGAEA.918814,CC BY 4.0,fixed-wing UAV,2020-02-27 15:41:03+00:00,381.0,65.03228,24.54268,40.425,384283.627867457,7214302.39646415,-588.8465916929999,-814.6340943099931,13.824999999999996,-589.900549827857,-815.1292481145113,13.812229437229416,-7.215045481196398,-3.4919836898918675,-0.17562770562770602,-0.569455636807163,-0.1811982666473,0.329610389610389,8.015661631219434,8.01758545181699,244.17365048599135,0.5710253634509626,-1.2551822848121132,997.105,-1.7,78.15,True
HAOS / PANGAEA,HAOS_Flight_01,HAOS_Flight_01_seg00,train,10.1594/PANGAEA.918814,CC BY 4.0,fixed-wing UAV,2020-02-27 15:41:04+00:00,382.0,65.03226,24.5426,40.69,384279.827051797,7214300.5534233,-592.6474073529826,-816.4771351600066,14.089999999999996,-597.4028852591557,-818.7110792166054,13.759696969696947,-7.826297589416981,-3.6118238467070114,0.2928138528138522,-0.6231140550416967,-0.08955433891753728,0.3713528138528144,8.61952466541836,8.624496820693668,245.22675154127728,1.1858882342080597,1.9456465817843769,997.07,-1.71,78.0,False
HAOS / PANGAEA,HAOS_Flight_01,HAOS_Flight_01_seg00,train,10.1594/PANGAEA.918814,CC BY 4.0,fixed-wing UAV,2020-02-27 15:41:05+00:00,383.0,65.0322,24.54228,40.47,384264.554400135,7214293.53674011,-607.9200590149849,-823.4938183501363,13.869999999999997,-605.553145006691,-822.3528958079253,14.39785714285712,-8.461273591279792,-3.671092367726942,0.5670779220779227,-0.6152623102816506,-0.06080203747791302,-0.030086580086579495,9.22334375152915,9.24076010556383,246.54542695440747,1.1853394550692802,3.518281937943879,997.1,-1.68,78.29,False
HAOS / PANGAEA,HAOS_Flight_01,HAOS_Flight_01_seg00,train,10.1594/PANGAEA.918814,CC BY 4.0,fixed-wing UAV,2020-02-27 15:41:06+00:00,384.0,65.03216,24.54212,41.38,384256.707338862,7214290.09686458,-615.7671202879865,-826.9336938802153,14.780000000000001,-614.3254324417153,-826.0532639520593,14.893852813852792,-9.056822209980282,-3.7334279216628374,0.2326406926406932,-0.28632546231133915,0.04017592516009927,-0.2516125541125547,9.796147844405157,9.798909851678204,247.59743045141585,0.8890455933328427,1.360414836805294,996.98,-1.69,78.33,False
HAOS / PANGAEA,HAOS_Flight_01,HAOS_Flight_01_seg00,train,10.1594/PANGAEA.918814,CC BY 4.0,fixed-wing UAV,2020-02-27 15:41:07+00:00,385.0,65.03213,24.54195,41.91,384248.80077333,7214287.11032584,-623.6736858200165,-829.9202326200902,15.309999999999995,-623.6667894266516,-829.819751651251,14.863138528138506,-9.03392451590247,-3.5907405174067435,0.06385281385281338,0.5695372958865903,0.32733570209006757,0.029161255411254583,9.72137899798018,9.721588697543579,248.32351814107318,0.5771872223742933,0.37632975052295,996.91,-1.75,78.6,False
HAOS / PANGAEA,HAOS_Flight_01,HAOS_Flight_01_seg00,train,10.1594/PANGAEA.918814,CC BY 4.0,fixed-wing UAV,2020-02-27 15:41:08+00:00,386.0,65.0321,24.54178,42.82,384240.727020443,7214284.16377933,-631.7474387069815,-832.8667791299522,16.22,-632.3932814735202,-833.2347449868728,15.021558441558419,-7.917747618207102,-3.0787565174827023,0.29096320346320237,0.8269065246681748,0.33010697702360403,0.16662337662337645,8.495261563928826,8.500242856844505,248.75180489616446,0.00961540067043064,1.9616169902126734,996.79,-1.7,78.46,False
HAOS / PANGAEA,HAOS_Flight_01,HAOS_Flight_01_seg00,train,10.1594/PANGAEA.918814,CC BY 4.0,fixed-wing UAV,2020-02-27 15:41:09+00:00,387.0,65.03207,24.54162,41.07,384232.762191049,7214281.14920728,-639.7122681009932,-835.8813511803746,14.469999999999999,-639.5022846630658,-835.9772646862164,15.445064935064911,-7.38011146656612,-2.9305265633595354,0.3970995670995663,0.16528146375077313,-0.05261351960888305,0.02975649350649423,7.940656849247207,7.950579806761722,248.342748942414,-0.7586500183334133,2.86288547665143,997.02,-1.7,78.43,False
HAOS / PANGAEA,HAOS_Flight_01,HAOS_Flight_01_seg00,train,10.1594/PANGAEA.918814,CC BY 4.0,fixed-wing UAV,2020-02-27 15:41:10+00:00,388.0,65.03204,24.54146,40.92,384225.216880064,7214278.07058275,-647.2575790859992,-838.9599757101387,14.32,-647.1535044066525,-839.0957981135919,15.815757575757551,-7.587184690705556,-3.1839835567004684,0.35047619047619083,-0.0384399545935139,-0.18736856400329316,-0.0392857142857137,8.228190737957872,8.235651545585597,247.23450485949763,-1.1238789647766814,2.4390143829795945,997.04,-1.66,78.27,False
HAOS / PANGAEA,HAOS_Flight_01,HAOS_Flight_01_seg00,train,10.1594/PANGAEA.918814,CC BY 4.0,fixed-wing UAV,2020-02-27 15:41:11+00:00,389.0,65.03201,24.54131,43.58,384217.900295642,7214274.62142422,-654.5741635080194,-842.409134240821,16.979999999999997,-654.6766540444769,-842.3452317996173,16.146017316017293,-7.456991375753148,-3.3052636913661217,0.3185281385281389,0.03901371401303777,-0.14525916255018956,0.022824675324674804,8.156683667246146,8.162900748052389,246.09499101286065,-1.0322892464335034,2.236331578360317,996.69,-1.76,78.11,False
HAOS / PANGAEA,HAOS_Flight_01,HAOS_Flight_01_seg00,train,10.1594/PANGAEA.918814,CC BY 4.0,fixed-wing UAV,2020-02-27 15:41:12+00:00,390.0,65.03198,24.54115,44.03,384210.551639552,7214271.2365578,-661.9228195979958,-845.7940006600693,17.43,-662.0674871581588,-845.7063254963241,16.45281385281383,-7.50915726267948,-3.4745018818008475,0.39612554112554044,-0.02594456459357275,-0.1210630319102961,-0.05411255411255489,8.274032035367618,8.283509012889501,245.1699263666306,-0.6911276663616104,2.7409858603272954,996.63,-1.75,78.28,False
HAOS / PANGAEA,HAOS_Flight_01,HAOS_Flight_01_seg00,train,10.1594/PANGAEA.918814,CC BY 4.0,fixed-wing UAV,2020-02-27 15:41:13+00:00,391.0,65.03195,24.541,43.46,384203.080598936,7214267.95631159,-669.3938602139824,-849.0742468703538,16.86,-669.6949685698359,-849.294235563219,16.938268398268374,-7.508880504940294,-3.547389755186714,0.2103030303030291,0.29340871601468166,0.1149710832371511,-0.3857467532467531,8.304652943541713,8.307315323089083,244.71273568013743,-0.14140656228581308,1.4506206856990795,996.71,-1.71,78.46,False
HAOS / PANGAEA,HAOS_Flight_01,HAOS_Flight_01_seg00,train,10.1594/PANGAEA.918814,CC BY 4.0,fixed-wing UAV,2020-02-27 15:41:14+00:00,392.0,65.03191,24.54084,42.89,384195.703928324,7214264.49336948,-676.7705308260047,-852.5371889807284,16.29,-677.0852481680394,-852.8011050066975,16.873419913419887,-6.922339830650117,-3.2445597153265453,-0.3753679653679658,0.69827534725178,0.3503025040388934,-0.41829004329004205,7.644995518463366,7.654205222408754,244.887113242059,0.15688389415975035,-2.8109554948144986,996.78,-1.68,78.63,False
HAOS / PANGAEA,HAOS_Flight_01,HAOS_Flight_01_seg00,train,10.1594/PANGAEA.918814,CC BY 4.0,fixed-wing UAV,2020-02-27 15:41:15+00:00,393.0,65.03188,24.5407,42.89,384188.54335119,7214260.94941127,-683.9311079600011,-856.0811471901834,16.29,-683.5396482311361,-855.7833549938721,16.187532467532442,-6.112329810436734,-2.846784747108927,-0.626277056277055,0.6797969259303329,0.2741656604492846,0.04256493506493575,6.742756046894,6.771778352777404,245.02650346845695,-0.3731464676901076,-5.306491216651295,996.78,-1.69,78.39,False
HAOS / PANGAEA,HAOS_Flight_01,HAOS_Flight_01_seg00,train,10.1594/PANGAEA.918814,CC BY 4.0,fixed-wing UAV,2020-02-27 15:41:16+00:00,394.0,65.03184,24.54055,42.74,384181.448866659,7214257.53296476,-691.0255924909725,-859.4975936999545,16.14,-689.3099077889128,-858.4946745009154,15.620865800865777,-5.562745978789451,-2.696228394427976,-0.2902380952380943,0.39040936452582287,0.05128974489289817,0.3295238095238089,6.181730370976873,6.1885400969360544,244.14082030667876,-1.1310168433866956,-2.6881170483452195,996.8,-1.66,78.56,False
HAOS / PANGAEA,HAOS_Flight_01,HAOS_Flight_01_seg00,train,10.1594/PANGAEA.918814,CC BY 4.0,fixed-wing UAV,2020-02-27 15:41:17+00:00,395.0,65.03183,24.54047,41.98,384177.814778431,7214255.87270305,-694.6596807189635,-861.1578554101288,15.379999999999995,-694.665140188715,-861.175811782728,15.607056277056254,-5.331511081385088,-2.744205257323131,0.03277056277056278,0.04387558607871256,-0.11890722737138049,0.2325974025974018,5.996304937647176,5.996394484607913,242.76446978168354,-1.1638108985245654,0.31312554408003296,996.9,-1.68,77.87,False
HAOS / PANGAEA,HAOS_Flight_01,HAOS_Flight_01_seg00,train,10.1594/PANGAEA.918814,CC BY 4.0,fixed-wing UAV,2020-02-27 15:41:18+00:00,396.0,65.03181,24.5404,41.6,384174.180649476,7214254.21242904,-698.2938096739817,-862.8181294202805,15.0,-699.972929951683,-863.9830850155616,15.686406926406903,-5.474994806632026,-2.934042849170737,0.1749567099567093,-0.30827942280438947,-0.2662766708174331,0.13676406926406903,6.211616180465241,6.214079611959962,241.81319850962961,-0.807296934951855,1.6133694042265567,996.95,-1.68,78.37,False
HAOS / PANGAEA,HAOS_Flight_01,HAOS_Flight_01_seg00,train,10.1594/PANGAEA.918814,CC BY 4.0,fixed-wing UAV,2020-02-27 15:41:19+00:00,397.0,65.03177,24.54025,42.21,384167.220613441,7214250.28099006,-705.2538457089686,-866.7495683999732,15.61,-705.615129801979,-867.0438974810695,15.956969696969672,-5.948069926993867,-3.276758598957997,0.30629870129870085,-0.5882258176594917,-0.45094490839770174,0.06560606060606089,6.790926503228701,6.797830658869877,241.14987591177984,-0.8927642952122498,2.582524855761834,996.87,-1.71,78.29,False
HAOS / PANGAEA,HAOS_Flight_01,HAOS_Flight_01_seg00,train,10.1594/PANGAEA.918814,CC BY 4.0,fixed-wing UAV,2020-02-27 15:41:20+00:00,398.0,65.03174,24.54011,43.88,384160.282944995,7214246.1871691,-712.1915141550126,-870.8433893602341,17.28,-711.8690698056707,-870.5366022134776,16.299004329004305,-6.651446441951009,-3.8359326659661406,0.3061688311688311,-0.6288402634953059,-0.49794320906187295,-0.1000216450216449,7.678288818999246,7.684390577082097,240.02766991920515,-0.9078347543828692,2.2834376053990084,996.65,-1.71,78.44,False
HAOS / PANGAEA,HAOS_Flight_01,HAOS_Flight_01_seg00,train,10.1594/PANGAEA.918814,CC BY 4.0,fixed-wing UAV,2020-02-27 15:41:21+00:00,399.0,65.0317,24.53996,42.97,384153.096732766,7214242.32023387,-719.3777263839729,-874.7103245900944,16.369999999999997,-718.918022685881,-874.7157628130018,16.569307359307334,-7.2057504539844786,-4.272645017081743,0.10625541125541105,-0.2423639932927415,-0.4026075182694342,-0.2999134199134197,8.377251043575749,8.377924877886649,239.3342064030141,-1.5332018520486836,0.7266894759433916,996.77,-1.73,78.25,False
HAOS / PANGAEA,HAOS_Flight_01,HAOS_Flight_01_seg00,train,10.1594/PANGAEA.918814,CC BY 4.0,fixed-wing UAV,2020-02-27 15:41:22+00:00,400.0,65.03166,24.53981,43.43,384145.782646212,7214238.73170805,-726.6918129379628,-878.2988504106179,16.83,-726.2805707136397,-879.0818922476411,16.511515151515127,-7.136174428536492,-4.641147702505009,-0.2936580086580083,-0.46288302216703414,0.5551021580031943,-0.30672077922077845,8.512651612216118,8.51771521577322,236.96126621510774,4.707080090412196,-1.9757292879772166,996.71,-1.74,78.3,False
HAOS / PANGAEA,HAOS_Flight_01,HAOS_Flight_01_seg00,train,10.1594/PANGAEA.918814,CC BY 4.0,fixed-wing UAV,2020-02-27 15:41:23+00:00,401.0,65.03163,24.53966,42.59,384138.567855093,7214235.16811188,-733.9066040570033,-881.8624465800822,15.990000000000002,-733.190371542954,-883.9980582180118,15.981991341991318,-8.131516498318547,-3.1624407010753544,-0.5071861471861459,-1.6093833822744443,2.338385532985086,0.010865800865801134,8.724826173067559,8.739555454263233,248.7483665838385,16.617921789498688,-3.3269383230634437,996.82,-1.75,78.04,False
HAOS / PANGAEA,HAOS_Flight_01,HAOS_Flight_01_seg00,train,10.1594/PANGAEA.918814,CC BY 4.0,fixed-wing UAV,2020-02-27 15:41:24+00:00,402.0,65.0316,24.5395,41.98,384131.023081556,7214232.2193177,-741.4513775939704,-884.8112407606095,15.379999999999995,-742.5436037102768,-885.4067736497918,15.497142857142835,-10.35494119308538,0.03562336346516304,-0.271926406926406,-1.5746851340157946,4.512060096301951,0.23541125541125485,10.355002469158617,10.358572300614837,270.19710979410513,24.354272334737818,-1.5042638148764893,996.9,-1.76,78.23,False
HAOS / PANGAEA,HAOS_Flight_01,HAOS_Flight_01_seg00,train,10.1594/PANGAEA.918814,CC BY 4.0,fixed-wing UAV,2020-02-27 15:41:25+00:00,403.0,65.0316,24.5393,41.6,384121.581166447,7214232.23943028,-750.8932927029673,-884.7911281799898,15.0,-753.9002539291248,-883.9268114910815,15.438138528138506,-11.280886766350136,5.861679491528548,-0.036363636363636154,0.11604289134524493,7.309006047790859,0.12788961038960966,12.712894741034395,12.712946747731998,297.4569112533141,27.582922719554638,-0.1638869236064274,996.95,-1.72,78.73,False
HAOS / PANGAEA,HAOS_Flight_01,HAOS_Flight_01_seg00,train,10.1594/PANGAEA.918814,CC BY 4.0,fixed-wing UAV,2020-02-27 15:41:26+00:00,404.0,65.03164,24.53907,41.53,384110.792474144,7214237.05130526,-761.6819850059692,-879.9792532008141,14.93,-765.105377242977,-873.6834146667347,15.424415584415563,-10.122855410394891,14.653635459046882,-0.016147186147186687,1.9143477297758125,7.91196220636553,-0.022781385281385624,17.810144127052908,17.81015144680184,325.3629552332144,21.78898113665913,-0.05194597849171468,996.96,-1.74,78.59,False
HAOS / PANGAEA,HAOS_Flight_01,HAOS_Flight_01_seg00,train,10.1594/PANGAEA.918814,CC BY 4.0,fixed-wing UAV,2020-02-27 15:41:27+00:00,405.0,65.03185,24.53866,42.67,384092.583312749,7214261.57291367,-779.8911464010016,-855.457644790411,16.07,-774.1459647499146,-854.6195405729877,15.405844155844132,-7.452191306798511,21.685603904259608,-0.0819264069264074,3.0739834004046998,4.901571708829124,-0.0870887445887445,22.930341732420015,22.93048808686188,341.0348735266324,12.702823720850343,-0.2047076938094039,996.81,-1.79,78.45,False
HAOS / PANGAEA,HAOS_Flight_01,HAOS_Flight_01_seg00,train,10.1594/PANGAEA.918814,CC BY 4.0,fixed-wing UAV,2020-02-27 15:41:28+00:00,406.0,65.03201,24.53854,42.36,384087.828088314,7214279.80779825,-784.6463708360097,-837.222760210745,15.759999999999998,-780.0097598565741,-830.3122068582155,15.260562770562748,-3.9748886095854914,24.45677887670513,-0.19032467532467567,3.551379293391051,0.9856020318176775,-0.10350649350649377,24.777686988148485,24.778417947171288,350.7686026749151,9.059438438175286,-0.4400970186121029,996.85,-1.78,78.44,False
HAOS / PANGAEA,HAOS_Flight_01,HAOS_Flight_01_seg00,train,10.1594/PANGAEA.918814,CC BY 4.0,fixed-wing UAV,2020-02-27 15:41:29+00:00,407.0,65.03238,24.53858,41.76,384091.004850632,7214320.92869761,-781.469608518004,-796.1018608501181,15.159999999999997,-782.0957419690856,-805.7059828195775,15.025194805194781,-0.34943272001640935,23.656807967894963,-0.28893939393939494,3.2338391400345188,-1.8635530223448882,-0.0835064935064933,23.65938854779803,23.661152812765625,359.15375040298295,8.044208826753568,-0.6996877717266881,996.93,-1.75,78.78,False
HAOS / PANGAEA,HAOS_Flight_01,HAOS_Flight_01_seg00,train,10.1594/PANGAEA.918814,CC BY 4.0,fixed-wing UAV,2020-02-27 15:41:30+00:00,408.0,65.03257,24.53864,40.54,384094.626565009,7214341.89287396,-777.8478941409849,-775.1376845007762,13.939999999999998,-780.7086252966069,-782.9985909224256,14.682683982683958,2.492789670483546,20.729672832015353,-0.3573376623376623,1.5679491747551708,-2.853734781573479,0.03427489177489251,20.879016645035392,20.8820742807938,6.857020328422266,4.835221340483023,-0.9805031333542755,997.09,-1.75,78.56,False
HAOS / PANGAEA,HAOS_Flight_01,HAOS_Flight_01_seg00,train,10.1594/PANGAEA.918814,CC BY 4.0,fixed-wing UAV,2020-02-27 15:41:31+00:00,409.0,65.03266500000001,24.538655,40.769999999999996,384095.90801807353,7214352.325985025,-776.5664410764584,-764.7045734357089,14.169999999999995,-777.1101626281185,-764.2466371555468,14.310519480519456,2.7864656294939323,17.949338404748005,-0.2203896103896099,-0.6956776704739696,-2.459184389515059,0.1447727272727275,18.164337033663315,18.16567398840132,8.824193083949012,-1.4360826515698222,-0.6951409743515724,997.06,-1.74,78.63499999999999,True
HAOS / PANGAEA,HAOS_Flight_01,HAOS_Flight_01_seg00,train,10.1594/PANGAEA.918814,CC BY 4.0,fixed-wing UAV,2020-02-27 15:41:32+00:00,410.0,65.03276,24.53867,41.0,384097.189471138,7214362.75909609,-775.2849880119902,-754.2714623706415,14.399999999999999,-775.135694037619,-747.0999141129296,14.241904761904738,1.101434329535607,15.811304052985236,-0.06779220779220729,-1.552202622905753,-0.8916952959644959,0.11055194805194812,15.84962123958257,15.849766219779529,3.984855025282627,-4.975448910221685,-0.24506476497467986,997.03,-1.73,78.71,False
HAOS / PANGAEA,HAOS_Flight_01,HAOS_Flight_01_seg00,train,10.1594/PANGAEA.918814,CC BY 4.0,fixed-wing UAV,2020-02-27 15:41:33+00:00,411.0,65.03294,24.53867,41.0,384097.812306599,7214383.47748178,-774.6621525509981,-733.5530766807497,14.399999999999999,-774.9072939690473,-732.6240290495763,14.174935064935042,-0.31793961631757384,16.165947812819013,0.0007142857142863335,-1.215779853479745,1.650066777684799,0.03758658008658067,16.16907400831637,16.16907402409353,358.8732952635056,-3.983064618476145,0.002531100837773537,997.03,-1.73,78.71,False
HAOS / PANGAEA,HAOS_Flight_01,HAOS_Flight_01_seg00,train,10.1594/PANGAEA.918814,CC BY 4.0,fixed-wing UAV,2020-02-27 15:41:34+00:00,412.0,65.03313,24.53863,41.07,384096.806483713,7214403.75166332,-775.6679754370125,-713.2788951406255,14.469999999999999,-775.7715732702542,-714.7680184872916,14.243333333333311,-1.330125377423883,19.111437608354834,0.007380952380954042,-1.0479634395519497,2.229830356241166,0.06574675324675328,19.15766898601462,19.15767040785921,356.0187257883303,-2.774199291227381,0.022074574918274987,997.02,-1.74,78.67,False
HAOS / PANGAEA,HAOS_Flight_01,HAOS_Flight_01_seg00,train,10.1594/PANGAEA.918814,CC BY 4.0,fixed-wing UAV,2020-02-27 15:41:35+00:00,413.0,65.0333,24.53857,40.85,384094.856671161,7214423.52361661,-777.6177879889729,-693.5069418502972,14.25,-777.567544723895,-694.4011538328666,14.18969696969695,-2.4138664954214732,20.625608525301345,0.13220779220779288,-1.0952359636229403,0.6469908064469223,0.18234848484848332,20.76637855998734,20.766799401858304,353.32489668105086,-2.903867937020844,0.3647649084090074,997.05,-1.73,78.39,False
HAOS / PANGAEA,HAOS_Flight_01,HAOS_Flight_01_seg00,train,10.1594/PANGAEA.918814,CC BY 4.0,fixed-wing UAV,2020-02-27 15:41:36+00:00,414.0,65.03348,24.5385,40.47,384092.065806627,7214443.2714582,-780.4086525230086,-673.759100260213,13.869999999999997,-780.5993062610971,-673.5168014366889,14.507748917748897,-3.5205973046697636,20.40541922124868,0.3720779220779207,-0.9423048412209312,-0.3332576358275219,0.20220779220779095,20.70690075739373,20.71024338236156,350.21098991428863,-2.7393630379569003,1.0294249660738712,997.1,-1.74,78.46,False
HAOS / PANGAEA,HAOS_Flight_01,HAOS_Flight_01_seg00,train,10.1594/PANGAEA.918814,CC BY 4.0,fixed-wing UAV,2020-02-27 15:41:37+00:00,415.0,65.03366,24.5384,41.53,384088.147938775,7214463.3226954,-784.3265203749761,-653.7078630607575,14.93,-784.6087393332346,-653.5903153903693,14.933852813852791,-4.298476177863336,19.9590932536463,0.5366233766233748,-0.6149863503181336,-0.21738895143633385,0.2384090909090908,20.416716213911773,20.423767174734113,347.84617060513705,-1.7958455754199716,1.5055887144928215,996.96,-1.73,78.61,False
HAOS / PANGAEA,HAOS_Flight_01,HAOS_Flight_01_seg00,train,10.1594/PANGAEA.918814,CC BY 4.0,fixed-wing UAV,2020-02-27 15:41:38+00:00,416.0,65.03383,24.53828,42.21,384083.234383972,7214483.39445263,-789.2400751779787,-633.6361058307812,15.61,-789.1962586168238,-633.5986149293963,15.580995670995646,-4.750570005306031,19.97064131837601,0.8488961038961023,-0.3601937558490249,-0.06855851334006502,0.26147186147186163,20.527893950489428,20.545438779392143,346.6192987634487,-1.0273401342595365,2.3680201793508244,996.87,-1.71,78.87,False
HAOS / PANGAEA,HAOS_Flight_01,HAOS_Flight_01_seg00,train,10.1594/PANGAEA.918814,CC BY 4.0,fixed-wing UAV,2020-02-27 15:41:39+00:00,417.0,65.03401,24.53815,43.73,384077.926914572,7214503.44097046,-794.5475445779739,-613.5895880004391,17.129999999999995,-794.1098793438466,-613.6490327536172,16.631645021644996,-5.018863689561385,19.82197622696617,1.059567099567098,-0.27145380694724963,0.01682164499666783,-0.052305194805195576,20.44748723625497,20.47492165345926,345.791490336618,-0.7205148944746477,2.966353331795562,996.67,-1.73,79.02,False
HAOS / PANGAEA,HAOS_Flight_01,HAOS_Flight_01_seg00,train,10.1594/PANGAEA.918814,CC BY 4.0,fixed-wing UAV,2020-02-27 15:41:40+00:00,418.0,65.03419,24.53803,43.5,384072.949297734,7214523.26927835,-799.5251614159788,-593.7612801101059,16.9,-799.2339859959466,-593.9546624754639,17.700129870129842,-5.29347761920053,20.004284608369346,0.7442857142857111,-0.1878449040395367,0.06580029918356445,-0.3724783549783539,20.692808122572917,20.70618915257246,345.17826897449936,-0.460016531575782,2.059945377959053,996.7,-1.75,79.0,False
HAOS / PANGAEA,HAOS_Flight_01,HAOS_Flight_01_seg00,train,10.1594/PANGAEA.918814,CC BY 4.0,fixed-wing UAV,2020-02-27 15:41:41+00:00,419.0,65.03436,24.53791,44.87,384068.144749889,7214542.77081076,-804.3297092610155,-574.2597477007657,18.269999999999996,-804.6968345822477,-573.6404635368785,18.120216450216418,-5.394553497640459,19.9535768253333,0.31461038961039023,0.12864790054172204,-0.8493042370371313,-0.3780411255411229,20.66994038606263,20.67233453823331,344.87145727346643,-0.2803457814506298,0.8720129503632565,996.52,-1.74,78.7,False
HAOS / PANGAEA,HAOS_Flight_01,HAOS_Flight_01_seg00,train,10.1594/PANGAEA.918814,CC BY 4.0,fixed-wing UAV,2020-02-27 15:41:42+00:00,420.0,65.03453,24.53779,45.86,384063.156153273,7214561.76940404,-809.3183058769791,-555.2611544206738,19.259999999999998,-810.0230929912275,-554.0475088247973,18.329350649350623,-5.036181818117086,18.305676134295084,-0.011796536796534696,0.3989512425456496,-1.8496091278729239,-0.29927489177489264,18.9858080164852,18.985811681282264,344.6175774115981,-0.3310470115344188,-0.03559983771814666,996.39,-1.79,78.99,False
HAOS / PANGAEA,HAOS_Flight_01,HAOS_Flight_01_seg00,train,10.1594/PANGAEA.918814,CC BY 4.0,fixed-wing UAV,2020-02-27 15:41:43+00:00,421.0,65.0347,24.53765,44.87,384057.42481137,7214580.75948355,-815.0496477800189,-536.2710749106482,18.269999999999996,-814.7691982184818,-537.0291112682884,18.09662337662335,-4.5966510125491595,16.254358569587453,-0.28393939393939505,0.3595538179847324,-1.5558784377440418,-0.25476190476190563,16.89181378774613,16.89420002898394,344.2093632503976,-0.23955325967302704,-0.9630106712041088,996.52,-1.8,79.07,False
HAOS / PANGAEA,HAOS_Flight_01,HAOS_Flight_01_seg00,train,10.1594/PANGAEA.918814,CC BY 4.0,fixed-wing UAV,2020-02-27 15:41:44+00:00,422.0,65.03487,24.53751,43.43,384051.771269716,7214600.3634252,-820.703189434018,-516.6671332605183,16.83,-819.2163950163258,-521.5387916856224,17.761471861471833,-4.317074182147621,15.193919258807,-0.521320346320346,0.2823168194325376,-0.6096807637703705,-0.13114718614718512,15.795325635684495,15.803926310913987,344.1384708922521,0.38927062251792255,-1.8903451359002374,996.71,-1.72,78.83,False
HAOS / PANGAEA,HAOS_Flight_01,HAOS_Flight_01_seg00,train,10.1594/PANGAEA.918814,CC BY 4.0,fixed-wing UAV,2020-02-27 15:41:45+00:00,423.0,65.03496,24.53745,44.03,384049.109193894,7214610.43362615,-823.3652652559686,-506.596932310611,17.43,-823.4033465827771,-506.6412727506744,17.053982683982657,-4.032017373684084,15.034997042046712,-0.5462337662337653,0.27940848126951323,0.23693958927526637,0.14765151515151587,15.566255174448468,15.575836140747553,344.98790449543344,1.1863806671228596,-2.009735324334809,996.63,-1.78,79.16,False
HAOS / PANGAEA,HAOS_Flight_01,HAOS_Flight_01_seg00,train,10.1594/PANGAEA.918814,CC BY 4.0,fixed-wing UAV,2020-02-27 15:41:46+00:00,424.0,65.03505,24.53738,43.12,384046.447112099,7214620.503931,-826.0273470510147,-496.52662746049464,16.519999999999996,-827.280429763694,-491.468797601529,16.669004329004302,-3.758257219608595,15.667798437357533,-0.22601731601731423,0.14792281095080284,0.9812603373044624,0.3094155844155839,16.11224395304401,16.11382912375401,346.5112322264978,1.3076151058610777,-0.8036738419779325,996.75,-1.75,78.5,False
HAOS / PANGAEA,HAOS_Flight_01,HAOS_Flight_01_seg00,train,10.1594/PANGAEA.918814,CC BY 4.0,fixed-wing UAV,2020-02-27 15:41:47+00:00,425.0,65.03523,24.53726,43.12,384041.534179821,7214640.7231237,-830.9402793289628,-476.3074347600341,16.519999999999996,-830.9198610219943,-475.3056758759593,16.60194805194803,-3.7361717517824786,16.997517716655636,0.07259740259740255,-0.24254841446642672,1.690599082229312,0.1518831168831154,17.40329244386934,17.403443862342403,347.6031347071556,0.4653011268088077,0.23900653621698273,996.75,-1.75,78.5,False
HAOS / PANGAEA,HAOS_Flight_01,HAOS_Flight_01_seg00,train,10.1594/PANGAEA.918814,CC BY 4.0,fixed-wing UAV,2020-02-27 15:41:48+00:00,426.0,65.03541,24.53716,43.05,384037.277404555,7214660.77105663,-835.197054594988,-456.2595018306747,16.449999999999996,-834.7527732672589,-457.4737621682177,16.814199134199107,-4.243354048541448,19.048996601816157,0.07774891774891657,-0.5336216652989947,1.7831552609946186,-0.052900432900433,19.515899290508663,19.516054160907828,347.4418344801154,-0.3754331045572841,0.22825805849238956,996.76,-1.76,78.77,False
HAOS / PANGAEA,HAOS_Flight_01,HAOS_Flight_01_seg00,train,10.1594/PANGAEA.918814,CC BY 4.0,fixed-wing UAV,2020-02-27 15:41:49+00:00,427.0,65.03559,24.53706,43.88,384033.344703481,7214680.84272785,-839.1297556689824,-436.18783061020076,17.28,-839.4065691190772,-437.207682672327,16.75744588744586,-4.803415082380468,20.563828238644874,-0.03320346320346346,-0.2063047774625204,0.7115449850130915,-0.08976190476190382,21.117382136101256,21.11740823946199,346.85226849804104,-0.12733031324938973,-0.0900877166870063,996.65,-1.77,78.78,False
HAOS / PANGAEA,HAOS_Flight_01,HAOS_Flight_01_seg00,train,10.1594/PANGAEA.918814,CC BY 4.0,fixed-wing UAV,2020-02-27 15:41:50+00:00,428.0,65.03576,24.53695,43.2,384029.175871046,7214700.80704422,-843.298588103964,-416.2235142402351,16.6,-844.3596034320199,-416.34610569092797,16.74779220779218,-4.655963603466489,20.47208657184234,-0.10177489177489107,0.6581620150526248,0.029987880128558686,-0.11053571428571374,20.99486426919241,20.995110950180948,347.1871738536166,1.7754380676627317,-0.27774535753220486,996.74,-1.76,78.84,False
HAOS / PANGAEA,HAOS_Flight_01,HAOS_Flight_01_seg00,train,10.1594/PANGAEA.918814,CC BY 4.0,fixed-wing UAV,2020-02-27 15:41:51+00:00,429.0,65.03594,24.53684,43.65,384024.550917653,7214720.63242746,-847.9235414969735,-396.39813100080937,17.049999999999997,-848.7184963260102,-396.2635095286423,16.55389610389608,-3.4870910522752183,20.62380399890199,-0.25427489177489093,1.6107420674672426,0.18043903247917115,-0.13440476190476236,20.916526848212243,20.918072356519154,350.4031446333665,4.4369359228107115,-0.6964904174188472,996.68,-1.81,78.52,False
HAOS / PANGAEA,HAOS_Flight_01,HAOS_Flight_01_seg00,train,10.1594/PANGAEA.918814,CC BY 4.0,fixed-wing UAV,2020-02-27 15:41:52+00:00,430.0,65.03612,24.53673,42.44,384020.117065163,7214740.5166303,-852.3573939870112,-376.5139281600714,15.839999999999996,-851.3337855365703,-375.098497693124,16.2392424242424,-1.434479468532004,20.832964636800682,-0.3705844155844158,2.051635441952044,-0.644747624989165,-0.03154220779220829,20.88229266397317,20.885580664968398,356.06104569923804,5.71112021339021,-1.0166840752339794,996.84,-1.82,78.93,False
HAOS / PANGAEA,HAOS_Flight_01,HAOS_Flight_01_seg00,train,10.1594/PANGAEA.918814,CC BY 4.0,fixed-wing UAV,2020-02-27 15:41:53+00:00,431.0,65.0363,24.53668,42.29,384018.812190575,7214761.13820411,-853.6622685749899,-355.89235435053706,15.689999999999998,-851.5874552630742,-354.59758025504095,15.812727272727248,0.6161798316288696,19.33430874892366,-0.3173593073593075,1.7470202750815247,-1.9197779443010177,0.020054112554112713,19.3441250095116,19.346728129417123,1.825385060146914,5.424681936067907,-0.9399090301916141,996.86,-1.79,78.56,False
HAOS / PANGAEA,HAOS_Flight_01,HAOS_Flight_01_seg00,train,10.1594/PANGAEA.918814,CC BY 4.0,fixed-wing UAV,2020-02-27 15:41:54+00:00,432.0,65.03649,24.53673,42.21,384021.954876789,7214781.66005879,-850.5195823609829,-335.3704996705055,15.61,-850.1014258733126,-336.42988019527667,15.604523809523783,2.0595610816310455,16.993408748198647,-0.33047619047619037,2.440318762261967,-2.017163460575304,0.04344155844155928,17.11776073942861,17.12095053566814,6.910409571373862,8.968215944868744,-1.10601726866233,996.87,-1.8,79.04,False
HAOS / PANGAEA,HAOS_Flight_01,HAOS_Flight_01_seg00,train,10.1594/PANGAEA.918814,CC BY 4.0,fixed-wing UAV,2020-02-27 15:41:55+00:00,433.0,65.03667,24.53687,41.91,384029.230872154,7214801.31950979,-843.2435869959882,-315.7110486701131,15.309999999999995,-847.4683330998121,-320.61076275864366,15.151774891774867,5.496817356152803,15.299981827773053,-0.23047619047618895,4.316421259682244,-1.701126576792376,0.1166883116883124,16.25744275638356,16.259076365263333,19.761816949884405,15.64117442627354,-0.8122082076298981,996.91,-1.81,79.11,False
HAOS / PANGAEA,HAOS_Flight_01,HAOS_Flight_01_seg00,train,10.1594/PANGAEA.918814,CC BY 4.0,fixed-wing UAV,2020-02-27 15:41:56+00:00,434.0,65.03675,24.53698,41.754999999999995,384034.87384823954,7214810.00406716,-837.6006109104492,-307.0264913002029,15.154999999999994,-839.107791161007,-305.82991653973056,15.143571428571406,10.692403600995533,13.591155594613895,-0.09709956709956558,4.61251154550331,-2.210487450529442,0.02481601731601657,17.29297560177504,17.29324820528283,38.192758423920964,16.88743617643339,-0.3217107945543352,996.9300000000001,-1.815,79.14500000000001,True
HAOS / PANGAEA,HAOS_Flight_01,HAOS_Flight_01_seg00,train,10.1594/PANGAEA.918814,CC BY 4.0,fixed-wing UAV,2020-02-27 15:41:57+00:00,435.0,65.03683,24.53709,41.6,384040.516824325,7214818.68862453,-831.9576348249684,-298.3419339302927,15.0,-826.083525897821,-293.42845156941587,14.957575757575736,14.721840447159423,10.879006926714169,-0.1808441558441558,3.4717372750973823,-2.8359658525716327,-0.02285714285714313,18.305337414620745,18.306230700824706,53.5366893027512,13.812614619264924,-0.5660245186459351,996.95,-1.82,79.18,False
HAOS / PANGAEA,HAOS_Flight_01,HAOS_Flight_01_seg00,train,10.1594/PANGAEA.918814,CC BY 4.0,fixed-wing UAV,2020-02-27 15:41:58+00:00,436.0,65.03695,24.5374,40.85,384055.44729283,7214832.17892096,-817.027166320011,-284.85163750033826,14.25,-809.6641102666881,-284.0719026863022,14.781883116883094,17.635878151190298,7.919223889470629,-0.14281385281385184,2.507048595603294,-2.6098979570120946,0.07217532467532495,19.33231246321023,19.33283996136494,65.81798766245078,10.23162589251597,-0.42325418617534377,997.05,-1.84,78.53,False
HAOS / PANGAEA,HAOS_Flight_01,HAOS_Flight_01_seg00,train,10.1594/PANGAEA.918814,CC BY 4.0,fixed-wing UAV,2020-02-27 15:41:59+00:00,437.0,65.03708,24.53811,42.06,384089.196229206,7214845.35448237,-783.2782299440005,-271.6760760899633,15.46,-790.8117695954404,-277.5900037904746,14.671948051948032,19.73593763836601,5.65921101268998,-0.03649350649350591,1.4514543254162788,-2.1347386035987483,0.09495670995670924,20.531290844747772,20.531323277559093,73.99994108778316,7.052861339217056,-0.10184073254500949,996.89,-1.86,79.2,False
HAOS / PANGAEA,HAOS_Flight_01,HAOS_Flight_01_seg00,train,10.1594/PANGAEA.918814,CC BY 4.0,fixed-wing UAV,2020-02-27 15:42:00+00:00,438.0,65.03709,24.53846,40.92,384105.932213057,7214845.86188175,-766.542246092984,-271.1686767106876,14.32,-770.1922349899561,-272.75348066092226,14.708896103896082,20.538786802022855,3.6497466822731326,0.04709956709956664,-0.26260595470256476,-1.993339856435398,0.06345779220779191,20.860546832327096,20.860600003665592,79.9237103408849,5.5121495640565765,0.12936390631343017,997.04,-1.81,79.23,False
HAOS / PANGAEA,HAOS_Flight_01,HAOS_Flight_01_seg00,train,10.1594/PANGAEA.918814,CC BY 4.0,fixed-wing UAV,2020-02-27 15:42:01+00:00,439.0,65.03709,24.53881,41.23,384122.168994309,7214845.24352807,-750.305464841018,-271.78703039046377,14.629999999999995,-749.7341959913947,-270.29051042592835,14.766147186147165,19.21072572896088,1.672531299819184,0.0904220779220779,-1.9508718621891035,-1.145552757832121,-0.026839826839827108,19.283395551153184,19.283607549792393,85.02424021589627,2.7038343764782677,0.26866458529004056,997.0,-1.82,79.01,False
HAOS / PANGAEA,HAOS_Flight_01,HAOS_Flight_01_seg00,train,10.1594/PANGAEA.918814,CC BY 4.0,fixed-wing UAV,2020-02-27 15:42:02+00:00,440.0,65.0371,24.53916,41.45,384138.889842099,7214845.6775204,-733.5846170510049,-271.35303806047887,14.850000000000001,-731.7707835320343,-269.4084180612839,14.889740259740238,16.63704307764465,1.3586411666088907,-0.006580086580087574,-1.5466745156166155,0.9212178406386187,0.013273809523809632,16.692426671607937,16.692427968529547,85.33137909384146,-3.6634954352059625,-0.022585761660584142,996.97,-1.82,79.1,False
HAOS / PANGAEA,HAOS_Flight_01,HAOS_Flight_01_seg00,train,10.1594/PANGAEA.918814,CC BY 4.0,fixed-wing UAV,2020-02-27 15:42:03+00:00,441.0,65.03714,24.53952,41.83,384156.027610961,7214848.78743567,-716.4468481889926,-268.2431227900088,15.229999999999997,-716.4601098361054,-267.57322809271056,14.75298701298699,16.11737669772765,3.5149669810964213,0.11696969696969717,0.15104574648194102,2.5325232746333484,0.12064935064935156,16.49620636675755,16.496621060225078,77.69724934548435,-8.049597205833303,0.4062605366746573,996.92,-1.83,79.12,False
HAOS / PANGAEA,HAOS_Flight_01,HAOS_Flight_01_seg00,train,10.1594/PANGAEA.918814,CC BY 4.0,fixed-wing UAV,2020-02-27 15:42:04+00:00,442.0,65.03719,24.53988,41.45,384173.092781067,7214854.33901242,-699.3816780829802,-262.6915460405871,14.850000000000001,-699.536030136579,-262.37848409909105,15.123679653679632,16.93913457060853,6.423687715875587,0.23471861471861555,0.18618887376180737,2.415739227930942,-0.006028138528138882,18.116237022965777,18.117757496455553,69.23218468217482,-7.271966928190986,0.7422972857274411,996.97,-1.82,79.31,False
HAOS / PANGAEA,HAOS_Flight_01,HAOS_Flight_01_seg00,train,10.1594/PANGAEA.918814,CC BY 4.0,fixed-wing UAV,2020-02-27 15:42:05+00:00,443.0,65.03727,24.54023,41.68,384189.895159203,7214862.18426343,-682.5792999470141,-254.8462950307876,15.079999999999998,-682.5818406948883,-254.7258526609594,15.222424242424221,16.489754445251265,8.346445436958305,0.1049134199134194,-0.041771515294328765,2.0020578366339308,-0.09943722943722966,18.481751894688067,18.482049667785333,63.1533154891024,-5.48770851741145,0.3252414405395715,996.94,-1.83,78.83,False
HAOS / PANGAEA,HAOS_Flight_01,HAOS_Flight_01_seg00,train,10.1594/PANGAEA.918814,CC BY 4.0,fixed-wing UAV,2020-02-27 15:42:06+00:00,444.0,65.03736,24.54058,41.6,384206.639493324,7214871.88339462,-665.8349658260122,-245.14716384001076,15.0,-666.5565212460765,-245.68559322517444,15.333506493506471,16.855591540019873,10.427803389143449,0.035844155844156234,0.45738695037272237,1.8734605120297374,-0.09253246753246724,19.820445244409147,19.8204776554484,58.25676764735192,-3.973221439521865,0.10361606845280733,996.95,-1.79,78.8,False
HAOS / PANGAEA,HAOS_Flight_01,HAOS_Flight_01_seg00,train,10.1594/PANGAEA.918814,CC BY 4.0,fixed-wing UAV,2020-02-27 15:42:07+00:00,445.0,65.03746,24.54092,42.74,384223.17909853,7214882.87532237,-649.2953606200172,-234.15523609053344,16.14,-648.8706576148486,-233.8702458826725,15.294112554112534,17.40452834599671,12.09336646101778,-0.08015151515151508,0.0036485574090079353,1.0079515040489326,-0.09361471861471937,21.19356315740873,21.193714718577624,55.20687261005867,-2.340830779611591,-0.21668473638260904,996.8,-1.88,79.19,False
HAOS / PANGAEA,HAOS_Flight_01,HAOS_Flight_01_seg00,train,10.1594/PANGAEA.918814,CC BY 4.0,fixed-wing UAV,2020-02-27 15:42:08+00:00,446.0,65.03758,24.54125,41.53,384239.498451274,7214894.72782771,-632.9760078759864,-222.30273075029254,14.93,-631.7474645540831,-221.49886030313888,15.173203463203441,16.86288865483789,12.443706397241314,-0.1513852813852825,-0.519627083966725,0.18390468650425618,-0.024837662337662714,20.95716685733558,20.957713620278927,53.575106088128734,-1.24698597266503,-0.4138721089066157,996.96,-1.8,78.92,False
HAOS / PANGAEA,HAOS_Flight_01,HAOS_Flight_01_seg00,train,10.1594/PANGAEA.918814,CC BY 4.0,fixed-wing UAV,2020-02-27 15:42:09+00:00,447.0,65.03769,24.54158,41.76,384255.481487802,7214906.80489669,-616.9929713479942,-210.22566177044064,15.159999999999997,-615.1448803051728,-208.98283308818986,14.991341991341969,16.36527417806326,12.461175834026292,-0.1298268398268405,-0.4531136850822577,-0.10038878131876317,0.02150432900432886,20.56947014606125,20.569879851327386,52.71290066472858,-0.5363687434694471,-0.3616248334925181,996.93,-1.85,79.16,False
HAOS / PANGAEA,HAOS_Flight_01,HAOS_Flight_01_seg00,train,10.1594/PANGAEA.918814,CC BY 4.0,fixed-wing UAV,2020-02-27 15:42:10+00:00,448.0,65.03786,24.54207,41.07,384279.342625133,7214925.06297315,-593.1318340169964,-191.96758531033993,14.469999999999999,-599.0169161979566,-196.5765086350863,14.91354978354976,15.956661284673373,12.242928834603788,-0.10837662337662479,-0.3591932533081774,-0.27621989189022145,0.04069264069264111,20.112293399882745,20.112585395603954,52.50236860118986,0.006295892638427251,-0.3087396794331356,997.02,-1.83,78.86,False
HAOS / PANGAEA,HAOS_Flight_01,HAOS_Flight_01_seg00,train,10.1594/PANGAEA.918814,CC BY 4.0,fixed-wing UAV,2020-02-27 15:42:11+00:00,449.0,65.03792,24.54224,41.15,384287.321083655,7214931.15651018,-585.1533754949924,-185.87404828052968,14.549999999999997,-583.2315577358261,-184.4969754189823,14.77458874458872,15.646887671446905,11.90873605024585,-0.048441558441558286,-0.2887440068026308,-0.3071737879830678,0.08695887445887562,19.66324205509616,19.663301724326118,52.72549245000545,0.2018923266654211,-0.14115125211991714,997.01,-1.81,79.01,False
HAOS / PANGAEA,HAOS_Flight_01,HAOS_Flight_01_seg00,train,10.1594/PANGAEA.918814,CC BY 4.0,fixed-wing UAV,2020-02-27 15:42:12+00:00,450.0,65.03804,24.54257,41.76,384303.310769184,7214943.35291917,-569.1636899659643,-173.67763929069042,15.159999999999997,-567.7231408550628,-172.7590365345946,14.816666666666643,15.379173271068112,11.628581258637652,0.06554112554112645,-0.27038141745950384,-0.24011382333193154,0.120714285714286,19.280634652165233,19.28074604960638,52.90615325452069,0.08262667590000304,0.19476617245701222,996.93,-1.87,79.2,False
HAOS / PANGAEA,HAOS_Flight_01,HAOS_Flight_01_seg00,train,10.1594/PANGAEA.918814,CC BY 4.0,fixed-wing UAV,2020-02-27 15:42:13+00:00,451.0,65.03815,24.5429,41.91,384319.462172867,7214955.51656765,-553.0122862830176,-161.51399081014097,15.309999999999995,-552.4732111936898,-161.23981290170698,14.905670995670972,15.106124836527897,11.428508403581986,0.1929870129870137,0.2698584133303541,0.24711046781435186,0.07913419913419917,18.94217020057388,18.943153272216605,52.89074580180545,-0.09835896687245559,0.5837218580713884,996.91,-1.89,79.47,False
HAOS / PANGAEA,HAOS_Flight_01,HAOS_Flight_01_seg00,train,10.1594/PANGAEA.918814,CC BY 4.0,fixed-wing UAV,2020-02-27 15:42:14+00:00,452.0,65.03826,24.54324,41.45,384335.760445582,7214967.46810375,-536.7140135680092,-149.56245471071452,14.850000000000001,-537.510891182007,-149.90201972743063,15.20264069264067,15.91889009772882,12.122802194266356,0.2238095238095248,0.6922700597946374,0.6319785481187807,-0.024675324675324628,20.009332697141048,20.010584341488524,52.70943532077581,-0.23767664361066565,0.6408412807866597,996.97,-1.82,79.4,False
HAOS / PANGAEA,HAOS_Flight_01,HAOS_Flight_01_seg00,train,10.1594/PANGAEA.918814,CC BY 4.0,fixed-wing UAV,2020-02-27 15:42:15+00:00,453.0,65.03838,24.54357,41.45,384351.894440716,7214979.92061825,-520.580018433975,-137.1099402103573,14.850000000000001,-520.6354309982322,-136.99420851317427,15.353290043290022,16.490664956117172,12.692465499819548,0.14363636363636445,-0.2744830154861688,-0.0616510279236806,-0.06002164502164531,20.809630250415804,20.810125962232405,52.41539251458414,-0.3445289577384169,0.3954720304302528,996.97,-1.82,79.4,False
HAOS / PANGAEA,HAOS_Flight_01,HAOS_Flight_01_seg00,train,10.1594/PANGAEA.918814,CC BY 4.0,fixed-wing UAV,2020-02-27 15:42:16+00:00,454.0,65.0385,24.5439,42.52,384367.947237538,7214992.62055692,-504.527221611992,-124.41000154055655,15.920000000000002,-504.5295612697726,-124.51708872779153,15.4899134199134,15.369924066756482,11.999500138418995,0.10376623376623417,-0.1755733963378674,0.04624294170109522,0.01264069264069212,19.499296638334872,19.4995727343203,52.02037740529897,-0.3999837415663839,0.3048987478979715,996.83,-1.88,79.31,False
HAOS / PANGAEA,HAOS_Flight_01,HAOS_Flight_01_seg00,train,10.1594/PANGAEA.918814,CC BY 4.0,fixed-wing UAV,2020-02-27 15:42:17+00:00,455.0,65.03862,24.54423,42.52,384384.008466792,7215005.18214782,-488.4659923579893,-111.84841064084321,15.920000000000002,-489.89558286471924,-112.99520823633628,15.56082251082249,16.139518163441437,12.784951383221738,0.1689177489177487,1.4262036228621753,1.2361007645399624,0.06915584415584375,20.589779707889047,20.590472593539445,51.615425031451366,-0.23803325320939683,0.47004179315707706,996.83,-1.87,79.3,False
HAOS / PANGAEA,HAOS_Flight_01,HAOS_Flight_01_seg00,train,10.1594/PANGAEA.918814,CC BY 4.0,fixed-wing UAV,2020-02-27 15:42:18+00:00,456.0,65.03874,24.54456,42.21,384399.905717278,7215017.75800266,-472.56874187197536,-99.2725558001548,15.61,-472.25052494288974,-98.94718596134805,15.827748917748897,18.222331312480833,14.47170166749892,0.24207792207792167,1.0492725293531322,0.8333469331214154,-0.008874458874458924,23.269798185951473,23.271057331699993,51.544310898880155,-0.004175911458012479,0.5960319385257887,996.87,-1.88,79.29,False
HAOS / PANGAEA,HAOS_Flight_01,HAOS_Flight_01_seg00,train,10.1594/PANGAEA.918814,CC BY 4.0,fixed-wing UAV,2020-02-27 15:42:19+00:00,457.0,65.03886,24.54488,42.52,384415.895923242,7215030.48682906,-456.57853590801824,-86.54372940026224,15.920000000000002,-453.4509202397576,-84.05180490133844,16.044978354978333,18.2380632221477,14.451645249464569,0.15116883116883084,-0.5577655897056673,-0.4657717138585262,-0.04956709956710004,23.26965836688258,23.27014938772301,51.607073208535326,0.04690754126799751,0.3722106290221605,996.83,-1.88,79.28,False
HAOS / PANGAEA,HAOS_Flight_01,HAOS_Flight_01_seg00,train,10.1594/PANGAEA.918814,CC BY 4.0,fixed-wing UAV,2020-02-27 15:42:20+00:00,458.0,65.03897,24.54521,42.29,384431.849531145,7215043.19071996,-440.6249280049815,-73.83983850013465,15.689999999999998,-435.77439849859434,-70.04389546241892,16.13008658008656,17.1068001330695,13.540158239781867,0.1429437229437216,-1.1167410283543546,-0.9687816875803321,0.05380952380952353,21.81693140547312,21.81739968142511,51.63812598141618,0.18542649729979369,0.37539444426472796,996.86,-1.88,79.26,False
HAOS / PANGAEA,HAOS_Flight_01,HAOS_Flight_01_seg00,train,10.1594/PANGAEA.918814,CC BY 4.0,fixed-wing UAV,2020-02-27 15:42:21+00:00,459.0,65.03921,24.54586,43.43,384463.166519868,7215067.77567111,-409.3079392819782,-49.254887350834906,16.83,-419.2373199736186,-56.97148842177471,16.330865800865777,16.004581165438992,12.514081874303905,0.2587878787878779,-1.0552552551500298,-1.1233741534547228,-0.03121212121212036,20.316221682141244,20.317869834313672,51.97792620313493,0.6895958507265063,0.7297937384095264,996.71,-1.94,79.22,False
HAOS / PANGAEA,HAOS_Flight_01,HAOS_Flight_01_seg00,train,10.1594/PANGAEA.918814,CC BY 4.0,fixed-wing UAV,2020-02-27 15:42:22+00:00,460.0,65.03926,24.54602,43.2,384470.92874519,7215073.530739609,-401.5457139600185,-43.49981885123998,16.6,-403.76523616771635,-45.01573171381111,16.647662337662315,14.996289622769439,11.293409932872422,0.08051948051948088,-0.9416321790307194,-1.3006299187356651,-0.3265584415584408,18.773114029427397,18.773286706078586,53.01731768286919,1.4770746458550028,0.24574495768353882,996.74,-1.92,79.225,True
HAOS / PANGAEA,HAOS_Flight_01,HAOS_Flight_01_seg00,train,10.1594/PANGAEA.918814,CC BY 4.0,fixed-wing UAV,2020-02-27 15:42:23+00:00,461.0,65.03931,24.54618,42.97,384478.690970512,7215079.28580811,-393.78348863800056,-37.74475035071373,16.369999999999997,-389.2447407280797,-34.384668556029865,16.49190476190474,14.121316807377553,9.912822036832575,-0.39432900432900375,-0.81686378032731,-1.3892361163585036,-0.3575865800865796,17.253278792978374,17.25778446011806,54.93207549484492,2.2382200633936433,-1.3092847563676056,996.77,-1.9,79.23,False
HAOS / PANGAEA,HAOS_Flight_01,HAOS_Flight_01_seg00,train,10.1594/PANGAEA.918814,CC BY 4.0,fixed-wing UAV,2020-02-27 15:42:24+00:00,462.0,65.03942,24.5465,42.89,384494.486877392,7215090.39471288,-377.9875817580032,-26.635845580138266,16.29,-375.52260255296125,-25.190087640145958,15.859004329004307,13.362562062114819,8.514937700155414,-0.6346536796536784,0.3628637444040521,-0.4496949041772291,0.009567099567099113,15.844943322757523,15.857648444662159,57.49375780965647,1.903287276496996,-2.293700220188329,996.78,-1.89,79.23,False
HAOS / PANGAEA,HAOS_Flight_01,HAOS_Flight_01_seg00,train,10.1594/PANGAEA.918814,CC BY 4.0,fixed-wing UAV,2020-02-27 15:42:25+00:00,463.0,65.03952,24.54684,42.59,384510.727610653,7215100.69161887,-361.7468484970159,-16.338939590379596,15.990000000000002,-362.51961660385007,-17.354793155719037,15.222597402597382,14.847044296185658,9.013432228478116,-0.3751948051948055,1.817270822518168,0.8981236984542047,0.23544372294372184,17.368842358380338,17.3728942900172,58.73865004783892,0.6317068442015397,-1.2374881183149333,996.82,-1.95,79.24,False
HAOS / PANGAEA,HAOS_Flight_01,HAOS_Flight_01_seg00,train,10.1594/PANGAEA.918814,CC BY 4.0,fixed-wing UAV,2020-02-27 15:42:26+00:00,464.0,65.03961,24.54718,40.54,384527.385680117,7215110.36288725,-345.0887790329871,-6.667671210132539,13.939999999999998,-345.82851396058993,-7.163223183189723,15.108614718614696,16.997103707151155,10.311185097063824,-0.16376623376623467,1.063349282362239,0.5988742728814387,0.12672077922077918,19.880192970330107,19.88086748401298,58.757171498059506,0.11539337073806877,-0.47197236974781465,997.09,-1.89,78.99,False
HAOS / PANGAEA,HAOS_Flight_01,HAOS_Flight_01_seg00,train,10.1594/PANGAEA.918814,CC BY 4.0,fixed-wing UAV,2020-02-27 15:42:27+00:00,465.0,65.0397,24.54753,40.54,384544.118837337,7215119.92323547,-328.35562181298155,2.892677010037005,13.939999999999998,-328.52540918954776,3.2675770384086107,14.895064935064912,16.973742860910136,10.211180774240994,-0.12175324675324717,-0.178305267212167,-0.11853447065232992,0.24137445887445885,19.808487057635844,19.808861233438474,58.96943678931507,0.02610634216704476,-0.3521651761157887,997.09,-1.89,78.99,False
HAOS / PANGAEA,HAOS_Flight_01,HAOS_Flight_01_seg00,train,10.1594/PANGAEA.918814,CC BY 4.0,fixed-wing UAV,2020-02-27 15:42:28+00:00,466.0,65.0398,24.54787,42.67,384560.707986139,7215129.97863704,-311.7664730109973,12.94807857926935,16.07,-311.88102823876966,13.259138365292266,14.865108225108202,16.64049317272682,10.074116155759164,0.31898268398268304,-0.18027110070960362,0.025567268311688096,0.5187229437229428,19.45234765655024,19.454962845093704,58.809384182393615,-0.3369569925897731,0.9394610844947814,996.81,-1.94,79.17,False
HAOS / PANGAEA,HAOS_Flight_01,HAOS_Flight_01_seg00,train,10.1594/PANGAEA.918814,CC BY 4.0,fixed-wing UAV,2020-02-27 15:42:29+00:00,467.0,65.0399,24.54821,43.05,384577.165634921,7215140.55281021,-295.30882422899595,23.522251749411225,16.449999999999996,-295.2444228440941,23.41580934992694,15.533030303030278,16.61320065949093,10.26231531086437,0.9156926406926384,-0.04336575878949134,0.18106286207646427,0.43679761904762415,19.52725151402806,19.54870954064052,58.29552280413549,-0.5192872171557024,2.6848078385307304,996.76,-1.92,79.19,False
HAOS / PANGAEA,HAOS_Flight_01,HAOS_Flight_01_seg00,train,10.1594/PANGAEA.918814,CC BY 4.0,fixed-wing UAV,2020-02-27 15:42:30+00:00,468.0,65.04,24.54856,41.91,384593.682784971,7215151.11494308,-278.7916741789668,34.084384619258344,15.309999999999995,-278.6546269197878,33.783768987021006,16.69649350649348,16.553761655147838,10.436241879912092,1.1925779220779313,-0.056617770181915716,0.15571936246339746,0.21084632034632556,19.568908235041473,19.605213888445636,57.77080974808223,-0.474345190593443,3.4874340979812923,996.91,-1.91,79.2,False
HAOS / PANGAEA,HAOS_Flight_01,HAOS_Flight_01_seg00,train,10.1594/PANGAEA.918814,CC BY 4.0,fixed-wing UAV,2020-02-27 15:42:31+00:00,469.0,65.0401,24.5489,44.03,384610.35906236,7215161.41475483,-262.1153967899736,44.38419636990875,17.43,-262.13689953379844,44.28829310975112,17.91818614718614,16.499965119127097,10.573754035791165,1.3373852813852896,-0.044660534872676294,0.13798599100058162,0.18809632034631418,19.59727336498169,19.642854240987656,57.34683242294864,-0.40996748771187475,3.9040078635951136,996.63,-1.94,79.2,False
HAOS / PANGAEA,HAOS_Flight_01,HAOS_Flight_01_seg00,train,10.1594/PANGAEA.918814,CC BY 4.0,fixed-wing UAV,2020-02-27 15:42:32+00:00,470.0,65.0402,24.54925,46.69,384626.986156144,7215171.73151093,-245.48830300598638,54.70095246937126,20.089999999999996,-245.6546966815336,54.931277058603335,19.371264069264058,16.464440585402485,10.712213861913256,1.5687705627705597,-0.03552453372468278,0.1384598261221015,0.23138528138527636,19.64253877719515,19.70508489431676,56.950874772658494,-0.39503791954522155,4.566291095595339,996.28,-1.95,79.34,False
HAOS / PANGAEA,HAOS_Flight_01,HAOS_Flight_01_seg00,train,10.1594/PANGAEA.918814,CC BY 4.0,fixed-wing UAV,2020-02-27 15:42:33+00:00,471.0,65.0403,24.54958,47.6,384643.347604083,7215182.64463641,-229.12685506697744,65.61407794989645,21.0,-229.20801836299347,65.71272083357763,21.05572727272726,16.42891605167773,10.850673688035368,1.8001558441558423,-0.02664340029357959,0.10384486959159034,0.17353896103896105,19.688737951359332,19.77086146784064,56.5567565838582,-0.29523993603732973,5.224070711158811,996.16,-1.93,79.2,False
HAOS / PANGAEA,HAOS_Flight_01,HAOS_Flight_01_seg00,train,10.1594/PANGAEA.918814,CC BY 4.0,fixed-wing UAV,2020-02-27 15:42:34+00:00,472.0,65.0404,24.54992,49.58,384659.559007988,7215193.75932659,-212.91545116197085,76.72876812983304,22.979999999999997,-212.79686457817814,76.63262443467407,22.971575757575742,16.411153784815326,10.919903601096436,1.9158484848484818,-0.01776226686240534,0.06922991306106852,0.11569264069263951,19.712185652689488,19.805068508414546,56.3603949005838,-0.19636168327436437,5.551203049303922,995.9,-1.93,79.56,False
HAOS / PANGAEA,HAOS_Flight_01,HAOS_Flight_01_seg01,train,10.1594/PANGAEA.918814,CC BY 4.0,fixed-wing UAV,2020-02-27 15:44:34+00:00,0.0,65.03676,24.54047,49.88,384199.087151288,7214805.26407235,0.0,0.0,0.0,-0.075485692988849,0.12198801625972777,0.5518787878787897,-7.857355699730352,-4.085072053997128,-0.8902424242424254,-0.07122504775796834,0.06872934307419243,0.07870129870129894,8.85583718676181,8.900470990478784,242.52989018454775,0.6049251617221694,-5.740434197075347,995.86,-1.76,78.82,False
HAOS / PANGAEA,HAOS_Flight_01,HAOS_Flight_01_seg01,train,10.1594/PANGAEA.918814,CC BY 4.0,fixed-wing UAV,2020-02-27 15:44:35+00:00,1.0,65.03672,24.5403,49.88,384191.082438366,7214801.47415891,-8.004712921974715,-3.7899134401232004,0.0,-7.932841392719201,-3.9630840377374,-0.33836363636363564,-7.92858074748832,-4.0163427109229355,-0.8115411255411265,-0.1068375716369534,0.10309401461128886,0.1180519480519483,8.887823211620843,8.924796941077751,243.13481534626993,0.900739201083258,-5.217171764341832,995.86,-1.76,78.82,False
HAOS / PANGAEA,HAOS_Flight_01,HAOS_Flight_01_seg01,train,10.1594/PANGAEA.918814,CC BY 4.0,fixed-wing UAV,2020-02-27 15:44:36+00:00,2.0,65.03669,24.54013,49.12,384182.969084164,7214797.54214176,-16.118067123985384,-7.721930590458214,-0.7600000000000051,-15.93264718796549,-7.910697405586143,-1.0712034632034633,-8.071030843004259,-3.87888402477455,-0.6541385281385288,-0.14245009551592958,0.13745868614838708,0.15740259740259788,8.954735068463904,8.978595511569306,244.33136858671426,1.18742613721707,-4.178004499849842,995.96,-1.74,78.82,False
HAOS / PANGAEA,HAOS_Flight_01,HAOS_Flight_01_seg01,train,10.1594/PANGAEA.918814,CC BY 4.0,fixed-wing UAV,2020-02-27 15:44:37+00:00,3.0,65.03665,24.53997,49.12,384175.089581034,7214793.40649194,-23.99757025402505,-11.857580410316586,-0.7600000000000051,-24.07490307872772,-11.7208520872865,-1.6466406926406933,-8.21348093852018,-3.7414253386261613,-0.4967359307359307,-0.15251438455517974,0.14064172281242882,0.1599415584415591,9.025493487447001,9.039152575149526,245.50966762070402,1.212314636819809,-3.1502086688473994,995.96,-1.74,78.79,False
HAOS / PANGAEA,HAOS_Flight_01,HAOS_Flight_01_seg01,train,10.1594/PANGAEA.918814,CC BY 4.0,fixed-wing UAV,2020-02-27 15:44:38+00:00,4.0,65.03661,24.5398,47.3,384166.956378489,7214789.5493596,-32.13077279902063,-15.714712750166655,-2.5800000000000054,-32.35960906500585,-15.393548082838466,-2.0646753246753247,-8.376059612114618,-3.5976005791496926,-0.3342554112554106,-0.15555162151544355,0.13929024198499684,0.1438874458874464,9.115980723586238,9.122106732150716,246.7559978603539,1.1912135557563237,-2.099921996697451,996.2,-1.73,78.8,False
HAOS / PANGAEA,HAOS_Flight_01,HAOS_Flight_01_seg01,train,10.1594/PANGAEA.918814,CC BY 4.0,fixed-wing UAV,2020-02-27 15:44:39+00:00,5.0,65.03658,24.53962,46.92,384158.355920955,7214786.35834052,-40.731230332981795,-18.905731829814613,-2.960000000000001,-40.827022302956955,-18.916053245585886,-2.3151515151515145,-8.524584181551067,-3.4628448546561676,-0.2089610389610379,-0.12362515773395888,0.1261590799125254,0.08192207792207806,9.201077651871511,9.203450150436685,247.89209473221672,1.0204968085332222,-1.3009919437032114,996.25,-1.75,78.89,False
HAOS / PANGAEA,HAOS_Flight_01,HAOS_Flight_01_seg01,train,10.1594/PANGAEA.918814,CC BY 4.0,fixed-wing UAV,2020-02-27 15:44:40+00:00,6.0,65.036545,24.53944,47.260000000000005,384149.59483143047,7214783.11019856,-49.492319857527036,-22.153873790055513,-2.6199999999999974,-49.40877742810798,-22.3192377921508,-2.4825974025974005,-8.623309927582536,-3.3452824193246418,-0.17041125541125446,-0.06429190831400255,0.10917607358519765,0.02704545454545415,9.249453420185759,9.251023109265098,248.79699147742033,0.7772225126093212,-1.0554938489756451,996.2049999999999,-1.75,78.92,True
HAOS / PANGAEA,HAOS_Flight_01,HAOS_Flight_01_seg01,train,10.1594/PANGAEA.918814,CC BY 4.0,fixed-wing UAV,2020-02-27 15:44:41+00:00,7.0,65.03651,24.53926,47.6,384140.833741906,7214779.8620566,-58.25340938201407,-25.402015750296414,-2.280000000000001,-58.07364215812203,-25.60661808423517,-2.6559740259740234,-8.653167998179072,-3.2444927074857723,-0.1548701298701296,-0.004100250200425037,0.08427748801912394,-0.054155844155844624,9.24143113016803,9.242728714549873,249.44653975743532,0.49872736317835253,-0.9600866104165305,996.16,-1.75,78.95,False
HAOS / PANGAEA,HAOS_Flight_01,HAOS_Flight_01_seg01,train,10.1594/PANGAEA.918814,CC BY 4.0,fixed-wing UAV,2020-02-27 15:44:42+00:00,8.0,65.03648,24.53908,47.98,384132.305249509,7214776.39165875,-66.78190177900251,-28.87241359986365,-1.9000000000000057,-66.71511342446613,-28.808223207122346,-2.7923376623376597,-8.631510427983386,-3.176727443286394,-0.2787229437229437,0.022659529590598027,0.06519108695014353,-0.1626948051948054,9.197530620623931,9.201752876309623,249.794446203777,0.33228388328278086,-1.7357661706145329,996.11,-1.77,78.87,False
HAOS / PANGAEA,HAOS_Flight_01,HAOS_Flight_01_seg01,train,10.1594/PANGAEA.918814,CC BY 4.0,fixed-wing UAV,2020-02-27 15:44:43+00:00,9.0,65.03645,24.5389,46.24,384123.847330326,7214773.04548006,-75.23982096201507,-32.218592289835215,-3.6400000000000006,-75.3366630140888,-31.960072970807957,-3.213419913419911,-8.607848938997876,-3.1141105335854853,-0.4802597402597404,0.0255446577812819,0.05407768998847384,-0.1389285714285713,9.15383787118796,9.166427722406874,250.1111075240009,0.26361992052009886,-3.0032922139831877,996.34,-1.68,78.6,False
HAOS / PANGAEA,HAOS_Flight_01,HAOS_Flight_01_seg01,train,10.1594/PANGAEA.918814,CC BY 4.0,fixed-wing UAV,2020-02-27 15:44:44+00:00,10.0,65.03642,24.53872,45.86,384115.266760513,7214770.13279635,-83.82039077498484,-35.13127600029111,-4.020000000000003,-83.93081130246188,-35.036444274293316,-3.7528571428571404,-8.580421112420822,-3.068572063309446,-0.5565800865800863,0.008666828511969982,0.033490603539721775,-0.08170995670995584,9.112615484821038,9.129597053921803,250.32168604481723,0.17943039616309703,-3.4951681512188233,996.39,-1.71,78.88,False
HAOS / PANGAEA,HAOS_Flight_01,HAOS_Flight_01_seg01,train,10.1594/PANGAEA.918814,CC BY 4.0,fixed-wing UAV,2020-02-27 15:44:45+00:00,11.0,65.03639,24.53854,45.17,384106.564003736,7214767.37393114,-92.52314755198313,-37.89014121051878,-4.710000000000001,-92.49750523893044,-38.09721709742685,-4.326580086580083,-8.590515281973936,-3.0471293265060417,-0.6436796536796521,-0.03810261481719124,0.015243683924527573,-0.020432900432899914,9.114930056905587,9.137629530619089,250.46996831632708,0.1697728131635901,-4.039417079596981,996.48,-1.72,79.12,False
HAOS / PANGAEA,HAOS_Flight_01,HAOS_Flight_01_seg01,train,10.1594/PANGAEA.918814,CC BY 4.0,fixed-wing UAV,2020-02-27 15:44:46+00:00,12.0,65.03636,24.53835,45.17,384097.773521823,7214764.333607,-101.31362946500303,-40.930465349927545,-4.710000000000001,-101.11184186640975,-41.1307029273054,-5.040216450216445,-8.656626342055205,-3.038084695460391,-0.5974458874458861,-0.06199057566257693,-0.01954733170326861,0.07629870129870098,9.174264997412857,9.193697832275147,250.6612316711444,0.01425942757750764,-3.725950877268987,996.48,-1.72,79.12,False
HAOS / PANGAEA,HAOS_Flight_01,HAOS_Flight_01_seg01,train,10.1594/PANGAEA.918814,CC BY 4.0,fixed-wing UAV,2020-02-27 15:44:47+00:00,13.0,65.03633,24.53818,44.87,384089.31966308,7214761.03198529,-109.76748820801731,-44.23208705987781,-5.010000000000005,-109.81075792304085,-44.17338648834763,-5.521471861471856,-8.71449643329909,-3.086223989912579,-0.4910822510822501,-0.04351257295134303,-0.05062269235183159,0.10086580086580055,9.244848652189742,9.257882499752439,250.4984871714821,-0.20572734547781554,-3.040668550142622,996.52,-1.69,78.8,False
HAOS / PANGAEA,HAOS_Flight_01,HAOS_Flight_01_seg01,train,10.1594/PANGAEA.918814,CC BY 4.0,fixed-wing UAV,2020-02-27 15:44:48+00:00,14.0,65.03629,24.538,43.88,384080.741174508,7214757.78042309,-118.34597677999409,-47.48364926036447,-6.0,-118.54083473300793,-47.30315090713056,-6.022380952380945,-8.74365148795789,-3.1393300801640542,-0.395714285714285,-0.031548713766987646,-0.014351246510615923,0.07587662337662326,9.29014718371518,9.298571099422182,250.24977698018876,-0.018430249664051133,-2.4390422353885057,996.65,-1.73,79.07,False
HAOS / PANGAEA,HAOS_Flight_01,HAOS_Flight_01_seg01,train,10.1594/PANGAEA.918814,CC BY 4.0,fixed-wing UAV,2020-02-27 15:44:49+00:00,15.0,65.03626,24.53781,42.74,384071.80463468,7214754.81101241,-127.2825166080147,-50.453059940598905,-7.140000000000001,-127.29806089895663,-50.45204664867574,-6.312900432900426,-8.777593860833065,-3.114926482933811,-0.3393290043290036,-0.051763692070956324,0.04970601811960762,0.09292207792207785,9.313910080080047,9.320089331814133,250.461626672154,0.3936715466894763,-2.0865055036493776,996.8,-1.64,78.66,False
HAOS / PANGAEA,HAOS_Flight_01,HAOS_Flight_01_seg01,train,10.1594/PANGAEA.918814,CC BY 4.0,fixed-wing UAV,2020-02-27 15:44:50+00:00,16.0,65.03623,24.53762,43.2,384062.813621688,7214751.86550393,-136.2735296000028,-53.39856842067093,-6.68,-136.09602245467406,-53.53300387299818,-6.701038961038952,-8.847178872099803,-3.039918043924839,-0.20987012987012932,-0.07413764734256034,0.06713068532935118,0.21359307359307267,9.354874435753212,9.357228285134475,251.0371200735677,0.5361877955959107,-1.2851755570967498,996.74,-1.68,78.86,False
HAOS / PANGAEA,HAOS_Flight_01,HAOS_Flight_01_seg01,train,10.1594/PANGAEA.918814,CC BY 4.0,fixed-wing UAV,2020-02-27 15:44:51+00:00,17.0,65.0362,24.53744,43.5,384054.07215088,7214748.68239257,-145.01500040799147,-56.58167978003621,-6.380000000000003,-144.99241864315624,-56.53188273652542,-6.732640692640684,-8.925869155518185,-2.9806651122751084,0.08785714285714175,-0.16505640895677232,-0.006046425296169389,0.15635281385281297,9.410393439860254,9.410803556047481,251.53400226334583,0.2838788347195779,0.5349082658957371,996.7,-1.69,79.17,False
HAOS / PANGAEA,HAOS_Flight_01,HAOS_Flight_01_seg01,train,10.1594/PANGAEA.918814,CC BY 4.0,fixed-wing UAV,2020-02-27 15:44:52+00:00,18.0,65.03617,24.53725,43.5,384045.211668647,7214745.6837676,-153.87548264098587,-59.58030475024134,-6.380000000000003,-153.94776076571043,-59.494334097548396,-6.5253246753246685,-9.177291690013348,-3.0520108945171778,0.10283549783549661,-0.18242749403589897,-0.06802291207285549,-0.11073593073593058,9.671476271171821,9.672022973683152,251.60487774300685,-0.03939623193681144,0.6091953092701431,996.7,-1.71,78.62,False
HAOS / PANGAEA,HAOS_Flight_01,HAOS_Flight_01_seg01,train,10.1594/PANGAEA.918814,CC BY 4.0,fixed-wing UAV,2020-02-27 15:44:53+00:00,19.0,65.03614,24.53707,42.82,384036.256280638,7214742.73348958,-162.83087065001018,-62.5305827697739,-7.060000000000002,-163.34700202318294,-62.63590452555977,-6.526969696969691,-9.290724143589983,-3.1167109364208194,-0.1336147186147194,0.2776787957082476,0.08577224543495277,-0.17678571428571388,9.799563366471537,9.800474226613805,251.4552097994722,-0.03931177649280425,-0.7811659374370133,996.79,-1.67,78.82,False
HAOS / PANGAEA,HAOS_Flight_01,HAOS_Flight_01_seg01,train,10.1594/PANGAEA.918814,CC BY 4.0,fixed-wing UAV,2020-02-27 15:44:54+00:00,20.0,65.03611,24.53688,43.73,384027.113308388,7214739.79267241,-171.97384290001355,-65.47139994055033,-6.150000000000006,-172.5292090528904,-65.72775597039004,-6.792554112554107,-8.621934098596853,-2.8804664036472722,-0.25073593073593115,0.8197412898241652,0.23937470523047644,-0.04773809523809458,9.090370416164998,9.093827731491828,251.5262541900213,-0.23907728768061068,-1.5799652122833925,996.67,-1.73,78.95,False
HAOS / PANGAEA,HAOS_Flight_01,HAOS_Flight_01_seg01,train,10.1594/PANGAEA.918814,CC BY 4.0,fixed-wing UAV,2020-02-27 15:44:55+00:00,21.0,65.03608,24.53668,42.97,384017.922136777,7214736.73205938,-181.1650145109743,-68.53201297018677,-6.910000000000004,-180.59087022037664,-68.39683733285432,-7.028441558441553,-7.651241563941653,-2.6379615259598665,-0.22909090909090857,0.795457388003797,0.10124797328754731,-0.04399350649350575,8.093227939594486,8.096469670594766,250.97705522411098,-1.1885304150074172,-1.621409682813306,996.77,-1.71,78.65,False
HAOS / PANGAEA,HAOS_Flight_01,HAOS_Flight_01_seg01,train,10.1594/PANGAEA.918814,CC BY 4.0,fixed-wing UAV,2020-02-27 15:44:56+00:00,22.0,65.03605,24.53649,41.98,384008.84690239,7214733.42254217,-190.24024889798602,-71.84153018053621,-7.900000000000006,-187.8316921807737,-71.00367902230977,-7.2507359307359245,-7.031019322589259,-2.6779704570721776,-0.33872294372294265,0.3992046745794795,-0.07744376770083505,-0.09639610389610365,7.52374630643371,7.531367187714276,249.14919336000645,-1.5751224097158507,-2.5777449547950724,996.9,-1.7,78.65,False
HAOS / PANGAEA,HAOS_Flight_01,HAOS_Flight_01_seg01,train,10.1594/PANGAEA.918814,CC BY 4.0,fixed-wing UAV,2020-02-27 15:44:57+00:00,23.0,65.03603,24.5364,42.36,384004.372479276,7214731.62199472,-194.71467201202177,-73.64207763038576,-7.520000000000003,-194.65290886555516,-73.75277824699867,-7.705887445887439,-6.852832214782694,-2.7928490613615367,-0.42188311688311586,-0.05288051257440429,-0.1140752015776556,0.07804112554112574,7.400088867271224,7.412105005180547,247.8268104046793,-0.6527555690855434,-3.262931747545713,996.85,-1.75,79.06,False
HAOS / PANGAEA,HAOS_Flight_01,HAOS_Flight_01_seg01,train,10.1594/PANGAEA.918814,CC BY 4.0,fixed-wing UAV,2020-02-27 15:44:58+00:00,24.0,65.03601,24.53631,42.29,383999.898005532,7214729.82143585,-199.1891457560123,-75.44263650011271,-7.590000000000003,-201.5373566103391,-76.58937714503284,-8.094502164502156,-7.136780347738068,-2.906120860227489,-0.18264069264069116,-0.5045794999511486,-0.12792944013205698,0.25569264069264075,7.705788226139468,7.7079523745750995,247.84368222183537,0.4889940645168004,-1.3577562272592967,996.86,-1.78,78.29,False
HAOS / PANGAEA,HAOS_Flight_01,HAOS_Flight_01_seg01,train,10.1594/PANGAEA.918814,CC BY 4.0,fixed-wing UAV,2020-02-27 15:44:59+00:00,25.0,65.03597,24.53612,41.64,383990.817068186,7214725.67087113,-208.27008310199017,-79.59320122003555,-8.240000000000002,-208.9264695610313,-79.56501996745365,-8.071168831168821,-7.861991214684991,-3.0487079416256506,0.08950216450216564,-0.9415040074023509,-0.14840270099189112,0.15309523809523706,8.432409262667182,8.432884240315756,248.8047985337129,1.3031852958022152,0.608118458450586,996.94,-1.75,78.52,False
HAOS / PANGAEA,HAOS_Flight_01,HAOS_Flight_01_seg01,train,10.1594/PANGAEA.918814,CC BY 4.0,fixed-wing UAV,2020-02-27 15:45:00+00:00,26.0,65.03594,24.53592,41.0,383981.375644711,7214722.00715253,-217.7115065769758,-83.25691981986165,-8.880000000000003,-217.26133903970907,-82.68679302828414,-7.915497835497825,-9.01978836254277,-3.202926262211271,0.12354978354978297,-1.0442014624032225,-0.05873168763922365,0.03520562770562696,9.571589144244786,9.572386499470225,250.45005281343975,1.7721809289451769,0.7395311205805556,997.03,-1.72,78.76,False
HAOS / PANGAEA,HAOS_Flight_01,HAOS_Flight_01_seg01,train,10.1594/PANGAEA.918814,CC BY 4.0,fixed-wing UAV,2020-02-27 15:45:01+00:00,27.0,65.03591,24.53572,42.59,383971.627797573,7214719.20343436,-227.45935371500673,-86.06063799001276,-7.289999999999999,-226.96604628611684,-85.9708724918762,-7.824069264069255,-9.950394139491436,-3.166171316904098,0.15991341991341956,-0.5342040928948819,0.20709233906309166,0.0410930735930739,10.441981820478896,10.443206243346923,252.34916039160322,2.0486136834425888,0.8773859229590569,996.82,-1.76,78.8,False
HAOS / PANGAEA,HAOS_Flight_01,HAOS_Flight_01_seg01,train,10.1594/PANGAEA.918814,CC BY 4.0,fixed-wing UAV,2020-02-27 15:45:02+00:00,28.0,65.03588,24.53552,42.59,383962.057821928,7214716.12541732,-237.02932935999706,-89.1386550301686,-7.289999999999999,-237.16212731869194,-89.01913566209234,-7.595670995670986,-10.088196548332533,-2.7887415840850878,0.20573593073593077,0.016863263921592875,0.27395191295999766,-0.04621212121212137,10.466555747742131,10.468577577387943,254.54728018032495,1.4303592791190742,1.1260898979481557,996.82,-1.76,78.8,False
HAOS / PANGAEA,HAOS_Flight_01,HAOS_Flight_01_seg01,train,10.1594/PANGAEA.918814,CC BY 4.0,fixed-wing UAV,2020-02-27 15:45:03+00:00,29.0,65.03585,24.53531,42.44,383952.389462972,7214713.39685661,-246.69768831599504,-91.86721574049443,-7.440000000000005,-247.1424393827819,-91.54835566004637,-7.4125974025973935,-9.91666761164825,-2.6182674909841026,0.06748917748917682,0.3740396002594011,-0.23775997414914585,-0.2257521645021643,10.256491660127141,10.256713701928888,255.2098789498414,-1.9056012121875692,0.3770089571836504,996.84,-1.77,78.69,False
HAOS / PANGAEA,HAOS_Flight_01,HAOS_Flight_01_seg01,train,10.1594/PANGAEA.918814,CC BY 4.0,fixed-wing UAV,2020-02-27 15:45:04+00:00,30.0,65.03582,24.53511,42.36,383942.694412943,7214710.79051329,-256.3927383450209,-94.473559060134,-7.520000000000003,-256.99546254198845,-94.25567064406054,-7.460692640692632,-9.340117347813731,-3.2642615323833795,-0.2457683982683978,1.0403892538818837,-0.8076754434828466,-0.21079004329004247,9.89409902026096,9.897150980373913,250.73607775594982,-6.795797457083295,-1.422928637743583,996.85,-1.79,78.84,False
HAOS / PANGAEA,HAOS_Flight_01,HAOS_Flight_01_seg01,train,10.1594/PANGAEA.918814,CC BY 4.0,fixed-wing UAV,2020-02-27 15:45:05+00:00,31.0,65.03579,24.53491,42.21,383933.380881376,7214707.78947679,-265.70626991201425,-97.47459555976093,-7.670000000000002,-265.82267407840936,-98.07687872481313,-7.904134199134189,-7.835889103884483,-4.233618377949796,-0.3540909090909081,1.6166378500148397,-0.5734267688247492,0.019161255411255684,8.906440513386357,8.913476481732067,241.61828403567478,-8.28877156005018,-2.276693561571785,996.87,-1.8,79.26,False
HAOS / PANGAEA,HAOS_Flight_01,HAOS_Flight_01_seg01,train,10.1594/PANGAEA.918814,CC BY 4.0,fixed-wing UAV,2020-02-27 15:45:06+00:00,32.0,65.03576,24.53475,41.6,383925.395640594,7214703.83517354,-273.69151069398504,-101.42889881040901,-8.280000000000001,-272.6672407497574,-102.72290739996014,-8.168874458874448,-6.1068416477840515,-4.411115070032878,-0.20744588744588643,2.177995240987485,-0.4116310844030515,0.1795995670995667,7.5333558970873655,7.536211572693484,234.15853463584943,-13.542215655462185,-1.5773542478137303,996.95,-1.81,78.92,False
HAOS / PANGAEA,HAOS_Flight_01,HAOS_Flight_01_seg01,train,10.1594/PANGAEA.918814,CC BY 4.0,fixed-wing UAV,2020-02-27 15:45:07+00:00,33.0,65.0357,24.53465,41.45,383920.540409031,7214697.66533541,-278.54674225702183,-107.59873693995178,-8.43,-278.03635737397747,-106.89910886487888,-8.319025974025962,-3.4798986219095127,-5.056880546755899,0.005108225108225284,3.2035021986047383,-1.1094850222287818,0.20726190476190398,6.138545046094063,6.138547171512957,214.53385272475043,-28.375353488586974,0.047678997180567714,996.97,-1.76,79.1,False
HAOS / PANGAEA,HAOS_Flight_01,HAOS_Flight_01_seg01,train,10.1594/PANGAEA.918814,CC BY 4.0,fixed-wing UAV,2020-02-27 15:45:08+00:00,34.0,65.03563,24.53464,41.45,383919.978107142,7214690.01129099,-279.10904414602555,-115.25278136041015,-8.43,-279.62703799357644,-112.83666849347193,-8.158658008657998,0.3001627494254251,-6.630085114490441,0.20707792207792153,3.60403999080296,-1.3593628015994135,0.19696969696969635,6.636876245759774,6.640105990670817,177.4078276586755,-30.075120910713455,1.7871122865722806,996.97,-1.76,79.1,False
HAOS / PANGAEA,HAOS_Flight_01,HAOS_Flight_01_seg01,train,10.1594/PANGAEA.918814,CC BY 4.0,fixed-wing UAV,2020-02-27 15:45:09+00:00,35.0,65.035595,24.534675,41.985,383921.467853468,7214685.8662750255,-277.6192978199688,-119.3977973246947,-7.895000000000003,-277.4360318751266,-120.15927909385977,-7.904870129870119,3.728181359696407,-7.775606149954726,0.399047619047618,2.9503888018455484,-0.9187348443557113,0.1313419913419911,8.623188925797782,8.632417173206417,154.38361090332353,-16.811903093877447,2.6495354322837787,996.9000000000001,-1.7850000000000001,79.16,True
HAOS / PANGAEA,HAOS_Flight_01,HAOS_Flight_01_seg01,train,10.1594/PANGAEA.918814,CC BY 4.0,fixed-wing UAV,2020-02-27 15:45:10+00:00,36.0,65.03556,24.53471,42.52,383922.957599794,7214681.72125906,-276.1295514939702,-123.54281328991055,-7.359999999999999,-272.1706752741836,-128.38788079338138,-7.360562770562762,6.200940353116522,-8.467554803201864,0.4697619047619037,1.8743385887709678,-0.5727458419308462,0.008538961038961457,10.495291592334908,10.505799439133671,143.7840214709206,-7.175155162006376,2.5628084570286567,996.83,-1.81,79.22,False
HAOS / PANGAEA,HAOS_Flight_01,HAOS_Flight_01_seg01,train,10.1594/PANGAEA.918814,CC BY 4.0,fixed-wing UAV,2020-02-27 15:45:11+00:00,37.0,65.03542,24.53501,43.35,383936.065868155,7214665.43154541,-263.02128313301364,-139.83252693992108,-6.530000000000001,-265.0341511688936,-137.0943887002635,-6.9653463203463115,7.476858537238343,-8.921097833816418,0.4161255411255409,0.6874169427909891,-0.27015189628633607,-0.09258658008657972,11.639991415220111,11.64742721000543,140.03330057931078,-1.9242361285655918,2.0474317461619043,996.72,-1.84,79.08,False
HAOS / PANGAEA,HAOS_Flight_01,HAOS_Flight_01_seg01,train,10.1594/PANGAEA.918814,CC BY 4.0,fixed-wing UAV,2020-02-27 15:45:12+00:00,38.0,65.03535,24.53517,42.97,383943.491262956,7214657.42082115,-255.59588833199814,-147.84325120039284,-6.910000000000004,-257.21695819970694,-146.23007646101422,-6.52831168831168,7.5757742386985,-9.007858595774536,0.2845887445887443,-0.15096756117148402,-0.19450345189608242,-0.16819264069264062,11.770041282731214,11.773481326725058,139.93554921378944,1.1733516680730522,1.3850892353949094,996.77,-1.8,79.59,False
HAOS / PANGAEA,HAOS_Flight_01,HAOS_Flight_01_seg01,train,10.1594/PANGAEA.918814,CC BY 4.0,fixed-wing UAV,2020-02-27 15:45:13+00:00,39.0,65.03528,24.53532,43.81,383950.227899802,7214649.29733105,-248.8592514860211,-155.966741300188,-6.07,-249.88260269149657,-155.11010589181257,-6.396168831168823,7.174923414895375,-9.310104737608583,0.07974025974025967,-0.7164310877313227,-0.261921404116066,-0.15066558441558442,11.75404510093677,11.754315579559668,142.38000391545688,3.631907529286345,0.38869259157362024,996.66,-1.83,79.11,False
HAOS / PANGAEA,HAOS_Flight_01,HAOS_Flight_01_seg01,train,10.1594/PANGAEA.918814,CC BY 4.0,fixed-wing UAV,2020-02-27 15:45:14+00:00,40.0,65.0352,24.53545,43.2,383956.017461967,7214640.95368562,-243.06968932098243,-164.310386730358,-6.68,-242.8671113699162,-164.8502859362314,-6.368831168831161,6.142912063235855,-9.531701404006668,-0.01674242424242456,-0.9597683294024435,-0.376894976076926,-0.05782467532467539,11.339695775098697,11.339708134716728,147.19936427236212,5.023169416358148,-0.08459394060486503,996.74,-1.81,78.73,False
HAOS / PANGAEA,HAOS_Flight_01,HAOS_Flight_01_seg01,train,10.1594/PANGAEA.918814,CC BY 4.0,fixed-wing UAV,2020-02-27 15:45:15+00:00,41.0,65.03513,24.53556,43.88,383960.885977978,7214632.42165968,-238.20117330999346,-172.84241267014295,-6.0,-237.59677856502486,-174.1735086998259,-6.429653679653672,5.255386756090488,-10.063894689762435,-0.03590909090909111,-0.5920102818553019,-0.7011488042217238,-0.07933441558441579,11.353460542174787,11.353517329247785,152.42634274817317,4.2024700749395185,-0.18121633374283685,996.65,-1.81,79.14,False
HAOS / PANGAEA,HAOS_Flight_01,HAOS_Flight_01_seg01,train,10.1594/PANGAEA.918814,CC BY 4.0,fixed-wing UAV,2020-02-27 15:45:16+00:00,42.0,65.03505,24.53566,42.97,383965.108294268,7214623.64054971,-233.97885701997438,-181.62352264020592,-6.910000000000004,-232.3563378577352,-184.97807531575626,-6.440649350649343,4.958891499525251,-10.933999012450116,-0.17541125541125613,-0.43940082648342127,-0.43962394569000196,-0.10582251082251104,12.005954327262947,12.007235669247475,155.60430442224117,2.8876403232752597,-0.8370521250880703,996.77,-1.81,78.49,False
HAOS / PANGAEA,HAOS_Flight_01,HAOS_Flight_01_seg01,train,10.1594/PANGAEA.918814,CC BY 4.0,fixed-wing UAV,2020-02-27 15:45:17+00:00,43.0,65.03489,24.53584,43.35,383973.042195314,7214605.8737234,-226.04495597397909,-199.39034895040095,-6.530000000000001,-227.67899556597436,-196.04150672472613,-6.780476190476184,4.376585103123645,-10.943142581142439,-0.2475541125541132,-0.6242730876738847,0.22966331845546506,0.03385281385281447,11.785875729707003,11.788475293893567,158.2016233947237,2.4452492524741283,-1.2032810164924255,996.72,-1.86,79.14,False
HAOS / PANGAEA,HAOS_Flight_01,HAOS_Flight_01_seg01,train,10.1594/PANGAEA.918814,CC BY 4.0,fixed-wing UAV,2020-02-27 15:45:18+00:00,44.0,65.03482,24.53591,43.12,383976.149355225,7214597.00138457,-222.9377960630227,-208.26268777996302,-6.760000000000005,-223.60316765148792,-206.86436047804114,-6.935757575757569,3.7103453241774815,-10.474672375539186,-0.1077056277056272,-0.7580757127425102,0.6540429315245504,0.14945887445887518,11.112399551830803,11.11292150164703,160.49480292718943,2.6316977437628597,-0.5553152258195715,996.75,-1.86,79.13,False
HAOS / PANGAEA,HAOS_Flight_01,HAOS_Flight_01_seg01,train,10.1594/PANGAEA.918814,CC BY 4.0,fixed-wing UAV,2020-02-27 15:45:19+00:00,45.0,65.03474,24.53597,42.82,383978.757455771,7214588.5031417,-220.32969551702263,-216.7609306499362,-7.060000000000002,-220.2583049176194,-216.9908514758045,-6.995887445887439,2.8604336776386248,-9.635056718093338,0.051363636363637166,-0.8392205500916035,0.9827061796135652,0.09734848484848468,10.050691458056246,10.050822703051988,163.4650188822494,3.037586922931562,0.29280512459287367,996.79,-1.81,79.0,False
HAOS / PANGAEA,HAOS_Flight_01,HAOS_Flight_01_seg01,train,10.1594/PANGAEA.918814,CC BY 4.0,fixed-wing UAV,2020-02-27 15:45:20+00:00,46.0,65.03467,24.53603,42.29,383981.222721125,7214580.01404362,-217.86443016299745,-225.2500287303701,-7.590000000000003,-217.88230029621067,-226.1344739142278,-6.833030303030295,2.0319042239942746,-8.509260016312055,0.08699134199134217,-0.12702592864128803,0.6745599944999299,-0.03783549783549822,8.748493630373908,8.748926122346345,166.56997677305253,-0.463120910060017,0.5697063630433209,996.86,-1.84,79.4,False
HAOS / PANGAEA,HAOS_Flight_01,HAOS_Flight_01_seg01,train,10.1594/PANGAEA.918814,CC BY 4.0,fixed-wing UAV,2020-02-27 15:45:21+00:00,47.0,65.03459,24.53609,43.27,383983.561390858,7214571.67490397,-215.52576042996952,-233.5891683800146,-6.609999999999999,-216.19449646963085,-234.00937150842861,-6.821904761904754,2.6063818203560487,-8.285936729093478,-0.024307359307359278,1.1389263922742714,0.12636731235608778,-0.12103896103896084,8.686194429784706,8.686228440453275,162.53877706212938,-7.0668608966649975,-0.16033551577346655,996.73,-1.86,79.2,False
HAOS / PANGAEA,HAOS_Flight_01,HAOS_Flight_01_seg01,train,10.1594/PANGAEA.918814,CC BY 4.0,fixed-wing UAV,2020-02-27 15:45:22+00:00,48.0,65.03452,24.53615,43.58,383985.999950455,7214563.28345693,-213.08720083301887,-241.980615420267,-6.300000000000004,-212.66953665549858,-242.70634737241477,-6.881645021645014,4.309757008542817,-8.25652539159988,-0.1550865800865795,1.3957082037748378,0.5380988666773519,-0.1779329004329,9.313657553014147,9.314948677375545,152.43625497972255,-9.680147871299473,-0.9539738087586702,996.69,-1.9,79.1,False
HAOS / PANGAEA,HAOS_Flight_01,HAOS_Flight_01_seg01,train,10.1594/PANGAEA.918814,CC BY 4.0,fixed-wing UAV,2020-02-27 15:45:23+00:00,49.0,65.03444,24.53623,42.89,383989.512773863,7214554.7562937,-209.57437742501497,-250.5077786501497,-6.990000000000002,-207.5749824525452,-250.52242229162837,-7.132077922077913,5.397798227905724,-7.209738995738775,-0.3801731601731593,1.0982137571835722,1.2241113894836815,-0.184577922077922,9.006473343982012,9.014493536942306,143.17848131953042,-10.339915021200229,-2.4170830763101945,996.78,-1.86,79.0,False
HAOS / PANGAEA,HAOS_Flight_01,HAOS_Flight_01_seg01,train,10.1594/PANGAEA.918814,CC BY 4.0,fixed-wing UAV,2020-02-27 15:45:24+00:00,50.0,65.03438,24.53639,42.21,383996.731237886,7214547.38015786,-202.3559134019888,-257.8839144902304,-7.670000000000002,-201.87394019968713,-257.1258253638923,-7.641991341991332,6.506184522909962,-5.808302612632517,-0.5242424242424235,1.5136418064797397,1.6656528853073524,-0.06532467532467567,8.721629222001292,8.73737068032726,131.7564249373221,-14.229900274328685,-3.4398139724909345,996.87,-1.85,79.34,False
HAOS / PANGAEA,HAOS_Flight_01,HAOS_Flight_01_seg01,train,10.1594/PANGAEA.918814,CC BY 4.0,fixed-wing UAV,2020-02-27 15:45:25+00:00,51.0,65.03434,24.53663,41.45,384007.663058123,7214542.48380251,-191.42409316496924,-262.7802698398009,-8.43,-194.5626134067253,-262.1390275168934,-8.18056277056276,8.425081840865204,-3.87843322512407,-0.5108225108225106,2.033571490754291,2.320145651456194,0.11404761904761873,9.274925784448245,9.288982072573178,114.71868077087305,-17.726325092738957,-3.152417093700564,996.97,-1.82,78.65,False
HAOS / PANGAEA,HAOS_Flight_01,HAOS_Flight_01_seg01,train,10.1594/PANGAEA.918814,CC BY 4.0,fixed-wing UAV,2020-02-27 15:45:26+00:00,52.0,65.03433,24.53678,41.0,384014.689910852,7214541.68267447,-184.39724043599563,-263.58139787986875,-8.880000000000003,-185.02377651795672,-264.88269181414046,-8.663636363636353,10.573327504418543,-1.1680113097201286,-0.29614718614718605,1.9303343755934463,3.065127694747474,0.26305194805194754,10.637645648136987,10.641767150769212,96.30377475184417,-17.55249365634001,-1.5946763839147744,997.03,-1.83,79.22,False
HAOS / PANGAEA,HAOS_Flight_01,HAOS_Flight_01_seg01,train,10.1594/PANGAEA.918814,CC BY 4.0,fixed-wing UAV,2020-02-27 15:45:27+00:00,53.0,65.03433,24.53693,40.92,384021.716695909,7214540.88157113,-177.37045537901577,-264.3825012203306,-8.96,-173.4159583978882,-264.47505013633366,-8.772857142857132,12.285750592052096,2.2518221643708785,0.015281385281384452,1.6095174713381795,3.7468947444677454,0.24766774891774812,12.490411148959845,12.490420496956718,79.61369345819304,-15.471013334063056,0.07009844867726417,997.04,-1.79,78.95,False
HAOS / PANGAEA,HAOS_Flight_01,HAOS_Flight_01_seg01,train,10.1594/PANGAEA.918814,CC BY 4.0,fixed-wing UAV,2020-02-27 15:45:28+00:00,54.0,65.03436,24.53726,41.76,384037.786041105,7214543.60163406,-161.30111018300522,-261.6624382901937,-8.120000000000005,-160.45227533385253,-260.3790474853987,-8.633073593073584,13.792362447094902,6.325778179215362,0.1991883116883102,1.386659178095698,3.860443395927348,0.10492424242424248,15.173817299699865,15.175124626446536,65.36174808371806,-11.563894544348445,0.7520845865191396,996.93,-1.86,78.6,False
HAOS / PANGAEA,HAOS_Flight_01,HAOS_Flight_01_seg01,train,10.1594/PANGAEA.918814,CC BY 4.0,fixed-wing UAV,2020-02-27 15:45:29+00:00,55.0,65.03443,24.53761,41.0,384054.278962165,7214551.19747411,-144.80818912299583,-254.0665982402861,-8.880000000000003,-145.8312335036984,-251.82349377790294,-8.374480519480512,15.059068948243493,9.972708956225574,0.2251298701298694,0.3708577225417713,2.783516762574564,-0.07633658008657918,18.06185155274877,18.063254550937323,56.485904369496154,-7.327104556621637,0.7141196696120381,997.03,-1.82,78.65,False
HAOS / PANGAEA,HAOS_Flight_01,HAOS_Flight_01_seg01,train,10.1594/PANGAEA.918814,CC BY 4.0,fixed-wing UAV,2020-02-27 15:45:30+00:00,56.0,65.03455,24.53792,41.91,384069.420529124,7214563.59995739,-129.66662216401892,-241.6641149604693,-7.970000000000006,-130.33413743736554,-240.43362957294755,-8.182813852813846,14.534077892178445,11.89281170436449,0.04651515151515184,-1.3700417192867924,1.256735637136913,-0.1731709956709948,18.77973350213946,18.77979110828179,50.707538970474786,-5.936045165708095,0.14191449600863204,996.91,-1.86,79.04,False
HAOS / PANGAEA,HAOS_Flight_01,HAOS_Flight_01_seg01,train,10.1594/PANGAEA.918814,CC BY 4.0,fixed-wing UAV,2020-02-27 15:45:31+00:00,57.0,65.03469,24.5382,41.91,384083.192199283,7214578.69097428,-115.89495200500824,-226.5730980699882,-7.970000000000006,-116.76307771934151,-228.03787036917396,-8.281450216450208,12.318985509669908,12.4861802304994,-0.12121212121212022,-1.906299954116779,0.22351711410908592,-0.06575757575757546,17.54029933427509,17.540718147051447,44.613814038079965,-4.86089371089841,-0.39593579849304783,996.91,-1.85,78.96,False
HAOS / PANGAEA,HAOS_Flight_01,HAOS_Flight_01_seg01,train,10.1594/PANGAEA.918814,CC BY 4.0,fixed-wing UAV,2020-02-27 15:45:32+00:00,58.0,65.03484,24.53847,41.6,384096.638589663,7214594.46715768,-102.44856162497308,-210.7969146706164,-8.280000000000001,-105.69616641802573,-215.46126911194875,-8.425238095238086,10.721477983944887,12.339845932582662,-0.08499999999999908,-1.2338282323785208,-0.5465457141177694,0.042683982683982435,16.34692288475393,16.34714387286329,40.98575154867797,-1.8823165179468875,-0.29792135202336084,996.95,-1.84,78.72,False
HAOS / PANGAEA,HAOS_Flight_01,HAOS_Flight_01_seg01,train,10.1594/PANGAEA.918814,CC BY 4.0,fixed-wing UAV,2020-02-27 15:45:33+00:00,59.0,65.03491,24.538615,41.225,384103.74372624,7214602.001444235,-95.34342504799133,-203.26262811478227,-8.655000000000001,-95.32012175145174,-203.35817850400863,-8.451450216450207,9.851329044912866,11.393088802263861,-0.035844155844155345,0.3242011927768118,-0.5896147734523822,0.07810606060606018,15.061578815230959,15.061621466858147,40.849181002186185,2.273199102840922,-0.136354561371762,997.0,-1.82,78.88,True
HAOS / PANGAEA,HAOS_Flight_01,HAOS_Flight_01_seg01,train,10.1594/PANGAEA.918814,CC BY 4.0,fixed-wing UAV,2020-02-27 15:45:34+00:00,60.0,65.03498,24.53876,40.85,384110.848862817,7214609.53573079,-88.23828847100958,-195.72834155987948,-9.030000000000001,-85.9935083282,-192.67509150742103,-8.496926406926397,11.36988036949851,11.160616385677898,0.07121212121212128,2.7523533870998023,0.3606796589119625,0.1194588744588736,15.932154208548496,15.932313356546095,45.53214975435981,5.440373088353708,0.25609385717796057,997.05,-1.8,79.04,False
HAOS / PANGAEA,HAOS_Flight_01,HAOS_Flight_01_seg01,train,10.1594/PANGAEA.918814,CC BY 4.0,fixed-wing UAV,2020-02-27 15:45:35+00:00,61.0,65.03511,24.53907,41.76,384126.018765069,7214623.7765223,-73.06838621897623,-181.48755005002022,-8.120000000000005,-72.58036101245472,-181.03694573265284,-8.309025974025964,15.35603581911247,12.114448120087786,0.20307359307359185,3.8591127704464956,1.0290159232978837,0.02159090909090855,19.559337650650743,19.560391821647325,51.729927178893604,4.882487638865285,0.5948484541881197,996.93,-1.84,78.73,False
HAOS / PANGAEA,HAOS_Flight_01,HAOS_Flight_01_seg01,train,10.1594/PANGAEA.918814,CC BY 4.0,fixed-wing UAV,2020-02-27 15:45:36+00:00,62.0,65.03523,24.5394,41.76,384142.098422246,7214636.79994421,-56.98872904200107,-168.46412814036012,-8.120000000000005,-55.28143668997505,-168.44619526724546,-8.090779220779213,19.0881059103915,13.218648232273665,0.11439393939393838,3.090755724978898,0.6996305681517185,-0.10075757575757516,23.218278324090154,23.218560125647,55.29712503209038,3.0819522329815383,0.28228780811911264,996.93,-1.8,79.26,False
HAOS / PANGAEA,HAOS_Flight_01,HAOS_Flight_01_seg01,train,10.1594/PANGAEA.918814,CC BY 4.0,fixed-wing UAV,2020-02-27 15:45:37+00:00,63.0,65.03534,24.53975,42.29,384158.840627742,7214648.60303531,-40.24652354599675,-156.66103703994304,-7.590000000000003,-34.40414919167171,-154.5996492681055,-8.080238095238087,21.537547269070267,13.513709256391223,0.0015584415584415368,1.3556928245929107,-0.5082447272211326,-0.10856601731601678,25.426094474647694,25.426094522408473,57.893831644856675,2.732583758793253,0.0035118300961913436,996.86,-1.85,78.89,False
HAOS / PANGAEA,HAOS_Flight_01,HAOS_Flight_01_seg01,train,10.1594/PANGAEA.918814,CC BY 4.0,fixed-wing UAV,2020-02-27 15:45:38+00:00,64.0,65.03552,24.54047,41.98,384193.523706875,7214667.26179703,-5.563444413011894,-138.00227531976998,-7.900000000000006,-12.206342151834516,-141.418776754463,-8.08766233766233,21.799491559577323,12.2021587778314,-0.10273809523809518,-0.32237785059045976,-1.489028503778659,-0.010735930735930488,24.982203887877684,24.982415139687838,60.762292549676886,2.6728162698543354,-0.23562477092404874,996.9,-1.9,79.17,False
HAOS / PANGAEA,HAOS_Flight_01,HAOS_Flight_01_seg01,train,10.1594/PANGAEA.918814,CC BY 4.0,fixed-wing UAV,2020-02-27 15:45:39+00:00,65.0,65.03561,24.54083,41.38,384210.819892891,7214675.89260121,11.732741602987517,-129.37147114053369,-8.5,9.19483392748293,-130.1953317124427,-8.285714285714278,20.892791567889347,10.535652248833905,-0.01991341991341944,-1.1518303256103781,-1.5250159739839155,0.1576461038961039,23.398903987315883,23.398912460879885,63.23946418456535,2.0452296746872753,-0.04876102922923495,996.98,-1.84,78.62,False
HAOS / PANGAEA,HAOS_Flight_01,HAOS_Flight_01_seg01,train,10.1594/PANGAEA.918814,CC BY 4.0,fixed-wing UAV,2020-02-27 15:45:40+00:00,66.0,65.03569,24.54119,41.07,384228.195455003,7214684.59872015,29.108303715009242,-120.66535220015794,-8.810000000000002,29.57924098394418,-120.3474722567952,-8.127489177489169,19.495830908356567,9.152126829863569,0.2125541125541126,-1.7894698890958924,-1.4014920317366304,0.12942640692640683,21.537150422401282,21.538199264745963,64.85275189905144,1.3470819263639253,0.5654442651281242,997.02,-1.83,78.85,False
HAOS / PANGAEA,HAOS_Flight_01,HAOS_Flight_01_seg01,train,10.1594/PANGAEA.918814,CC BY 4.0,fixed-wing UAV,2020-02-27 15:45:41+00:00,67.0,65.03577,24.54155,42.14,384245.62516114,7214692.68472283,46.53800985199632,-112.57934952061623,-7.740000000000002,48.186495744196066,-111.89107805271557,-7.860606060606052,17.313851789697562,7.7326681853606445,0.23893939393939423,-1.3281607222804404,-0.8655312482662723,0.06968614718614718,18.96216287928416,18.963668239411863,65.9336280372932,0.682233388853778,0.7219373867863222,996.88,-1.88,78.86,False
HAOS / PANGAEA,HAOS_Flight_01,HAOS_Flight_01_seg01,train,10.1594/PANGAEA.918814,CC BY 4.0,fixed-wing UAV,2020-02-27 15:45:42+00:00,68.0,65.03584,24.54192,42.29,384263.178569992,7214700.36676712,64.091418704018,-104.89730523061007,-7.590000000000003,64.2069445633393,-104.88213588607391,-7.64961038961038,16.839509463795686,7.421064333331024,0.351926406926407,0.1778751786575743,0.06833242863373101,0.045573593073592766,18.402208422379697,18.405573259656826,66.21721867675899,0.030047904455129407,1.095598946252642,996.86,-1.91,78.48,False
HAOS / PANGAEA,HAOS_Flight_01,HAOS_Flight_01_seg01,train,10.1594/PANGAEA.918814,CC BY 4.0,fixed-wing UAV,2020-02-27 15:45:43+00:00,69.0,65.03592,24.54229,43.35,384280.939020404,7214708.02389855,81.8518691160134,-97.2401737999171,-6.530000000000001,81.86551467178744,-97.04894938605352,-7.156753246753238,17.66960214701271,7.8693330426281065,0.33008658008657976,0.3993182391952175,0.30138419824752916,-0.1854437229437229,19.34273100080531,19.345547284061723,65.99372384620347,-0.33932653616557223,0.9776660974716879,996.72,-1.92,78.83,False
HAOS / PANGAEA,HAOS_Flight_01,HAOS_Flight_01_seg01,train,10.1594/PANGAEA.918814,CC BY 4.0,fixed-wing UAV,2020-02-27 15:45:44+00:00,70.0,65.036,24.54266,42.71,384298.755483463,7214716.01226728,99.66833217500243,-89.25180506985635,-7.170000000000002,99.54614885736473,-89.1434698008177,-6.989437229437221,17.63814594218612,8.023832729826083,-0.018961038961038845,-0.08289593514468407,0.17143110210454537,-0.2839285714285711,19.37746330028998,19.37747257706958,65.53856560442784,-0.5640519349784653,-0.05606446747354117,996.81,-1.87,79.07,False
HAOS / PANGAEA,HAOS_Flight_01,HAOS_Flight_01_seg01,train,10.1594/PANGAEA.918814,CC BY 4.0,fixed-wing UAV,2020-02-27 15:45:45+00:00,71.0,65.03607,24.54302,42.06,384316.224880629,7214724.06142506,117.13772934098961,-81.20264729019254,-7.82,117.14180655615968,-81.00128392640136,-7.194675324675316,17.503810276723343,8.212195246837197,-0.2377705627705624,0.026060644618102202,0.19267157385996825,-0.141926406926407,19.33451641432237,19.335978377527766,64.86561997624653,-0.481463485596292,-0.7045722139228174,996.89,-1.83,79.3,False
HAOS / PANGAEA,HAOS_Flight_01,HAOS_Flight_01_seg01,train,10.1594/PANGAEA.918814,CC BY 4.0,fixed-wing UAV,2020-02-27 15:45:46+00:00,72.0,65.03616,24.54338,43.35,384333.656232206,7214732.49355387,134.5690809179796,-72.77051847986877,-6.530000000000001,134.5537694108114,-72.7190793071433,-7.464978354978346,17.690267231422325,8.40917587754602,-0.30281385281385287,0.0674037875159641,0.047383512177777476,-0.010974025974026524,19.587235477694048,19.589576051770297,64.57563863323526,-0.041928805579572855,-0.8857081299671765,996.72,-1.89,79.07,False
HAOS / PANGAEA,HAOS_Flight_01,HAOS_Flight_01_seg01,train,10.1594/PANGAEA.918814,CC BY 4.0,fixed-wing UAV,2020-02-27 15:45:47+00:00,73.0,65.03624,24.54375,41.68,384350.982512043,7214740.89673552,151.89536075497745,-64.36733683012426,-8.200000000000003,152.52234101900433,-64.18293217130932,-7.800303030303022,17.63861785175527,8.306962271192752,-0.25971861471861546,-0.757232103456225,-0.4808967893306182,0.049383116883116696,19.49683209896622,19.49856188681901,64.78176236508739,0.35144690454137634,-0.7631958002313738,996.94,-1.86,79.09,False
HAOS / PANGAEA,HAOS_Flight_01,HAOS_Flight_01_seg01,train,10.1594/PANGAEA.918814,CC BY 4.0,fixed-wing UAV,2020-02-27 15:45:48+00:00,74.0,65.03632,24.5441,41.68,384367.90914294,7214748.98056514,168.82199165201746,-56.283507210202515,-8.200000000000003,169.83100511432195,-56.1051547647578,-7.984415584415577,16.175803024509875,7.447382298884783,-0.20404761904761948,-1.6605157933041852,-0.9849162186864877,-0.017164502164501716,17.807866424518274,17.80903540409542,65.27853244231801,0.6717501828719341,-0.6564826747718847,996.94,-1.86,79.31,False
HAOS / PANGAEA,HAOS_Flight_01,HAOS_Flight_01_seg01,train,10.1594/PANGAEA.918814,CC BY 4.0,fixed-wing UAV,2020-02-27 15:45:49+00:00,75.0,65.03639,24.54445,41.68,384384.792890656,7214756.50583313,185.7057393679861,-48.758239219896495,-8.200000000000003,184.87394706802408,-49.28816757353975,-8.20839826839826,14.3175862651469,6.337129833819777,-0.2940476190476189,-1.464394727742473,-0.9000140356143849,0.08190476190476259,15.657346230782911,15.66010711945737,66.12526273083125,0.8161792259305675,-1.0758979855800292,996.94,-1.87,78.94,False
HAOS / PANGAEA,HAOS_Flight_01,HAOS_Flight_01_seg01,train,10.1594/PANGAEA.918814,CC BY 4.0,fixed-wing UAV,2020-02-27 15:45:50+00:00,76.0,65.03646,24.5448,41.68,384401.775306559,7214763.68578834,202.6881552709965,-41.5782840102911,-8.200000000000003,198.46617764461575,-43.430895097118245,-8.572510822510814,13.24701356902493,5.647354227656013,-0.040238095238094296,-0.7060054365370476,-0.4166851707742225,0.2329761904761909,14.400554790373697,14.400611006997696,66.91089089417915,0.38912452942778947,-0.16009570925026503,996.94,-1.88,78.91,False
HAOS / PANGAEA,HAOS_Flight_01,HAOS_Flight_01_seg01,train,10.1594/PANGAEA.918814,CC BY 4.0,fixed-wing UAV,2020-02-27 15:45:51+00:00,77.0,65.03649,24.54498,41.3,384410.386212259,7214767.24573426,211.29906097101048,-38.01833808980882,-8.580000000000005,211.36797420607394,-37.993459118227726,-8.28887445887445,12.905575392072805,5.503759492271332,0.1719047619047629,-0.005605189638394847,0.10632924593025628,0.020119047619047148,14.030154836966053,14.031207930766598,66.90351178968683,-0.3958773624160591,0.701982595013735,996.99,-1.86,78.86,False
HAOS / PANGAEA,HAOS_Flight_01,HAOS_Flight_01_seg01,train,10.1594/PANGAEA.918814,CC BY 4.0,fixed-wing UAV,2020-02-27 15:45:52+00:00,78.0,65.03653,24.54516,41.38,384418.997009991,7214770.80566914,219.9098587030312,-34.458403210155666,-8.5,224.27732842876136,-32.42337611257558,-8.228701298701289,13.23580318974814,5.860012719516526,0.0,0.6592902117009345,0.5491964064762254,-0.10625541125541194,14.47502107599994,14.47502107599994,66.11913616934703,-0.900958875731564,0.0,996.98,-1.87,78.81,False
HAOS / PANGAEA,HAOS_Flight_01,HAOS_Flight_01_seg01,train,10.1594/PANGAEA.918814,CC BY 4.0,fixed-wing UAV,2020-02-27 15:45:53+00:00,79.0,65.0366,24.54552,41.6,384436.215726035,7214778.37375031,237.12857474701013,-26.890322039835155,-8.280000000000001,237.83958058557022,-26.273433679194675,-8.28887445887445,14.224155815474674,6.6021523052237825,-0.04060606060606098,1.355320803107844,0.8732675358187398,0.041168831168830966,15.681677962650353,15.681730535130097,65.10159403822371,-0.810276123362372,-0.14836108107276041,996.95,-1.92,78.86,False
HAOS / PANGAEA,HAOS_Flight_01,HAOS_Flight_01_seg01,train,10.1594/PANGAEA.918814,CC BY 4.0,fixed-wing UAV,2020-02-27 15:45:54+00:00,80.0,65.03668,24.54587,42.52,384452.996670573,7214786.46035776,253.90951928502182,-18.803714590147138,-7.359999999999999,252.7256400597107,-19.219071502128017,-8.30991341991341,15.946444795963828,7.606547791154005,0.08233766233766193,1.5249478590673036,0.8479414952009714,0.06614718614718562,17.667729648424885,17.667921508215702,64.49858392262229,-0.3800471617383586,0.26701599400270093,996.83,-1.92,79.45,False
HAOS / PANGAEA,HAOS_Flight_01,HAOS_Flight_01_seg01,train,10.1594/PANGAEA.918814,CC BY 4.0,fixed-wing UAV,2020-02-27 15:45:55+00:00,81.0,65.03676,24.54622,41.23,384469.559157861,7214794.67479036,270.47200657299254,-10.58928199019283,-8.650000000000006,269.7324701774979,-11.060338096886664,-8.124199134199126,17.27405153360928,8.298035295625725,0.09168831168831026,0.6272873017655769,0.32799511294694916,-0.03305194805194844,19.1637743190959,19.16399365737058,64.34149971474699,-0.07798131128726195,0.2741272736028113,997.0,-1.88,79.13,False
HAOS / PANGAEA,HAOS_Flight_01,HAOS_Flight_01_seg01,train,10.1594/PANGAEA.918814,CC BY 4.0,fixed-wing UAV,2020-02-27 15:45:56+00:00,82.0,65.03684,24.54656,41.23,384486.241772782,7214802.78201781,287.15462149400264,-2.4820545399561524,-8.650000000000006,287.2737431269293,-2.623000910876565,-8.12653679653679,17.20101939949498,8.262538017047904,0.016233766233765046,-0.5401679220753266,-0.11566119142445075,-0.026958874458873794,19.082573276813708,19.08258018193899,64.34262130004777,-0.41058078196394465,0.048742171871879576,997.0,-1.89,79.3,False
HAOS / PANGAEA,HAOS_Flight_01,HAOS_Flight_01_seg01,train,10.1594/PANGAEA.918814,CC BY 4.0,fixed-wing UAV,2020-02-27 15:45:57+00:00,83.0,65.03692,24.54691,41.98,384503.036636448,7214810.87649707,303.94948516000295,5.612424720078707,-7.900000000000006,304.13450897648784,5.4647379372091445,-8.091731601731595,16.193715689458628,8.066712912776824,0.03777056277056268,0.04409753199051636,0.21132322380448265,0.08910714285714327,18.091663412969492,18.091702840351733,63.5203381508191,-0.5075742710908191,0.11961811598170952,996.9,-1.9,79.15,False
HAOS / PANGAEA,HAOS_Flight_01,HAOS_Flight_01_seg01,train,10.1594/PANGAEA.918814,CC BY 4.0,fixed-wing UAV,2020-02-27 15:45:58+00:00,84.0,65.03699,24.54727,42.44,384520.230641199,7214818.83888489,321.14348991098814,13.574812539853156,-7.440000000000005,319.66117450584653,13.510424914677081,-8.050995670995665,17.289214463476014,8.685184464656869,0.1944480519480516,1.7342983769295444,0.5788812452495824,0.12086580086580101,19.348110138956343,19.34908721346027,63.32747275786613,0.6731376698117844,0.5758018516663854,996.84,-1.92,79.11,False
HAOS / PANGAEA,HAOS_Flight_01,HAOS_Flight_01_seg01,train,10.1594/PANGAEA.918814,CC BY 4.0,fixed-wing UAV,2020-02-27 15:45:59+00:00,85.0,65.03707,24.54763,41.68,384537.497737738,7214827.02196592,338.4105864500161,21.757893569767475,-8.200000000000003,338.71293790343987,22.83510686652288,-7.702835497835492,19.662312443317717,9.224475403275989,0.2795021645021647,1.041988476957897,0.13411804412499606,-0.008652597402596829,21.718597493491387,21.720395911314597,64.86661349044266,0.9341319502475203,0.7373132818430128,996.94,-1.86,79.12,False
HAOS / PANGAEA,HAOS_Flight_01,HAOS_Flight_01_seg01,train,10.1594/PANGAEA.918814,CC BY 4.0,fixed-wing UAV,2020-02-27 15:46:00+00:00,86.0,65.03716,24.54799,42.44,384554.666062814,7214835.6720242,355.57891152601223,30.407951849512756,-7.440000000000005,358.98579939248197,31.95937572122906,-7.491991341991335,19.37319141739181,8.953420552906861,0.17714285714285793,-0.5541717814182476,-0.9796393152469438,-0.06566017316017292,21.342077811031395,21.34281295621445,65.19573665836117,1.8747572237167534,0.47555374448279725,996.84,-1.9,78.62,False
HAOS / PANGAEA,HAOS_Flight_01,HAOS_Flight_01_seg01,train,10.1594/PANGAEA.918814,CC BY 4.0,fixed-wing UAV,2020-02-27 15:46:01+00:00,87.0,65.03725,24.54834,42.44,384571.735015874,7214844.81261821,372.6478645859752,39.548545859754086,-7.440000000000005,377.4593207382235,40.741947972336604,-7.348549783549776,18.55396888048122,7.265196772782101,0.14818181818181886,-0.7225952894921903,-2.624195681507916,0.031125541125541112,19.925683058934492,19.926234045005813,68.61612793787617,6.563902186320604,0.42608508055306865,996.84,-1.9,78.62,False
HAOS / PANGAEA,HAOS_Flight_01,HAOS_Flight_01_seg01,train,10.1594/PANGAEA.918814,CC BY 4.0,fixed-wing UAV,2020-02-27 15:46:02+00:00,88.0,65.03735,24.54905,42.89,384605.342605567,7214855.14124701,406.2554542790167,49.877174659632146,-6.990000000000002,396.0937371534444,46.48976926679326,-7.195627705627698,17.928000838407428,3.705029189891029,0.23939393939394016,-1.4215889726614677,-3.903724634875763,0.07232683982683974,18.306841763665354,18.308406943754022,78.32354103100238,11.6803156560656,0.7491997141063277,996.78,-1.9,79.47,False
HAOS / PANGAEA,HAOS_Flight_01,HAOS_Flight_01_seg01,train,10.1594/PANGAEA.918814,CC BY 4.0,fixed-wing UAV,2020-02-27 15:46:03+00:00,89.0,65.037345,24.5492,43.045,384612.50006487546,7214854.36215652,413.4129135874682,49.09808416943997,-6.835000000000001,413.31532241503834,48.15200635211866,-6.869761904761896,15.710790935158286,-0.5422524969694251,0.29283549783549834,-2.9202960800580087,-4.207724315865217,0.03964285714285687,15.720145978289176,15.722873217307132,91.97675925000738,16.483570837689232,1.0671846075925466,996.76,-1.92,79.295,True
HAOS / PANGAEA,HAOS_Flight_01,HAOS_Flight_01_seg01,train,10.1594/PANGAEA.918814,CC BY 4.0,fixed-wing UAV,2020-02-27 15:46:04+00:00,90.0,65.03734,24.54935,43.2,384619.657524184,7214853.58306603,420.5703728959779,48.31899368017912,-6.68,427.515319023761,45.40526427285441,-6.609956709956701,12.08740867829141,-4.710419441839406,0.3186796536796539,-4.103634908436149,-3.703984162657318,0.0010389610389605064,12.972798459626711,12.97671208726473,111.29068270638084,22.339474340695723,1.407200440257371,996.74,-1.94,79.12,False
HAOS / PANGAEA,HAOS_Flight_01,HAOS_Flight_01_seg01,train,10.1594/PANGAEA.918814,CC BY 4.0,fixed-wing UAV,2020-02-27 15:46:05+00:00,91.0,65.03724,24.54979,43.27,384639.770392522,7214841.90247975,440.68324123398634,36.638407399877906,-6.609999999999999,437.49013977162116,38.73116746843985,-6.232402597402588,7.503521118285988,-7.950220822284061,0.29491341991341935,-3.593746010949033,-2.2810707144021922,-0.06540043290043362,10.932009892770992,10.935987116894747,136.6557079313988,20.42795851572391,1.5452965347708052,996.73,-1.98,79.23,False
HAOS / PANGAEA,HAOS_Flight_01,HAOS_Flight_01_seg01,train,10.1594/PANGAEA.918814,CC BY 4.0,fixed-wing UAV,2020-02-27 15:46:06+00:00,92.0,65.03717,24.54989,44.03,384644.412052873,7214833.51943672,445.3249015850015,28.25536436960101,-5.850000000000001,442.52236126033296,29.504822628286288,-6.020129870129862,4.899916656393344,-9.27256087064379,0.18787878787878665,-2.148342850174515,-0.7228262751671615,-0.08123376623376655,10.487591160004058,10.489273891854005,152.14659973782864,12.249694403498461,1.0263091030235416,996.63,-1.97,79.33,False
HAOS / PANGAEA,HAOS_Flight_01,HAOS_Flight_01_seg01,train,10.1594/PANGAEA.918814,CC BY 4.0,fixed-wing UAV,2020-02-27 15:46:07+00:00,93.0,65.03709,24.54994,44.34,384646.232926827,7214824.87971179,447.1457755389856,19.61563943978399,-5.539999999999999,447.28997308440785,20.18604572715227,-5.856645021645015,3.206835417936958,-9.395873372618384,0.13244588744588626,-2.42626781497718,0.18810103476366002,-0.10120670995670977,9.928052670690969,9.928936083242524,161.15509673839574,13.774126070327434,0.7643130512816254,996.59,-1.98,79.27,False
HAOS / PANGAEA,HAOS_Flight_01,HAOS_Flight_01_seg01,train,10.1594/PANGAEA.918814,CC BY 4.0,fixed-wing UAV,2020-02-27 15:46:08+00:00,94.0,65.03701,24.54996,44.19,384646.72493058,7214816.1629177,447.63777929201024,10.898845349438488,-5.690000000000005,448.9360320962069,10.71307588304952,-5.75523809523809,0.04738102643898401,-8.89635880111647,-0.0145346320346329,-2.187992879388119,0.46058245997440306,-0.1875216450216446,8.896484973284048,8.896496846253433,179.69485187848352,13.349854791493556,-0.09360689462558272,996.61,-1.94,79.21,False
HAOS / PANGAEA,HAOS_Flight_01,HAOS_Flight_01_seg01,train,10.1594/PANGAEA.918814,CC BY 4.0,fixed-wing UAV,2020-02-27 15:46:09+00:00,95.0,65.03694,24.54995,43.65,384646.188234962,7214807.64320206,447.10108367400244,2.379129709675908,-6.230000000000004,447.3847351372858,2.3933281249193303,-5.885714285714281,-1.1691503408392805,-8.474708452669578,-0.24259740259740292,-0.4388818510463892,0.15758472265679746,-0.16500541125541068,8.55497491973143,8.558413952186514,187.85480632138285,2.9161622122197235,-1.6243277616446703,996.68,-1.92,79.29,False
HAOS / PANGAEA,HAOS_Flight_01,HAOS_Flight_01_seg01,train,10.1594/PANGAEA.918814,CC BY 4.0,fixed-wing UAV,2020-02-27 15:46:10+00:00,96.0,65.03686,24.54994,43.73,384645.288103919,7214799.16536038,446.20095263101393,-6.098711970262229,-6.150000000000006,446.5977314145283,-6.236341022289636,-6.240432900432896,-0.8303826756537944,-8.581189355802875,-0.34454545454545427,0.10112354484903108,0.003726852412670567,-0.08324675324675246,8.621272884451027,8.628154942884281,185.52717630292295,-0.6701173577706357,-2.2885832324897604,996.67,-1.93,79.24,False
HAOS / PANGAEA,HAOS_Flight_01,HAOS_Flight_01_seg01,train,10.1594/PANGAEA.918814,CC BY 4.0,fixed-wing UAV,2020-02-27 15:46:11+00:00,97.0,65.03678,24.54993,43.5,384644.530855341,7214790.52033961,445.4437040530029,-14.743732740171254,-6.380000000000003,445.7239697859782,-14.76905058668642,-6.574805194805189,-0.9669032511412183,-8.467254747844237,-0.40909090909090784,-0.19227364508515166,0.12901442450092215,-0.06633116883116807,8.522282843344161,8.532095887521368,186.51457160584158,1.3888119615256693,-2.7482312706767837,996.7,-1.88,79.47,False
HAOS / PANGAEA,HAOS_Flight_01,HAOS_Flight_01_seg01,train,10.1594/PANGAEA.918814,CC BY 4.0,fixed-wing UAV,2020-02-27 15:46:12+00:00,98.0,65.03671,24.54992,42.67,384643.803516961,7214782.02430579,444.7163656729972,-23.2397665604949,-7.210000000000001,444.6639249122459,-23.17085051797811,-7.058614718614711,-1.2149299658240977,-8.323160506801031,-0.4772077922077904,-0.3004206915177292,0.17659995811930962,-0.022738095238095113,8.411364671908462,8.424890677081429,188.3048002259743,2.2104965312754437,-3.2471203781031317,996.81,-1.83,79.41,False
HAOS / PANGAEA,HAOS_Flight_01,HAOS_Flight_01_seg01,train,10.1594/PANGAEA.918814,CC BY 4.0,fixed-wing UAV,2020-02-27 15:46:13+00:00,99.0,65.03663,24.54991,42.44,384642.78243813,7214773.71803586,443.69528684200486,-31.546036490239203,-7.440000000000005,443.29410985433003,-31.415371600288484,-7.52922077922077,-1.5677446341766768,-8.114054831605618,-0.45456709956709807,-0.3251492390118216,0.22569092487698672,0.03847402597402527,8.264121795344755,8.276614059885906,190.93556466839246,2.512828378848522,-3.148375356687852,996.84,-1.85,79.1,False
HAOS / PANGAEA,HAOS_Flight_01,HAOS_Flight_01_seg01,train,10.1594/PANGAEA.918814,CC BY 4.0,fixed-wing UAV,2020-02-27 15:46:14+00:00,100.0,65.03656,24.54988,42.06,384641.037740784,7214765.80683752,441.95058949600207,-39.45723483059555,-7.82,441.5284356438925,-39.398960181189345,-7.967748917748907,-1.865228443847741,-7.871778657047058,-0.40025974025973987,-0.15846004267714875,0.19838376915045863,0.08058441558441487,8.089745136484847,8.099640994078259,193.33045698367135,1.394104879135958,-2.8325376479005593,996.89,-1.85,78.79,False
HAOS / PANGAEA,HAOS_Flight_01,HAOS_Flight_01_seg01,train,10.1594/PANGAEA.918814,CC BY 4.0,fixed-wing UAV,2020-02-27 15:46:15+00:00,101.0,65.03649,24.54984,41.07,384638.787676708,7214758.03728034,439.7005254200194,-47.226792010478675,-8.810000000000002,439.56365296663455,-47.1589289143826,-8.32974025974025,-1.8846647195309743,-7.7172872933047,-0.2933982683982683,0.22795435242741746,-0.008108400284148054,0.11438311688311709,7.944084860602067,7.949501041974022,193.7237744266644,-1.6002560979104465,-2.115139206794785,997.02,-1.8,78.98,False
HAOS / PANGAEA,HAOS_Flight_01,HAOS_Flight_01_seg01,train,10.1594/PANGAEA.918814,CC BY 4.0,fixed-wing UAV,2020-02-27 15:46:16+00:00,102.0,65.03642,24.5498,41.45,384636.570186214,7214750.41872732,437.483034926001,-54.84534503053874,-8.43,437.7591062048306,-54.833534767798746,-8.554545454545444,-1.409319738992906,-7.887995457615354,-0.1714935064935057,0.6984351596384641,-0.1715795344348532,0.12209956709956704,8.01290549464272,8.014740450497753,190.12994478785046,-5.130313356452666,-1.226066412759268,996.97,-1.81,79.27,False
HAOS / PANGAEA,HAOS_Flight_01,HAOS_Flight_01_seg01,train,10.1594/PANGAEA.918814,CC BY 4.0,fixed-wing UAV,2020-02-27 15:46:17+00:00,103.0,65.03635,24.54978,41.45,384635.286015314,7214742.88634018,436.19886402599514,-62.37773216981441,-8.43,436.74501348864874,-62.93491982961331,-8.672727272727261,-0.48779440025404597,-8.060446362174407,-0.04919913419913424,0.9748800558874109,0.1597971515256269,0.07690476190476137,8.075192810974228,8.075342685559281,183.46314771375904,-7.107179319067743,-0.34907746883001195,996.97,-1.81,79.27,False
HAOS / PANGAEA,HAOS_Flight_01,HAOS_Flight_01_seg01,train,10.1594/PANGAEA.918814,CC BY 4.0,fixed-wing UAV,2020-02-27 15:46:18+00:00,104.0,65.03628,24.54979,41.0,384635.465369378,7214734.90708656,436.37821808998706,-70.35698579065502,-8.880000000000003,436.7835174043225,-70.95442749214756,-8.652943722943713,0.5404403727819158,-7.5684011545641,-0.01768398268398297,1.0535024071390922,0.5769034842506979,-0.012900432900432968,7.587672359356317,7.58769296665221,175.91558614971495,-8.328714616533064,-0.13353446093421042,997.03,-1.82,79.24,False
HAOS / PANGAEA,HAOS_Flight_01,HAOS_Flight_01_seg01,train,10.1594/PANGAEA.918814,CC BY 4.0,fixed-wing UAV,2020-02-27 15:46:19+00:00,105.0,65.03621,24.54982,41.15,384636.678634845,7214726.75118735,437.5914835570147,-78.51288500055671,-8.730000000000004,437.82589423421257,-78.0717221387415,-8.708095238095227,1.6192104140241383,-6.906639393673011,-0.07500000000000018,0.928988157623138,0.45840815889440023,-0.016309523809523885,7.093906545699634,7.094303001642946,166.80571848069292,-7.871893096688619,-0.6057344198278296,997.01,-1.81,79.24,False
HAOS / PANGAEA,HAOS_Flight_01,HAOS_Flight_01_seg01,train,10.1594/PANGAEA.918814,CC BY 4.0,fixed-wing UAV,2020-02-27 15:46:20+00:00,106.0,65.03614,24.54988,41.38,384639.158920798,7214718.42990385,440.07176950998837,-86.83416850026697,-8.5,440.02193823237076,-84.76770627949358,-8.802943722943713,2.398416688028192,-6.651584836775299,-0.05030303030303074,0.300146748984659,0.16725114160479038,0.05427489177489164,7.070783793203637,7.070962724063031,160.17179995633774,-2.7331366934755006,-0.40760724625046,996.98,-1.8,79.23,False
HAOS / PANGAEA,HAOS_Flight_01,HAOS_Flight_01_seg01,train,10.1594/PANGAEA.918814,CC BY 4.0,fixed-wing UAV,2020-02-27 15:46:21+00:00,107.0,65.0361,24.54992,41.07,384641.051097813,7214714.18284066,441.9639465250075,-91.08123169001192,-8.810000000000002,442.62272761026895,-91.3748918122921,-8.808701298701289,2.2195039119934563,-6.57213711046343,0.03354978354978311,-0.7512796710989562,0.1143372929201405,0.019274891774891945,6.9367992485068255,6.936880379685172,161.33944509374192,5.943950924239632,0.2771084968772934,997.02,-1.79,79.13,False
HAOS / PANGAEA,HAOS_Flight_01,HAOS_Flight_01_seg01,train,10.1594/PANGAEA.918814,CC BY 4.0,fixed-wing UAV,2020-02-27 15:46:22+00:00,108.0,65.03606,24.54997,40.62,384642.943280679,7214709.93577872,443.85612939100247,-95.32829362992197,-9.260000000000005,444.46094605635767,-97.91198050042044,-8.735844155844147,0.8958573458302794,-6.422910250935018,-0.011753246753246849,-1.9378454775923046,0.2206160726652655,-0.02275974025974037,6.485085695320009,6.485096345811175,172.059701804817,16.888735031665757,-0.10383990726992999,997.08,-1.79,79.26,False
HAOS / PANGAEA,HAOS_Flight_01,HAOS_Flight_01_seg01,train,10.1594/PANGAEA.918814,CC BY 4.0,fixed-wing UAV,2020-02-27 15:46:23+00:00,109.0,65.03598,24.55001,41.45,384644.887254634,7214701.3791851,445.8001033460023,-103.88488725014031,-8.43,444.4144423019295,-104.22071231416214,-8.832207792207782,-1.656187043191153,-6.130904965132899,-0.01196969696969763,-2.7148496737909227,0.3508834420356628,0.08025974025974003,6.350665415019554,6.350676695216899,195.11691515707344,23.16805661002603,-0.10799062168959483,996.97,-1.81,79.35,False
HAOS / PANGAEA,HAOS_Flight_01,HAOS_Flight_01_seg01,train,10.1594/PANGAEA.918814,CC BY 4.0,fixed-wing UAV,2020-02-27 15:46:24+00:00,110.0,65.03592,24.54996,41.23,384642.189115829,7214693.94938588,443.1019645410124,-111.31468647066504,-8.650000000000006,441.14857196997536,-110.17379043068624,-8.759783549783542,-4.533842001751566,-5.721143366863693,0.1487662337662332,-2.4073538518838973,0.7040360263202032,0.10911255411255505,7.2998085400272705,7.301324271210262,218.39581502486905,19.37947832569409,1.1674960446136267,997.0,-1.79,78.95,False
HAOS / PANGAEA,HAOS_Flight_01,HAOS_Flight_01_seg01,train,10.1594/PANGAEA.918814,CC BY 4.0,fixed-wing UAV,2020-02-27 15:46:25+00:00,111.0,65.03587,24.54983,41.23,384635.60846601,7214688.59979759,436.5213147220202,-116.66427476052195,-8.650000000000006,435.3467582984264,-115.66299904788953,-8.534675324675316,-6.4708947469589475,-4.722832912492493,0.20625541125541247,-1.5581313437694035,1.3428587078104712,-0.012716450216449626,8.01109415408053,8.013748863061243,233.87587180846162,14.980942188751309,1.4748240647024304,997.0,-1.79,78.95,False
HAOS / PANGAEA,HAOS_Flight_01,HAOS_Flight_01_seg01,train,10.1594/PANGAEA.918814,CC BY 4.0,fixed-wing UAV,2020-02-27 15:46:26+00:00,112.0,65.03583,24.54963,41.07,384626.406389959,7214685.3754471,427.3192386709852,-119.88862525019795,-8.810000000000002,428.20678247605747,-119.61945625567122,-8.347272727272717,-7.650104689290373,-3.0354259512427504,0.12333333333333396,-0.8707255382073242,1.5028801491429604,-0.04320346320346413,8.230304518216839,8.231228557979156,248.35769940237168,12.157303901574615,0.858528452177563,997.02,-1.76,79.1,False
HAOS / PANGAEA,HAOS_Flight_01,HAOS_Flight_01_seg01,train,10.1594/PANGAEA.918814,CC BY 4.0,fixed-wing UAV,2020-02-27 15:46:27+00:00,113.0,65.03581,24.54941,42.06,384615.905491596,7214683.34178627,416.8183403079747,-121.9222860801965,-7.82,420.04654891984563,-121.73385095037503,-8.288008658008648,-8.212345823373596,-1.7170726142065718,0.1198484848484842,-0.2957348599030638,0.880597504439411,0.010530303030302557,8.389932197886937,8.390788159908485,258.19047961161084,6.4266911880693804,0.8184029605870667,996.89,-1.82,79.1,False
HAOS / PANGAEA,HAOS_Flight_01,HAOS_Flight_01_seg01,train,10.1594/PANGAEA.918814,CC BY 4.0,fixed-wing UAV,2020-02-27 15:46:28+00:00,114.0,65.0358,24.549300000000002,41.870000000000005,384610.53174980695,7214682.451348186,411.44459851895226,-122.8127241646871,-8.009999999999998,411.7820908293103,-123.05360148408437,-8.107575757575749,-8.2415744090965,-1.2742309423639284,0.14439393939393907,-0.04441200821239022,0.13476483625948532,-0.050854978354977654,8.33949718119456,8.340747139488506,261.21108177851045,0.9589235791298053,0.9919467018530069,996.915,-1.8050000000000002,79.085,True
HAOS / PANGAEA,HAOS_Flight_01,HAOS_Flight_01_seg01,train,10.1594/PANGAEA.918814,CC BY 4.0,fixed-wing UAV,2020-02-27 15:46:29+00:00,115.0,65.03579,24.54919,41.68,384605.158008018,7214681.5609101,406.070856729988,-123.70316225010902,-8.200000000000003,403.56340010165263,-124.28231283510289,-7.99922077922077,-8.301169839798376,-1.4475429416876011,0.018138528138528898,-0.027794428613105993,-0.21617077755362502,-0.13522727272727275,8.426434671746279,8.42645419398995,260.1083267698705,-1.4168360179971267,0.12333324166633294,996.94,-1.79,79.07,False
HAOS / PANGAEA,HAOS_Flight_01,HAOS_Flight_01_seg01,train,10.1594/PANGAEA.918814,CC BY 4.0,fixed-wing UAV,2020-02-27 15:46:30+00:00,116.0,65.03577,24.54897,41.83,384594.750979118,7214679.5347237,395.66382782999426,-125.72934865020216,-8.050000000000004,395.1797511497135,-125.94868736745957,-8.07129870129869,-8.297163266322713,-1.7065724974711785,-0.12606060606060643,-0.5505279572046788,-0.4966245595561247,-0.06374458874458977,8.470850486057465,8.47178843182125,258.3774097425162,-2.330463381491714,-0.85259533013088,996.92,-1.77,79.33,False
HAOS / PANGAEA,HAOS_Flight_01,HAOS_Flight_01_seg01,train,10.1594/PANGAEA.918814,CC BY 4.0,fixed-wing UAV,2020-02-27 15:46:31+00:00,117.0,65.03575,24.54876,41.83,384584.648584407,7214677.16254471,385.56143311900087,-128.10152764059603,-8.050000000000004,386.9690735690072,-127.69545783004524,-8.251341991341983,-9.402225754207734,-2.4407920607998506,-0.10935064935065064,-1.3644632570925808,-0.9907549829685962,0.07467532467532423,9.713872297758025,9.714487767333088,255.44740000688705,-3.4359112128783966,-0.6449607188075177,996.92,-1.77,79.33,False
HAOS / PANGAEA,HAOS_Flight_01,HAOS_Flight_01_seg01,train,10.1594/PANGAEA.918814,CC BY 4.0,fixed-wing UAV,2020-02-27 15:46:32+00:00,118.0,65.03572,24.54855,41.57,384574.798664576,7214674.18993937,375.7115132880281,-131.0741329798475,-8.310000000000002,376.37529964129806,-130.83027148905927,-8.289999999999992,-11.026089780507874,-3.688082463408371,0.02329004329004203,-0.9569310693767648,-1.0772923552642908,0.07840909090909154,11.626547557410177,11.62657088443695,251.5055873167594,-3.774547505785428,0.11477348660249719,996.96,-1.76,79.08,False
HAOS / PANGAEA,HAOS_Flight_01,HAOS_Flight_01_seg01,train,10.1594/PANGAEA.918814,CC BY 4.0,fixed-wing UAV,2020-02-27 15:46:33+00:00,119.0,65.03568,24.54835,41.3,384565.143543114,7214670.74017615,366.0563918260159,-134.52389620058239,-8.580000000000005,364.91689400799146,-135.07162275686198,-8.204761904761899,-11.316087892961264,-4.595376771328432,0.047467532467532436,-0.052456268854527366,-0.7323807582926314,0.03216450216450273,12.213571667276097,12.21366390721179,247.89830499531615,-3.1731450166058024,0.22267651554118745,996.99,-1.75,78.84,False
HAOS / PANGAEA,HAOS_Flight_01,HAOS_Flight_01_seg01,train,10.1594/PANGAEA.918814,CC BY 4.0,fixed-wing UAV,2020-02-27 15:46:34+00:00,120.0,65.03565,24.54815,41.83,384555.821321597,7214667.38260126,356.7341703089769,-137.88147109001875,-8.050000000000004,353.74312385537553,-140.02102503171614,-8.195064935064927,-11.131002318216929,-5.152843979993634,0.08761904761904749,0.20769756943521145,-0.3784440522328083,0.08292207792207762,12.265847450963479,12.266160393041211,245.1592972835478,-2.0247240217353806,0.40927594014414725,996.92,-1.76,78.51,False
HAOS / PANGAEA,HAOS_Flight_01,HAOS_Flight_01_seg01,train,10.1594/PANGAEA.918814,CC BY 4.0,fixed-wing UAV,2020-02-27 15:46:35+00:00,121.0,65.03556,24.54779,41.91,384538.459403229,7214658.21962542,339.37225194100756,-147.04444693028927,-7.970000000000006,342.6548893715576,-145.37731071684925,-8.029523809523804,-10.90069275409084,-5.352264875794049,0.21331168831168767,0.4013804846647133,-0.0397602040250149,0.11295454545454575,12.14379849222422,12.145671809172091,243.84885695184542,-1.0132060830996685,1.0063245613623957,996.91,-1.78,78.68,False
HAOS / PANGAEA,HAOS_Flight_01,HAOS_Flight_01_seg01,train,10.1594/PANGAEA.918814,CC BY 4.0,fixed-wing UAV,2020-02-27 15:46:36+00:00,122.0,65.03552,24.54762,42.29,384530.088889088,7214653.57000996,331.0017378000193,-151.6940623903647,-7.590000000000003,331.94173834719385,-150.72555478330423,-7.768441558441552,-10.328241348887502,-5.232364388043663,0.313528138528139,0.7629416474736956,0.23558425004252115,0.003149350649351401,11.578005288051006,11.582249623617425,243.13288511734842,-0.6765428919431261,1.5511696168848739,996.86,-1.83,78.93,False
HAOS / PANGAEA,HAOS_Flight_01,HAOS_Flight_01_seg01,train,10.1594/PANGAEA.918814,CC BY 4.0,fixed-wing UAV,2020-02-27 15:46:37+00:00,123.0,65.03547,24.54744,41.98,384521.555492286,7214649.27254881,322.4683409979916,-155.99152354057878,-7.900000000000006,321.9984066737826,-155.84203949293658,-7.402467532467526,-9.37480945914345,-4.8810963757090065,0.21961038961039048,1.1325885405170482,0.4932201827616325,-0.1375324675324674,10.569397060580377,10.571678341088038,242.49577116795916,-0.45184981122401346,1.1903174896436102,996.9,-1.83,78.83,False
HAOS / PANGAEA,HAOS_Flight_01,HAOS_Flight_01_seg01,train,10.1594/PANGAEA.918814,CC BY 4.0,fixed-wing UAV,2020-02-27 15:46:38+00:00,124.0,65.03544,24.54726,42.74,384512.948791607,7214645.27423638,313.86164031899534,-159.98983597010374,-7.140000000000001,313.19211942890695,-160.48774753472225,-7.329220779220771,-8.063064267853406,-4.2459240225203985,0.0384632034632042,0.8817468541623157,0.40406388933145365,-0.1480519480519482,9.112676675519118,9.112757848783804,242.22918549490043,-0.3239526392709153,0.24183521663648658,996.8,-1.83,79.08,False
HAOS / PANGAEA,HAOS_Flight_01,HAOS_Flight_01_seg01,train,10.1594/PANGAEA.918814,CC BY 4.0,fixed-wing UAV,2020-02-27 15:46:39+00:00,125.0,65.0354,24.54709,42.74,384504.664346179,7214641.19706016,305.5771948909969,-164.06701218988746,-7.140000000000001,305.8722781380758,-164.33388753797738,-7.325541125541117,-7.611315750818818,-4.072968597046099,-0.07649350649350595,0.122108875698558,-0.04774569412613516,-0.13033549783549825,8.632566284204616,8.632905183524372,241.84786588941733,-0.6352073888294919,-0.5076868494194721,996.8,-1.83,79.08,False
HAOS / PANGAEA,HAOS_Flight_01,HAOS_Flight_01_seg01,train,10.1594/PANGAEA.918814,CC BY 4.0,fixed-wing UAV,2020-02-27 15:46:40+00:00,126.0,65.03535,24.54693,42.82,384496.997534154,7214636.64569941,297.9103828659863,-168.61837294045836,-7.060000000000002,297.9694879272693,-168.63368472881444,-7.482207792207783,-7.81884651645629,-4.341415410772669,-0.2222077922077923,-0.049269769551727904,-0.1562033530215885,-0.1087987012987015,8.943279522456796,8.946039622073721,240.9587707172414,-0.7395694131653814,-1.423297762414106,996.79,-1.83,79.07,False
HAOS / PANGAEA,HAOS_Flight_01,HAOS_Flight_01_seg01,train,10.1594/PANGAEA.918814,CC BY 4.0,fixed-wing UAV,2020-02-27 15:46:41+00:00,127.0,65.03531,24.54677,41.68,384489.443843584,7214632.20396857,290.35669229598716,-173.06010378059,-8.200000000000003,290.2345851051632,-173.0167183595227,-7.769956709956702,-7.709855289922274,-4.385375303089276,-0.29409090909090896,-0.02956026044981286,-0.055925675050978896,-0.016471861471861304,8.869801865909285,8.87467602807549,240.36872706308657,-0.2187154914146487,-1.8990274499028172,996.94,-1.79,79.08,False
HAOS / PANGAEA,HAOS_Flight_01,HAOS_Flight_01_seg01,train,10.1594/PANGAEA.918814,CC BY 4.0,fixed-wing UAV,2020-02-27 15:46:42+00:00,128.0,65.03527,24.54661,41.83,384481.8146026,7214627.73886444,282.72745131200645,-177.52520791068673,-8.050000000000004,282.54977734742477,-177.404435334993,-8.0703896103896,-7.877967037355916,-4.453266760874627,-0.2551515151515149,-0.14060316800750172,-0.013843480087373905,0.10138528138528136,9.049527583535902,9.05312386863569,240.52133973441215,0.3608030768290948,-1.6150271719134215,996.92,-1.77,79.47,False
HAOS / PANGAEA,HAOS_Flight_01,HAOS_Flight_01_seg01,train,10.1594/PANGAEA.918814,CC BY 4.0,fixed-wing UAV,2020-02-27 15:46:43+00:00,129.0,65.03523,24.54645,41.53,384474.030730142,7214623.46317505,274.9435788540286,-181.80089730024338,-8.350000000000001,274.4786510304514,-181.92325188127197,-8.280259740259732,-7.991061625937277,-4.413062263264024,-0.09132034632034625,0.24396971061720762,0.20580834030271689,0.22288961038961053,9.12864636454783,9.1291031243285,241.09033321674477,0.4020743508019583,-0.5731513403913927,996.96,-1.77,78.92,False
HAOS / PANGAEA,HAOS_Flight_01,HAOS_Flight_01_seg01,train,10.1594/PANGAEA.918814,CC BY 4.0,fixed-wing UAV,2020-02-27 15:46:44+00:00,130.0,65.03519,24.54629,41.45,384466.034567656,7214619.2844349,266.9474163679988,-185.97963745053858,-8.43,266.5676540955502,-186.23055986152104,-8.253030303030293,-7.3900276161215,-4.041650080269193,0.19062770562770615,0.74309364113887,0.3995846142222277,0.2416666666666658,8.42303054359762,8.425187384297828,241.32548843601606,-0.07271754271165919,1.296480969428659,996.97,-1.74,79.31,False
HAOS / PANGAEA,HAOS_Flight_01,HAOS_Flight_01_seg01,train,10.1594/PANGAEA.918814,CC BY 4.0,fixed-wing UAV,2020-02-27 15:46:45+00:00,131.0,65.03515,24.54612,42.21,384458.187177026,7214615.16708894,259.1000257380074,-190.09698341041803,-7.670000000000002,259.6985957982084,-190.00655204181035,-7.8990043290043195,-6.504874343659537,-3.6138930348195686,0.39201298701298537,0.892452947355757,0.4183599440525967,0.06107142857142778,7.441344844442938,7.4516633898683535,240.94489813132145,-0.5429029865267582,3.015576734232826,996.87,-1.8,79.42,False
HAOS / PANGAEA,HAOS_Flight_01,HAOS_Flight_01_seg01,train,10.1594/PANGAEA.918814,CC BY 4.0,fixed-wing UAV,2020-02-27 15:46:46+00:00,132.0,65.03511,24.54597,41.98,384450.609842454,7214610.79318897,251.52269116602838,-194.47088338062167,-7.900000000000006,253.55790540823114,-193.45834593116018,-7.469004329004322,-5.605121721409986,-3.2049301921639994,0.3127705627705617,0.3806985732300632,0.19240985064087113,-0.11651515151515057,6.456699392759927,6.464270451752636,240.23968246296255,-0.14513915712994152,2.7733110565738177,996.9,-1.76,78.98,False
HAOS / PANGAEA,HAOS_Flight_01,HAOS_Flight_01_seg01,train,10.1594/PANGAEA.918814,CC BY 4.0,fixed-wing UAV,2020-02-27 15:46:47+00:00,133.0,65.03508,24.54589,42.82,384446.863321104,7214608.49206575,247.77616981603205,-196.77200660016388,-7.060000000000002,248.4883523553884,-196.41641242613835,-7.273463203463196,-5.743477197199411,-3.2290733335378263,0.15898268398268423,-0.7407708272821907,-0.2855398469046122,-0.18232683982683917,6.588963872120918,6.590881610370575,240.65461981706156,0.8550713111548335,1.3822005810245264,996.79,-1.8,79.19,False
HAOS / PANGAEA,HAOS_Flight_01,HAOS_Flight_01_seg01,train,10.1594/PANGAEA.918814,CC BY 4.0,fixed-wing UAV,2020-02-27 15:46:48+00:00,134.0,65.03506,24.54581,43.05,384443.116756223,7214606.19092407,244.02960493502906,-199.07314828038216,-6.830000000000005,242.0709510138323,-199.91649259823583,-7.151038961038954,-7.086663375974368,-3.776009885973224,-0.05188311688311664,-1.3088303234225265,-0.5745050573572428,-0.21172077922077848,8.029884710464026,8.030052323687652,241.94982508527218,0.8538974751396926,-0.3701973771667042,996.76,-1.78,79.36,False
HAOS / PANGAEA,HAOS_Flight_01,HAOS_Flight_01_seg01,train,10.1594/PANGAEA.918814,CC BY 4.0,fixed-wing UAV,2020-02-27 15:46:49+00:00,135.0,65.03502,24.54565,42.89,384435.139062877,7214601.88337312,236.05191158899106,-203.380699230358,-6.990000000000002,234.31502560343966,-203.9684321980848,-7.377229437229429,-8.361137844044464,-4.378083448252312,-0.26445887445887273,-1.216811173505839,-0.6559388766668022,-0.18235930735930683,9.438021017510682,9.441725436764905,242.36241476734097,-0.03551413053721042,-1.6050413062653897,996.78,-1.8,78.97,False
HAOS / PANGAEA,HAOS_Flight_01,HAOS_Flight_01_seg01,train,10.1594/PANGAEA.918814,CC BY 4.0,fixed-wing UAV,2020-02-27 15:46:50+00:00,136.0,65.03498,24.54547,41.45,384426.898646949,7214597.76877241,227.81149566097884,-207.4952999399975,-8.43,225.3486753257434,-208.67265949474046,-7.679956709956699,-9.520285722986046,-5.087887639306828,-0.4166017316017303,-0.854831019038599,-0.5937677790275728,-0.11500000000000088,10.794556075981223,10.802592183373244,241.87879682419776,-0.6448059319730567,-2.210158562332844,996.97,-1.73,79.15,False
HAOS / PANGAEA,HAOS_Flight_01,HAOS_Flight_01_seg01,train,10.1594/PANGAEA.918814,CC BY 4.0,fixed-wing UAV,2020-02-27 15:46:51+00:00,137.0,65.0349,24.54513,42.06,384410.58923618,7214589.77860893,211.50208489201032,-215.48546341992915,-7.82,215.27445415746757,-214.14420747669845,-8.21043290043289,-10.070799882121662,-5.5656190063074575,-0.4944588744588745,-0.14621955407457676,-0.2422050748098954,0.01312229437229373,11.506394969281756,11.517014142895007,241.0728029033948,-0.7347502027642884,-2.460630575565102,996.89,-1.75,78.64,False
HAOS / PANGAEA,HAOS_Flight_01,HAOS_Flight_01_seg01,train,10.1594/PANGAEA.918814,CC BY 4.0,fixed-wing UAV,2020-02-27 15:46:52+00:00,138.0,65.03486,24.54498,41.0,384403.022412916,7214585.16335369,203.93526162800845,-220.1007186602801,-8.880000000000003,205.20707556150006,-219.80389750735537,-8.668874458874448,-9.812724831135199,-5.572297788926619,-0.39035714285714285,0.5244535292010895,0.16970329947599794,0.13830086580086554,11.28450580486597,11.29125546425345,240.40929641866921,-0.5778534086593172,-1.9812034649149652,997.03,-1.71,79.05,False
HAOS / PANGAEA,HAOS_Flight_01,HAOS_Flight_01_seg01,train,10.1594/PANGAEA.918814,CC BY 4.0,fixed-wing UAV,2020-02-27 15:46:53+00:00,139.0,65.03481,24.54482,41.0,384395.60496242,7214580.14708528,196.51781113201287,-225.11698707006872,-8.880000000000003,195.64900449519718,-225.2888030545517,-8.991147186147176,-9.021892823719483,-5.226212407355462,-0.21785714285714342,1.1996732725840928,0.6145417611991633,0.12198593073593011,10.42630549377282,10.428581302563218,239.91709608607619,-0.3868497271096435,-1.1970183225443431,997.03,-1.71,79.05,False
HAOS / PANGAEA,HAOS_Flight_01,HAOS_Flight_01_seg01,train,10.1594/PANGAEA.918814,CC BY 4.0,fixed-wing UAV,2020-02-27 15:46:54+00:00,140.0,65.03477,24.54466,40.69,384387.754725977,7214575.36172438,188.66757468902506,-229.90234796982259,-9.190000000000005,187.1632899140611,-230.2563223220663,-9.104588744588735,-7.413378285967013,-4.3432142665282925,-0.14638528138528262,1.4768653509958085,0.8798028033759024,0.07987012987012987,8.591954828548745,8.593201756413517,239.63559696444992,0.1722658379180102,-0.9760814128347047,997.07,-1.74,78.63,False
HAOS / PANGAEA,HAOS_Flight_01,HAOS_Flight_01_seg01,train,10.1594/PANGAEA.918814,CC BY 4.0,fixed-wing UAV,2020-02-27 15:46:55+00:00,141.0,65.03472,24.54449,40.62,384379.526633506,7214570.91312027,180.43948221800383,-234.35095208045095,-9.260000000000005,180.82224792326315,-233.97523158760828,-9.283917748917741,-6.068162121727866,-3.466606800603657,-0.05811688311688368,0.5675613828547199,0.4488527184700928,0.10414502164502215,6.988558810338821,6.988800456277714,240.2616277619122,0.8032037536254799,-0.47646094923691784,997.08,-1.77,78.85,False
HAOS / PANGAEA,HAOS_Flight_01,HAOS_Flight_01_seg01,train,10.1594/PANGAEA.918814,CC BY 4.0,fixed-wing UAV,2020-02-27 15:46:56+00:00,142.0,65.03468,24.54432,40.62,384371.056766524,7214566.69313539,171.96961523598293,-238.57093696016818,-9.260000000000005,175.02696567060536,-237.1895359232736,-9.220822510822503,-6.278255520257574,-3.445508829588107,0.061904761904761685,-0.5760946617649694,-0.23200352557177695,0.17507575757575822,7.161565713753823,7.161833261949121,241.24200447170088,0.5876951032932807,0.49525388645312957,997.08,-1.71,78.93,False
HAOS / PANGAEA,HAOS_Flight_01,HAOS_Flight_01_seg01,train,10.1594/PANGAEA.918814,CC BY 4.0,fixed-wing UAV,2020-02-27 15:46:57+00:00,143.0,65.03466,24.544235,40.845,384366.98003252596,7214564.41135012,167.89288123795995,-240.85272223036736,-9.035000000000004,168.265736882748,-240.8662492467845,-9.160108225108218,-7.220351445257805,-3.9306138517472107,0.29203463203463276,-0.9322604080395678,-0.4864959716292958,0.18762987012987065,8.220900208893397,8.226085610476657,241.43701796849876,0.13624287489048548,2.0344875281479355,997.05,-1.7149999999999999,78.87,True
HAOS / PANGAEA,HAOS_Flight_01,HAOS_Flight_01_seg01,train,10.1594/PANGAEA.918814,CC BY 4.0,fixed-wing UAV,2020-02-27 15:46:58+00:00,144.0,65.03464,24.54415,41.07,384362.903298528,7214562.12956485,163.8161472399952,-243.13450750056654,-8.810000000000002,160.58626278008975,-245.05076362676803,-8.636753246753237,-8.14277633633671,-4.4185007728466985,0.437164502164503,-0.921783726628945,-0.4807079769116598,0.03285714285714225,9.264337836200273,9.274646534785285,241.51449022148185,0.10305299162730899,2.7016625445174736,997.02,-1.72,78.81,False
HAOS / PANGAEA,HAOS_Flight_01,HAOS_Flight_01_seg01,train,10.1594/PANGAEA.918814,CC BY 4.0,fixed-wing UAV,2020-02-27 15:46:59+00:00,145.0,65.03459,24.54398,41.3,384354.772455116,7214557.22111238,155.68530382798053,-248.0429599704221,-8.580000000000005,151.98018421007458,-249.7032507924779,-8.285779220779212,-9.063918898515695,-4.89202980557053,0.35774891774891726,-0.9204810103361822,-0.4678064880154693,-0.06311688311688313,10.299834048054386,10.306045104966838,241.6431239517534,0.14079324110965444,1.9892812016628816,996.99,-1.72,78.83,False
HAOS / PANGAEA,HAOS_Flight_01,HAOS_Flight_01_seg01,train,10.1594/PANGAEA.918814,CC BY 4.0,fixed-wing UAV,2020-02-27 15:47:00+00:00,146.0,65.03451,24.54363,42.06,384338.134490627,7214548.28967115,139.04733933898387,-256.9744012001902,-7.82,142.45842498305836,-254.8348232379091,-7.921255411255403,-9.983738357009074,-5.354113748877637,0.3109307359307367,-0.596543528300483,-0.3039189199261827,-0.025054112554112162,11.328793652332749,11.333059760703692,241.79607670370115,0.0782009041153408,1.5721486495455073,996.89,-1.72,78.87,False
HAOS / PANGAEA,HAOS_Flight_01,HAOS_Flight_01_seg01,train,10.1594/PANGAEA.918814,CC BY 4.0,fixed-wing UAV,2020-02-27 15:47:01+00:00,147.0,65.03447,24.54345,43.2,384329.502740109,7214544.098293,130.41558882099343,-261.16577935032547,-6.68,132.01270749605644,-260.41147829023316,-7.663917748917738,-10.25700595511666,-5.499867645422896,0.30764069264069294,0.3175843899006381,0.13695022920589395,-0.042429653679654455,11.638501419017322,11.642566644698096,241.79952575998408,-0.15834134808526815,1.5141476673084024,996.74,-1.77,79.16,False
HAOS / PANGAEA,HAOS_Flight_01,HAOS_Flight_01_seg01,train,10.1594/PANGAEA.918814,CC BY 4.0,fixed-wing UAV,2020-02-27 15:47:02+00:00,148.0,65.03442,24.54328,41.68,384321.113871908,7214539.82933404,122.02672061999328,-265.43473831005394,-8.200000000000003,121.94441307282504,-265.8345585287549,-7.305974025974017,-9.348569577207797,-5.080213290465849,0.2260714285714278,1.1807435570174825,0.5337604061615693,-0.19812770562770599,10.639751886981248,10.642153377363876,241.4793940075306,-0.5541452577292967,1.2172266896577155,996.94,-1.71,78.99,False
HAOS / PANGAEA,HAOS_Flight_01,HAOS_Flight_01_seg01,train,10.1594/PANGAEA.918814,CC BY 4.0,fixed-wing UAV,2020-02-27 15:47:03+00:00,149.0,65.03438,24.54311,42.59,384313.058034921,7214535.14998679,113.97088363301009,-270.11408556066453,-7.289999999999999,113.31556834164084,-270.57190487116486,-7.2117748917748825,-7.895518841081696,-4.432346833099757,-0.08861471861471903,0.9333443036951152,0.38139903974956724,-0.2194859307359307,9.054552237342579,9.054985852397598,240.6912352445255,-0.7332325338990143,-0.5607220716000457,996.82,-1.73,78.87,False
HAOS / PANGAEA,HAOS_Flight_01,HAOS_Flight_01_seg01,train,10.1594/PANGAEA.918814,CC BY 4.0,fixed-wing UAV,2020-02-27 15:47:04+00:00,150.0,65.03433,24.54295,42.59,384305.179898323,7214530.51818446,106.09274703502888,-274.7458878904581,-7.289999999999999,106.15337539066165,-274.6992521949544,-7.483203463203455,-7.481880969817567,-4.317415210966715,-0.2129004329004336,0.040324719562701006,0.010566033839225497,0.06611471861471818,8.6382068133615,8.640830026376761,240.0129289397326,-0.06720593344523045,-1.4118470997206847,996.82,-1.73,78.87,False
HAOS / PANGAEA,HAOS_Flight_01,HAOS_Flight_01_seg01,train,10.1594/PANGAEA.918814,CC BY 4.0,fixed-wing UAV,2020-02-27 15:47:05+00:00,151.0,65.03429,24.54279,43.05,384297.522811834,7214526.00854023,98.43566054600524,-279.2555321203545,-6.830000000000005,98.3518064020057,-279.2067352930983,-7.63757575757575,-7.814869401956294,-4.411214765421306,0.04361471861471733,-0.1698449385846743,0.07219201964991839,0.1707359307359304,8.973906589457217,8.974012576321893,240.556823377635,0.9529388733838837,0.27846508102245476,996.76,-1.72,79.28,False
HAOS / PANGAEA,HAOS_Flight_01,HAOS_Flight_01_seg01,train,10.1594/PANGAEA.918814,CC BY 4.0,fixed-wing UAV,2020-02-27 15:47:06+00:00,152.0,65.03425,24.54263,41.76,384289.815931624,7214521.67241751,90.72878033597954,-283.59165483992547,-8.120000000000005,90.52363658674906,-283.521681725797,-7.39597402597402,-7.821570846986916,-4.173031171666878,0.12857142857142723,0.022623412470519355,0.2564635553671337,0.004145021645022284,8.865165518710807,8.866097804918686,241.91880668650037,1.399338627102402,0.830902004448901,996.93,-1.72,78.97,False
HAOS / PANGAEA,HAOS_Flight_01,HAOS_Flight_01_seg01,train,10.1594/PANGAEA.918814,CC BY 4.0,fixed-wing UAV,2020-02-27 15:47:07+00:00,153.0,65.03421,24.54246,41.76,384281.920966582,7214517.65318615,82.83381529402686,-287.61088620033115,-8.120000000000005,82.70866470803188,-287.55279763643205,-7.380432900432895,-7.769622577015255,-3.8982876546870386,0.0519047619047619,0.07495691452962916,0.26996596593578204,-0.07141774891774766,8.69273729201283,8.692892253574694,243.35550063183985,1.3700815798192973,0.34211185166455393,996.93,-1.72,78.97,False
HAOS / PANGAEA,HAOS_Flight_01,HAOS_Flight_01_seg01,train,10.1594/PANGAEA.918814,CC BY 4.0,fixed-wing UAV,2020-02-27 15:47:08+00:00,154.0,65.03417,24.5423,43.05,384273.894666253,7214513.88884813,74.80751496501034,-291.37522422056645,-6.830000000000005,74.98439143271855,-291.3182570351711,-7.292164502164496,-7.671657017927657,-3.633099239795314,-0.014264069264068091,0.10765758571379536,0.23857114616139086,-0.010378787878787321,8.4884469419865,8.48845892671879,244.65896984613897,1.139994406549346,-0.09628029766064136,996.76,-1.72,78.98,False
HAOS / PANGAEA,HAOS_Flight_01,HAOS_Flight_01_seg01,train,10.1594/PANGAEA.918814,CC BY 4.0,fixed-wing UAV,2020-02-27 15:47:09+00:00,155.0,65.03414,24.54214,43.12,384266.188787597,7214510.42217437,67.10163630900206,-294.84189798031,-6.760000000000005,67.36535067217656,-294.8189961160227,-7.408961038961031,-7.5543074055876644,-3.421145362364257,0.031147186147187256,0.12882018910570103,0.14146895479670718,-0.01416666666666666,8.292876218088818,8.29293471068885,245.63548944493851,0.5121567306888973,0.2151960154027782,996.75,-1.77,78.42,False
HAOS / PANGAEA,HAOS_Flight_01,HAOS_Flight_01_seg01,train,10.1594/PANGAEA.918814,CC BY 4.0,fixed-wing UAV,2020-02-27 15:47:10+00:00,156.0,65.03411,24.54199,42.59,384258.999248803,7214507.01819694,59.912097515014466,-298.2458754098043,-7.289999999999999,59.875776621543224,-298.1605477598996,-7.229870129870122,-7.414016639716255,-3.3501613302018995,-0.04259740259740141,0.0474277198060431,-0.05975683592559733,-0.17482683982683955,8.135798895767378,8.13591041070867,245.68328330751677,-0.5135162569037608,-0.2999864077703374,996.82,-1.77,78.87,False
HAOS / PANGAEA,HAOS_Flight_01,HAOS_Flight_01_seg01,train,10.1594/PANGAEA.918814,CC BY 4.0,fixed-wing UAV,2020-02-27 15:47:11+00:00,157.0,65.03408,24.54184,42.14,384251.805596326,7214503.74758833,52.71844503801549,-301.51648402027786,-7.740000000000002,52.53731739274405,-301.5193187764265,-7.494155844155834,-7.459451965975578,-3.5406590342154516,-0.31850649350649185,-0.03244258690436652,-0.21734429061923777,-0.08944805194805228,8.257099371405701,8.2632400676535,244.608456931131,-1.2629496728806213,-2.2090123879653505,996.88,-1.71,78.83,False
HAOS / PANGAEA,HAOS_Flight_01,HAOS_Flight_01_seg01,train,10.1594/PANGAEA.918814,CC BY 4.0,fixed-wing UAV,2020-02-27 15:47:12+00:00,158.0,65.03404,24.54168,41.6,384244.418931058,7214500.41266951,45.33177977002924,-304.85140284057707,-8.280000000000001,44.95687268959207,-305.2418658283305,-7.8668831168831055,-7.478901813524988,-3.784849911440375,-0.22149350649350596,0.2748308154853003,-0.07975640943884343,0.14511904761904626,8.38206783487688,8.384993772323051,243.1573839617555,-1.3886859307238146,-1.5136707065669501,996.95,-1.7,78.59,False
HAOS / PANGAEA,HAOS_Flight_01,HAOS_Flight_01_seg01,train,10.1594/PANGAEA.918814,CC BY 4.0,fixed-wing UAV,2020-02-27 15:47:13+00:00,159.0,65.03401,24.54153,42.52,384237.025090995,7214496.60562808,37.937939707015175,-308.6584442704916,-7.359999999999999,37.579513765694074,-309.0890185993072,-7.937142857142846,-6.909790335004978,-3.7001718530931385,-0.02826839826839933,0.6759091715327266,0.1539071431097483,0.11833333333333318,7.83814226817496,7.838193243247551,241.83108506968335,-1.3658492873694155,-0.20663734297299818,996.83,-1.74,78.78,False
HAOS / PANGAEA,HAOS_Flight_01,HAOS_Flight_01_seg01,train,10.1594/PANGAEA.918814,CC BY 4.0,fixed-wing UAV,2020-02-27 15:47:14+00:00,160.0,65.03397,24.54138,41.38,384229.788409582,7214492.40897354,30.701258293993305,-312.8550988100469,-8.5,31.137292019582112,-312.6422095345168,-7.923419913419904,-6.127083470459535,-3.4770356252208785,0.015173160173160394,0.6162569101493389,0.16599835665370222,-0.0009523809523801496,7.04492218502331,7.044938524772466,240.4256853870167,-1.2552994503359178,0.12340188759062189,996.98,-1.73,79.03,False
HAOS / PANGAEA,HAOS_Flight_01,HAOS_Flight_01_seg01,train,10.1594/PANGAEA.918814,CC BY 4.0,fixed-wing UAV,2020-02-27 15:47:15+00:00,161.0,65.03393,24.54123,42.21,384222.496364716,7214488.04158638,23.409213427978102,-317.2224859697744,-7.670000000000002,25.325346824775004,-316.043089849749,-7.906796536796525,-5.6772765147063,-3.368175139785734,-0.03017316017315963,0.16649185101215735,0.02959919359346941,-0.10660714285714312,6.601217493516356,6.601286451616927,239.32048616901153,-0.48064504559175164,-0.2618884614304175,996.87,-1.76,79.21,False
HAOS / PANGAEA,HAOS_Flight_01,HAOS_Flight_01_seg01,train,10.1594/PANGAEA.918814,CC BY 4.0,fixed-wing UAV,2020-02-27 15:47:16+00:00,162.0,65.0339,24.54115,42.21,384218.853682239,7214485.84656996,19.766530951019377,-319.41750239022076,-7.670000000000002,19.782738990169513,-319.37855981408825,-7.983766233766223,-5.7940997684352205,-3.4178372380339397,-0.19804112554112585,-0.2517396372342158,-0.05583569683737721,-0.09685064935064958,6.727050134514574,6.72996462098265,239.46439529583319,0.6497162119522474,-1.6862731911315942,996.87,-1.75,78.78,False
HAOS / PANGAEA,HAOS_Flight_01,HAOS_Flight_01_seg01,train,10.1594/PANGAEA.918814,CC BY 4.0,fixed-wing UAV,2020-02-27 15:47:17+00:00,163.0,65.03388,24.54108,41.53,384215.210957693,7214483.65153588,16.123806404997595,-321.61253647040576,-8.350000000000001,13.737147287904563,-322.87876432581686,-8.302878787878777,-6.180755789174731,-3.4798465334604884,-0.22387445887445878,-0.19811878260980897,0.04411755618131963,0.032104978354978275,7.093029960591872,7.096562110993623,240.619918592916,1.130545678932905,-1.8078035508285308,996.96,-1.69,78.71,False
HAOS / PANGAEA,HAOS_Flight_01,HAOS_Flight_01_seg01,train,10.1594/PANGAEA.918814,CC BY 4.0,fixed-wing UAV,2020-02-27 15:47:18+00:00,164.0,65.03384,24.54092,41.45,384207.462277127,7214479.41641199,8.375125839025714,-325.8476603599265,-8.43,7.42122741182005,-326.3382528810092,-8.431515151515141,-6.190337333654838,-3.3296021256713004,-0.1338311688311693,-0.052426195003065335,0.12607327340781183,0.10721861471861471,7.0289776368769115,7.0302515887745045,241.725486653699,1.0996465728491007,-1.0907752373419661,996.97,-1.7,78.83,False
HAOS / PANGAEA,HAOS_Flight_01,HAOS_Flight_01_seg01,train,10.1594/PANGAEA.918814,CC BY 4.0,fixed-wing UAV,2020-02-27 15:47:19+00:00,165.0,65.0338,24.54075,41.15,384199.537938243,7214475.19729373,0.45078695501433685,-330.0667786197737,-8.730000000000004,1.3564726205948858,-329.53796857715946,-8.570541125541116,-6.285608179180862,-3.227699986644865,-0.009437229437229355,-0.16442478335466548,0.0833436409898809,0.16002164502164495,7.065898200934727,7.065904503124286,242.8192117386142,1.196618280536564,-0.076524325734621,997.01,-1.71,78.85,False
HAOS / PANGAEA,HAOS_Flight_01,HAOS_Flight_01_seg01,train,10.1594/PANGAEA.918814,CC BY 4.0,fixed-wing UAV,2020-02-27 15:47:20+00:00,166.0,65.03376,24.54058,41.07,384191.499030795,7214471.17084358,-7.588120492990129,-334.09322877041996,-8.810000000000002,-5.149988946541673,-332.79365285429895,-8.4503896103896,-6.519186900364169,-3.1629148436915386,0.1862121212121206,-0.04875733878690802,0.13564289370006577,0.12606060606060576,7.2459525357487715,7.2483448527515835,244.1187232147721,1.1645256121553125,1.4721074670339784,997.02,-1.73,78.87,False
HAOS / PANGAEA,HAOS_Flight_01,HAOS_Flight_01_seg01,train,10.1594/PANGAEA.918814,CC BY 4.0,fixed-wing UAV,2020-02-27 15:47:21+00:00,167.0,65.03374500000001,24.5405,41.715,384187.425257543,7214469.350050615,-11.661893745011184,-335.9140217350796,-8.165,-11.681901180133453,-335.86379826454254,-8.198116883116874,-6.383122856754678,-2.9564141992447333,0.24268398268398217,0.06107336116365847,0.10828290995533507,0.05333333333333368,7.034532132410789,7.038717059050693,245.14826296292483,0.5757114314050957,1.975860690684945,996.935,-1.74,78.875,True
HAOS / PANGAEA,HAOS_Flight_01,HAOS_Flight_01_seg01,train,10.1594/PANGAEA.918814,CC BY 4.0,fixed-wing UAV,2020-02-27 15:47:22+00:00,168.0,65.03373,24.54042,42.36,384183.351484291,7214467.52925765,-15.735666996974032,-337.73481470067054,-7.520000000000003,-17.91623466005103,-338.7064812527884,-7.965021645021635,-6.397040178036852,-2.9463490237808685,0.29287878787878796,-0.2346837787428564,-0.16725204564484386,-0.04576839826839829,7.04294651473034,7.049033521961829,245.2701460775823,-0.4004878616928127,2.3812555655395866,996.85,-1.75,78.88,False
HAOS / PANGAEA,HAOS_Flight_01,HAOS_Flight_01_seg01,train,10.1594/PANGAEA.918814,CC BY 4.0,fixed-wing UAV,2020-02-27 15:47:23+00:00,169.0,65.03369,24.54024,42.17,384175.020615611,7214463.86058596,-24.06653567700414,-341.4034863905981,-7.710000000000001,-24.475981536207158,-341.7564963121043,-7.6123593073592986,-6.852490414240391,-3.290918290534421,0.15114718614718559,-0.4238374993085121,-0.38201862805243536,-0.27965367965368015,7.601760853396431,7.603263348333441,244.34728723953924,-1.1947176383076334,1.1390722569617757,996.87,-1.75,78.89,False
HAOS / PANGAEA,HAOS_Flight_01,HAOS_Flight_01_seg01,train,10.1594/PANGAEA.918814,CC BY 4.0,fixed-wing UAV,2020-02-27 15:47:24+00:00,170.0,65.03365,24.54007,41.98,384166.858203953,7214459.86868166,-32.22894733498106,-345.39539069030434,-7.900000000000006,-31.62121548853181,-345.28831783385726,-7.662727272727264,-7.244715176653877,-3.710386279885739,-0.26642857142857235,-0.5511738819356031,-0.5114417328172891,-0.30415584415584385,8.139586250959157,8.143945513108301,242.88071080096705,-1.40883432603297,-1.874761680287688,996.9,-1.74,78.9,False
HAOS / PANGAEA,HAOS_Flight_01,HAOS_Flight_01_seg01,train,10.1594/PANGAEA.918814,CC BY 4.0,fixed-wing UAV,2020-02-27 15:47:25+00:00,171.0,65.03361,24.53991,42.06,384158.964069459,7214455.55054783,-40.12308182899142,-349.7135245203972,-7.82,-38.96541188951491,-349.17726887187575,-8.145216450216443,-7.954838178111597,-4.313801756168999,-0.4571645021645021,-0.7282713035625399,-0.5947280908729198,-0.05937770562770517,9.049217426466699,9.06075799331976,241.5296185874733,-1.1326966071792672,-2.892111566952424,996.89,-1.74,78.94,False
HAOS / PANGAEA,HAOS_Flight_01,HAOS_Flight_01_seg01,train,10.1594/PANGAEA.918814,CC BY 4.0,fixed-wing UAV,2020-02-27 15:47:26+00:00,172.0,65.03357,24.53975,41.91,384151.313591703,7214451.24112606,-47.77355958498083,-354.0229462906718,-7.970000000000006,-47.530891844755004,-353.91592134619526,-8.577056277056268,-8.701257783778956,-4.899842461631579,-0.3851839826839827,-0.5383561697576997,-0.43413419425043287,0.014945887445887207,9.986007368742609,9.993433337402015,240.61531758660848,-0.687853928653844,-2.2089390009133756,996.91,-1.79,78.91,False
HAOS / PANGAEA,HAOS_Flight_01,HAOS_Flight_01_seg01,train,10.1594/PANGAEA.918814,CC BY 4.0,fixed-wing UAV,2020-02-27 15:47:27+00:00,173.0,65.03353,24.53959,40.16,384143.83919231,7214446.79814169,-55.24795897799777,-358.46593066025525,-9.720000000000006,-56.367927457072824,-358.9769537951389,-8.915584415584409,-9.031550517626997,-5.182070144669865,-0.4272727272727277,-0.28366793060200024,-0.20034350542596258,-0.006336580086579335,10.412624824544828,10.421387514155603,240.1539107301656,-0.18986094119535896,-2.3497627104916865,997.14,-1.74,78.69,False
HAOS / PANGAEA,HAOS_Flight_01,HAOS_Flight_01_seg01,train,10.1594/PANGAEA.918814,CC BY 4.0,fixed-wing UAV,2020-02-27 15:47:28+00:00,174.0,65.03349,24.53944,40.16,384136.349355826,7214442.36124243,-62.73779546201695,-362.9028299199417,-9.720000000000006,-65.593992880009,-364.280061635535,-9.431601731601724,-9.268593644982957,-5.300529472483504,-0.39785714285714135,-0.10170506368299215,-0.014699134726711804,0.2473593073593081,10.677192554435118,10.68460252656163,240.23559570421776,0.20460224053457868,-2.1339873196740173,997.14,-1.74,78.69,False
HAOS / PANGAEA,HAOS_Flight_01,HAOS_Flight_01_seg01,train,10.1594/PANGAEA.918814,CC BY 4.0,fixed-wing UAV,2020-02-27 15:47:29+00:00,175.0,65.03341,24.53913,41.0,384121.307101172,7214434.24603104,-77.78005011600908,-371.0180413099006,-8.880000000000003,-74.90511474703874,-369.5780127401059,-9.711298701298691,-9.23496064499298,-5.2114684141232885,0.06744588744588853,0.1596208930241012,0.19082285089365314,0.5632683982683977,10.603956862698654,10.604171353467807,240.56311521123476,0.48481789804840186,0.3644217565354102,997.03,-1.78,78.69,False
HAOS / PANGAEA,HAOS_Flight_01,HAOS_Flight_01_seg01,train,10.1594/PANGAEA.918814,CC BY 4.0,fixed-wing UAV,2020-02-27 15:47:30+00:00,176.0,65.03337,24.53897,40.47,384113.937324326,7214430.04657412,-85.14982696197694,-375.21749822981656,-9.410000000000004,-84.06391416999496,-374.70299846378157,-9.296709956709947,-8.949351858934754,-4.918883770696198,0.728679653679654,0.45079486622963216,0.3841247359407731,0.4434848484848479,10.212067187628438,10.238031562870086,241.20523150031457,0.6855327513099907,4.081409423358296,997.1,-1.76,78.65,False
HAOS / PANGAEA,HAOS_Flight_01,HAOS_Flight_01_seg01,train,10.1594/PANGAEA.918814,CC BY 4.0,fixed-wing UAV,2020-02-27 15:47:31+00:00,177.0,65.03333,24.53882,40.31,384106.592901457,7214425.86198684,-92.49424983101198,-379.40208551008254,-9.57,-92.80381846490825,-379.4157802814983,-8.253939393939383,-8.333370912533717,-4.443218942241742,0.9544155844155844,0.8126111298165029,0.5048311023601855,-0.010497835497835784,9.443900959590737,9.492005817651725,241.93418071385472,0.3519484368480369,5.770808814161189,997.12,-1.75,78.71,False
HAOS / PANGAEA,HAOS_Flight_01,HAOS_Flight_01_seg01,train,10.1594/PANGAEA.918814,CC BY 4.0,fixed-wing UAV,2020-02-27 15:47:32+00:00,178.0,65.03329,24.53867,42.52,384099.245394498,7214421.95931587,-99.84175679000327,-383.30475648026913,-7.359999999999999,-100.73065599506239,-383.58943634826505,-7.387878787878778,-7.324129599301749,-3.9092215659758267,0.7076839826839825,0.6506797708565948,0.3082796721184877,-0.16073593073593084,8.30210139899884,8.33220884631476,241.90912837401066,-0.2441005295934105,4.872203098508443,996.83,-1.81,78.96,False
HAOS / PANGAEA,HAOS_Flight_01,HAOS_Flight_01_seg01,train,10.1594/PANGAEA.918814,CC BY 4.0,fixed-wing UAV,2020-02-27 15:47:33+00:00,179.0,65.03325,24.53851,44.34,384091.570536261,7214418.04989764,-107.51661502697971,-387.21417471021414,-5.539999999999999,-107.45207766351174,-387.23422341344997,-6.838571428571418,-7.032011370820527,-3.826659598004767,0.6329437229437227,0.0028325424717152714,-0.04266074388104357,-0.04256493506493597,8.005779637134111,8.030761193981867,241.44597965466792,-0.26779755028163266,4.520449999134186,996.59,-1.85,79.02,False
HAOS / PANGAEA,HAOS_Flight_01,HAOS_Flight_01_seg01,train,10.1594/PANGAEA.918814,CC BY 4.0,fixed-wing UAV,2020-02-27 15:47:34+00:00,180.0,65.03322,24.53835,44.34,384084.041930467,7214414.25159276,-115.04522082098993,-391.01247959025204,-5.539999999999999,-114.79467873670345,-391.2427555442746,-6.1219913419913325,-7.318464514358318,-3.994543053737914,0.6225541125541105,-0.15040894365744606,-0.052563979058604104,-0.17823593073593158,8.337643375444152,8.360853465953447,241.3735332734474,0.17713456641425052,4.270229935970195,996.59,-1.85,79.02,False
HAOS / PANGAEA,HAOS_Flight_01,HAOS_Flight_01_seg01,train,10.1594/PANGAEA.918814,CC BY 4.0,fixed-wing UAV,2020-02-27 15:47:35+00:00,181.0,65.03318,24.53821,43.43,384076.975283324,7214410.12284528,-122.11186796397669,-395.14122707024217,-6.450000000000003,-122.08900669222838,-395.2233095209258,-5.593463203463197,-7.332829258135419,-3.931787556121975,0.27647186147185954,-0.06477287456680614,-0.02936518555749501,-0.3310281385281377,8.320416955624426,8.325009009342162,241.8002487874964,0.03552061276637028,1.9031311556925754,996.71,-1.78,78.89,False
HAOS / PANGAEA,HAOS_Flight_01,HAOS_Flight_01_seg01,train,10.1594/PANGAEA.918814,CC BY 4.0,fixed-wing UAV,2020-02-27 15:47:36+00:00,182.0,65.03313,24.53806,43.35,384069.988635572,7214405.67653179,-129.09851571597392,-399.587540560402,-6.530000000000001,-129.46033725297428,-399.10633065651854,-5.5690476190476135,-7.4480102634919305,-4.053273424852904,-0.03950216450216493,0.0685377753013583,-0.19346095140906527,-0.17059523809523736,8.479497764708704,8.479589775614164,241.44457449898016,-1.3856827648990149,-0.2669133240894017,996.72,-1.8,78.92,False
HAOS / PANGAEA,HAOS_Flight_01,HAOS_Flight_01_seg01,train,10.1594/PANGAEA.918814,CC BY 4.0,fixed-wing UAV,2020-02-27 15:47:37+00:00,183.0,65.0331,24.53791,44.87,384062.816604794,7214401.89539076,-136.2705464939936,-403.3686815900728,-5.010000000000005,-136.98502721921224,-403.3298563706316,-5.672467532467527,-7.1957537075327025,-4.318709458940106,-0.06471861471861518,0.4152397130863186,0.09000158090611876,-0.08922077922077909,8.392265654172856,8.392515195655022,239.0288832576984,-0.8926015518642261,-0.44183896547318424,996.52,-1.85,78.92,False
HAOS / PANGAEA,HAOS_Flight_01,HAOS_Flight_01_seg01,train,10.1594/PANGAEA.918814,CC BY 4.0,fixed-wing UAV,2020-02-27 15:47:38+00:00,184.0,65.03306,24.53776,44.72,384055.598259295,7214398.03196176,-143.48889199300902,-407.232110590674,-5.160000000000004,-143.8518446680397,-407.74374957439875,-5.698484848484844,-6.617530837319293,-3.8732702630406664,-0.2179437229437231,0.9493282403203835,0.14223454448647033,-0.17783549783549746,7.66772045091805,7.670817191134037,239.65937139525167,-3.1607920413112667,-1.6281102575639324,996.54,-1.78,78.96,False
HAOS / PANGAEA,HAOS_Flight_01,HAOS_Flight_01_seg01,train,10.1594/PANGAEA.918814,CC BY 4.0,fixed-wing UAV,2020-02-27 15:47:39+00:00,185.0,65.03302,24.53762,43.88,384048.718076393,7214393.74251402,-150.36907489498844,-411.5215583303943,-6.0,-150.22008889385083,-411.07639689671294,-6.108354978354973,-5.297097226891935,-4.034240369967165,-0.4203896103896101,1.946130799929584,-0.8083922337928158,-0.21711038961038875,6.658403291617221,6.671661098882539,232.70729917507583,-16.62975937357594,-3.6126712000923176,996.65,-1.79,79.07,False
HAOS / PANGAEA,HAOS_Flight_01,HAOS_Flight_01_seg01,train,10.1594/PANGAEA.918814,CC BY 4.0,fixed-wing UAV,2020-02-27 15:47:40+00:00,186.0,65.03296,24.53752,43.12,384043.816767069,7214387.83183556,-155.27038421900943,-417.43223679065704,-6.760000000000005,-154.44603912182356,-415.8122303143331,-6.539264069264064,-2.7252692374601253,-5.490054730626298,-0.6521645021645006,2.9164655713334326,-1.5068011105986159,-0.12920454545454518,6.12925716232552,6.163855278946948,206.3998526480998,-28.527511476854457,-6.073527407311855,996.75,-1.79,78.98,False
HAOS / PANGAEA,HAOS_Flight_01,HAOS_Flight_01_seg01,train,10.1594/PANGAEA.918814,CC BY 4.0,fixed-wing UAV,2020-02-27 15:47:41+00:00,187.0,65.03293,24.53752,42.36,384043.398232322,7214384.10247495,-155.68891896598507,-421.1615973999724,-7.520000000000003,-155.67062736877108,-422.05650635796553,-7.4126839826839745,0.5358339157749299,-7.047842591164397,-0.6787987012987005,3.141977897602601,-1.35410734827758,0.14932900432900342,7.068182452025809,7.100702137958638,175.65227622136695,-24.93222298020522,-5.485624059747573,996.85,-1.84,79.18,False
HAOS / PANGAEA,HAOS_Flight_01,HAOS_Flight_01_seg01,train,10.1594/PANGAEA.918814,CC BY 4.0,fixed-wing UAV,2020-02-27 15:47:42+00:00,188.0,65.0329,24.53751,41.3,384042.97969693,7214380.37311441,-156.107454358018,-424.89095794036984,-8.580000000000005,-153.3743712902737,-429.9079154966619,-7.896861471861465,3.5586865577450766,-8.198269427181458,-0.35350649350649377,2.3727964966857513,-0.623675633887089,0.24772186147186126,8.937330228705532,8.944318781097024,156.53540668768937,-14.068289543537068,-2.2650922279306798,996.99,-1.8,78.68,False
HAOS / PANGAEA,HAOS_Flight_01,HAOS_Flight_01_seg01,train,10.1594/PANGAEA.918814,CC BY 4.0,fixed-wing UAV,2020-02-27 15:47:43+00:00,189.0,65.03276,24.53768,42.67,384050.568612883,7214364.57773387,-148.5185384050128,-440.686338480562,-7.210000000000001,-148.55325425328093,-438.45304521232845,-8.119696969696962,5.2814269091464325,-8.295193858938575,-0.18335497835497794,1.1157600232271534,0.13637275274970762,0.1074567099567103,9.833804520836699,9.835513733512645,147.5156971342928,-6.343208451236069,-1.0681775538147995,996.81,-1.88,79.09,False
HAOS / PANGAEA,HAOS_Flight_01,HAOS_Flight_01_seg01,train,10.1594/PANGAEA.918814,CC BY 4.0,fixed-wing UAV,2020-02-27 15:47:44+00:00,190.0,65.03269,24.53784,40.92,384057.597381454,7214356.74032095,-141.48976983397733,-448.52375140041113,-8.96,-142.81151747198084,-446.498303214539,-8.26357142857142,5.790206604199383,-7.925523921682043,-0.13859307359307316,0.26963990142962047,0.46104181648911435,0.016948051948052267,9.815315682771923,9.816294106867236,143.8489897852172,-2.902523768181001,-0.808967410681247,997.04,-1.79,79.07,False
HAOS / PANGAEA,HAOS_Flight_01,HAOS_Flight_01_seg01,train,10.1594/PANGAEA.918814,CC BY 4.0,fixed-wing UAV,2020-02-27 15:47:45+00:00,191.0,65.03262,24.53799,41.91,384064.574232818,7214348.84114266,-134.51291847001994,-456.42292969021946,-7.970000000000006,-136.97284104488216,-454.30409305569253,-8.396883116883108,5.8207067120056735,-7.373110225960346,-0.1494588744588734,-0.2361714597417901,0.8696105753553525,-0.06899350649350655,9.393794815267626,9.394983714009484,141.7106495979308,-2.265985641794321,-0.9115208941655565,996.91,-1.8,79.5,False
HAOS / PANGAEA,HAOS_Flight_01,HAOS_Flight_01_seg01,train,10.1594/PANGAEA.918814,CC BY 4.0,fixed-wing UAV,2020-02-27 15:47:46+00:00,192.0,65.032585,24.538065,41.415,384067.81144079147,7214344.72794732,-131.2757104965276,-460.53612503036857,-8.465000000000003,-131.1701040479695,-461.2445236664597,-8.562489177489168,5.317863684715803,-6.186302770971338,-0.27658008658008626,-0.757316467589078,0.792612914236841,-0.037424242424243026,8.157819325245368,8.162506519914054,139.31701850162858,0.8204089918880221,-1.9417939319595354,996.9749999999999,-1.815,79.285,True
HAOS / PANGAEA,HAOS_Flight_01,HAOS_Flight_01_seg01,train,10.1594/PANGAEA.918814,CC BY 4.0,fixed-wing UAV,2020-02-27 15:47:47+00:00,193.0,65.03255,24.53814,40.92,384071.048648765,7214340.61475198,-128.03850252297707,-464.64932037051767,-8.96,-126.33711367545055,-466.6766985976352,-8.950043290043281,4.3060737768275175,-5.787884397486664,-0.22430735930735946,-0.4854978722006962,-0.5588335537460694,0.07859307359307355,7.2140056258746545,7.217492013268225,143.35146758170686,4.9622544444492895,-1.7809420127737245,997.04,-1.83,79.07,False
HAOS / PANGAEA,HAOS_Flight_01,HAOS_Flight_01_seg01,train,10.1594/PANGAEA.918814,CC BY 4.0,fixed-wing UAV,2020-02-27 15:47:48+00:00,194.0,65.03248,24.53827,40.69,384077.106969526,7214332.28188743,-121.98018176201731,-472.98218492046,-9.190000000000005,-122.55795649431445,-472.82029246143304,-9.011103896103887,4.346867940314411,-7.303969878463477,-0.11939393939393916,0.8047173406450199,-1.7836267258679328,0.07455627705627732,8.499602159868132,8.5004406820352,149.24152739052715,2.1711250369506288,-0.8047810726927217,997.07,-1.79,79.69,False
HAOS / PANGAEA,HAOS_Flight_01,HAOS_Flight_01_seg01,train,10.1594/PANGAEA.918814,CC BY 4.0,fixed-wing UAV,2020-02-27 15:47:49+00:00,195.0,65.03241,24.53841,40.69,384083.165434631,7214323.9373184,-115.92171665700153,-481.3267539506778,-9.190000000000005,-117.64337779482173,-481.28463835456216,-9.18883116883116,5.915508458117557,-9.35513784922253,-0.07519480519480481,1.78487501182164,-1.4484948360792345,0.14523809523809517,11.068506877443602,11.068762295520877,147.6937176556081,-3.527675363256699,-0.3892375681608255,997.07,-1.8,78.51,False
HAOS / PANGAEA,HAOS_Flight_01,HAOS_Flight_01_seg01,train,10.1594/PANGAEA.918814,CC BY 4.0,fixed-wing UAV,2020-02-27 15:47:50+00:00,196.0,65.03233,24.53853,40.69,384088.516448458,7214315.44251964,-110.57070282998029,-489.82155271060765,-9.190000000000005,-110.72693957807934,-491.5305681598781,-9.161493506493496,7.916617963957691,-10.200959550621945,0.17108225108225117,2.037243875995479,0.09273673991623355,0.19415043290043288,12.912490686954346,12.91362400247576,142.18617666401377,-7.572685949429852,0.7590880529353942,997.07,-1.8,78.51,False
HAOS / PANGAEA,HAOS_Flight_01,HAOS_Flight_01_seg01,train,10.1594/PANGAEA.918814,CC BY 4.0,fixed-wing UAV,2020-02-27 15:47:51+00:00,197.0,65.03225,24.53864,41.0,384093.224072596,7214306.37644975,-105.86307869199663,-498.8876226004213,-8.880000000000003,-101.81014186690635,-501.68655745580605,-8.846666666666657,9.989996210108515,-9.169664369390063,0.31310606060606094,2.2195558446343924,1.7861170004539133,0.07863636363636406,13.560338082999412,13.563952386027916,132.5483457567484,-11.986531489436938,1.3227154516044233,997.03,-1.81,79.02,False
HAOS / PANGAEA,HAOS_Flight_01,HAOS_Flight_01_seg01,train,10.1594/PANGAEA.918814,CC BY 4.0,fixed-wing UAV,2020-02-27 15:47:52+00:00,198.0,65.03212,24.53899,41.45,384109.287935908,7214291.62275094,-89.79921537998598,-513.641321410425,-8.43,-90.74694715786231,-509.8698968986582,-8.535281385281374,12.355729653226476,-6.628725549714119,0.3283549783549793,2.3436124613463836,3.181910586930414,0.049529220779220395,14.021556892052066,14.025401051979344,118.21311368513989,-15.862848298328716,1.3414998532679538,996.97,-1.84,79.02,False
HAOS / PANGAEA,HAOS_Flight_01,HAOS_Flight_01_seg01,train,10.1594/PANGAEA.918814,CC BY 4.0,fixed-wing UAV,2020-02-27 15:47:53+00:00,199.0,65.0321,24.53927,41.45,384122.232478816,7214288.86062674,-76.85467247199267,-516.4034456098452,-8.43,-77.0986825604534,-514.9440085552343,-8.189956709956698,14.677221132801282,-2.805843195529235,0.41216450216450173,1.8246498080723903,4.399632773926513,0.03214285714285614,14.943010948903378,14.948694116741127,100.82264916009098,-17.968113973448908,1.5799560404635973,996.97,-1.82,79.06,False
HAOS / PANGAEA,HAOS_Flight_01,HAOS_Flight_01_seg01,train,10.1594/PANGAEA.918814,CC BY 4.0,fixed-wing UAV,2020-02-27 15:47:54+00:00,200.0,65.03212,24.53959,42.52,384137.504370749,7214289.5839036,-61.58278053899994,-515.6801687497646,-7.359999999999999,-61.392504892259744,-515.4815832897167,-7.710952380952371,16.005029269371256,2.1705399981389064,0.39264069264069157,0.46507371102675954,5.168945184326233,-0.08607142857142902,16.15153880585226,16.156310609494636,82.27688573824207,-18.2922003247389,1.3925747141077733,996.83,-1.84,79.1,False
HAOS / PANGAEA,HAOS_Flight_01,HAOS_Flight_01_seg01,train,10.1594/PANGAEA.918814,CC BY 4.0,fixed-wing UAV,2020-02-27 15:47:55+00:00,201.0,65.03217,24.53994,42.14,384153.986839375,7214294.46001663,-45.10031191300368,-510.8040557205677,-7.740000000000002,-45.088624021710885,-510.6029285589565,-7.404675324675315,15.607368554854801,7.532047173123232,0.2400216450216437,-0.6153891809307126,4.661614418244483,-0.14536796536796537,17.32979191523153,17.331454013304914,64.23824851061318,-15.079178104215375,0.7935091235724245,996.88,-1.85,79.11,False
HAOS / PANGAEA,HAOS_Flight_01,HAOS_Flight_01_seg01,train,10.1594/PANGAEA.918814,CC BY 4.0,fixed-wing UAV,2020-02-27 15:47:56+00:00,202.0,65.03226,24.54027,42.74,384170.083441232,7214304.19826035,-29.003710056014825,-501.0658120000735,-7.140000000000001,-30.17776778255014,-500.41748894347023,-7.230909090909083,14.774250907509831,11.493768834627872,0.10190476190476083,-0.6681090221748889,3.208505828576591,-0.1784307359307351,18.718579323814026,18.718856708742038,52.118529529811326,-9.29216543674616,0.31191764009536993,996.8,-1.87,79.14,False
HAOS / PANGAEA,HAOS_Flight_01,HAOS_Flight_01_seg01,train,10.1594/PANGAEA.918814,CC BY 4.0,fixed-wing UAV,2020-02-27 15:47:57+00:00,203.0,65.03238,24.54056,43.12,384184.491163278,7214317.56719088,-14.59598800999811,-487.69688147027045,-6.760000000000005,-15.540122206691223,-487.61539088970073,-7.2008658008657935,14.271150510505024,13.949058830276414,-0.11683982683982652,-0.4782998702145882,2.02391804926485,-0.1260497835497829,19.956001080978126,19.95634311914726,45.653917637120855,-5.239518254608072,-0.3354556074348776,996.75,-1.87,79.19,False
HAOS / PANGAEA,HAOS_Flight_01,HAOS_Flight_01_seg01,train,10.1594/PANGAEA.918814,CC BY 4.0,fixed-wing UAV,2020-02-27 15:47:58+00:00,204.0,65.03253,24.54082,42.29,384197.418539627,7214332.99750372,-1.6686116610071622,-472.26656863000244,-7.590000000000003,-1.635466761540093,-472.5193712829174,-7.4645887445887364,13.817651167080655,15.541604933157572,-0.150194805194805,-0.1479589813777551,0.9326542236618565,0.023170995670995342,20.79588823958893,20.79643061087601,41.63949302059518,-2.093365297078859,-0.41380193625684236,996.86,-1.85,79.08,False
HAOS / PANGAEA,HAOS_Flight_01,HAOS_Flight_01_seg01,train,10.1594/PANGAEA.918814,CC BY 4.0,fixed-wing UAV,2020-02-27 15:47:59+00:00,205.0,65.03268,24.54109,42.29,384210.462511725,7214349.14841078,11.375360437028576,-456.115661569871,-7.590000000000003,12.095180127470087,-456.5321810233856,-7.5012554112554035,13.975232547749513,15.814367277600127,-0.07049783549783584,0.4344482653990642,-0.2091337528162427,0.07374458874458911,21.10453356875027,21.104651314326823,41.46718704296313,1.2605199489871084,-0.19139079298129621,996.86,-1.85,79.08,False
HAOS / PANGAEA,HAOS_Flight_01,HAOS_Flight_01_seg01,train,10.1594/PANGAEA.918814,CC BY 4.0,fixed-wing UAV,2020-02-27 15:48:00+00:00,206.0,65.03282,24.54138,42.06,384224.73068116,7214365.06330668,25.643529872002546,-440.2007656702772,-7.82,26.314998333958933,-440.89063672771715,-7.605584415584408,14.686547697878783,15.123337427525087,-0.0027056277056267675,1.0297648301366973,-0.8310415475030766,0.1680844155844161,21.081034562583728,21.081034736209485,44.1605329185694,3.550591589979345,-0.0073535787418156934,996.89,-1.88,79.02,False
HAOS / PANGAEA,HAOS_Flight_01,HAOS_Flight_01_seg01,train,10.1594/PANGAEA.918814,CC BY 4.0,fixed-wing UAV,2020-02-27 15:48:01+00:00,207.0,65.03296,24.5417,42.06,384240.412154595,7214379.4241217,41.32500330702169,-425.8399506499991,-7.82,41.46827552322765,-426.2855061683354,-7.506666666666657,16.034762208022908,14.152284182593974,0.2656709956709964,1.1441732147954582,-1.116205388799031,0.08988095238095184,21.38692934136968,21.388579376168956,48.56837022292183,4.31300962955237,0.7116984240827603,996.89,-1.88,79.02,False
HAOS / PANGAEA,HAOS_Flight_01,HAOS_Flight_01_seg01,train,10.1594/PANGAEA.918814,CC BY 4.0,fixed-wing UAV,2020-02-27 15:48:02+00:00,208.0,65.03308,24.54204,42.97,384256.933241223,7214392.37077799,57.84608993498841,-412.89329436048865,-6.910000000000004,58.38452275000475,-412.5860683625292,-7.074242424242415,16.9748941274697,12.890926649927025,0.1770562770562769,0.009894923528493749,-1.606238895426472,-0.2656926406926412,21.314854457223113,21.31558982195541,52.78655217767414,3.580270267780748,0.47592837716164554,996.77,-1.93,79.19,False
HAOS / PANGAEA,HAOS_Flight_01,HAOS_Flight_01_seg01,train,10.1594/PANGAEA.918814,CC BY 4.0,fixed-wing UAV,2020-02-27 15:48:03+00:00,209.0,65.03319,24.54238,42.74,384273.617470564,7214404.23526092,74.53031927597476,-401.02881143055856,-7.140000000000001,75.41806377816705,-400.50365286848137,-7.152554112554103,16.054552055079895,10.93980639174103,-0.265714285714286,-1.1071456775638193,-1.7971141174570846,-0.3702489177489179,19.42750641688346,19.42932344832626,55.72891075848332,2.5047078404837486,-0.7835981411653077,996.8,-1.91,79.21,False
HAOS / PANGAEA,HAOS_Flight_01,HAOS_Flight_01_seg01,train,10.1594/PANGAEA.918814,CC BY 4.0,fixed-wing UAV,2020-02-27 15:48:04+00:00,210.0,65.0333,24.54273,42.89,384290.473031815,7214415.13438399,91.38588052702835,-390.129688359797,-6.990000000000002,90.49362686016454,-390.70645557904714,-7.605670995670987,14.760602772342061,9.296698415012855,-0.5634415584415589,-1.1083020880926462,-1.348506677254747,-0.227824675324674,17.444311268220787,17.453408320793784,57.79596785864163,1.745138114727669,-1.8499786796310456,996.78,-1.89,79.21,False
HAOS / PANGAEA,HAOS_Flight_01,HAOS_Flight_01_seg01,train,10.1594/PANGAEA.918814,CC BY 4.0,fixed-wing UAV,2020-02-27 15:48:05+00:00,211.0,65.03339,24.54309,42.29,384307.673915096,7214425.25302763,108.58676380797988,-380.0110447201878,-7.590000000000003,104.93926932285117,-381.91025603845566,-8.279437229437221,13.837947878894603,8.242793037231536,-0.721363636363634,-1.3115992920109214,-1.1577598313373585,-0.034978354978354,16.106906548236886,16.123051945878736,59.219186987938656,1.1487138614598622,-2.56433419987456,996.86,-1.91,79.19,False
HAOS / PANGAEA,HAOS_Flight_01,HAOS_Flight_01_seg01,train,10.1594/PANGAEA.918814,CC BY 4.0,fixed-wing UAV,2020-02-27 15:48:06+00:00,212.0,65.03344,24.54327,39.78,384316.274749396,7214430.24981607,117.18759810802294,-375.01425627991557,-10.100000000000001,118.16952261795375,-374.2208695045841,-9.048398268398255,12.137404188320218,6.981178752338138,-0.6333982683982669,-1.5755764549929836,-1.1332473086003603,0.1651406926406911,14.001908341463697,14.016227401450099,60.09339558156137,0.7829506766758519,-2.5900985996381807,997.19,-1.84,78.85,False
HAOS / PANGAEA,HAOS_Flight_01,HAOS_Flight_01_seg01,train,10.1594/PANGAEA.918814,CC BY 4.0,fixed-wing UAV,2020-02-27 15:48:07+00:00,213.0,65.03349,24.54344,39.78,384324.875467931,7214435.2465789,125.78831664298195,-370.01749345008284,-10.100000000000001,129.2140776994916,-367.9478985337794,-9.546233766233755,10.686794968908636,5.976298420030815,-0.3910822510822518,-0.7051761077395184,-0.594719138174824,0.284945887445887,12.244334588402662,12.250578551230358,60.78508834129036,0.7705730240480763,-1.829396875191645,997.19,-1.84,78.85,False
HAOS / PANGAEA,HAOS_Flight_01,HAOS_Flight_01_seg01,train,10.1594/PANGAEA.918814,CC BY 4.0,fixed-wing UAV,2020-02-27 15:48:08+00:00,214.0,65.03358,24.5438,40.31,384342.108475983,7214444.94049045,143.02132469502976,-360.3235819004476,-9.57,139.54311255577102,-362.26827266452244,-9.830562770562759,10.727051972841181,5.79174047598849,-0.06350649350649284,0.7963602241004359,0.23039100006086244,0.317662337662338,12.190730157346575,12.1908955718584,61.63454162965752,0.7754017234435334,-0.2984744217926888,997.12,-1.87,79.13,False
HAOS / PANGAEA,HAOS_Flight_01,HAOS_Flight_01_seg01,train,10.1594/PANGAEA.918814,CC BY 4.0,fixed-wing UAV,2020-02-27 15:48:09+00:00,215.0,65.033625,24.54398,40.5,384350.7710195545,7214449.532705755,151.68386826652568,-355.73136659525335,-9.380000000000003,150.66818164517397,-356.3644175818024,-9.67324675324674,12.279515417109508,6.43708042015254,0.24424242424242415,1.670584046382416,0.7148187025349273,0.19229437229437174,13.864433028960878,13.866584207235073,62.335891788177435,0.5967556843008629,1.009245216721221,997.095,-1.8900000000000001,79.11,True
HAOS / PANGAEA,HAOS_Flight_01,HAOS_Flight_01_seg01,train,10.1594/PANGAEA.918814,CC BY 4.0,fixed-wing UAV,2020-02-27 15:48:10+00:00,216.0,65.03367,24.54416,40.69,384359.433563126,7214454.12492106,160.3464118380216,-351.1391512900591,-9.190000000000005,164.10214338999003,-349.39411182421736,-9.34207792207791,14.068220065606013,7.221377881058345,0.32108225108225064,1.3724933569049327,0.5919782982199706,0.026558441558441448,15.81338402478604,15.816643390028062,62.82805299825924,0.38406794575078584,1.163200129885061,997.07,-1.91,79.09,False
HAOS / PANGAEA,HAOS_Flight_01,HAOS_Flight_01_seg01,train,10.1594/PANGAEA.918814,CC BY 4.0,fixed-wing UAV,2020-02-27 15:48:11+00:00,217.0,65.03375,24.54452,40.77,384376.897180047,7214462.72009281,177.81002875900595,-342.54397954046726,-9.11,178.804621776386,-341.9216618196857,-9.031082251082239,15.024502130919373,7.6210370165924815,0.29735930735930705,1.1567237478294956,0.5837415158345607,0.022694805194805046,16.8468355927834,16.849459696024287,63.10402767967901,0.027745283962046702,1.0112085569748537,997.06,-1.86,79.08,False
HAOS / PANGAEA,HAOS_Flight_01,HAOS_Flight_01_seg01,train,10.1594/PANGAEA.918814,CC BY 4.0,fixed-wing UAV,2020-02-27 15:48:12+00:00,218.0,65.03384,24.54489,41.07,384394.400252931,7214471.52175957,195.31310164299794,-333.7423127805814,-8.810000000000002,194.15114765182878,-334.1520377910324,-8.747359307359297,16.381667561265004,8.388860912727466,0.3664718614718607,0.8975267740929809,0.5771862231184741,0.061850649350649434,18.4046738493484,18.408322061669267,62.883543566183334,-0.3284050465710769,1.1407165798553436,997.02,-1.85,79.02,False
HAOS / PANGAEA,HAOS_Flight_01,HAOS_Flight_01_seg01,train,10.1594/PANGAEA.918814,CC BY 4.0,fixed-wing UAV,2020-02-27 15:48:13+00:00,219.0,65.03392,24.54525,41.0,384411.557592607,7214480.53953738,212.4704413189902,-324.72453496977687,-8.880000000000003,211.567956898916,-325.1439399942308,-8.298138528138518,16.819555679105335,8.77540946282943,0.4210606060606059,0.2708623607303906,0.3115418471085434,-0.0121212121212122,18.97116929666806,18.975841391538268,62.44721758653685,-0.45973655261531,1.2714574971682737,997.03,-1.86,78.95,False
HAOS / PANGAEA,HAOS_Flight_01,HAOS_Flight_01_seg01,train,10.1594/PANGAEA.918814,CC BY 4.0,fixed-wing UAV,2020-02-27 15:48:14+00:00,220.0,65.03401,24.5456,42.59,384428.384260484,7214489.37370594,229.29710919602076,-315.89036640990525,-7.289999999999999,227.79025901003945,-316.60121886537354,-7.905238095238085,16.923392282725786,9.011944606944553,0.34222943722943633,0.7919033008003638,0.5548164798410511,-0.09081168831168895,19.173323967263986,19.17637799328554,61.96407046095271,-0.34445221181019037,1.0225780587781799,996.82,-1.86,79.18,False
HAOS / PANGAEA,HAOS_Flight_01,HAOS_Flight_01_seg01,train,10.1594/PANGAEA.918814,CC BY 4.0,fixed-wing UAV,2020-02-27 15:48:15+00:00,221.0,65.0341,24.54594,42.29,384445.061403346,7214498.39749867,245.97425205801846,-306.86657368019223,-7.590000000000003,245.41474146436758,-307.12005078034167,-7.613679653679645,18.403362280706062,9.885042422511532,0.239437229437228,1.3806270193258143,0.7141404291020308,-0.0894264069264068,20.890136594330045,20.891508732415854,61.758313162916465,0.047805559034825244,0.6566803400427437,996.86,-1.89,78.91,False
HAOS / PANGAEA,HAOS_Flight_01,HAOS_Flight_01_seg01,train,10.1594/PANGAEA.918814,CC BY 4.0,fixed-wing UAV,2020-02-27 15:48:16+00:00,222.0,65.03418,24.54628,42.74,384461.4474589,7214507.26870844,262.3603076119907,-297.9953639106825,-7.140000000000001,264.5969835714516,-296.8311340203505,-7.426363636363629,19.684646321377414,10.440225465148615,0.16337662337662273,1.0073298138663205,0.34624611368420233,-0.04285714285714226,22.281912138792194,22.282511090133465,62.05968157902237,0.42765965808058376,0.42009963894755264,996.8,-1.88,79.1,False
HAOS / PANGAEA,HAOS_Flight_01,HAOS_Flight_01_seg01,train,10.1594/PANGAEA.918814,CC BY 4.0,fixed-wing UAV,2020-02-27 15:48:17+00:00,223.0,65.03426,24.54662,42.29,384477.783778433,7214515.96892041,278.6966271449928,-289.29515194054693,-7.590000000000003,284.7840341071224,-286.23959985004444,-7.2869264069263995,20.418021908438703,10.577534649879937,0.15372294372294348,0.4076360458549573,-0.025871739109987857,0.03231601731601774,22.99521380467887,22.995727617675428,62.61363247907764,0.5331881375970832,0.38301642965130417,996.86,-1.87,78.83,False
HAOS / PANGAEA,HAOS_Flight_01,HAOS_Flight_01_seg01,train,10.1594/PANGAEA.918814,CC BY 4.0,fixed-wing UAV,2020-02-27 15:48:18+00:00,224.0,65.03443,24.5473,42.44,384510.424034555,7214532.97050178,311.3368832669803,-272.2935705706477,-7.440000000000005,305.433027388329,-275.6760647205906,-7.118917748917742,20.49991841308733,10.388481986928639,0.22800865800865822,-0.2870741050522838,-0.30727425249278184,-0.0045887445887444755,22.98188880261972,22.98301983822197,63.126057854216526,0.36328829264988605,0.5684260898864228,996.84,-1.89,78.97,False
HAOS / PANGAEA,HAOS_Flight_01,HAOS_Flight_01_seg01,train,10.1594/PANGAEA.918814,CC BY 4.0,fixed-wing UAV,2020-02-27 15:48:19+00:00,225.0,65.03451,24.54764,42.89,384526.981482511,7214541.07016091,327.89433122298215,-264.1939114406705,-6.990000000000002,325.78387093329707,-265.46263587618716,-6.830909090909083,19.843873698334136,9.962986144894373,0.14454545454545453,-1.0225431894168509,-0.5357590150188827,-0.09957792207792182,22.204513421347347,22.204983892523412,63.340209064377405,0.04345548657638954,0.37297496024973725,996.78,-1.88,78.99,False
HAOS / PANGAEA,HAOS_Flight_01,HAOS_Flight_01_seg01,train,10.1594/PANGAEA.918814,CC BY 4.0,fixed-wing UAV,2020-02-27 15:48:20+00:00,226.0,65.03458,24.54799,43.35,384543.746189774,7214548.98260001,344.6590384860174,-256.2814723402262,-6.530000000000001,345.12077478499725,-255.75009243080186,-6.829826839826833,18.454832034253627,9.316963956890874,0.028852813852814574,-1.7572295903630106,-0.8063026518950025,-0.11339826839826772,20.673331680851966,20.67335181511176,63.21296882736931,-0.21203579837245407,0.07996502029793372,996.72,-1.88,79.05,False
HAOS / PANGAEA,HAOS_Flight_01,HAOS_Flight_01_seg01,train,10.1594/PANGAEA.918814,CC BY 4.0,fixed-wing UAV,2020-02-27 15:48:21+00:00,227.0,65.03466,24.54834,43.81,384560.61186453,7214557.39653478,361.52471324201906,-247.86753757018596,-6.07,362.6935350018043,-246.82870796240542,-6.773203463203454,16.329414517608114,8.350380841104368,-0.08225108225108091,-1.3191027469870136,-0.5511293596692823,-0.12743506493506507,18.34062808846397,18.340812520711427,62.916137467632495,-0.3295239889147294,-0.2569491217811175,996.66,-1.88,79.1,False
HAOS / PANGAEA,HAOS_Flight_01,HAOS_Flight_01_seg01,train,10.1594/PANGAEA.918814,CC BY 4.0,fixed-wing UAV,2020-02-27 15:48:22+00:00,228.0,65.03475,24.54868,42.59,384576.861401613,7214566.12428128,377.77425032499013,-239.13979107048362,-7.289999999999999,377.7796038202135,-239.04933074859312,-6.9943290043289945,15.8166265402796,8.214705237552309,-0.22601731601731556,0.10801446460149577,0.14133775035056573,-0.08549783549783596,17.822655729563603,17.824088786854887,62.55392084953985,-0.23536060090725608,-0.7265552548851509,996.82,-1.86,78.98,False
HAOS / PANGAEA,HAOS_Flight_01,HAOS_Flight_01_seg01,train,10.1594/PANGAEA.918814,CC BY 4.0,fixed-wing UAV,2020-02-27 15:48:23+00:00,229.0,65.03483,24.54902,42.06,384593.302766727,7214575.08963339,394.2156154389959,-230.17443895991892,-7.82,394.3267880823635,-230.3992974873008,-7.225238095238085,16.545443446811106,8.6330563418055,-0.25324675324675283,0.40158502683931374,0.13241567735426685,-0.021017316017316157,18.662297839559113,18.664016035420744,62.44541626581798,0.20754306537628683,-0.7774540797874855,996.89,-1.88,78.62,False
HAOS / PANGAEA,HAOS_Flight_01,HAOS_Flight_01_seg01,train,10.1594/PANGAEA.918814,CC BY 4.0,fixed-wing UAV,2020-02-27 15:48:24+00:00,230.0,65.03492,24.54937,42.59,384609.90390571,7214583.63423913,410.81675442197593,-221.62983322050422,-7.289999999999999,410.8704907138357,-221.78321806498212,-7.5008225108225,16.619796593958228,8.479536592260843,-0.2680519480519479,0.3295506365821126,-0.07990220167625495,0.036320346320346086,18.657978980694455,18.659904380539857,62.96900698029242,0.6671504386900964,-0.8230896184099776,996.82,-1.92,78.7,False
HAOS / PANGAEA,HAOS_Flight_01,HAOS_Flight_01_seg01,train,10.1594/PANGAEA.918814,CC BY 4.0,fixed-wing UAV,2020-02-27 15:48:25+00:00,231.0,65.035,24.54972,42.06,384626.656616482,7214591.9499519,427.5694651940139,-213.3141204500571,-7.82,427.56638127028,-213.44022430277911,-7.761341991341981,17.20454471997533,8.47325193845299,-0.18060606060606066,0.4428586080423855,0.0026830316297505874,0.098376623376623,19.177913271107688,19.178763671917334,63.779717143198184,0.5857888056082173,-0.5395612643475223,996.89,-1.92,79.23,False
HAOS / PANGAEA,HAOS_Flight_01,HAOS_Flight_01_seg01,train,10.1594/PANGAEA.918814,CC BY 4.0,fixed-wing UAV,2020-02-27 15:48:26+00:00,232.0,65.03508,24.55007,42.52,384643.541654151,7214600.09229215,444.45450286299456,-205.17178020067513,-7.359999999999999,445.27958015378636,-204.83671418807614,-7.8620346320346215,17.505513810043,8.484902655520344,-0.07129870129870186,-0.5022778895888962,-0.22488366813777816,0.06964285714285667,19.453446656756284,19.453577314521592,64.14058459150885,-0.0639404165184151,-0.20999344999094308,996.83,-1.95,79.24,False
HAOS / PANGAEA,HAOS_Flight_01,HAOS_Flight_01_seg01,train,10.1594/PANGAEA.918814,CC BY 4.0,fixed-wing UAV,2020-02-27 15:48:27+00:00,233.0,65.03516,24.55042,41.83,384660.498060927,7214608.21778907,461.41090963903116,-197.04628328047693,-8.050000000000004,462.577408890366,-196.47041899173843,-7.9039393939393845,16.19998894079754,8.023484602177433,-0.04132034632034731,-1.543776440210891,-0.4654360210202526,0.0800108225108227,18.078051522311274,18.07809874445764,63.65183631016134,-0.8960323274335736,-0.13095865594184458,996.92,-1.9,78.84,False
HAOS / PANGAEA,HAOS_Flight_01,HAOS_Flight_01_seg01,train,10.1594/PANGAEA.918814,CC BY 4.0,fixed-wing UAV,2020-02-27 15:48:28+00:00,234.0,65.03523,24.55078,41.6,384677.833808271,7214616.32822247,478.74665698298486,-188.93584987986833,-8.280000000000001,477.67955803538143,-188.78974498372128,-7.944675324675316,14.417960929621216,7.5540306134798385,0.08872294372294354,-1.3757978174837717,-0.40632880364697144,0.1083766233766239,16.277007583627725,16.277249387971462,62.34851993664171,-0.9256894538502822,0.31230555436244445,996.95,-1.92,78.91,False
HAOS / PANGAEA,HAOS_Flight_01,HAOS_Flight_01_seg01,train,10.1594/PANGAEA.918814,CC BY 4.0,fixed-wing UAV,2020-02-27 15:48:29+00:00,235.0,65.03532,24.55114,41.83,384694.902411701,7214625.37944049,495.8152604129864,-179.88463186006993,-8.050000000000004,491.4133307496084,-181.36235776477875,-7.726493506493497,13.448393305829995,7.21082699488349,0.1754329004329005,-0.6407940689319105,-0.5720002330502965,0.04021645021645015,15.25959725741258,15.260605661669782,61.80045740246078,0.8204675963248134,0.6586754425136154,996.92,-1.88,78.96,False
HAOS / PANGAEA,HAOS_Flight_01,HAOS_Flight_01_seg01,train,10.1594/PANGAEA.918814,CC BY 4.0,fixed-wing UAV,2020-02-27 15:48:30+00:00,236.0,65.03537,24.55131,42.67,384703.292815301,7214630.1084116,504.20566401298856,-175.1556607503444,-7.210000000000001,504.5763446470414,-174.3680909939543,-7.593809523809515,13.136372791757395,6.410030147379246,0.16915584415584384,-0.10894220483683625,-1.1901589294762616,-0.002478354978355135,14.616866169406313,14.61784492714117,63.98945512929134,4.071106134480141,0.6630342787202197,996.81,-1.89,78.9,False
HAOS / PANGAEA,HAOS_Flight_01,HAOS_Flight_01_seg01,train,10.1594/PANGAEA.918814,CC BY 4.0,fixed-wing UAV,2020-02-27 15:48:31+00:00,237.0,65.03541,24.55149,42.67,384711.683107443,7214634.83735862,512.5959561549826,-170.42671373020858,-7.210000000000001,517.6860763331232,-168.54229747002026,-7.38818181818181,13.230508896156323,4.830509135930967,0.17047619047619023,0.14094223086227942,-1.9592740161543887,-0.04637445887445857,14.084750056837507,14.085781706923596,69.94266967142107,7.74587080409751,0.6934513747651919,996.81,-1.93,78.85,False
HAOS / PANGAEA,HAOS_Flight_01,HAOS_Flight_01_seg01,train,10.1594/PANGAEA.918814,CC BY 4.0,fixed-wing UAV,2020-02-27 15:48:32+00:00,238.0,65.03548,24.55184,42.82,384728.858513327,7214641.36079391,529.7713620390277,-163.90327844023705,-7.060000000000002,531.0373624393541,-164.70707272209236,-7.252857142857135,13.418257253481954,2.4914821150704682,0.0764069264069267,0.09084035217492215,-2.599192965056062,-0.10792748917748884,13.64760458286864,13.647818465554854,79.48119673748636,10.814238024443316,0.3207704798272647,996.79,-1.93,78.9,False
HAOS / PANGAEA,HAOS_Flight_01,HAOS_Flight_01_seg01,train,10.1594/PANGAEA.918814,CC BY 4.0,fixed-wing UAV,2020-02-27 15:48:33+00:00,239.0,65.0355,24.55218,42.29,384744.921313217,7214643.4387683,545.8341619290295,-161.82530404999852,-7.590000000000003,544.5225908400871,-163.55933323987932,-7.235367965367956,13.412189600506167,-0.36787679418115715,-0.04537878787878746,-0.7499547628876542,-2.9104616915065336,-0.08162337662337693,13.417233813853837,13.417310552044778,91.5711457203077,13.06336791561938,-0.1937808602989474,996.86,-1.84,79.47,False
HAOS / PANGAEA,HAOS_Flight_01,HAOS_Flight_01_seg01,train,10.1594/PANGAEA.918814,CC BY 4.0,fixed-wing UAV,2020-02-27 15:48:34+00:00,240.0,65.03548,24.55247,42.36,384758.386838986,7214641.05985952,559.2996876980178,-164.20421283040196,-7.520000000000003,557.8617416403664,-165.44282631045468,-7.34361471861471,11.918347727706646,-3.329441267942599,-0.08683982683982716,-2.528603077627338,-2.600369451041381,-0.024637445887446097,12.374659256529425,12.374963954320632,105.60793256872512,16.056200778194437,-0.4020695677637558,996.85,-1.84,78.79,False
HAOS / PANGAEA,HAOS_Flight_01,HAOS_Flight_01_seg01,train,10.1594/PANGAEA.918814,CC BY 4.0,fixed-wing UAV,2020-02-27 15:48:35+00:00,241.0,65.03544,24.55269,42.67,384768.600693262,7214635.560999,569.5135419740109,-169.70307334978133,-7.210000000000001,568.3592862955004,-170.21821577576452,-7.409047619047611,8.354983445251492,-5.568615696263919,-0.09465367965367966,-3.6245579703305566,-1.6117043883309918,-0.017564935064934506,10.040678719245198,10.041124860401615,123.68354727669657,19.460151958995592,-0.5401124632258724,996.81,-1.89,78.81,False
HAOS / PANGAEA,HAOS_Flight_01,HAOS_Flight_01_seg01,train,10.1594/PANGAEA.918814,CC BY 4.0,fixed-wing UAV,2020-02-27 15:48:36+00:00,242.0,65.03537,24.55282,42.52,384774.312778281,7214627.82699214,575.225626992993,-177.43708021007478,-7.359999999999999,574.5717085308694,-176.58005770298251,-7.532922077922069,4.669231787045533,-6.5528500446045825,-0.12196969696969617,-3.1282594446149403,-0.40031571736362537,-0.014577922077922523,8.046214587508258,8.04713898197425,144.5282364867163,19.040521673988795,-0.86845976965961,996.83,-1.87,78.78,False
HAOS / PANGAEA,HAOS_Flight_01,HAOS_Flight_01_seg01,train,10.1594/PANGAEA.918814,CC BY 4.0,fixed-wing UAV,2020-02-27 15:48:37+00:00,243.0,65.03529,24.55288,42.21,384776.778665002,7214619.2129157,577.6915137140313,-186.05115665029734,-7.670000000000002,577.6977498695915,-183.32391586497369,-7.652987012987003,2.098464556021611,-6.36924713099117,-0.1238095238095247,-2.1733224324883906,0.11172963007458492,-0.022218614718615637,6.706031800440424,6.7071746142995385,161.76459062467416,16.277061225515816,-1.0576981378457306,996.87,-1.82,79.37,False
HAOS / PANGAEA,HAOS_Flight_01,HAOS_Flight_01_seg01,train,10.1594/PANGAEA.918814,CC BY 4.0,fixed-wing UAV,2020-02-27 15:48:38+00:00,244.0,65.035255,24.552885,41.985,384776.8006499625,7214614.88391255,577.7134986745077,-190.38015979994088,-7.895000000000003,578.7686376429126,-189.31855196496485,-7.780541125541118,0.3225869220687514,-6.329390784455413,-0.16640692640692745,-1.6120042920271658,-0.6783888094677479,-0.023160173160172937,6.337606016836238,6.339790319071688,177.08235893774793,13.262036667650193,-1.504073356852791,996.9,-1.82,79.195,True
HAOS / PANGAEA,HAOS_Flight_01,HAOS_Flight_01_seg01,train,10.1594/PANGAEA.918814,CC BY 4.0,fixed-wing UAV,2020-02-27 15:48:39+00:00,245.0,65.03522,24.55289,41.76,384776.822634923,7214610.5549094,577.7354836349841,-194.70916295051575,-8.120000000000005,578.342923713729,-195.9826974338845,-7.985800865800858,-1.1255440280327207,-7.726024749926665,-0.17012987012987058,-1.3061380040488757,-1.6647882241517777,0.036515151515152056,7.807580149797984,7.809433524157173,188.28866395997454,8.126812087936324,-1.248297292882467,996.93,-1.82,79.02,False
HAOS / PANGAEA,HAOS_Flight_01,HAOS_Flight_01_seg01,train,10.1594/PANGAEA.918814,CC BY 4.0,fixed-wing UAV,2020-02-27 15:48:40+00:00,246.0,65.03514,24.55287,41.76,384775.735295703,7214602.034213,576.6481444149977,-203.22985935024917,-8.120000000000005,576.5175495868472,-204.77060146481818,-8.12080086580086,-2.289689086029,-9.658967232758968,-0.09337662337662334,-0.9709547266755578,-1.7896168816439513,0.05011904761904873,9.92664717385441,9.92708634534751,193.33598311362059,3.4459510357988568,-0.5389461857560693,996.93,-1.82,79.02,False
HAOS / PANGAEA,HAOS_Flight_01,HAOS_Flight_01_seg01,train,10.1594/PANGAEA.918814,CC BY 4.0,fixed-wing UAV,2020-02-27 15:48:41+00:00,247.0,65.03506,24.55285,41.98,384774.220300008,7214593.39990667,575.1331487200223,-211.86416568048298,-7.900000000000006,573.763545541671,-215.30063189940245,-8.172554112554105,-3.0674534813838363,-11.305258513214568,-0.06989177489177312,-0.6589264860062372,-1.2264366927869261,-0.056461038961038046,11.714014722163546,11.714223225261751,195.18056603157225,1.6251557634215332,-0.3418517306736788,996.9,-1.82,79.07,False
HAOS / PANGAEA,HAOS_Flight_01,HAOS_Flight_01_seg01,train,10.1594/PANGAEA.918814,CC BY 4.0,fixed-wing UAV,2020-02-27 15:48:42+00:00,248.0,65.03491,24.55277,41.38,384769.822213007,7214576.66575318,570.7350617190241,-228.59831917006522,-8.5,570.3826426240795,-227.38111849124732,-8.260584415584406,-3.6075420580414743,-12.11184061833282,-0.20629870129869943,-0.3663170215573075,-0.11863407842690776,-0.08171536796536838,12.637683445332648,12.639367152614579,196.58629464046365,1.5211337607206503,-0.9352184839190276,996.98,-1.81,79.08,False
HAOS / PANGAEA,HAOS_Flight_01,HAOS_Flight_01_seg01,train,10.1594/PANGAEA.918814,CC BY 4.0,fixed-wing UAV,2020-02-27 15:48:43+00:00,249.0,65.03478,24.55266,41.45,384764.255435996,7214561.92087412,565.1682847079937,-243.3431982304901,-8.43,566.548461425588,-239.5243131360681,-8.585151515151503,-3.8000875244984513,-11.542526670068384,-0.23332251082250988,0.11335432616567687,0.9146824837581704,0.047510822510821615,12.15197873282737,12.15421846591319,198.22283355301357,0.8071730671266297,-1.0999651184921269,996.97,-1.82,78.71,False
HAOS / PANGAEA,HAOS_Flight_01,HAOS_Flight_01_seg01,train,10.1594/PANGAEA.918814,CC BY 4.0,fixed-wing UAV,2020-02-27 15:48:44+00:00,250.0,65.03471,24.55261,41.38,384761.534083645,7214554.35857363,562.4469323569792,-250.9054987197742,-8.5,562.7824675750826,-250.4661718313841,-8.727229437229425,-3.3808334057101206,-10.28247565081648,-0.1112770562770562,0.7281354847461046,1.4010473030379558,0.108847402597402,10.824016815711222,10.824588796349401,198.2006407747169,-1.605836575066639,-0.5890124884103924,996.98,-1.84,78.78,False
HAOS / PANGAEA,HAOS_Flight_01,HAOS_Flight_01_seg01,train,10.1594/PANGAEA.918814,CC BY 4.0,fixed-wing UAV,2020-02-27 15:48:45+00:00,251.0,65.03463,24.55256,40.85,384758.903394022,7214546.2531932,559.8162427340285,-259.0108791505918,-9.030000000000001,559.7867946141678,-260.08926443770105,-8.807705627705616,-2.343816555006242,-8.740432063992472,-0.01562770562770588,0.965674693937558,1.2462786855357564,0.10138528138528047,9.049233597868332,9.049247092105078,195.01116040288028,-3.830028654226854,-0.09894768171333293,997.05,-1.78,78.85,False
HAOS / PANGAEA,HAOS_Flight_01,HAOS_Flight_01_seg01,train,10.1594/PANGAEA.918814,CC BY 4.0,fixed-wing UAV,2020-02-27 15:48:46+00:00,252.0,65.03456,24.55252,40.47,384756.692117549,7214538.17662906,557.6049662610167,-267.0874432902783,-9.410000000000004,558.0948344650701,-267.94703595936903,-8.758484848484837,-1.4494840178350046,-7.789918279744967,0.09149350649350474,0.3598930010552692,0.4345904827123803,0.07482683982683902,7.923624847446015,7.924153064195212,190.5405834662632,-1.6766176238883619,0.6615607012459548,997.1,-1.74,79.05,False
HAOS / PANGAEA,HAOS_Flight_01,HAOS_Flight_01_seg01,train,10.1594/PANGAEA.918814,CC BY 4.0,fixed-wing UAV,2020-02-27 15:48:47+00:00,253.0,65.03449,24.55249,41.91,384755.00079645,7214530.02525851,555.9136451620143,-275.2388138398528,-7.970000000000006,556.8878265784978,-275.669100997191,-8.624718614718606,-1.6240305528957037,-7.871251098567711,0.13402597402597216,-0.6237743659615944,0.095051961514514,0.036861471861472594,8.037043554283013,8.038160987138522,191.65792515510356,4.499121912557559,0.9553775458288162,996.91,-1.83,78.81,False
HAOS / PANGAEA,HAOS_Flight_01,HAOS_Flight_01_seg01,train,10.1594/PANGAEA.918814,CC BY 4.0,fixed-wing UAV,2020-02-27 15:48:48+00:00,254.0,65.03441,24.55248,41.38,384754.37708719,7214521.63462888,555.2899359019939,-283.62944347038865,-8.5,554.8467733592787,-283.68953815650445,-8.490432900432893,-2.6970327497581934,-7.599814356715939,0.16521645021644993,-1.3483681112193437,0.6575244187449982,-0.014209956709955396,8.064190220339173,8.065882492649894,199.5388272913783,10.864177619494434,1.1736926976857602,996.98,-1.77,79.2,False
HAOS / PANGAEA,HAOS_Flight_01,HAOS_Flight_01_seg01,train,10.1594/PANGAEA.918814,CC BY 4.0,fixed-wing UAV,2020-02-27 15:48:49+00:00,255.0,65.03434,24.55244,41.45,384751.942408398,7214513.86500941,552.8552571100299,-291.39906293991953,-8.43,551.4937610789814,-290.86872971062286,-8.294285714285706,-4.320766775334391,-6.556202261077715,0.10560606060606137,-1.8427842604212117,1.2171955724726615,-0.13847402597402514,7.851930566108829,7.8526407185755565,213.38628039409244,15.739006492931527,0.7705642200773823,996.97,-1.81,79.09,False
HAOS / PANGAEA,HAOS_Flight_01,HAOS_Flight_01_seg01,train,10.1594/PANGAEA.918814,CC BY 4.0,fixed-wing UAV,2020-02-27 15:48:50+00:00,256.0,65.03429,24.55232,41.76,384746.079120136,7214507.90374053,546.9919688479858,-297.36033182032406,-8.120000000000005,546.2052398086099,-296.8019426786599,-8.27922077922077,-6.382601270600617,-5.165423211770616,-0.11173160173160035,-2.0637156117001894,1.4562192900938982,-0.14699134199134223,8.210919311269066,8.211679480288838,231.01684027724139,16.64143173414505,-0.7796147889576337,996.93,-1.8,78.59,False
HAOS / PANGAEA,HAOS_Flight_01,HAOS_Flight_01_seg01,train,10.1594/PANGAEA.918814,CC BY 4.0,fixed-wing UAV,2020-02-27 15:48:51+00:00,257.0,65.03425,24.55215,41.23,384737.751007176,7214503.84779723,538.6638558880077,-301.4162751203403,-8.650000000000006,538.7285585377801,-301.1995761341641,-8.517748917748907,-8.44819799873477,-3.6437636808899185,-0.1883766233766231,-1.7546318535467549,1.3857551486820086,-0.04597402597402667,9.200492551379988,9.202420819557938,246.66914386238255,12.689339359348667,-1.1729456431634986,997.0,-1.75,78.75,False
HAOS / PANGAEA,HAOS_Flight_01,HAOS_Flight_01_seg01,train,10.1594/PANGAEA.918814,CC BY 4.0,fixed-wing UAV,2020-02-27 15:48:52+00:00,258.0,65.03422,24.55195,41.38,384728.260416306,7214500.94373365,529.1732650179765,-304.32033869996667,-8.5,529.3088438111404,-304.0894700404397,-8.655974025974016,-9.891864977694127,-2.3939129144065987,-0.20367965367965368,-0.9910600766072406,0.9474064739364394,-0.024545454545453982,10.177416753709869,10.179454660246657,256.3955189959387,6.9060397405018445,-1.1465018264378728,996.98,-1.75,78.64,False
HAOS / PANGAEA,HAOS_Flight_01,HAOS_Flight_01_seg01,train,10.1594/PANGAEA.918814,CC BY 4.0,fixed-wing UAV,2020-02-27 15:48:53+00:00,259.0,65.0342,24.55173,40.92,384717.844336916,7214499.2952642,518.7571856279974,-305.9688081499189,-8.96,518.9448285823919,-305.9874019629773,-8.925108225108215,-10.430318151949251,-1.7489507330170397,-0.23746753246753105,-0.35977731873740026,0.310450476883517,0.013030303030303614,10.5759333118833,10.578598973700586,260.4812233433862,2.0594120702723098,-1.2862790586096862,997.04,-1.74,78.84,False
HAOS / PANGAEA,HAOS_Flight_01,HAOS_Flight_01_seg01,train,10.1594/PANGAEA.918814,CC BY 4.0,fixed-wing UAV,2020-02-27 15:48:54+00:00,260.0,65.03418,24.5515,40.77,384707.225248602,7214497.97116867,508.1380973139894,-307.29290368035436,-9.11,508.4482075072419,-307.5873715064738,-9.130909090909078,-10.611419615168927,-1.7730119606395647,-0.17761904761904646,0.0012072585071507547,-0.1809530022344319,0.06887445887445809,10.758522094682094,10.75998820574818,260.5143431364833,-0.9623150560090946,-0.9458452776502829,997.06,-1.74,79.14,False
HAOS / PANGAEA,HAOS_Flight_01,HAOS_Flight_01_seg01,train,10.1594/PANGAEA.918814,CC BY 4.0,fixed-wing UAV,2020-02-27 15:48:55+00:00,261.0,65.03416,24.55129,40.47,384696.919736399,7214496.33744877,497.8325851110276,-308.926623580046,-9.410000000000004,497.72198935205404,-309.5334258842564,-9.280346320346307,-10.42790363493495,-2.1108567374859035,-0.09971861471861487,0.635366571340299,-0.28238872167132456,0.11931818181818077,10.639402726924063,10.639870026828362,258.556593231368,-2.282849274781405,-0.536993346136038,997.1,-1.73,78.97,False
HAOS / PANGAEA,HAOS_Flight_01,HAOS_Flight_01_seg01,train,10.1594/PANGAEA.918814,CC BY 4.0,fixed-wing UAV,2020-02-27 15:48:56+00:00,262.0,65.03414,24.55108,40.54,384687.193326289,7214493.89053028,488.10617500101216,-311.3735420703888,-9.340000000000003,487.592400237372,-311.8090849814456,-9.330346320346308,-9.34068647248833,-2.337789403982214,0.06101731601731508,1.202459352627713,-0.1564062666027155,0.19676406926406864,9.628794476708805,9.628987807010244,255.94864458692052,-2.6828362689402527,0.36307638487019306,997.09,-1.72,78.89,False
HAOS / PANGAEA,HAOS_Flight_01,HAOS_Flight_01_seg01,train,10.1594/PANGAEA.918814,CC BY 4.0,fixed-wing UAV,2020-02-27 15:48:57+00:00,263.0,65.03411,24.55088,40.85,384677.658909811,7214490.86160197,478.57175852300134,-314.4024703800678,-9.030000000000001,479.0406164070774,-314.20900469222084,-9.158311688311677,-8.022984929679524,-2.4236692706913345,0.2938095238095224,1.0353466788790797,-0.05760071505750375,0.1387229437229438,8.381077491322833,8.386225846698824,253.19092069348753,-2.2968564003878615,2.007755537496905,997.05,-1.76,79.07,False
HAOS / PANGAEA,HAOS_Flight_01,HAOS_Flight_01_seg01,train,10.1594/PANGAEA.918814,CC BY 4.0,fixed-wing UAV,2020-02-27 15:48:58+00:00,264.0,65.03408,24.55069,40.69,384668.269286714,7214487.60175657,469.1821354260319,-317.6623157802969,-9.190000000000005,471.54643037801293,-316.6564235228283,-8.742727272727263,-7.26999311473017,-2.4529908340972213,0.3384632034632027,0.48620803059242235,-0.02337361224805079,-0.05617965367965283,7.672676450912618,7.680138101654658,251.3549317861448,-1.2503186313014378,2.5258394497282963,997.07,-1.72,79.23,False
HAOS / PANGAEA,HAOS_Flight_01,HAOS_Flight_01_seg01,train,10.1594/PANGAEA.918814,CC BY 4.0,fixed-wing UAV,2020-02-27 15:48:59+00:00,265.0,65.03406,24.55059,41.53,384663.677491321,7214485.98156138,464.59034003299894,-319.28251096978784,-8.350000000000001,464.50063017761704,-319.1149863604153,-8.481385281385272,-7.050568868494679,-2.470416495187436,0.18145021645021675,0.04215835483834951,-0.08198266141864963,-0.11339826839826816,7.470841922372639,7.473045109600927,250.69028343088468,-0.6830412807938172,1.3913141479964874,996.96,-1.74,79.09,False
HAOS / PANGAEA,HAOS_Flight_01,HAOS_Flight_01_seg01,train,10.1594/PANGAEA.918814,CC BY 4.0,fixed-wing UAV,2020-02-27 15:49:00+00:00,266.0,65.03404,24.55049,41.83,384659.085736869,7214484.36138953,459.9985855810228,-320.90268282033503,-8.050000000000004,457.44529264102357,-321.59725651320315,-8.37982683982683,-7.185676405053471,-2.6169561569345205,0.11166666666666636,-0.26377355937154334,-0.26564387717884586,-0.038863636363636545,7.647378957882215,7.648194190127766,249.98884922455716,-1.1494418074725135,0.8365708150214753,996.92,-1.74,79.07,False
HAOS / PANGAEA,HAOS_Flight_01,HAOS_Flight_01_seg01,train,10.1594/PANGAEA.918814,CC BY 4.0,fixed-wing UAV,2020-02-27 15:49:01+00:00,267.0,65.03401,24.5503,42.14,384649.82176409,7214481.21876379,450.73461280198535,-324.045308560133,-7.740000000000002,450.1292773675101,-324.3488986742843,-8.25805194805194,-7.578115987237766,-3.001704249545128,0.10372294372294366,-0.5505007080002144,-0.4969508752783156,-0.04670995670995648,8.150955178245423,8.151615101734162,248.39139981593962,-1.7668269255503546,0.7290637764577286,996.88,-1.74,79.04,False
HAOS / PANGAEA,HAOS_Flight_01,HAOS_Flight_01_seg01,train,10.1594/PANGAEA.918814,CC BY 4.0,fixed-wing UAV,2020-02-27 15:49:02+00:00,268.0,65.03398,24.55011,40.92,384640.534783894,7214477.61356599,441.44763260602485,-327.65050636045635,-8.96,442.28906066654804,-327.6006650122934,-8.172380952380943,-8.2866778210539,-3.6108579074911518,0.0182467532467534,-0.6717538010016426,-0.6302092805206598,-0.06700757575757565,9.039210371378575,9.039228788012949,246.45519537345643,-1.9632911528966583,0.11565839137237792,997.04,-1.74,78.95,False
HAOS / PANGAEA,HAOS_Flight_01,HAOS_Flight_01_seg01,train,10.1594/PANGAEA.918814,CC BY 4.0,fixed-wing UAV,2020-02-27 15:49:03+00:00,269.0,65.03394,24.54993,41.45,384631.904338247,7214473.69468264,432.81718695902964,-331.5693897102028,-8.43,433.5559217254023,-331.57061448926663,-8.221558441558432,-8.921623589241051,-4.2621228105864475,-0.030292207792207648,-0.1904299195606569,-0.4533893451592519,-0.0051298701298700955,9.887419194138767,9.887465597334668,244.4648175101463,-1.9921619747533195,-0.17553723516958905,996.97,-1.75,78.38,False
HAOS / PANGAEA,HAOS_Flight_01,HAOS_Flight_01_seg01,train,10.1594/PANGAEA.918814,CC BY 4.0,fixed-wing UAV,2020-02-27 15:49:04+00:00,270.0,65.0339,24.54976,42.06,384623.914671158,7214469.26616722,424.82751987001393,-335.9979051304981,-7.82,424.44581348806594,-336.1249106334663,-8.232965367965358,-8.667537660175213,-4.5176365978096555,0.007987012987013209,0.6283769980891947,0.02153002617789923,0.05119588744588688,9.774213498815381,9.774216762114563,242.4708714239498,-1.6475156742715826,0.046819320375039025,996.89,-1.77,78.97,False
HAOS / PANGAEA,HAOS_Flight_01,HAOS_Flight_01_seg01,train,10.1594/PANGAEA.918814,CC BY 4.0,fixed-wing UAV,2020-02-27 15:49:05+00:00,271.0,65.03385,24.5496,41.76,384616.067944782,7214464.88477862,416.9807934939745,-340.37929373048246,-8.120000000000005,416.2208464050519,-340.60588768488594,-8.205584415584406,-7.664869593062662,-4.219062758230649,0.07209956709956611,0.9427838863988143,0.38691240383687386,-0.008538961038961457,8.749326627606571,8.749623693858,241.16978616160316,-0.6853168101639524,0.47214003669911137,996.93,-1.72,79.11,False
HAOS / PANGAEA,HAOS_Flight_01,HAOS_Flight_01_seg01,train,10.1594/PANGAEA.918814,CC BY 4.0,fixed-wing UAV,2020-02-27 15:49:06+00:00,272.0,65.03381,24.54943,41.76,384607.935895807,7214460.39266623,408.8487445189967,-344.87140612024814,-8.120000000000005,409.1160743019406,-344.5630361499276,-8.088766233766226,-6.781969887377585,-3.743811790135908,-0.009090909090909705,0.7051023160522192,0.3885155981356121,-0.11528138528138454,7.746692344043163,7.746697678229419,241.1002378036219,0.002798108223787673,-0.06723779138341968,996.93,-1.72,79.11,False
HAOS / PANGAEA,HAOS_Flight_01,HAOS_Flight_01_seg01,train,10.1594/PANGAEA.918814,CC BY 4.0,fixed-wing UAV,2020-02-27 15:49:07+00:00,273.0,65.03377,24.54926,41.6,384599.659564239,7214455.96596423,400.5724129509763,-349.2981081204489,-8.280000000000001,402.6569066302967,-348.09351126515776,-8.223766233766225,-6.254664960958223,-3.442031561959425,-0.15846320346320297,0.38617864733947727,0.18048777145905603,0.0011255411255413073,7.139216697044808,7.140975117882375,241.1753823780507,-0.23779071710167443,-1.2715375601075112,996.95,-1.73,78.75,False
HAOS / PANGAEA,HAOS_Flight_01,HAOS_Flight_01_seg01,train,10.1594/PANGAEA.918814,CC BY 4.0,fixed-wing UAV,2020-02-27 15:49:08+00:00,274.0,65.03375,24.549174999999998,41.565,384595.602316634,7214453.813737435,396.51516534597613,-351.45033491495997,-8.315000000000005,396.60674438002417,-351.44709927384645,-8.405692640692632,-6.00961259269863,-3.3828362472177957,-0.00683982683982709,0.2655673180121738,0.03123618225924929,0.18186147186147106,6.896305140422118,6.896308532326822,240.62465636941857,-0.8679282823435867,-0.056826528705238945,996.955,-1.7349999999999999,78.89,True
HAOS / PANGAEA,HAOS_Flight_01,HAOS_Flight_01_seg01,train,10.1594/PANGAEA.918814,CC BY 4.0,fixed-wing UAV,2020-02-27 15:49:09+00:00,275.0,65.03373,24.54909,41.53,384591.545069029,7214451.66151064,392.457917740976,-353.60256171040237,-8.350000000000001,390.63768144489944,-354.85918375959335,-8.23744588744588,-5.723530324933876,-3.3795591974409263,0.20525974025973914,-0.2285727550033414,-0.1749430313289082,0.10730519480519485,6.646820273592873,6.649988820322688,239.43952581336356,-0.3094632732276311,1.7687826784150227,996.96,-1.74,79.03,False
HAOS / PANGAEA,HAOS_Flight_01,HAOS_Flight_01_seg01,train,10.1594/PANGAEA.918814,CC BY 4.0,fixed-wing UAV,2020-02-27 15:49:10+00:00,276.0,65.03369,24.54893,41.68,384583.846761545,7214447.25648385,384.7596102569951,-358.007588500157,-8.200000000000003,385.1596837301564,-358.2062176687283,-7.995173160173153,-6.466758102705313,-3.732722309875612,0.2077705627705626,-1.3824982321018098,-0.5345409080936463,0.03797619047619105,7.466737989346349,7.46962815729819,240.0057298229633,1.4512389227870732,1.5939095893632524,996.94,-1.75,79.02,False
HAOS / PANGAEA,HAOS_Flight_01,HAOS_Flight_01_seg01,train,10.1594/PANGAEA.918814,CC BY 4.0,fixed-wing UAV,2020-02-27 15:49:11+00:00,277.0,65.03364,24.54877,41.98,384576.365565527,7214442.46533988,377.278414239001,-362.7987324697897,-7.900000000000006,377.7041652394888,-362.3246283793446,-7.821904761904754,-8.488526789137495,-4.448641013628219,0.28121212121212125,-1.7649424949871388,-0.5368588275832593,0.13742424242424245,9.583605475917716,9.58773039750058,242.34200365893767,2.1578856592782505,1.6807500919415093,996.9,-1.76,79.12,False
HAOS / PANGAEA,HAOS_Flight_01,HAOS_Flight_01_seg01,train,10.1594/PANGAEA.918814,CC BY 4.0,fixed-wing UAV,2020-02-27 15:49:12+00:00,278.0,65.0336,24.5486,43.05,384568.175317395,7214438.18106531,369.08816610701615,-367.0830070404336,-6.830000000000005,368.1826301518814,-367.10349969598474,-7.432748917748911,-9.99664309267959,-4.806439965042131,0.4826190476190475,-0.9749663644362556,-0.09763384000720521,0.08877164502164514,11.092102517556027,11.10259696670547,244.3215011415198,1.8372285324548205,2.4913766015112038,996.76,-1.77,78.99,False
HAOS / PANGAEA,HAOS_Flight_01,HAOS_Flight_01_seg01,train,10.1594/PANGAEA.918814,CC BY 4.0,fixed-wing UAV,2020-02-27 15:49:13+00:00,279.0,65.03356,24.54843,42.67,384559.908720874,7214434.21736017,360.8215695859981,-371.04671218059957,-7.210000000000001,357.71087905412963,-371.93750830942884,-6.856666666666659,-10.438459518010006,-4.643908693642629,0.4587554112554115,-0.1590711281898507,0.25757844422368237,-0.13858225108225097,11.424855581757841,11.4340623398414,246.01646072384733,1.5448072403338369,2.2994282566476065,996.81,-1.75,79.31,False
HAOS / PANGAEA,HAOS_Flight_01,HAOS_Flight_01_seg01,train,10.1594/PANGAEA.918814,CC BY 4.0,fixed-wing UAV,2020-02-27 15:49:14+00:00,280.0,65.0335,24.54808,42.67,384543.225914988,7214427.74932865,344.1387637000298,-377.5147437006235,-7.210000000000001,347.3057111158614,-376.39131708327,-6.515238095238088,-10.314785349059292,-4.291283076594766,0.20545454545454556,0.2601704620293219,0.3264547999357603,-0.27220238095238103,11.171835446364078,11.173724482502905,247.41111562218748,1.0319713358533884,1.0535736562271556,996.81,-1.75,79.31,False
HAOS / PANGAEA,HAOS_Flight_01,HAOS_Flight_01_seg01,train,10.1594/PANGAEA.918814,CC BY 4.0,fixed-wing UAV,2020-02-27 15:49:15+00:00,281.0,65.03347,24.54791,44.11,384534.924224329,7214424.56879944,335.8370730410097,-380.6952729104087,-5.770000000000003,337.08130835601105,-380.52007446261837,-6.445757575757568,-9.918118593951363,-3.9909990937711086,-0.08564935064935053,0.5961153076764987,0.2888449212612869,-0.23718614718614717,10.690984529507354,10.691327607992948,248.0804033955541,0.21935856274886498,-0.4590074293996242,996.62,-1.8,79.32,False
HAOS / PANGAEA,HAOS_Flight_01,HAOS_Flight_01_seg01,train,10.1594/PANGAEA.918814,CC BY 4.0,fixed-wing UAV,2020-02-27 15:49:16+00:00,282.0,65.03343,24.54774,43.88,384526.694834373,7214420.99137692,327.60768308502156,-384.27269543055445,-6.0,327.4694739279587,-384.3733152708122,-6.686536796536789,-9.122554733706295,-3.713593234072192,-0.2689177489177488,1.158487948480598,0.37565621799684834,-0.19824675324675312,9.849455801089412,9.85312622132168,247.84983274768518,-0.5823071576821326,-1.5639468324975248,996.65,-1.79,78.96,False
HAOS / PANGAEA,HAOS_Flight_01,HAOS_Flight_01_seg01,train,10.1594/PANGAEA.918814,CC BY 4.0,fixed-wing UAV,2020-02-27 15:49:17+00:00,283.0,65.0334,24.54757,42.44,384518.827322326,7214417.40661863,319.7401710380218,-387.8574537206441,-7.440000000000005,318.83619888859846,-387.94726093076275,-6.983593073593066,-7.601142696990166,-3.239686657777412,-0.48214285714285676,0.8396830095730934,0.1081198998202666,-0.21966450216450184,8.262744092647909,8.27679899932829,246.91578908018982,-1.508698564683998,-3.339503361163148,996.84,-1.73,78.81,False
HAOS / PANGAEA,HAOS_Flight_01,HAOS_Flight_01_seg01,train,10.1594/PANGAEA.918814,CC BY 4.0,fixed-wing UAV,2020-02-27 15:49:18+00:00,284.0,65.03336,24.5474,42.06,384510.781484115,7214414.07633561,311.694332826999,-391.1877367403358,-7.82,312.26718853397836,-390.85268858636704,-7.650822510822502,-7.443188714560108,-3.497353434431659,-0.7082467532467525,-0.5460864362911195,-0.5790163338712375,-0.02774891774891808,8.223900491000963,8.254341448557264,244.83243561831722,-1.8747178830213513,-4.922198559089401,996.89,-1.73,79.26,False
HAOS / PANGAEA,HAOS_Flight_01,HAOS_Flight_01_seg01,train,10.1594/PANGAEA.918814,CC BY 4.0,fixed-wing UAV,2020-02-27 15:49:19+00:00,285.0,65.03333,24.54723,41.53,384502.559978715,7214410.42192401,303.472827427031,-394.8421483403072,-8.350000000000001,303.94982145947824,-394.94196779962607,-8.40008658008657,-8.693315569572405,-4.397719325519887,-0.5376406926406929,-0.9551429361862205,-0.6989410296606451,0.28606060606060546,9.742364746724538,9.757188548583256,243.16635331414716,-1.2291008470726281,-3.1587123742551717,996.96,-1.72,78.89,False
HAOS / PANGAEA,HAOS_Flight_01,HAOS_Flight_01_seg01,train,10.1594/PANGAEA.918814,CC BY 4.0,fixed-wing UAV,2020-02-27 15:49:20+00:00,286.0,65.03329,24.54707,41.15,384494.865096022,7214406.3689258,295.777944734029,-398.89514655061066,-8.730000000000004,294.88055739483355,-399.6481272374068,-8.726103896103888,-9.353474586932549,-4.895235493752949,-0.13612554112554154,-0.5305173047629381,-0.37134180170308184,0.21512987012987006,10.557026919909397,10.557904505660128,242.37423392417196,-0.4774710159279844,-0.7387484033851842,997.01,-1.73,79.36,False
HAOS / PANGAEA,HAOS_Flight_01,HAOS_Flight_01_seg01,train,10.1594/PANGAEA.918814,CC BY 4.0,fixed-wing UAV,2020-02-27 15:49:21+00:00,287.0,65.03325,24.54691,40.62,384487.205440919,7214402.10441672,288.1182896309765,-403.15965563058853,-9.260000000000005,285.24287228561315,-404.73243878713197,-8.672337662337654,-9.754350179098282,-5.140402928926051,-0.1073809523809528,-0.24341089366427582,-0.10491513153358767,-0.034870129870129496,11.025928064711206,11.026450941128811,242.21141128229115,0.10292437989906744,-0.5579830406663246,997.08,-1.72,78.81,False
HAOS / PANGAEA,HAOS_Flight_01,HAOS_Flight_01_seg01,train,10.1594/PANGAEA.918814,CC BY 4.0,fixed-wing UAV,2020-02-27 15:49:22+00:00,288.0,65.03316,24.5466,41.3,384471.956081155,7214393.42649451,272.8689298669924,-411.8375778403133,-8.580000000000005,275.371857036637,-409.9289330952589,-8.940865800865794,-9.8402963742611,-5.1050657568201245,-0.20586580086580053,0.04805980002019794,0.16305163776445397,-0.03441558441558312,11.08571734777473,11.087628684381514,242.5800826839701,0.6469468155136809,-1.063881168005839,996.99,-1.81,79.05,False
HAOS / PANGAEA,HAOS_Flight_01,HAOS_Flight_01_seg01,train,10.1594/PANGAEA.918814,CC BY 4.0,fixed-wing UAV,2020-02-27 15:49:23+00:00,289.0,65.03313,24.54643,41.3,384463.685487617,7214389.58891771,264.59833632898517,-415.6751546403393,-8.580000000000005,265.56227953709094,-414.9425703007722,-9.084069264069255,-9.658230579057886,-4.814299653397143,-0.17621212121211904,0.2473722387786239,0.3340812159875668,0.06361471861471912,10.791612440731397,10.793050995089883,243.50530491331853,1.0116871308502253,-0.9354777839583321,996.99,-1.81,79.05,False
HAOS / PANGAEA,HAOS_Flight_01,HAOS_Flight_01_seg01,train,10.1594/PANGAEA.918814,CC BY 4.0,fixed-wing UAV,2020-02-27 15:49:24+00:00,290.0,65.03309,24.54625,40.92,384455.1993087,7214385.93498422,256.11215741198976,-419.3290881300345,-8.96,256.0553958785212,-419.5575324020532,-9.293290043290032,-9.345551896703853,-4.436903324844991,-0.07863636363636228,0.5720286660863465,0.46479111841227905,0.08427489177489056,10.345310597947531,10.345609457431276,244.60345694567053,0.9845755476596227,-0.435506014051298,997.04,-1.75,78.74,False
HAOS / PANGAEA,HAOS_Flight_01,HAOS_Flight_01_seg01,train,10.1594/PANGAEA.918814,CC BY 4.0,fixed-wing UAV,2020-02-27 15:49:25+00:00,291.0,65.03305,24.54608,39.56,384446.912364466,7214382.15944017,247.82521317800274,-423.1046321801841,-10.32,246.87117574368324,-423.8163769504622,-9.24134199134198,-8.514173246885193,-3.8847174165725846,-0.007662337662337926,0.8656696970333115,0.4648240994756776,0.10655844155844063,9.35853490053854,9.35853803732273,245.47445600863776,0.33241083346032646,-0.04691113682022633,997.22,-1.68,79.24,False
HAOS / PANGAEA,HAOS_Flight_01,HAOS_Flight_01_seg01,train,10.1594/PANGAEA.918814,CC BY 4.0,fixed-wing UAV,2020-02-27 15:49:26+00:00,292.0,65.03302,24.54591,40.77,384438.676258494,7214378.17021947,239.58910720597487,-427.09385288041085,-9.11,239.02704938475082,-427.32696723519837,-9.308614718614708,-7.61421250263723,-3.5072551258936357,0.13448051948051898,0.7363805889101656,0.24915643889875128,0.16244588744588695,8.383142045404234,8.384220629464854,245.26827861259116,-0.5793046914600284,0.9190474535016789,997.06,-1.71,79.46,False
HAOS / PANGAEA,HAOS_Flight_01,HAOS_Flight_01_seg01,train,10.1594/PANGAEA.918814,CC BY 4.0,fixed-wing UAV,2020-02-27 15:49:27+00:00,293.0,65.03298,24.54573,40.69,384430.296672438,7214374.18938434,231.20952114998363,-431.07468800991774,-9.190000000000005,231.64275073840878,-430.83088720224947,-8.972380952380941,-7.041412069064862,-3.386404538775082,0.317229437229436,0.41056230309684594,0.09065543051943337,0.10412878787878732,7.81340000426247,7.819837219690297,244.3158466257177,-0.6774890911051857,2.324971279317917,997.07,-1.71,79.49,False
HAOS / PANGAEA,HAOS_Flight_01,HAOS_Flight_01_seg01,train,10.1594/PANGAEA.918814,CC BY 4.0,fixed-wing UAV,2020-02-27 15:49:28+00:00,294.0,65.03294,24.54555,41.91,384421.839935579,7214370.14296594,222.75278429099126,-435.1211064103991,-7.970000000000006,224.9442252466211,-434.09977631274853,-8.674155844155836,-6.793087896443538,-3.325944264854769,0.3427380952380936,0.10489757600388572,0.0215835491743519,-0.029588744588744387,7.563593618229897,7.571355085033026,243.91330043038081,-0.19595890487076845,2.5945367829260118,996.91,-1.74,79.17,False
HAOS / PANGAEA,HAOS_Flight_01,HAOS_Flight_01_seg01,train,10.1594/PANGAEA.918814,CC BY 4.0,fixed-wing UAV,2020-02-27 15:49:29+00:00,295.0,65.03292,24.54546,41.3,384417.51765737,7214367.99065748,218.43050608201884,-437.27341486979276,-8.580000000000005,218.0565749455217,-437.482775731959,-8.286904761904754,-6.83161691705709,-3.3432374404263783,0.2580519480519472,0.1721011742766052,0.09426810759021009,-0.03776515151515092,7.605802146025713,7.610178519087627,243.92392881597618,0.07179836499208997,1.94320308220294,996.99,-1.68,79.03,False
HAOS / PANGAEA,HAOS_Flight_01,HAOS_Flight_01_seg01,train,10.1594/PANGAEA.918814,CC BY 4.0,fixed-wing UAV,2020-02-27 15:49:30+00:00,296.0,65.0329,24.54537,42.21,384413.195416238,7214365.8383769,214.10826494998764,-439.42569545004517,-7.670000000000002,211.28099141250692,-440.7862511936013,-8.158051948051941,-6.4488855478903275,-3.137408049674349,0.2672077922077918,0.32662304105524953,0.19041973730608674,0.009783549783550338,7.171572636455001,7.176548897915118,244.056897160365,0.2296699554573789,2.133813703442072,996.87,-1.74,79.29,False
HAOS / PANGAEA,HAOS_Flight_01,HAOS_Flight_01_seg01,train,10.1594/PANGAEA.918814,CC BY 4.0,fixed-wing UAV,2020-02-27 15:49:31+00:00,297.0,65.03285,24.54519,41.23,384404.27012126,7214361.49207196,205.1829699720256,-443.77200039010495,-8.650000000000006,205.15880384974105,-443.7575918313077,-7.752489177489171,-6.178370834946591,-2.962397965814205,0.2776190476190479,-0.09021497167702108,0.023119777445060663,-0.037651515151514436,6.851866014596227,6.857487894089182,244.38326872689095,0.4720202754307367,2.320200660543139,997.0,-1.7,79.42,False
HAOS / PANGAEA,HAOS_Flight_01,HAOS_Flight_01_seg01,train,10.1594/PANGAEA.918814,CC BY 4.0,fixed-wing UAV,2020-02-27 15:49:32+00:00,298.0,65.03281,24.545,42.36,384395.221269586,7214357.14412494,196.13411829801043,-448.1199474101886,-7.520000000000003,198.92424974261374,-446.7110471252297,-7.602813852813846,-6.62931549124437,-3.0911684947842275,0.1919047619047629,-0.48455428826200375,-0.14937342339081283,-0.07731601731601723,7.3145845094304,7.3171014741659075,245.00093771122644,0.5455881222529406,1.5028620112635813,996.85,-1.73,79.48,False
HAOS / PANGAEA,HAOS_Flight_01,HAOS_Flight_01_seg01,train,10.1594/PANGAEA.918814,CC BY 4.0,fixed-wing UAV,2020-02-27 15:49:33+00:00,299.0,65.03279,24.544905,42.815,384390.60765316954,7214355.1233885605,191.5205018815468,-450.1406837897375,-7.065000000000005,191.9001728672523,-449.93992882087616,-7.368679653679645,-7.147479411470599,-3.2611448125958304,0.12298701298701342,-0.08697478255771784,-0.0028058917864512978,-0.016590909090909545,7.856304947372956,7.857267542312674,245.47444497139682,0.262247219253739,0.8968670745540909,996.79,-1.755,79.065,True
HAOS / PANGAEA,HAOS_Flight_01,HAOS_Flight_01_seg01,train,10.1594/PANGAEA.918814,CC BY 4.0,fixed-wing UAV,2020-02-27 15:49:34+00:00,300.0,65.03277,24.54481,43.27,384385.994036753,7214353.10265218,186.90688546502497,-452.16142017021775,-6.609999999999999,184.62929091967254,-453.23333675042136,-7.356839826839819,-6.803265056359805,-3.09678027835713,0.15872294372294382,-0.08655542300456176,-0.025754134387398153,0.06309523809523787,7.4749223085934515,7.476607284883441,245.52543214973394,0.0891222729645241,1.2164391781812076,996.73,-1.78,78.65,False
HAOS / PANGAEA,HAOS_Flight_01,HAOS_Flight_01_seg01,train,10.1594/PANGAEA.918814,CC BY 4.0,fixed-wing UAV,2020-02-27 15:49:35+00:00,301.0,65.03273,24.54462,42.21,384376.950245453,7214349.04760587,177.8630941649899,-456.21646647993475,-7.670000000000002,178.2936427545327,-456.1334893775904,-7.051233766233757,-7.320590257479722,-3.3126530813706268,0.24917748917748916,-1.2393573897426222,-0.5292953941366108,0.028463203463202635,8.035216994918141,8.039079647356042,245.65268951732588,0.1786931439819918,1.7762114746587627,996.87,-1.7,79.03,False
HAOS / PANGAEA,HAOS_Flight_01,HAOS_Flight_01_seg01,train,10.1594/PANGAEA.918814,CC BY 4.0,fixed-wing UAV,2020-02-27 15:49:36+00:00,302.0,65.03269,24.54444,42.59,384368.243892653,7214345.10585471,169.15674136497546,-460.15821764059365,-7.289999999999999,169.9881104047131,-459.8586429131626,-6.85848484848484,-9.28197983584505,-4.155371066630352,0.2156493506493491,-1.6205494049123814,-0.7052000617039909,0.05540043290043206,10.169673464493478,10.171959644869727,245.88281843769792,0.12686175889011483,1.214782974951584,996.82,-1.71,78.81,False
HAOS / PANGAEA,HAOS_Flight_01,HAOS_Flight_01_seg01,train,10.1594/PANGAEA.918814,CC BY 4.0,fixed-wing UAV,2020-02-27 15:49:37+00:00,303.0,65.03266,24.54426,43.05,384359.680000998,7214341.0567431,160.5928497100249,-464.2073292499408,-6.830000000000005,159.7296830828426,-464.4442315108511,-6.619935064935059,-10.561689067304485,-4.7230532047786085,0.3599783549783533,-0.6766951453709069,-0.33317523920058534,0.06551406926406944,11.569637311929384,11.575236150750511,245.90641303510608,-0.13538520285388192,1.7821292150187913,996.76,-1.69,78.74,False
HAOS / PANGAEA,HAOS_Flight_01,HAOS_Flight_01_seg01,train,10.1594/PANGAEA.918814,CC BY 4.0,fixed-wing UAV,2020-02-27 15:49:38+00:00,304.0,65.03262,24.54408,44.19,384351.267421048,7214337.1436646,152.18026976002147,-468.12040774989873,-5.690000000000005,148.86473227010413,-469.30474932271983,-6.138528138528134,-10.635370126586864,-4.821721545031522,0.346677489177488,0.15991737952048624,-0.02413098300704064,-0.19245670995670938,11.677332588708666,11.68247754839785,245.61204803199018,-0.44277402592035014,1.7005017405794156,996.61,-1.72,78.99,False
HAOS / PANGAEA,HAOS_Flight_01,HAOS_Flight_01_seg01,train,10.1594/PANGAEA.918814,CC BY 4.0,fixed-wing UAV,2020-02-27 15:49:39+00:00,305.0,65.03255,24.54373,44.19,384334.111280037,7214329.88686328,135.0241287489771,-475.37720907013863,-5.690000000000005,138.45894282966887,-474.08767460091417,-5.926580086580083,-10.241854308263513,-4.77131517079269,-0.024935064935065476,0.426469260395379,0.08879122978331111,-0.35365259740259614,11.29871798615809,11.298745500638363,245.02086498326543,-0.5038709236831583,-0.12644546620482192,996.61,-1.72,78.99,False
HAOS / PANGAEA,HAOS_Flight_01,HAOS_Flight_01_seg01,train,10.1594/PANGAEA.918814,CC BY 4.0,fixed-wing UAV,2020-02-27 15:49:40+00:00,306.0,65.03251,24.54356,43.73,384326.07870389,7214326.09282518,126.99155260197585,-479.17124717030674,-6.150000000000006,128.3810236535771,-478.8473796643052,-6.188398268398265,-9.782431605796106,-4.6441390854649,-0.3606277056277043,0.6109262591481652,0.1971019107648999,-0.23099567099566953,10.82885016828755,10.8348534050668,244.60430618462382,-0.45332234172826363,-1.9073873645538322,996.67,-1.73,78.83,False
HAOS / PANGAEA,HAOS_Flight_01,HAOS_Flight_01_seg01,train,10.1594/PANGAEA.918814,CC BY 4.0,fixed-wing UAV,2020-02-27 15:49:41+00:00,307.0,65.03247,24.5434,43.88,384318.366638363,7214322.0965939,119.27948707499309,-483.167478450574,-6.0,118.89407961807666,-483.37595277184397,-6.647835497835492,-9.020001789967182,-4.37711134926289,-0.48692640692640454,0.9302947627080265,0.3201768246037773,-0.013235930735930657,10.02594315039025,10.037760376728437,244.11422029980886,-0.7084190750914859,-2.7804789493946784,996.65,-1.71,78.64,False
HAOS / PANGAEA,HAOS_Flight_01,HAOS_Flight_01_seg01,train,10.1594/PANGAEA.918814,CC BY 4.0,fixed-wing UAV,2020-02-27 15:49:42+00:00,308.0,65.03243,24.54324,41.76,384310.464989647,7214317.7828073,111.37783835898153,-487.48126505035907,-8.120000000000005,110.34102007364274,-487.601602362831,-7.162251082251074,-7.921842080380053,-4.0037854362573455,-0.3870995670995656,0.6201877308229164,0.20307146611690996,0.1774567099567088,8.876141040230635,8.884577977648418,243.18746803444085,-0.577715297760107,-2.497157966889981,996.93,-1.65,78.68,False
HAOS / PANGAEA,HAOS_Flight_01,HAOS_Flight_01_seg01,train,10.1594/PANGAEA.918814,CC BY 4.0,fixed-wing UAV,2020-02-27 15:49:43+00:00,309.0,65.03239,24.54306,42.21,384302.185555258,7214313.79853283,103.09840397001244,-491.4655395206064,-7.670000000000002,103.05039545731655,-491.38352364435866,-7.422034632034623,-7.779626328321349,-3.97096841702907,-0.13201298701298692,-0.21245164274705886,-0.09034407774825581,0.2106277056277046,8.734482009675965,8.735479575048709,242.95878970428865,0.09327597853631585,-0.8659026519914952,996.87,-1.65,79.32,False
HAOS / PANGAEA,HAOS_Flight_01,HAOS_Flight_01_seg01,train,10.1594/PANGAEA.918814,CC BY 4.0,fixed-wing UAV,2020-02-27 15:49:44+00:00,310.0,65.03235,24.54289,42.59,384293.70775098,7214309.86717529,94.6205996919889,-495.3968970598653,-7.289999999999999,94.78176741700004,-495.5435391968891,-7.426277056277048,-8.34674536587417,-4.184473591753857,0.03415584415584361,-0.32490808698142004,-0.14196376280669654,0.16749999999999976,9.336914771102249,9.336977244511061,243.3740199915135,0.12905933408099704,0.20959567848445354,996.82,-1.67,78.52,False
HAOS / PANGAEA,HAOS_Flight_01,HAOS_Flight_01_seg01,train,10.1594/PANGAEA.918814,CC BY 4.0,fixed-wing UAV,2020-02-27 15:49:45+00:00,311.0,65.03231,24.54272,42.82,384285.489320907,7214305.54848443,86.40216961898841,-499.7155879205093,-7.060000000000002,86.35690472556821,-499.7524708278664,-7.353722943722936,-8.42944250228419,-4.254895942642463,0.2029870129870126,-0.03794875734131509,-0.08454376151905763,0.10456709956709953,9.442438264666094,9.444619849918356,243.21690837245063,-0.35395478951009585,1.2315153908447978,996.79,-1.66,79.08,False
HAOS / PANGAEA,HAOS_Flight_01,HAOS_Flight_01_seg01,train,10.1594/PANGAEA.918814,CC BY 4.0,fixed-wing UAV,2020-02-27 15:49:46+00:00,312.0,65.03227,24.54254,42.93,384277.086170062,7214301.23856365,77.99901877401862,-504.02550869993865,-6.950000000000003,77.92288241243166,-504.05333108217405,-7.0203030303030225,-8.4226428805568,-4.353561114791972,0.24329004329004267,0.007549092715649408,-0.0629203067034041,-0.029188311688311597,9.481266132412005,9.484387039697765,242.66611041249334,-0.35981000318311424,1.4698917057245535,996.78,-1.66,78.71,False
HAOS / PANGAEA,HAOS_Flight_01,HAOS_Flight_01_seg01,train,10.1594/PANGAEA.918814,CC BY 4.0,fixed-wing UAV,2020-02-27 15:49:47+00:00,313.0,65.03223,24.54236,43.05,384268.516962952,7214296.85614835,69.42981166398386,-508.4079240001738,-6.830000000000005,69.51161896445461,-508.4595930574503,-6.86714285714285,-8.41434431685289,-4.380736556049271,0.1446103896103894,0.0013796903361864565,0.03836303177085654,-0.03625541125541076,9.486413603467907,9.487515756026138,242.49728836608443,0.20291971239501663,0.8733462022683364,996.76,-1.65,78.34,False
HAOS / PANGAEA,HAOS_Flight_01,HAOS_Flight_01_seg01,train,10.1594/PANGAEA.918814,CC BY 4.0,fixed-wing UAV,2020-02-27 15:49:48+00:00,314.0,65.03218,24.54219,42.82,384260.128250726,7214292.41341169,61.04109943797812,-512.8506606603041,-7.060000000000002,61.09419377872588,-512.8148041942726,-6.731082251082244,-8.419883499884428,-4.276835051250259,0.17077922077922114,0.021454220632390886,0.10983601262091724,0.020378787878787996,9.44382105967859,9.44536509349844,243.07194983728334,0.5364028392562604,1.0360067290080852,996.79,-1.69,78.68,False
HAOS / PANGAEA,HAOS_Flight_01,HAOS_Flight_01_seg01,train,10.1594/PANGAEA.918814,CC BY 4.0,fixed-wing UAV,2020-02-27 15:49:49+00:00,315.0,65.03214,24.54202,43.27,384251.865185735,7214288.00674726,52.77803444699384,-517.2573250904679,-6.609999999999999,52.67185196468576,-517.0132631599508,-6.525584415584408,-8.371435875588109,-4.161064530807437,0.1853679653679654,-0.022421255882360214,0.016874042639955178,-0.004090909090909367,9.348550510567259,9.350388116608423,243.57009404459694,0.1524790032995803,1.1359419260195243,996.73,-1.68,78.73,False
HAOS / PANGAEA,HAOS_Flight_01,HAOS_Flight_01_seg01,train,10.1594/PANGAEA.918814,CC BY 4.0,fixed-wing UAV,2020-02-27 15:49:50+00:00,316.0,65.0321,24.54184,43.81,384243.412154052,7214284.00105013,44.32500276400242,-521.2630222197622,-6.07,44.351322027549664,-521.1369332558875,-6.360346320346313,-8.464726011649148,-4.243086965970349,0.1625974025974024,-0.056067397723415624,-0.08437398567522791,-0.08978354978355019,9.46865214553144,9.470048118589926,243.37690784388252,-0.3043891191555705,0.9837967665047622,996.66,-1.65,78.74,False
HAOS / PANGAEA,HAOS_Flight_01,HAOS_Flight_01_seg01,train,10.1594/PANGAEA.918814,CC BY 4.0,fixed-wing UAV,2020-02-27 15:49:51+00:00,317.0,65.03207,24.54167,43.58,384235.065303689,7214280.13927175,35.97815240098862,-525.1248006001115,-6.300000000000004,35.74239994138746,-525.4994370918915,-6.200389610389603,-8.48357067103494,-4.329812502157893,0.005800865800865029,0.22745945307945803,0.0355062109410369,-0.17672077922077967,9.524612728835068,9.524614495313239,242.96131580628582,-0.44529927326331903,0.0348953911596322,996.69,-1.64,78.84,False
HAOS / PANGAEA,HAOS_Flight_01,HAOS_Flight_01_seg01,train,10.1594/PANGAEA.918814,CC BY 4.0,fixed-wing UAV,2020-02-27 15:49:52+00:00,318.0,65.03203,24.5415,43.73,384226.935653606,7214275.99855007,27.848502318025567,-529.2655222797766,-6.150000000000006,27.384180685479784,-529.7965582602033,-6.348744588744583,-8.009807105490232,-4.172074544088275,-0.19084415584415693,0.6423729036237176,0.23852979038736066,-0.13780303030302976,9.031235567107702,9.033251760048042,242.4863092973559,-0.5583228376419714,-1.2105694115134409,996.67,-1.64,78.69,False
HAOS / PANGAEA,HAOS_Flight_01,HAOS_Flight_01_seg01,train,10.1594/PANGAEA.918814,CC BY 4.0,fixed-wing UAV,2020-02-27 15:49:53+00:00,319.0,65.03198,24.54133,43.27,384218.839821729,7214271.45070984,19.752670440997463,-533.8133625099435,-6.609999999999999,19.722785730406997,-533.8435861800681,-6.582077922077917,-7.198824863787505,-3.8527529213831713,-0.2698051948051945,0.9746783670675843,0.4343656224513097,-0.07795454545454406,8.164973024616295,8.169429560003294,241.84467013100186,-0.5397965965233859,-1.8926058949553168,996.73,-1.68,79.15,False
HAOS / PANGAEA,HAOS_Flight_01,HAOS_Flight_01_seg01,train,10.1594/PANGAEA.918814,CC BY 4.0,fixed-wing UAV,2020-02-27 15:49:54+00:00,320.0,65.03194,24.54116,43.05,384210.521612631,7214266.7109781,11.434461342985742,-538.55309425015,-6.830000000000005,12.986530957904774,-537.5020641029696,-6.888354978354972,-6.0604503713550635,-3.3033432991856557,-0.34675324675324504,1.0385226584342,0.5700790191541216,-0.09581168831168752,6.902255838197575,6.910960386955377,241.4067161043091,0.12437901837717351,-2.8759885583173923,996.76,-1.68,78.81,False
HAOS / PANGAEA,HAOS_Flight_01,HAOS_Flight_01_seg01,train,10.1594/PANGAEA.918814,CC BY 4.0,fixed-wing UAV,2020-02-27 15:49:55+00:00,321.0,65.03192,24.54107,41.98,384206.178350157,7214264.53180324,7.091198868991341,-540.7322691101581,-7.900000000000006,7.60188498769687,-540.4502727784394,-7.275584415584407,-5.121779546919105,-2.712594883074928,-0.4614285714285695,0.5524470118571556,0.45786534785491995,-0.11384199134199169,5.795756786384601,5.814096065034853,242.0934281677562,1.4341384622009425,-4.551996049632593,996.9,-1.66,78.12,False
HAOS / PANGAEA,HAOS_Flight_01,HAOS_Flight_01_seg01,train,10.1594/PANGAEA.918814,CC BY 4.0,fixed-wing UAV,2020-02-27 15:49:56+00:00,322.0,65.03189,24.54098,42.67,384201.835037492,7214262.35261275,2.747886203986127,-542.9114596005529,-7.210000000000001,2.742971864066565,-542.9272538691195,-7.811212121212111,-4.955556347640752,-2.387612603475816,-0.5744372294372284,-0.18709603845478417,0.154061321254801,-0.046699134199134296,5.500748372623412,5.530660972206001,244.27499302871098,2.138664186203975,-5.961727550895387,996.81,-1.68,78.55,False
HAOS / PANGAEA,HAOS_Flight_01,HAOS_Flight_01_seg01,train,10.1594/PANGAEA.918814,CC BY 4.0,fixed-wing UAV,2020-02-27 15:49:57+00:00,323.0,65.031875,24.54088,41.720000000000006,384197.235270892,7214260.321695665,-1.8518803960178047,-544.9423766853288,-8.159999999999997,-2.3092277075846344,-545.225497985391,-8.424458874458864,-5.495971623828673,-2.404472240565326,-0.5548268398268381,-0.887386145202548,-0.22789188077692302,0.08179653679653698,5.998932475497555,6.024535141218072,246.37075654016417,1.4110795109904652,-5.284116391988447,996.935,-1.6749999999999998,78.435,True
HAOS / PANGAEA,HAOS_Flight_01,HAOS_Flight_01_seg01,train,10.1594/PANGAEA.918814,CC BY 4.0,fixed-wing UAV,2020-02-27 15:49:58+00:00,324.0,65.03186,24.54078,40.77,384192.635504292,7214258.29077858,-6.451646996021736,-546.9732937701046,-9.11,-8.248971383590781,-547.7361983502501,-8.920865800865787,-6.730328638045848,-2.843396365029662,-0.41084415584415446,-1.2780799120890114,-0.4961105324187258,0.10283549783549639,7.306314150429338,7.317856201453761,247.09715205069193,0.378694165401467,-3.218431635669017,997.06,-1.67,78.32,False
HAOS / PANGAEA,HAOS_Flight_01,HAOS_Flight_01_seg01,train,10.1594/PANGAEA.918814,CC BY 4.0,fixed-wing UAV,2020-02-27 15:49:59+00:00,325.0,65.03182,24.54059,40.31,384183.388944359,7214254.33677643,-15.698206929024309,-550.9272959204391,-9.57,-15.76988498367633,-550.9122907154504,-9.246147186147173,-8.052131448006696,-3.3966933054027777,-0.34915584415584533,-1.0862969109912997,-0.46899338118794276,0.124036796536795,8.7392417443933,8.746213813442628,247.1281448709671,-0.054892157243826664,-2.287901268722111,997.12,-1.67,77.95,False
HAOS / PANGAEA,HAOS_Flight_01,HAOS_Flight_01_seg01,train,10.1594/PANGAEA.918814,CC BY 4.0,fixed-wing UAV,2020-02-27 15:50:00+00:00,326.0,65.03178,24.5404,40.01,384174.215517145,7214250.5338948,-24.87163414299721,-554.7301775505766,-9.870000000000005,-24.353234279604173,-554.5295849610557,-9.619177489177478,-8.902922460028448,-3.7813831274055474,-0.16277056277056445,-0.5679862778871945,-0.33291274613947053,0.2759415584415583,9.67268766607846,9.674057108659788,246.98736773620425,-0.4903778249228191,-0.9640739408938637,997.16,-1.67,78.85,False
HAOS / PANGAEA,HAOS_Flight_01,HAOS_Flight_01_seg01,train,10.1594/PANGAEA.918814,CC BY 4.0,fixed-wing UAV,2020-02-27 15:50:01+00:00,327.0,65.03174,24.54021,40.69,384165.066568503,7214246.74525804,-34.020582785014994,-558.5188143104315,-9.190000000000005,-33.575729903733226,-558.4750569702614,-9.571688311688302,-9.188104003781085,-4.062518797681719,0.2027272727272713,0.2803081873878286,-0.3656205353931341,0.18102813852813915,10.046159174819763,10.048204442233585,246.14738922112144,-2.6988811805354467,1.1560478630075026,997.07,-1.67,78.71,False
HAOS / PANGAEA,HAOS_Flight_01,HAOS_Flight_01_seg01,train,10.1594/PANGAEA.918814,CC BY 4.0,fixed-wing UAV,2020-02-27 15:50:02+00:00,328.0,65.0317,24.54002,40.54,384156.096640271,7214242.91888798,-42.99051101697842,-562.345184369944,-9.340000000000003,-42.72944228716634,-562.6546225564191,-9.213722943722935,-8.34230608525279,-4.512624198191816,0.19928571428571384,0.3087930028787067,-0.04023251100952052,-0.1100216450216438,9.484611113490741,9.486704526339505,241.58960537513335,-0.9732435924060078,1.2036919952448746,997.09,-1.69,78.82,False
HAOS / PANGAEA,HAOS_Flight_01,HAOS_Flight_01_seg01,train,10.1594/PANGAEA.918814,CC BY 4.0,fixed-wing UAV,2020-02-27 15:50:03+00:00,329.0,65.03167,24.53984,40.54,384147.365915727,7214239.11356909,-51.72123556100996,-566.1505032600835,-9.340000000000003,-50.26034207423881,-567.5003053666451,-9.173116883116874,-8.570517998023671,-4.14298381970076,-0.017316017316016286,-1.036618536687266,0.7775437060735158,-0.19708874458874348,9.519353637970909,9.519369387160353,244.20090203630946,6.2791393738097225,-0.1042227921802182,997.09,-1.69,78.82,False
HAOS / PANGAEA,HAOS_Flight_01,HAOS_Flight_01_seg01,train,10.1594/PANGAEA.918814,CC BY 4.0,fixed-wing UAV,2020-02-27 15:50:04+00:00,330.0,65.03163,24.53967,41.0,384138.962516212,7214235.72042392,-60.124635075975675,-569.5436484301463,-8.880000000000003,-59.870478283213686,-570.9405901958206,-9.248354978354968,-10.415543158627322,-2.957536786044784,-0.19489177489177312,-1.871529824192093,2.5968738920831242,-0.14816017316017316,10.827306365391003,10.829060251654203,254.14788412275283,15.338273302854684,-1.031214046971438,997.03,-1.67,78.61,False
HAOS / PANGAEA,HAOS_Flight_01,HAOS_Flight_01_seg01,train,10.1594/PANGAEA.918814,CC BY 4.0,fixed-wing UAV,2020-02-27 15:50:05+00:00,331.0,65.03161,24.53949,41.0,384130.596040193,7214232.862983,-68.49111109500518,-572.4010893497616,-8.880000000000003,-71.09142839149345,-573.4153789387346,-9.56290043290042,-12.313577646407857,1.0507639644654887,-0.3136363636363626,-1.5151088789788396,5.598742391461599,0.08019480519480426,12.358329149328178,12.362308325378782,274.8774486420188,23.676638960028615,-1.453771235687563,997.03,-1.72,78.58,False
HAOS / PANGAEA,HAOS_Flight_01,HAOS_Flight_01_seg01,train,10.1594/PANGAEA.918814,CC BY 4.0,fixed-wing UAV,2020-02-27 15:50:06+00:00,332.0,65.0316,24.53927,39.33,384120.324411416,7214232.6865174,-78.76273987197783,-572.5775549504906,-10.550000000000004,-84.4976335760294,-568.8390622668896,-9.875627705627693,-13.445760916585002,8.239947996878414,-0.03450216450216459,0.004481627904013408,7.028785191846282,0.31560606060605956,15.769756802729246,15.76979454579484,301.50116204281005,22.981148970175923,-0.12535546873484174,997.25,-1.66,78.86,False
HAOS / PANGAEA,HAOS_Flight_01,HAOS_Flight_01_seg01,train,10.1594/PANGAEA.918814,CC BY 4.0,fixed-wing UAV,2020-02-27 15:50:07+00:00,333.0,65.03171,24.53878,40.09,384097.715402717,7214245.69181486,-101.37174857099308,-559.5722574898973,-9.79,-97.98295022466345,-556.9354829449778,-9.63190476190475,-12.30461439059983,15.108334348158053,0.3175757575757565,2.207886726115248,6.158986974116431,0.2777489177489172,19.48500197785694,19.487589805794062,320.83974658237065,17.392770803337758,0.9337509787265235,997.15,-1.7,78.51,False
HAOS / PANGAEA,HAOS_Flight_01,HAOS_Flight_01_seg01,train,10.1594/PANGAEA.918814,CC BY 4.0,fixed-wing UAV,2020-02-27 15:50:08+00:00,334.0,65.03183,24.53857,40.09,384088.120255472,7214259.38249934,-110.96689581597457,-545.881573010236,-9.79,-109.10686235722906,-538.6223935705735,-9.24047619047618,-9.029987464354505,20.557921945111275,0.5209956709956698,3.9879745044953943,4.272601784196837,0.18369047619047651,22.453704111074575,22.45974765657182,336.28670364948556,14.394857496001615,1.3292015250479245,997.15,-1.7,78.51,False
HAOS / PANGAEA,HAOS_Flight_01,HAOS_Flight_01_seg01,train,10.1594/PANGAEA.918814,CC BY 4.0,fixed-wing UAV,2020-02-27 15:50:09+00:00,335.0,65.03216,24.53833,41.07,384078.593261684,7214296.84864895,-120.49388960399665,-508.41542339976877,-8.810000000000002,-116.04292515337247,-515.8196390547553,-8.58991341991341,-4.328665381609042,23.653537916551727,0.6849567099567095,4.922420764904615,1.6423397117850982,0.018517316017316432,24.046355232252782,24.056108697173062,349.62946157437386,12.83534872472879,1.631620222430097,997.02,-1.68,78.54,False
HAOS / PANGAEA,HAOS_Flight_01,HAOS_Flight_01_seg01,train,10.1594/PANGAEA.918814,CC BY 4.0,fixed-wing UAV,2020-02-27 15:50:10+00:00,336.0,65.03235,24.53837,43.43,384080.924130141,7214317.49879495,-118.1630211470183,-487.76527740061283,-6.450000000000003,-117.76419312044715,-491.3153177374701,-7.870562770562761,0.8148540654547247,23.84260136868147,0.5580303030303027,4.0364792212305645,-0.6452834378954293,-0.17744588744588774,23.85652169059521,23.863047269637207,1.9574010989431372,9.937780332371366,1.339967003490494,996.71,-1.7,78.25,False
HAOS / PANGAEA,HAOS_Flight_01,HAOS_Flight_01_seg01,train,10.1594/PANGAEA.918814,CC BY 4.0,fixed-wing UAV,2020-02-27 15:50:11+00:00,337.0,65.03253,24.53846,42.29,384086.107710405,7214337.43226607,-112.97944088297663,-467.8318062806502,-7.590000000000003,-114.41321702246302,-468.1344363173923,-7.473852813852805,3.744293060852087,22.36297104076087,0.33006493506493406,1.6663591377599616,-1.9561938288061071,-0.07143939393939402,22.674263037537834,22.676665256532182,9.505022239116613,4.899167871737993,0.8339848624130495,996.86,-1.71,78.63,False
HAOS / PANGAEA,HAOS_Flight_01,HAOS_Flight_01_seg01,train,10.1594/PANGAEA.918814,CC BY 4.0,fixed-wing UAV,2020-02-27 15:50:12+00:00,338.0,65.0327,24.53853,42.52,384090.411856959,7214357.03602262,-108.67529432900483,-448.2280497299507,-7.359999999999999,-110.27560699874297,-446.58937565594834,-7.210432900432893,4.147572340974648,19.930213711069257,0.4151515151515146,-0.4284845145577485,-1.6397283448448547,0.054610389610389776,20.35720449601347,20.361437220222044,11.75573684241914,-0.4507296896063441,1.1682907150906074,996.83,-1.71,78.62,False
HAOS / PANGAEA,HAOS_Flight_01,HAOS_Flight_01_seg01,train,10.1594/PANGAEA.918814,CC BY 4.0,fixed-wing UAV,2020-02-27 15:50:13+00:00,339.0,65.03288,24.53858,42.52,384093.289302396,7214376.753722,-105.79784889199072,-428.51035035029054,-7.359999999999999,-106.11807234051372,-428.2740088952538,-6.643549783549775,2.88732403173659,19.08351435107116,0.4392857142857136,-1.8432597391117937,0.18724496215904196,0.07321428571428523,19.30070361545875,19.30570205899174,8.603562859903946,-5.227481077456908,1.3038318817012657,996.83,-1.71,78.62,False
HAOS / PANGAEA,HAOS_Flight_01,HAOS_Flight_01_seg01,train,10.1594/PANGAEA.918814,CC BY 4.0,fixed-wing UAV,2020-02-27 15:50:14+00:00,340.0,65.03306,24.5386,43.43,384094.894211956,7214396.64661927,-104.19293933198787,-408.617453080602,-6.450000000000003,-104.5009589352698,-408.422346953806,-6.331861471861465,0.4610528627510604,20.30470363538734,0.5615800865800851,-2.1689551677729355,0.6706489724524403,0.1085389610389611,20.3099374559146,20.317699959808593,1.3007746875053385,-6.332966704752203,1.5838538422928423,996.71,-1.73,78.54,False
HAOS / PANGAEA,HAOS_Flight_01,HAOS_Flight_01_seg01,train,10.1594/PANGAEA.918814,CC BY 4.0,fixed-wing UAV,2020-02-27 15:50:15+00:00,341.0,65.03324,24.53857,44.19,384094.591356572,7214416.75285423,-104.49579471600009,-388.511218120344,-5.690000000000005,-105.1959666150116,-387.66460162447913,-5.520389610389605,-1.4505863038092812,20.42481229597604,0.6563636363636358,-1.510678015861302,-0.7790865244624001,-0.17084415584415513,20.47625839724272,20.486775519192705,355.9376294503995,-4.538908397465069,1.8359796436406273,996.61,-1.71,78.62,False
HAOS / PANGAEA,HAOS_Flight_01,HAOS_Flight_01_seg01,train,10.1594/PANGAEA.918814,CC BY 4.0,fixed-wing UAV,2020-02-27 15:50:16+00:00,342.0,65.03342,24.53851,46.24,384092.249816832,7214436.7796889,-106.83733445598045,-368.4843834498897,-3.6400000000000006,-107.40213154288836,-367.57272236185395,-5.019134199134194,-2.5603031689715436,18.74653058646254,0.2198917748917748,-0.8914674392858934,-1.767465420048154,-0.38344155844155825,18.920559223929438,18.921836954663952,352.22295789257515,-3.387803417490836,0.6658525953820028,996.34,-1.76,78.81,False
HAOS / PANGAEA,HAOS_Flight_01,HAOS_Flight_01_seg01,train,10.1594/PANGAEA.918814,CC BY 4.0,fixed-wing UAV,2020-02-27 15:50:17+00:00,343.0,65.03359,24.53841,44.19,384088.379985727,7214456.28211617,-110.70716556097614,-348.9819561801851,-5.690000000000005,-110.31657295295469,-350.17154045155405,-5.080606060606056,-3.233521182381068,16.88988145587973,-0.11051948051948068,-0.49979215826959944,-1.584626731775245,-0.21624458874458852,17.196620447942006,17.19697558834551,349.16202261541787,-2.5478733784442844,-0.36822424650831453,996.61,-1.71,78.45,False
HAOS / PANGAEA,HAOS_Flight_01,HAOS_Flight_01_seg01,train,10.1594/PANGAEA.918814,CC BY 4.0,fixed-wing UAV,2020-02-27 15:50:18+00:00,344.0,65.03376,24.5383,45.02,384083.910949854,7214475.44792826,-115.17620143399108,-329.8161440901458,-4.859999999999999,-113.86917390765049,-333.7929594500945,-5.240173160173155,-3.5598874855107425,15.57727712291205,-0.21259740259740223,-0.022031585367791706,-1.7013671351576676,-0.16527056277056262,15.978872346742593,15.980286578440522,347.1272111356866,-1.4105017170439518,-0.7622700124143583,996.5,-1.76,78.45,False
HAOS / PANGAEA,HAOS_Flight_01,HAOS_Flight_01_seg01,train,10.1594/PANGAEA.918814,CC BY 4.0,fixed-wing UAV,2020-02-27 15:50:19+00:00,345.0,65.03385,24.53824,43.88,384081.674454596,7214485.00270079,-117.41269669198664,-320.26137156039476,-6.0,-117.43634792397617,-319.01698620572995,-5.50580086580086,-3.2775843531166515,13.487147185564396,-0.44106060606060593,0.33909098650257263,-1.8873442962676847,-0.02050865800865842,13.879686538134523,13.886692653583548,346.34101918132995,-0.42401671899606536,-1.8200994735943201,996.65,-1.72,78.92,False
HAOS / PANGAEA,HAOS_Flight_01,HAOS_Flight_01_seg01,train,10.1594/PANGAEA.918814,CC BY 4.0,fixed-wing UAV,2020-02-27 15:50:20+00:00,346.0,65.03393,24.53819,43.05,384079.437953736,7214494.55757129,-119.6491975520039,-310.70650106016546,-6.830000000000005,-120.4243426138838,-306.8186650789657,-6.122294372294367,-2.8817055125055973,11.802588530376681,-0.25361471861471907,0.19754149668148457,-0.8152018902335385,0.16422077922077905,12.149293093764111,12.151939890555843,346.2791776976945,-0.0025784661125433247,-1.1958673444602252,996.76,-1.71,78.78,False
HAOS / PANGAEA,HAOS_Flight_01,HAOS_Flight_01_seg01,train,10.1594/PANGAEA.918814,CC BY 4.0,fixed-wing UAV,2020-02-27 15:50:21+00:00,347.0,65.0341,24.53808,44.72,384075.097074689,7214513.7170697,-123.99007659900235,-291.54700264986604,-5.160000000000004,-123.19975894898737,-295.4118091449766,-6.013030303030298,-2.8825013597536824,11.856743405097319,-0.11261904761904784,-0.19992851913345788,0.9070011057550147,-0.0709848484848481,12.202097289535951,12.202616986252876,346.3358622491049,0.08553424365287397,-0.5287953996503235,996.54,-1.75,79.2,False
HAOS / PANGAEA,HAOS_Flight_01,HAOS_Flight_01_seg01,train,10.1594/PANGAEA.918814,CC BY 4.0,fixed-wing UAV,2020-02-27 15:50:22+00:00,348.0,65.03418500000001,24.538020000000003,43.58,384072.7150325095,7214523.339708621,-126.37211877846858,-281.924363729544,-6.300000000000004,-126.18934533339116,-283.10517826877106,-6.347532467532463,-3.281562550772513,13.61659074188671,-0.39558441558441526,-0.42510933733352374,1.907222296122363,-0.25727272727272665,14.006434100322162,14.012019241940854,346.4502461850002,0.1332513707309975,-1.6177774938482998,996.69,-1.7349999999999999,79.255,True
HAOS / PANGAEA,HAOS_Flight_01,HAOS_Flight_01_seg01,train,10.1594/PANGAEA.918814,CC BY 4.0,fixed-wing UAV,2020-02-27 15:50:23+00:00,349.0,65.03427,24.53796,42.44,384070.33299033,7214532.96234754,-128.754160957993,-272.30172481015325,-7.440000000000005,-129.7628840505324,-268.17862766120317,-6.804199134199129,-3.73272003442073,15.671187997342045,-0.6271645021645011,-0.3513098209650387,1.5769279386386472,-0.2461147186147179,16.109603722730217,16.121807200688714,346.60236499056685,0.09282547287827428,-2.229461505537769,996.84,-1.72,79.31,False
HAOS / PANGAEA,HAOS_Flight_01,HAOS_Flight_01_seg01,train,10.1594/PANGAEA.918814,CC BY 4.0,fixed-wing UAV,2020-02-27 15:50:24+00:00,350.0,65.03445,24.53784,43.5,384065.454374838,7214552.3162903,-133.63277645001654,-252.94778204988688,-6.380000000000003,-133.65478540223262,-251.76280227408697,-7.601861471861465,-3.9841821927025904,16.770446619164005,-0.8878138528138511,-0.17252832352376757,0.8855276261547118,-0.06270562770562749,17.237215191291135,17.26006375967731,346.63589713075675,0.11947121659441257,-2.9484505624415323,996.7,-1.86,78.62,False
HAOS / PANGAEA,HAOS_Flight_01,HAOS_Flight_01_seg01,train,10.1594/PANGAEA.918814,CC BY 4.0,fixed-wing UAV,2020-02-27 15:50:25+00:00,351.0,65.03462,24.53773,41.0,384060.972677673,7214571.77613963,-138.11447361501632,-233.48793272022158,-8.880000000000003,-137.73124843593757,-234.63773442287516,-8.579826839826831,-4.077776681468265,17.44224324965147,-0.7525757575757561,-0.29708852535577535,1.327018026396587,0.1962662337662331,17.912568555177636,17.928370882900357,346.84130742375567,0.050762653375427055,-2.405800734304456,997.03,-1.77,78.59,False
HAOS / PANGAEA,HAOS_Flight_01,HAOS_Flight_01_seg01,train,10.1594/PANGAEA.918814,CC BY 4.0,fixed-wing UAV,2020-02-27 15:50:26+00:00,352.0,65.03479,24.53763,40.01,384056.654665371,7214591.31450863,-142.43248591700103,-213.94956372026354,-9.870000000000005,-141.81033876516915,-216.87831577478403,-9.107012987012977,-4.578359243414141,19.42448267195718,-0.4952813852813849,-0.6357573928787446,2.093744987809359,0.11860389610389532,19.956750748428973,19.962895683881303,346.73742243750763,-0.3662525490576449,-1.421659741133737,997.16,-1.76,78.68,False
HAOS / PANGAEA,HAOS_Flight_01,HAOS_Flight_01_seg01,train,10.1594/PANGAEA.918814,CC BY 4.0,fixed-wing UAV,2020-02-27 15:50:27+00:00,353.0,65.03496,24.53751,40.01,384052.08295988,7214610.23106141,-147.00419140799204,-195.03301094006747,-9.870000000000005,-146.88796692276586,-195.7887690789608,-9.5703896103896,-5.349291467225754,21.629733225270186,-0.5153679653679655,-0.6719709923819011,1.6669959800743257,0.08235930735930763,22.281388614664287,22.28734804182451,346.1088023256404,-0.6618296993851356,-1.3250136988427381,997.16,-1.76,78.68,False
HAOS / PANGAEA,HAOS_Flight_01,HAOS_Flight_01_seg01,train,10.1594/PANGAEA.918814,CC BY 4.0,fixed-wing UAV,2020-02-27 15:50:28+00:00,354.0,65.03513,24.5374,40.39,384047.389492421,7214628.80120755,-151.69765886699315,-176.46286480035633,-9.490000000000002,-152.50892169962066,-173.61884932424366,-10.137748917748908,-5.922301228177943,22.75847463210583,-0.3305627705627696,-0.5353583855126303,0.942931123956793,0.17719696969697063,23.516415956039786,23.518739149086304,345.41376303873733,-0.6895163691556616,-0.8053354880708515,997.11,-1.81,78.62,False
HAOS / PANGAEA,HAOS_Flight_01,HAOS_Flight_01_seg01,train,10.1594/PANGAEA.918814,CC BY 4.0,fixed-wing UAV,2020-02-27 15:50:29+00:00,355.0,65.03529,24.53728,40.01,384042.700449234,7214647.74422052,-156.38670205400558,-157.51985182985663,-9.870000000000005,-158.73256937912174,-150.27181981474914,-10.23151515151514,-6.420008238251015,23.515595473183772,-0.16097402597402422,-0.3310535807220276,0.39870219488498293,0.12747835497835425,24.376212508050383,24.37674401708871,344.7297695873291,-0.5153298037428562,-0.3783605934901596,997.16,-1.76,78.78,False
HAOS / PANGAEA,HAOS_Flight_01,HAOS_Flight_01_seg01,train,10.1594/PANGAEA.918814,CC BY 4.0,fixed-wing UAV,2020-02-27 15:50:30+00:00,356.0,65.03563,24.53702,39.4,384032.049966013,7214685.81788497,-167.03718527499586,-119.44618737976998,-10.480000000000004,-165.3489381761227,-126.58765837787611,-10.459696969696957,-6.5844083896219985,23.555879021875796,-0.07560606060606112,0.18493472944255274,-0.26300029642276,0.17166666666666508,24.458819888428238,24.45893674326366,344.38310343125164,0.2630478074907708,-0.1771097052385718,997.24,-1.72,79.0,False
HAOS / PANGAEA,HAOS_Flight_01,HAOS_Flight_01_seg01,train,10.1594/PANGAEA.918814,CC BY 4.0,fixed-wing UAV,2020-02-27 15:50:31+00:00,357.0,65.0358,24.5369,39.02,384026.885118556,7214704.95473536,-172.2020327320206,-100.30933699011803,-10.86,-171.90138615836574,-103.16006177099754,-10.382727272727262,-6.050138779365909,22.989594880338252,0.18235930735930594,1.0958016882730561,-0.9223211009087571,0.2490043290043289,23.772371611003855,23.773071045379112,345.2558652023106,2.089366044651944,0.439510785818299,997.29,-1.78,78.39,False
HAOS / PANGAEA,HAOS_Flight_01,HAOS_Flight_01_seg01,train,10.1594/PANGAEA.918814,CC BY 4.0,fixed-wing UAV,2020-02-27 15:50:32+00:00,358.0,65.03597,24.53679,39.4,384022.364809984,7214723.98302165,-176.72234130400466,-81.281050699763,-10.480000000000004,-177.4492157348545,-80.6084686171996,-10.094978354978345,-4.392805013075886,21.711236820058282,0.42240259740259667,2.3610985081880855,-1.7202136861583668,0.19900432900432952,22.151174689834377,22.155201738956283,348.5618355205555,5.429049736541249,1.0924455951024068,997.24,-1.74,78.02,False
HAOS / PANGAEA,HAOS_Flight_01,HAOS_Flight_01_seg01,train,10.1594/PANGAEA.918814,CC BY 4.0,fixed-wing UAV,2020-02-27 15:50:33+00:00,359.0,65.03614,24.53669,40.16,384018.702396292,7214742.96391604,-180.38475499599008,-62.30015631020069,-9.720000000000006,-180.6869961845175,-59.73758813088098,-9.537922077922069,-1.327941762989738,19.54916750802152,0.580367965367965,3.3519241869815843,-1.440484346869276,0.07773809523809527,19.59421801406161,19.60281119017887,356.1139646753931,9.217549214677558,1.6965676215697354,997.14,-1.75,78.09,False
HAOS / PANGAEA,HAOS_Flight_01,HAOS_Flight_01_seg01,train,10.1594/PANGAEA.918814,CC BY 4.0,fixed-wing UAV,2020-02-27 15:50:34+00:00,360.0,65.03632,24.53666,41.91,384017.938392095,7214762.87891167,-181.14875919301994,-42.38516067992896,-7.970000000000006,-180.10509926083398,-41.51013360115657,-8.934242424242415,2.3110433608872825,18.83026812631973,0.5778787878787872,3.765199682304747,-0.4614190107919036,-0.03288961038961036,18.97155552728858,18.98035465997604,6.9969339499106695,11.151744389205081,1.7447057057682602,996.91,-1.75,78.55,False
HAOS / PANGAEA,HAOS_Flight_01,HAOS_Flight_01_seg01,train,10.1594/PANGAEA.918814,CC BY 4.0,fixed-wing UAV,2020-02-27 15:50:35+00:00,361.0,65.0365,24.53673,41.53,384021.917493093,7214782.94469549,-177.16965819499455,-22.31937685981393,-8.350000000000001,-176.06490946274295,-22.077051878241523,-8.382164502164494,6.202457601619756,18.62632948643771,0.5145887445887443,4.019369721653739,-1.2406929998801708,-0.15209956709956662,19.63187791417901,19.63862092951761,18.41745345380326,12.669614678289266,1.501487211520062,996.96,-1.73,78.27,False
HAOS / PANGAEA,HAOS_Flight_01,HAOS_Flight_01_seg01,train,10.1594/PANGAEA.918814,CC BY 4.0,fixed-wing UAV,2020-02-27 15:50:36+00:00,362.0,65.03667,24.5369,41.64,384030.566871239,7214801.48359644,-168.52028004900785,-3.780475909821689,-8.240000000000002,-167.70018405759447,-4.257474628281146,-7.905064935064926,10.34978280419476,16.34888212655939,0.27367965367965397,3.7358238273183133,-2.941030923273104,-0.2170238095238095,19.349520688692486,19.351456054648104,32.3361633064892,14.299166306666498,0.8103375694433457,996.95,-1.74,78.25,False
HAOS / PANGAEA,HAOS_Flight_01,HAOS_Flight_01_seg01,train,10.1594/PANGAEA.918814,CC BY 4.0,fixed-wing UAV,2020-02-27 15:50:37+00:00,363.0,65.03681,24.53716,41.76,384043.457457453,7214816.974643,-155.6296938349842,11.710570650175214,-8.120000000000005,-155.36534385435343,10.620712374877254,-7.8348051948051864,13.674105256256382,12.744267639891504,0.08054112554112525,2.672879173855094,-4.000741202070764,-0.05371212121212143,18.69217783556438,18.69235135314088,47.015786067136276,14.82916871932324,0.2468753535945195,996.93,-1.76,78.22,False
HAOS / PANGAEA,HAOS_Flight_01,HAOS_Flight_01_seg01,train,10.1594/PANGAEA.918814,CC BY 4.0,fixed-wing UAV,2020-02-27 15:50:38+00:00,364.0,65.03691,24.53748,42.36,384059.193689889,7214827.60927516,-139.89346139901318,22.345202810131013,-7.520000000000003,-140.3519735450817,21.231060651501863,-7.743982683982676,15.695541151904948,8.34739972241786,0.1662554112554111,1.4904338385409162,-4.246892060948433,0.003831168831168963,17.777207153458146,17.777984560650715,61.99450074513567,14.333734457673453,0.5358240809141415,996.85,-1.78,78.49,False
HAOS / PANGAEA,HAOS_Flight_01,HAOS_Flight_01_seg01,train,10.1594/PANGAEA.918814,CC BY 4.0,fixed-wing UAV,2020-02-27 15:50:39+00:00,365.0,65.03697,24.53783,42.67,384075.98782169,7214833.75986944,-123.09932959801517,28.495797090232372,-7.210000000000001,-123.97426155054353,27.315511819712974,-7.502294372294364,16.654972933338215,4.250483517994638,0.08820346320346317,0.8352676664879795,-3.3707118540492216,-0.1440584415584416,17.18879674517599,17.189023049548037,75.68325498248316,11.360970542991215,0.2940078877008493,996.81,-1.8,78.6,False
HAOS / PANGAEA,HAOS_Flight_01,HAOS_Flight_01_seg01,train,10.1594/PANGAEA.918814,CC BY 4.0,fixed-wing UAV,2020-02-27 15:50:40+00:00,366.0,65.037,24.53819,41.76,384092.736025801,7214835.72291539,-106.35112548701,30.45884303934872,-8.120000000000005,-107.04202767840528,29.73202768749114,-7.567575757575749,17.366076484880907,1.6059760143194168,-0.12186147186147211,0.424421958603709,-1.738073691418312,-0.13229437229437258,17.440176932511402,17.440602674667726,84.71644183111812,5.891869178165667,-0.4003419473167975,996.93,-1.75,78.51,False
HAOS / PANGAEA,HAOS_Flight_01,HAOS_Flight_01_seg01,train,10.1594/PANGAEA.918814,CC BY 4.0,fixed-wing UAV,2020-02-27 15:50:41+00:00,367.0,65.03699,24.53853,42.82,384108.872456115,7214834.89500506,-90.21469517302467,29.630932710133493,-7.060000000000002,-89.24210858078172,30.527463848351807,-7.7460173160173085,17.503816850545633,0.7743361351580145,-0.17638528138528198,-0.616717474155239,-0.32109193137576675,-0.03995670995671019,17.52093607053164,17.52182389350909,87.46699333881452,0.9323359480794228,-0.576783726828411,996.79,-1.84,78.99,False
HAOS / PANGAEA,HAOS_Flight_01,HAOS_Flight_01_seg01,train,10.1594/PANGAEA.918814,CC BY 4.0,fixed-wing UAV,2020-02-27 15:50:42+00:00,368.0,65.037,24.53889,41.83,384125.610131335,7214834.69465747,-73.47701995301759,29.430585119873285,-8.050000000000004,-72.03439397731401,31.28069995780717,-7.920346320346313,16.13264153657043,0.9637921515678833,-0.2017748917748925,-1.576673795088677,0.5903085144750726,0.011125541125541538,16.16140520681606,16.162664735923098,86.58111372727694,-2.612299026092046,-0.7152997488027262,996.92,-1.79,78.72,False
HAOS / PANGAEA,HAOS_Flight_01,HAOS_Flight_01_seg01,train,10.1594/PANGAEA.918814,CC BY 4.0,fixed-wing UAV,2020-02-27 15:50:43+00:00,369.0,65.03702,24.53925,41.23,384143.023138469,7214836.83142225,-56.064012818969786,31.567349899560213,-8.650000000000006,-56.97682550764086,32.455048151487574,-8.149567099567093,14.350469260368278,1.9549531641081597,-0.1541341991341989,-1.443096133727492,1.385707937888558,0.04617965367965393,14.483017981989507,14.4838381383518,82.24239528663043,-6.164200499577348,-0.6097420932150713,997.0,-1.81,79.25,False
HAOS / PANGAEA,HAOS_Flight_01,HAOS_Flight_01_seg01,train,10.1594/PANGAEA.918814,CC BY 4.0,fixed-wing UAV,2020-02-27 15:50:44+00:00,370.0,65.03708,24.53962,41.76,384160.363335454,7214842.04280396,-38.723815833975095,36.77873160969466,-8.120000000000005,-43.333455456577454,35.19060628602349,-8.228614718614711,13.246449269115445,3.7352080273449992,-0.10941558441558463,-0.8156771308796475,1.8396925420361212,0.08050865800865781,13.763001026185808,13.763435945173887,74.25271272812222,-8.067436457322158,-0.45549071168968386,996.93,-1.81,78.59,False
HAOS / PANGAEA,HAOS_Flight_01,HAOS_Flight_01_seg01,train,10.1594/PANGAEA.918814,CC BY 4.0,fixed-wing UAV,2020-02-27 15:50:45+00:00,371.0,65.03711,24.53979,41.91,384168.694367869,7214845.9633977,-30.39278341899626,40.69932535011321,-7.970000000000006,-30.48392696940997,39.92546420617757,-8.368398268398263,12.719114998608983,5.634338248180402,0.006883116883116713,-0.21118605659335365,1.8255030794786773,0.08435064935064984,13.911206052774453,13.911207755620882,66.10752237198608,-7.096565651622879,0.028349340353284982,996.91,-1.85,78.91,False
HAOS / PANGAEA,HAOS_Flight_01,HAOS_Flight_01_seg01,train,10.1594/PANGAEA.918814,CC BY 4.0,fixed-wing UAV,2020-02-27 15:50:46+00:00,372.0,65.03715,24.53996,41.23,384177.025293935,7214849.88397517,-22.061857353022788,44.619902819395065,-8.650000000000006,-17.895225459359487,46.45928278238429,-8.214848484848478,12.824077155928737,7.386214186302354,0.05928571428571505,0.705276502845269,1.8894710873033898,-0.031850649350649185,14.799091691963646,14.799210441880533,60.05958142487651,-4.88967172760015,0.22952780574369852,997.0,-1.8,78.69,False
HAOS / PANGAEA,HAOS_Flight_01,HAOS_Flight_01_seg01,train,10.1594/PANGAEA.918814,CC BY 4.0,fixed-wing UAV,2020-02-27 15:50:47+00:00,373.0,65.03724,24.5403,41.76,384193.307975105,7214859.37032911,-5.779176182986703,54.10625675972551,-8.120000000000005,-4.835772657552496,54.69789257878228,-8.249826839826833,14.129668004299521,9.413280422787182,-0.05681818181818166,1.6200831984602537,1.9950343296909505,-0.03180735930735956,16.978143780453564,16.97823885258831,56.32817891678582,-2.6823615177633706,-0.19174238992093787,996.93,-1.84,78.67,False
HAOS / PANGAEA,HAOS_Flight_01,HAOS_Flight_01_seg01,train,10.1594/PANGAEA.918814,CC BY 4.0,fixed-wing UAV,2020-02-27 15:50:48+00:00,374.0,65.03735,24.54064,41.83,384209.56807037,7214870.21500353,10.480919082008768,64.9509311793372,-8.050000000000004,10.364110549239555,65.28584362795866,-8.328484848484841,16.064243552849245,11.376282845684255,-0.004329004329004071,0.9995539890649088,1.2381843179151844,0.11928571428571488,19.684504878463883,19.684505354479874,54.69485838934975,-1.3623516325600127,-0.012600452745879474,996.92,-1.86,79.01,False
HAOS / PANGAEA,HAOS_Flight_01,HAOS_Flight_01_seg01,train,10.1594/PANGAEA.918814,CC BY 4.0,fixed-wing UAV,2020-02-27 15:50:49+00:00,375.0,65.03746,24.54098,41.6,384226.080740406,7214882.13866874,26.99358911800664,76.87459638994187,-8.280000000000001,27.292714448145993,77.45045827015079,-8.25848484848484,16.12877598242934,11.88964905861755,0.1817532467532481,-0.9040857151119077,-0.11922153909449129,0.10765151515151561,20.03749409054123,20.038318384315087,53.6034756516658,-1.3471490881523722,0.5196961414886914,996.95,-1.88,79.23,False
HAOS / PANGAEA,HAOS_Flight_01,HAOS_Flight_01_seg01,train,10.1594/PANGAEA.918814,CC BY 4.0,fixed-wing UAV,2020-02-27 15:50:50+00:00,376.0,65.03758,24.54132,41.3,384242.583350938,7214895.14898601,43.49619964999147,89.88491365965456,-8.580000000000005,42.62166251409823,89.06514174519376,-7.964978354978345,14.25607212262543,11.137839767495272,0.21097402597402715,-1.6462648010787362,-0.6935362661694775,-0.03787878787878873,18.09107700088353,18.092307124618813,52.00056021304499,-1.4466994368319466,0.6681400640702122,996.99,-1.82,78.93,False
HAOS / PANGAEA,HAOS_Flight_01,HAOS_Flight_01_seg01,train,10.1594/PANGAEA.918814,CC BY 4.0,fixed-wing UAV,2020-02-27 15:50:51+00:00,377.0,65.03771,24.54166,42.21,384259.197174495,7214908.58029296,60.11002320703119,103.3162206094712,-7.670000000000002,55.80485869339685,99.72613780514133,-7.8365367965367865,12.836246380271866,10.502576526278595,0.10599567099567064,-0.8840713636083191,-0.3874663659653663,-0.04652597402597469,16.585334932565598,16.585673634424698,50.710076778001905,-0.843798828435672,0.3661681803972493,996.87,-1.85,79.24,False
HAOS / PANGAEA,HAOS_Flight_01,HAOS_Flight_01_seg01,train,10.1594/PANGAEA.918814,CC BY 4.0,fixed-wing UAV,2020-02-27 15:50:52+00:00,378.0,65.03777500000001,24.54183,42.400000000000006,384267.4216192205,7214915.43517968,68.3344679325237,110.1711073294282,-7.479999999999997,68.29415527464197,110.07029479775095,-7.7529870129870035,12.487929395408791,10.36290703556454,0.11792207792207776,0.0004810945855808768,0.0784932540082508,-0.01759740259740261,16.22769924581017,16.228127693265463,50.31296255617366,-0.20755767436537198,0.41634481591379524,996.845,-1.885,79.185,True
HAOS / PANGAEA,HAOS_Flight_01,HAOS_Flight_01_seg01,train,10.1594/PANGAEA.918814,CC BY 4.0,fixed-wing UAV,2020-02-27 15:50:53+00:00,379.0,65.03784,24.542,42.59,384275.646063946,7214922.2900664,76.5589126580162,117.02599404938519,-7.289999999999999,80.78071748421443,120.45195187627041,-7.600692640692631,12.837208569443028,10.659563034295097,0.07080086580086542,0.7080601771402755,0.5870024101462015,-0.14103896103896107,16.685928440979602,16.686078649583614,50.294961429271154,0.0013908515031373862,0.24311301978227357,996.82,-1.92,79.13,False
HAOS / PANGAEA,HAOS_Flight_01,HAOS_Flight_01_seg01,train,10.1594/PANGAEA.918814,CC BY 4.0,fixed-wing UAV,2020-02-27 15:50:54+00:00,380.0,65.03797,24.54233,41.91,384292.052970944,7214936.12404067,92.96581965597579,130.85996831953526,-7.970000000000006,93.96857241352802,131.38942086634114,-7.611385281385273,13.904049749689342,11.536911855856943,-0.1641558441558444,0.7039313259309914,0.631746788569675,-0.2122835497835498,18.067178379914466,18.067924112991488,50.31574425917995,-0.11206631433421363,-0.5205670776253233,996.91,-1.87,79.04,False
HAOS / PANGAEA,HAOS_Flight_01,HAOS_Flight_01_seg01,train,10.1594/PANGAEA.918814,CC BY 4.0,fixed-wing UAV,2020-02-27 15:50:55+00:00,381.0,65.03809,24.54268,41.76,384308.734278523,7214949.5111459,109.64712723501725,144.24707354977727,-8.120000000000005,108.58881698359312,143.5257755879843,-7.92900432900432,14.245071221305011,11.923056611434447,-0.3537662337662342,1.3538749060103292,1.0840550183088666,-0.06599567099567083,18.57636490434883,18.57973314145486,50.070828800602726,0.08051747544743391,-1.0910025944933956,996.93,-1.87,79.25,False
HAOS / PANGAEA,HAOS_Flight_01,HAOS_Flight_01_seg01,train,10.1594/PANGAEA.918814,CC BY 4.0,fixed-wing UAV,2020-02-27 15:50:56+00:00,382.0,65.03822,24.54302,42.06,384325.31552069,7214963.03174127,126.22836940200068,157.7676689196378,-7.82,122.45871485613804,155.23553408921003,-8.318917748917741,16.61179956171,13.705021892474676,-0.29614718614718605,3.263769624773616,2.311023063034412,0.09727272727272807,21.53554061897771,21.537576764982212,50.476779210074824,0.6961622639285309,-0.7878564427042459,996.89,-1.89,78.95,False
HAOS / PANGAEA,HAOS_Flight_01,HAOS_Flight_01_seg01,train,10.1594/PANGAEA.918814,CC BY 4.0,fixed-wing UAV,2020-02-27 15:50:57+00:00,383.0,65.03835,24.54336,41.3,384341.784917966,7214976.86164162,142.69776667800033,171.59756927005947,-8.580000000000005,141.81241610701312,170.93581937293365,-8.521298701298692,20.772610470852243,16.54510273750327,-0.15922077922077804,3.309806933847753,2.1470667056283688,0.11181818181818182,26.556388503866607,26.556865809519657,51.46315332845978,0.8777672332040667,-0.34351694133736427,996.99,-1.84,78.91,False
HAOS / PANGAEA,HAOS_Flight_01,HAOS_Flight_01_seg01,train,10.1594/PANGAEA.918814,CC BY 4.0,fixed-wing UAV,2020-02-27 15:50:58+00:00,384.0,65.03848,24.5437,40.92,384358.478046916,7214990.47120122,159.3908956280211,185.20712886936963,-8.96,164.00393579784253,188.32573956421658,-8.637359307359297,23.231413429405507,17.999155303731413,-0.07251082251082241,1.888701644423847,1.0622266320021936,0.06772727272727241,29.388231685077706,29.38832113944562,52.23231367648293,0.6424682690962729,-0.14136800447050132,997.04,-1.87,78.91,False
HAOS / PANGAEA,HAOS_Flight_01,HAOS_Flight_01_seg01,train,10.1594/PANGAEA.918814,CC BY 4.0,fixed-wing UAV,2020-02-27 15:50:59+00:00,385.0,65.0386,24.54404,40.92,384375.206441259,7215003.54927392,176.11928997101495,198.28520157001913,-8.96,188.27524296582413,206.93412998039648,-8.666320346320337,24.550013759699937,18.669556001507658,-0.023766233766233213,0.5518610579426309,0.17702406338009524,0.01100649350649352,30.842430139256,30.842439296021226,52.74808986665232,0.37231091489266244,-0.044150367336876634,997.04,-1.87,78.91,False
HAOS / PANGAEA,HAOS_Flight_01,HAOS_Flight_01_seg01,train,10.1594/PANGAEA.918814,CC BY 4.0,fixed-wing UAV,2020-02-27 15:51:00+00:00,386.0,65.03894,24.54506,41.68,384424.3499056,7215040.11526659,225.26275431201793,234.85119424015284,-8.200000000000003,213.1039633172424,225.6648515672319,-8.684891774891764,24.33513554529077,18.353203430491604,-0.050497835497835375,-0.9600219712750118,-0.7548607307550697,0.0022402597402590985,30.480139405335454,30.480181236339018,52.97693550626826,0.03981296916467103,-0.09492444122075683,996.94,-1.9,79.14,False
HAOS / PANGAEA,HAOS_Flight_01,HAOS_Flight_01_seg01,train,10.1594/PANGAEA.918814,CC BY 4.0,fixed-wing UAV,2020-02-27 15:51:01+00:00,387.0,65.03906,24.54539,41.15,384440.81541632,7215051.92552582,241.72826503199758,246.6614534696564,-8.730000000000004,236.94551405640567,243.64053684137969,-8.767316017316007,22.629969817149913,17.15983453999752,-0.019285714285715017,-2.3835538586528457,-1.6851295554018648,0.1388095238095235,28.400272100196645,28.40027864835103,52.827715804981665,-0.2088361772544651,-0.038907721014750554,997.01,-1.85,79.35,False
HAOS / PANGAEA,HAOS_Flight_01,HAOS_Flight_01_seg01,train,10.1594/PANGAEA.918814,CC BY 4.0,fixed-wing UAV,2020-02-27 15:51:02+00:00,388.0,65.03917,24.54572,41.6,384456.725333936,7215064.04693407,257.6381826479919,258.7828617198393,-8.280000000000001,258.36390295154223,259.98452064722693,-8.723463203463194,19.568027827985077,14.982944319687874,0.2271212121212116,-3.6733892376875303,-2.7612247226963405,0.2412229437229434,24.645412018541414,24.646458520620378,52.55926315175935,-0.05758615665337936,0.5279976052383074,996.95,-1.9,78.8,False
HAOS / PANGAEA,HAOS_Flight_01,HAOS_Flight_01_seg01,train,10.1594/PANGAEA.918814,CC BY 4.0,fixed-wing UAV,2020-02-27 15:51:03+00:00,389.0,65.03929,24.54604,41.15,384472.178169069,7215076.44564789,273.0910177810001,271.1815755395219,-8.730000000000004,276.0815697123758,273.60642548075543,-8.313073593073584,15.283191341774852,11.637385094604838,0.4631601731601718,-2.5615571754422177,-2.247659088042866,0.18422077922077884,19.20949425230744,19.21507706920361,52.71254349167492,0.7297397635650155,1.3811911046298366,997.01,-1.86,79.09,False
HAOS / PANGAEA,HAOS_Flight_01,HAOS_Flight_01_seg01,train,10.1594/PANGAEA.918814,CC BY 4.0,fixed-wing UAV,2020-02-27 15:51:04+00:00,390.0,65.0394,24.54636,41.15,384487.736495385,7215088.89053584,288.649344097008,283.626463489607,-8.730000000000004,288.93028563509193,283.2592908364366,-7.79714285714285,14.444913477100641,10.487626143602142,0.5955627705627693,0.45723952495471565,-0.3084288225713294,0.2250833333333324,17.850653419101803,17.86058572674959,54.01874267888934,1.528487069051525,1.9108869356657046,997.01,-1.86,79.09,False
HAOS / PANGAEA,HAOS_Flight_01,HAOS_Flight_01_seg01,train,10.1594/PANGAEA.918814,CC BY 4.0,fixed-wing UAV,2020-02-27 15:51:05+00:00,391.0,65.03951,24.54669,43.35,384503.816520047,7215100.38913958,304.72936875902815,295.1250672293827,-6.530000000000001,304.9713966665771,294.5816777679597,-7.121948051948046,16.197670391684284,11.020527449462179,0.9133268398268366,1.0134834030568243,-0.018049261560463492,0.3560108225108225,19.591236596549873,19.612514303330492,55.769517629777965,1.7929169013823965,2.669148122218382,996.72,-1.87,79.18,False
HAOS / PANGAEA,HAOS_Flight_01,HAOS_Flight_01_seg01,train,10.1594/PANGAEA.918814,CC BY 4.0,fixed-wing UAV,2020-02-27 15:51:06+00:00,392.0,65.03961,24.54703,44.87,384520.328899779,7215110.70744601,321.2417484910111,305.44337365962565,-5.010000000000005,321.3256264184605,305.30034573536096,-5.970489177489177,16.47188028321429,10.451527620481215,1.3075844155844143,0.2547554770960261,-0.5516402614104976,0.35325432900433196,19.507877118390546,19.551650740285453,57.604576481654135,1.7687295809010404,3.834716099394719,996.52,-1.86,79.05,False
HAOS / PANGAEA,HAOS_Flight_01,HAOS_Flight_01_seg01,train,10.1594/PANGAEA.918814,CC BY 4.0,fixed-wing UAV,2020-02-27 15:51:07+00:00,393.0,65.0397,24.54738,44.87,384537.251892119,7215120.33746554,338.1647408310091,315.0733931893483,-5.010000000000005,337.9151572330057,315.48473300892215,-4.506779220779217,16.707181345876336,9.917246926641184,1.6198354978355005,0.23530106266215967,-0.5342806938399605,0.31225108225108444,19.428888159850327,19.496296114083314,59.30697679158004,1.7085857607568726,4.765871813851325,996.52,-1.86,79.05,False
HAOS / PANGAEA,HAOS_Flight_01,HAOS_Flight_01_seg01,train,10.1594/PANGAEA.918814,CC BY 4.0,fixed-wing UAV,2020-02-27 15:51:08+00:00,394.0,65.0398,24.54773,46.24,384554.040377437,7215129.97168312,354.953226149024,324.70761077012867,-3.6400000000000006,354.7399891102132,325.13483958864333,-2.730818181818176,16.94248240853861,9.382966232801294,1.9320865800865832,0.1764757969966979,-0.40071052037988864,0.23418831168831233,19.367182693658094,19.463317395615793,61.021748003167886,1.2879368602997654,5.697026116370833,996.34,-1.88,79.1,False
HAOS / PANGAEA,HAOS_Flight_01,HAOS_Flight_01_seg01,train,10.1594/PANGAEA.918814,CC BY 4.0,fixed-wing UAV,2020-02-27 15:51:09+00:00,395.0,65.03989,24.54808,49.81,384570.692859379,7215139.86895238,371.6057080909959,334.6048800293356,-0.07000000000000028,371.8001220500829,334.25066547452474,-0.6426060606060506,17.06013293986973,9.115825885881407,2.088212121212125,0.11765053133112247,-0.26714034691988786,0.156125541125542,19.34286476992831,19.455257576575825,61.88285051217957,0.8611025090116748,6.161659484418314,995.87,-1.94,79.11,False
HAOS / PANGAEA,HAOS_Flight_01,HAOS_Flight_01_seg02,train,10.1594/PANGAEA.918814,CC BY 4.0,fixed-wing UAV,2020-02-27 15:52:38+00:00,0.0,65.0378,24.54664,49.43,384494.147889303,7214910.05912767,0.0,0.0,0.0,-1.3880358010946712,-0.23088671872109737,0.6952727272727284,-6.805333596006014,-3.566811762465107,-0.9991212121212125,-0.32344187483224385,-0.10545164238343041,0.06816017316017331,7.68340494193737,7.748093617032396,242.34006535186137,0.40547061286319463,-7.4089549126384835,995.92,-1.71,78.42,False
HAOS / PANGAEA,HAOS_Flight_01,HAOS_Flight_01_seg02,train,10.1594/PANGAEA.918814,CC BY 4.0,fixed-wing UAV,2020-02-27 15:52:39+00:00,1.0,65.03777,24.54646,49.73,384485.510600006,7214906.48745796,-8.637289297010284,-3.571669709868729,0.29999999999999716,-8.193369397100685,-3.7976984811862042,-0.30384848484848415,-7.128775470838258,-3.6722634048485374,-0.9309610389610392,-0.48516281224836577,-0.15817746357514495,0.10224025974025991,8.01903723823596,8.072895805364913,242.74553596472458,0.5611887244700084,-6.622044590170434,995.88,-1.77,78.42,False
HAOS / PANGAEA,HAOS_Flight_01,HAOS_Flight_01_seg02,train,10.1594/PANGAEA.918814,CC BY 4.0,fixed-wing UAV,2020-02-27 15:52:40+00:00,2.0,65.03773,24.54629,49.05,384477.358657544,7214902.32224715,-16.789231758972164,-7.736880519427359,-0.38000000000000256,-15.645586742771188,-7.5754135284181725,-1.16664935064935,-7.775659220502746,-3.883166689615397,-0.7946406926406927,-0.6468837496644815,-0.21090328476685616,0.13632034632034684,8.691366972618747,8.727617869907483,243.4624428008014,0.6653913438994885,-5.223956922650156,995.97,-1.75,78.39,False
HAOS / PANGAEA,HAOS_Flight_01,HAOS_Flight_01_seg02,train,10.1594/PANGAEA.918814,CC BY 4.0,fixed-wing UAV,2020-02-27 15:52:41+00:00,3.0,65.03769,24.54613,47.68,384469.320544313,7214897.91871297,-24.82734498998616,-12.140414699912071,-1.75,-23.744687838106177,-11.564031860416998,-1.8931298701298696,-8.422542970167221,-4.09406997438225,-0.6583203463203455,-0.5364899842112356,-0.1851310579343024,0.047810606060607,9.364861933816833,9.387972343260865,244.07631865252353,0.4322764460894763,-4.021098223010848,996.15,-1.69,77.68,False
HAOS / PANGAEA,HAOS_Flight_01,HAOS_Flight_01_seg02,train,10.1594/PANGAEA.918814,CC BY 4.0,fixed-wing UAV,2020-02-27 15:52:42+00:00,4.0,65.03765,24.54596,45.7,384461.083820121,7214893.72593882,-33.06406918197172,-16.333188849501312,-3.729999999999997,-32.49067268310563,-15.763553477182672,-2.483290043290041,-8.848639188925217,-4.253428805484002,-0.6990194805194787,-0.5559262562621861,-0.19591212584687634,0.07881385281385311,9.817844575012593,9.842697817836832,244.32699569298032,0.3634439577559569,-4.072522688492084,996.41,-1.69,77.72,False
HAOS / PANGAEA,HAOS_Flight_01,HAOS_Flight_01_seg02,train,10.1594/PANGAEA.918814,CC BY 4.0,fixed-wing UAV,2020-02-27 15:52:43+00:00,5.0,65.03761,24.54578,46.69,384452.436914347,7214889.80122976,-41.71097495598951,-20.257897909730673,-2.740000000000002,-41.44196621595661,-20.070889471385,-3.291168831168827,-9.534395482691593,-4.485894226076002,-0.5006926406926393,-0.8411921194467462,-0.2685511144630035,0.3565551948051938,10.536979843765094,10.548869008019564,244.80320656803548,0.6061791675298843,-2.7205151077112233,996.28,-1.75,79.05,False
HAOS / PANGAEA,HAOS_Flight_01,HAOS_Flight_01_seg02,train,10.1594/PANGAEA.918814,CC BY 4.0,fixed-wing UAV,2020-02-27 15:52:44+00:00,6.0,65.03757,24.54559,46.62,384443.585837938,7214885.90779287,-50.56205136497738,-24.151334799826145,-2.8100000000000023,-51.559463648488816,-24.735341929334677,-3.4846753246753197,-10.53102342781871,-4.790531034410009,0.014090909090908932,-0.815391992294888,-0.2611806871484381,0.4716233766233755,11.569427039785158,11.569435620747926,245.53935402804012,0.5188427699868892,0.0697829908457688,996.29,-1.74,78.84,False
HAOS / PANGAEA,HAOS_Flight_01,HAOS_Flight_01_seg02,train,10.1594/PANGAEA.918814,CC BY 4.0,fixed-wing UAV,2020-02-27 15:52:45+00:00,7.0,65.03753,24.54541,45.4,384434.86967085,7214882.09536718,-59.278218452993315,-27.963760489597917,-4.030000000000001,-62.50401307159403,-29.65195154020502,-3.262987012987009,-11.16517946728137,-5.008255600372879,0.4425541125541117,-0.4540793160169976,-0.10625123185835506,0.2893181818181818,12.23698723931948,12.244987171810608,245.84089210800926,0.4190157235360109,2.0712154234848668,996.45,-1.67,78.46,False
HAOS / PANGAEA,HAOS_Flight_01,HAOS_Flight_01_seg02,train,10.1594/PANGAEA.918814,CC BY 4.0,fixed-wing UAV,2020-02-27 15:52:46+00:00,8.0,65.03745,24.54504,46.31,384417.194502667,7214874.01519481,-76.95338663598523,-36.043932859785855,-3.1199999999999974,-73.88982258305155,-34.751853130080434,-2.5995670995670963,-11.439182059852705,-5.003033498126719,0.5927272727272725,-0.0869655062407233,0.16328875171282586,0.017435064935065303,12.485400689678888,12.499462228498823,246.37738547511213,0.8622081215883057,2.7179978793052464,996.33,-1.67,78.42,False
HAOS / PANGAEA,HAOS_Flight_01,HAOS_Flight_01_seg02,train,10.1594/PANGAEA.918814,CC BY 4.0,fixed-wing UAV,2020-02-27 15:52:47+00:00,9.0,65.03741,24.54484,47.75,384407.729108702,7214869.72608283,-86.41878060100134,-40.33304484002292,-1.6799999999999997,-85.38237719129944,-39.65801853645846,-2.077532467532464,-11.339110479762816,-4.681678096947227,0.4774242424242423,0.3185765476573792,0.41667686892145284,-0.11227272727272741,12.26758070182146,12.27686727886869,247.56530835118582,1.2577901955687323,2.228686912725579,996.14,-1.71,78.3,False
HAOS / PANGAEA,HAOS_Flight_01,HAOS_Flight_01_seg02,train,10.1594/PANGAEA.918814,CC BY 4.0,fixed-wing UAV,2020-02-27 15:52:48+00:00,10.0,65.03737,24.54464,47.83,384397.867220729,7214865.77836527,-96.28066857397789,-44.2807623995468,-1.6000000000000014,-96.56804354257719,-44.11520932397489,-1.6447186147186117,-10.802028964537946,-4.169679760283813,0.3681818181818177,0.7839211475154357,0.5735418460930575,-0.26728354978354973,11.57886259759728,11.584714796026567,248.8929658662496,1.2739701496123972,1.8212634117211757,996.13,-1.7,77.66,False
HAOS / PANGAEA,HAOS_Flight_01,HAOS_Flight_01_seg02,train,10.1594/PANGAEA.918814,CC BY 4.0,fixed-wing UAV,2020-02-27 15:52:49+00:00,11.0,65.03734,24.54443,48.74,384387.893885886,7214862.08298992,-106.25400341697969,-47.97613774985075,-0.6899999999999977,-106.98643512037533,-47.99737805702608,-1.3411688311688286,-9.771268184731944,-3.534594404761112,-0.05714285714285716,0.6558796859779612,0.39485045925520623,-0.46794372294372233,10.390911391409478,10.391068513403505,250.11324865041064,0.7517868924807348,-0.31508415536044576,996.01,-1.74,78.46,False
HAOS / PANGAEA,HAOS_Flight_01,HAOS_Flight_01_seg02,train,10.1594/PANGAEA.918814,CC BY 4.0,fixed-wing UAV,2020-02-27 15:52:50+00:00,12.0,65.03731,24.54422,47.83,384377.796981409,7214859.19851921,-116.35090789396781,-50.860608459450305,-1.6000000000000014,-116.11057991204108,-51.18439813349711,-1.759004329004326,-9.490269592582024,-3.3799788417734007,-0.5677056277056269,-0.03816152300824882,-0.04399119476985369,-0.3097619047619041,10.074198425220878,10.090181543978852,250.39653965121107,-0.15500673134316953,-3.2253455342100383,996.13,-1.69,78.7,False
HAOS / PANGAEA,HAOS_Flight_01,HAOS_Flight_01_seg02,train,10.1594/PANGAEA.918814,CC BY 4.0,fixed-wing UAV,2020-02-27 15:52:51+00:00,13.0,65.03727,24.54401,46.46,384368.118102918,7214855.65016155,-126.02978638501372,-54.40896611940116,-2.969999999999999,-125.96697430553938,-54.757335740572884,-2.4765800865800824,-9.847591230748442,-3.6225767943008194,-0.6766666666666654,-0.16677363687495372,-0.1657595628513704,-0.08005411255411232,10.49276492057839,10.514561020617942,249.80323518772428,-0.5467053008551206,-3.6898312487521387,996.31,-1.67,77.94,False
HAOS / PANGAEA,HAOS_Flight_01,HAOS_Flight_01_seg02,train,10.1594/PANGAEA.918814,CC BY 4.0,fixed-wing UAV,2020-02-27 15:52:52+00:00,14.0,65.03723,24.54381,46.31,384358.478927387,7214851.6798543,-135.66896191600244,-58.37927336990833,-3.1199999999999974,-135.80576237353796,-58.42955172209875,-3.112337662337657,-9.823816866331931,-3.7114979674761415,-0.7278138528138516,0.041327297660689766,-0.09820431956489273,0.03664502164502159,10.501552027477047,10.526742515619683,249.3031290495008,-0.5816447620342882,-3.964565207797121,996.33,-1.67,78.09,False
HAOS / PANGAEA,HAOS_Flight_01,HAOS_Flight_01_seg02,train,10.1594/PANGAEA.918814,CC BY 4.0,fixed-wing UAV,2020-02-27 15:52:53+00:00,15.0,65.03719,24.54361,45.25,384348.691259649,7214847.65645306,-145.45662965398515,-62.40267460979521,-4.18,-145.61460803820324,-62.18033167552517,-3.9322077922077856,-9.764936635427063,-3.818985433430605,-0.6033766233766222,0.06464930798057722,-0.05399839273448137,0.19956709956709917,10.485162718559057,10.502509251807309,248.63994566365574,-0.4034126177690652,-3.2934967090358116,996.47,-1.66,78.34,False
HAOS / PANGAEA,HAOS_Flight_01,HAOS_Flight_01_seg02,train,10.1594/PANGAEA.918814,CC BY 4.0,fixed-wing UAV,2020-02-27 15:52:54+00:00,16.0,65.03716,24.5434,45.32,384338.778628889,7214843.81653641,-155.36926041397965,-66.24259126000106,-4.109999999999999,-155.33563564439208,-66.06752258895996,-4.319090909090901,-9.694518250370777,-3.819494752945104,-0.32867965367965324,-0.06413652439941586,0.010590876398197224,0.13965909090909023,10.419799627370349,10.424982234483195,248.4963038139627,0.17963271742406534,-1.8067252135100391,996.46,-1.65,77.68,False
HAOS / PANGAEA,HAOS_Flight_01,HAOS_Flight_01_seg02,train,10.1594/PANGAEA.918814,CC BY 4.0,fixed-wing UAV,2020-02-27 15:52:55+00:00,17.0,65.03712,24.54319,45.02,384328.83938431,7214840.28556789,-165.30850499297958,-69.77355977986008,-4.409999999999997,-165.0036445389448,-69.81932118141538,-4.589567099567092,-9.893209684225894,-3.7978036806342104,-0.32405844155844177,-0.15083331047573267,0.014731344003912739,0.02621212121212091,10.597118035234852,10.6020717091635,248.99921109850388,0.36979042688177144,-1.7515513779946816,996.5,-1.66,78.37,False
HAOS / PANGAEA,HAOS_Flight_01,HAOS_Flight_01_seg02,train,10.1594/PANGAEA.918814,CC BY 4.0,fixed-wing UAV,2020-02-27 15:52:56+00:00,18.0,65.03708,24.543,44.11,384319.353996324,7214836.69704079,-174.7938929789816,-73.3620868800208,-5.32,-175.12205501284387,-73.66312995022838,-4.967207792207785,-9.996184871322242,-3.7900320649372787,-0.2762554112554114,0.1838702346566521,0.09110432798728496,0.12517857142857158,10.690559154455132,10.694127925509042,249.23588466772622,0.1077313988629338,-1.4802544142354461,996.62,-1.65,78.58,False
HAOS / PANGAEA,HAOS_Flight_01,HAOS_Flight_01_seg02,train,10.1594/PANGAEA.918814,CC BY 4.0,fixed-wing UAV,2020-02-27 15:52:57+00:00,19.0,65.03705,24.5428,44.72,384309.961355837,7214832.80106924,-184.18653346598148,-77.25805842969567,-4.710000000000001,-184.99601428158928,-77.39938531128993,-5.142077922077915,-9.52546921491259,-3.6155950246596404,-0.0737012987012986,0.6528716854465983,0.23615620409650617,0.16807359307359304,10.188576502465446,10.188843066218132,249.2146738962297,-0.06553350623356265,-0.41445433588533664,996.54,-1.66,78.39,False
HAOS / PANGAEA,HAOS_Flight_01,HAOS_Flight_01_seg02,train,10.1594/PANGAEA.918814,CC BY 4.0,fixed-wing UAV,2020-02-27 15:52:58+00:00,20.0,65.03701,24.54259,44.11,384300.182053372,7214829.23005914,-193.9658359310124,-80.8290685294196,-5.32,-194.17299344266905,-80.89431999954766,-5.114610389610382,-8.690441500429046,-3.3177196567442664,0.05989177489177466,1.0334026527597189,0.3994121357407465,0.18674242424242382,9.30220603906013,9.302398842117361,249.10481765525913,0.04811993815092681,0.3688908307287701,996.62,-1.65,78.62,False
HAOS / PANGAEA,HAOS_Flight_01,HAOS_Flight_01_seg02,train,10.1594/PANGAEA.918814,CC BY 4.0,fixed-wing UAV,2020-02-27 15:52:59+00:00,21.0,65.03697,24.54238,44.11,384289.837641362,7214825.29119718,-204.31024794100085,-84.76793048996478,-5.32,-202.37689728244737,-84.03482462477847,-5.022294372294366,-7.458663909393152,-2.8167707531781474,0.29978354978354904,1.1768292362089454,0.48118394222896654,0.26178571428571407,7.97282037858898,7.9784544221274185,249.3109137725316,0.2526620788339677,2.1533464336984527,996.62,-1.65,78.62,False
HAOS / PANGAEA,HAOS_Flight_01,HAOS_Flight_01_seg02,train,10.1594/PANGAEA.918814,CC BY 4.0,fixed-wing UAV,2020-02-27 15:53:00+00:00,22.0,65.03694999999999,24.542265,44.945,384284.4272274875,7214823.29217752,-209.7206618154887,-86.76695015002042,-4.484999999999999,-209.09032126145536,-86.52786150590396,-4.515043290043284,-6.336783028011155,-2.3553517722863333,0.5834632034632028,0.7570067332252819,0.2854093252600549,0.18045454545454542,6.760362498808965,6.785494117976828,249.61014181292705,-0.004005738522567269,4.932774468552544,996.51,-1.67,78.545,True
HAOS / PANGAEA,HAOS_Flight_01,HAOS_Flight_01_seg02,train,10.1594/PANGAEA.918814,CC BY 4.0,fixed-wing UAV,2020-02-27 15:53:01+00:00,23.0,65.03693,24.54215,45.78,384279.016813613,7214821.29315786,-215.13107568997657,-88.76596981007606,-3.6499999999999986,-215.05046333846968,-88.74552816935113,-3.85536796536796,-5.944650442942589,-2.2459521026580376,0.6606926406926399,0.025414541879079877,-0.01704878450847147,-0.04395021645021635,6.354775348996341,6.389028447399259,249.30290229548643,-0.21159979480862973,5.935596513579346,996.4,-1.69,78.47,False
HAOS / PANGAEA,HAOS_Flight_01,HAOS_Flight_01_seg02,train,10.1594/PANGAEA.918814,CC BY 4.0,fixed-wing UAV,2020-02-27 15:53:02+00:00,24.0,65.03691,24.54204,45.48,384273.75187366,7214819.3342721,-220.39601564296754,-90.7248555701226,-3.950000000000003,-220.97962214734054,-91.01976571122003,-3.193658008658004,-6.285953944252995,-2.3894493413032762,0.4955627705627701,-0.7257508078915151,-0.26547274889032835,-0.3359307359307355,6.724781419787891,6.743016209641817,249.18694222330979,0.059183943699399826,4.214623926261365,996.44,-1.65,78.48,False
HAOS / PANGAEA,HAOS_Flight_01,HAOS_Flight_01_seg02,train,10.1594/PANGAEA.918814,CC BY 4.0,fixed-wing UAV,2020-02-27 15:53:03+00:00,25.0,65.03689,24.54193,47.22,384268.486979421,7214817.37541531,-225.66090988198994,-92.68371235951781,-2.210000000000001,-227.62237122697567,-93.52442685195768,-2.86424242424242,-7.396152058725619,-2.7768976004386943,-0.011168831168831161,-1.1615537848511792,-0.39111226063938886,-0.5090584415584409,7.900267435923507,7.900275330765572,249.42127018288522,0.29435010196566386,-0.08100060750269177,996.21,-1.65,78.42,False
HAOS / PANGAEA,HAOS_Flight_01,HAOS_Flight_01_seg02,train,10.1594/PANGAEA.918814,CC BY 4.0,fixed-wing UAV,2020-02-27 15:53:04+00:00,26.0,65.03685,24.54172,46.92,384258.395937994,7214813.32919083,-235.7519513089792,-96.72993684001267,-2.509999999999998,-235.77192626479177,-96.57356091209742,-3.2159956709956665,-8.609061513955353,-3.171673862582054,-0.5225541125541118,-1.0200895907162675,-0.30998364944329637,-0.3941179653679645,9.17471826497432,9.189587479435659,249.7756424272411,0.39050281500629924,-3.2598094269485696,996.25,-1.66,78.4,False
HAOS / PANGAEA,HAOS_Flight_01,HAOS_Flight_01_seg02,train,10.1594/PANGAEA.918814,CC BY 4.0,fixed-wing UAV,2020-02-27 15:53:05+00:00,27.0,65.03682,24.54151,45.4,384248.462937353,7214809.79466863,-245.68495194998104,-100.26445904001594,-4.030000000000001,-244.84049425488638,-99.86777457712179,-3.9093506493506434,-9.436331240158154,-3.396864899325287,-0.7994047619047602,-0.6774747118345985,-0.1764385018677146,-0.2521103896103891,10.029109552609988,10.060918764785297,250.20227581289782,0.3721192409125744,-4.557322433130174,996.45,-1.64,78.19,False
HAOS / PANGAEA,HAOS_Flight_01,HAOS_Flight_01_seg02,train,10.1594/PANGAEA.918814,CC BY 4.0,fixed-wing UAV,2020-02-27 15:53:06+00:00,28.0,65.03679,24.54131,44.49,384238.913528181,7214806.49222084,-255.23436112201307,-103.5669068293646,-4.939999999999998,-254.64458874510808,-103.367290710748,-4.814805194805187,-9.96401093762455,-3.524550866317483,-1.02677489177489,-0.2736474396081263,-0.02904620332022745,-0.0761958874458879,10.569010018651747,10.618768264386427,250.51988090906627,0.35445637659743434,-5.548847923838609,996.57,-1.63,78.14,False
HAOS / PANGAEA,HAOS_Flight_01,HAOS_Flight_01_seg02,train,10.1594/PANGAEA.918814,CC BY 4.0,fixed-wing UAV,2020-02-27 15:53:07+00:00,29.0,65.03675,24.54112,42.89,384229.581397049,7214803.22629914,-264.5664922539727,-106.83282853011042,-6.539999999999999,-264.7685161301355,-106.91687630975676,-5.962900432900423,-9.983626119374406,-3.454957305965742,-0.951796536796536,0.22751104740451922,0.11799945293933689,0.2511688311688307,10.564540713041005,10.607329405885292,250.9111885660927,0.20144216735467035,-5.148079098368097,996.78,-1.6,77.92,False
HAOS / PANGAEA,HAOS_Flight_01,HAOS_Flight_01_seg02,train,10.1594/PANGAEA.918814,CC BY 4.0,fixed-wing UAV,2020-02-27 15:53:08+00:00,30.0,65.03672,24.54092,42.89,384219.864868069,7214799.99098883,-274.2830212339759,-110.06813883967698,-6.539999999999999,-274.6118409838569,-110.27720532267948,-6.718398268398259,-9.508988842815512,-3.2885519604388094,-0.5244372294372286,-0.03508070310724065,-0.06008626618603685,0.3614393939393936,10.06158252012554,10.075240801932013,250.9227652437756,-0.24329509858410264,-2.9837128278659804,996.78,-1.6,77.92,False
HAOS / PANGAEA,HAOS_Flight_01,HAOS_Flight_01_seg02,train,10.1594/PANGAEA.918814,CC BY 4.0,fixed-wing UAV,2020-02-27 15:53:09+00:00,31.0,65.03668,24.5407,42.36,384209.522104849,7214796.23349126,-284.62578445399413,-113.8256364101544,-7.07,-283.7864938157665,-113.49398023063438,-7.011774891774881,-10.053787525588888,-3.5751298383378156,-0.22891774891774874,-1.0036902650565764,-0.41637234978712456,0.25814935064934974,10.670529366936774,10.672984601620565,250.42459836892448,-0.30661851472890106,-1.2289933131163,996.85,-1.58,78.05,False
HAOS / PANGAEA,HAOS_Flight_01,HAOS_Flight_01_seg02,train,10.1594/PANGAEA.918814,CC BY 4.0,fixed-wing UAV,2020-02-27 15:53:10+00:00,32.0,65.03665,24.54048,42.29,384199.073288614,7214792.58813982,-295.0746006889967,-117.47098784986883,-7.140000000000001,-294.71941603503467,-117.42746499935511,-7.176233766233756,-11.516369372928665,-4.1212966600130585,-0.00813852813852911,-1.15662600798602,-0.3786203166353026,0.15083333333333337,12.231592279567046,12.231594987130846,250.30952821431782,0.13461649543930276,-0.03812285713216297,996.86,-1.56,77.97,False
HAOS / PANGAEA,HAOS_Flight_01,HAOS_Flight_01_seg02,train,10.1594/PANGAEA.918814,CC BY 4.0,fixed-wing UAV,2020-02-27 15:53:11+00:00,33.0,65.03661,24.54026,42.29,384188.593327191,7214788.93533574,-305.55456211196724,-121.1237919293344,-7.140000000000001,-306.81923256162383,-121.7365735506605,-7.028051948051939,-12.367039541560928,-4.332370471608421,0.07274891774891801,-0.5672529009067517,-0.044661660400500125,-0.02577922077921957,13.10393455897106,13.104136496955062,250.69383135980308,0.6406814128314752,0.31808485536502595,996.86,-1.56,77.97,False
HAOS / PANGAEA,HAOS_Flight_01,HAOS_Flight_01_seg02,train,10.1594/PANGAEA.918814,CC BY 4.0,fixed-wing UAV,2020-02-27 15:53:12+00:00,34.0,65.03657,24.54005,42.59,384178.321334171,7214785.10067047,-315.8265551319928,-124.95845719985664,-6.839999999999996,-319.4534951181565,-126.09220594257195,-7.03073593073592,-12.650875174742168,-4.210619980814059,-0.05969696969696825,-0.050626322357700815,0.20638156312243794,-0.04370129870129835,13.33319029001455,13.3333239305857,251.59089103998076,0.9273964760497782,-0.256529868978698,996.82,-1.6,77.91,False
HAOS / PANGAEA,HAOS_Flight_01,HAOS_Flight_01_seg02,train,10.1594/PANGAEA.918814,CC BY 4.0,fixed-wing UAV,2020-02-27 15:53:13+00:00,35.0,65.0365,24.53963,42.29,384158.2553773,7214778.16267002,-335.89251200295985,-131.8964576497674,-7.140000000000001,-332.1209829111082,-130.1578135122886,-7.147445887445875,-12.46829218627633,-3.919607345363545,-0.014653679653678697,0.40190943374804533,0.2765068963797077,0.1148593073593065,13.06987497201818,13.069883186720324,252.54862431190267,0.6258988862764729,-0.06423884302551232,996.86,-1.57,77.87,False
HAOS / PANGAEA,HAOS_Flight_01,HAOS_Flight_01_seg02,train,10.1594/PANGAEA.918814,CC BY 4.0,fixed-wing UAV,2020-02-27 15:53:14+00:00,36.0,65.03648,24.53942,42.74,384148.446317616,7214775.5041178,-345.70157168700825,-134.55500986985862,-6.689999999999998,-344.3900794907092,-133.93142063329904,-7.060043290043278,-11.847056307246078,-3.6576061880546433,0.17002164502164474,0.8195983705728764,0.25055213577166313,0.11006493506493387,12.398823580241581,12.399989255387705,252.8426888125337,-0.03418244265298024,0.7856319671549834,996.8,-1.56,77.87,False
HAOS / PANGAEA,HAOS_Flight_01,HAOS_Flight_01_seg02,train,10.1594/PANGAEA.918814,CC BY 4.0,fixed-wing UAV,2020-02-27 15:53:15+00:00,37.0,65.03645,24.53921,42.06,384138.660252037,7214772.88095541,-355.4876372659928,-137.17817225959152,-7.369999999999997,-355.8150955256003,-137.4730258883979,-6.807402597402586,-10.829095445130577,-3.4185030738202187,0.20547619047618904,1.2028749542143657,0.23917422853147485,-0.06681818181818211,11.35585626121897,11.357715082282999,252.4802594265967,-0.7265420798276949,1.0366135018732667,996.89,-1.54,77.94,False
HAOS / PANGAEA,HAOS_Flight_01,HAOS_Flight_01_seg02,train,10.1594/PANGAEA.918814,CC BY 4.0,fixed-wing UAV,2020-02-27 15:53:16+00:00,38.0,65.03642,24.53901,42.06,384128.906624373,7214770.06011833,-365.24126492999494,-139.9990093400702,-7.369999999999997,-366.04827038097034,-140.76842678093948,-6.6490909090909,-9.441306398817346,-3.1792577309916936,0.03638528138528052,0.8871846794329343,0.0029495696454588938,-0.2195238095238088,9.962225967946111,9.962292413150765,251.3896046528783,-1.5655039210532766,0.2092618453798826,996.89,-1.57,77.83,False
HAOS / PANGAEA,HAOS_Flight_01,HAOS_Flight_01_seg02,train,10.1594/PANGAEA.918814,CC BY 4.0,fixed-wing UAV,2020-02-27 15:53:17+00:00,39.0,65.03638,24.53881,43.65,384119.473773836,7214766.38381809,-374.6741154670017,-143.67530957981944,-5.780000000000001,-374.697708323235,-143.8315413503813,-6.734632034632025,-9.054726086264708,-3.412603934529301,-0.23357142857142854,0.017434340664806314,-0.36170366893469463,-0.16242424242424214,9.676462685881006,9.6792812606873,249.34925158449013,-1.9614120384849312,-1.3827427737719082,996.68,-1.61,77.8,False
HAOS / PANGAEA,HAOS_Flight_01,HAOS_Flight_01_seg02,train,10.1594/PANGAEA.918814,CC BY 4.0,fixed-wing UAV,2020-02-27 15:53:18+00:00,40.0,65.03634,24.53862,43.12,384110.095875886,7214762.2374466,-384.0520134170074,-147.8216810701415,-6.310000000000002,-384.15772255349975,-147.59363464999808,-7.116233766233757,-9.406437717487734,-3.902665068861083,-0.28846320346320375,-0.14424677040994993,-0.3249923086531794,0.02597402597402576,10.183902256634454,10.187986856707099,247.46678057590844,-1.4247316093778581,-1.6224925957010505,996.75,-1.59,77.83,False
HAOS / PANGAEA,HAOS_Flight_01,HAOS_Flight_01_seg02,train,10.1594/PANGAEA.918814,CC BY 4.0,fixed-wing UAV,2020-02-27 15:53:19+00:00,41.0,65.03631,24.53842,41.83,384100.569349481,7214758.35524921,-393.57853982195957,-151.70387845952064,-7.600000000000001,-393.5105837582105,-151.63687148810345,-7.311558441558432,-9.343219627084608,-4.06258855183566,-0.18162337662337702,0.03566997049016152,-0.042522156079918716,0.015541125541126188,10.188247088751098,10.189865837800872,246.49978836573445,-0.2988427848249029,-1.0212896012025094,996.92,-1.59,78.19,False
HAOS / PANGAEA,HAOS_Flight_01,HAOS_Flight_01_seg02,train,10.1594/PANGAEA.918814,CC BY 4.0,fixed-wing UAV,2020-02-27 15:53:20+00:00,42.0,65.03627,24.53822,40.92,384091.221903242,7214754.46431648,-402.9259860609891,-155.5948111899197,-8.509999999999998,-402.84416180766897,-155.7188117536694,-7.479480519480511,-9.33509777650741,-3.9877093810209203,-0.2573809523809514,-0.0833202662483501,0.09114930005664945,0.041774891774892575,10.151151491551875,10.154413895399594,246.86909500625865,0.6516865041330415,-1.4524148748383745,997.04,-1.6,77.83,False
HAOS / PANGAEA,HAOS_Flight_01,HAOS_Flight_01_seg02,train,10.1594/PANGAEA.918814,CC BY 4.0,fixed-wing UAV,2020-02-27 15:53:21+00:00,43.0,65.03623,24.53803,41.3,384082.097261519,7214750.40453921,-412.0506277839886,-159.65458845999092,-8.130000000000003,-412.1807793112253,-159.6122902501453,-7.826320346320335,-9.509860159581308,-3.880289951722361,-0.09807359307359187,-0.028336567353875353,0.12589175439767075,0.188555194805194,10.271031611490121,10.271499831762045,247.80316137400052,0.7194387419544758,-0.5470757378262414,996.99,-1.58,78.06,False
HAOS / PANGAEA,HAOS_Flight_01,HAOS_Flight_01_seg02,train,10.1594/PANGAEA.918814,CC BY 4.0,fixed-wing UAV,2020-02-27 15:53:22+00:00,44.0,65.03619,24.53784,42.44,384072.785805433,7214746.44064307,-421.36208386998624,-163.6184845995158,-6.990000000000002,-421.8638821268316,-163.47939165711412,-7.6756277056276945,-9.391770911215161,-3.735925872225579,0.11972943722943663,0.3685579461901085,0.21242649289395388,0.05160173160173054,10.10754683251637,10.108255938076113,248.30797249016757,0.3490946718897428,0.6786681990738035,996.84,-1.68,77.62,False
HAOS / PANGAEA,HAOS_Flight_01,HAOS_Flight_01_seg02,train,10.1594/PANGAEA.918814,CC BY 4.0,fixed-wing UAV,2020-02-27 15:53:23+00:00,45.0,65.03616,24.53764,42.36,384063.363486419,7214743.0747744,-430.78440288396087,-166.98435326945037,-7.07,-430.96432113365563,-167.08414199459645,-7.586861471861462,-8.772744267201091,-3.455436965934453,0.005129870129869207,0.6903007339246159,0.2871658472803844,-0.15750541125541062,9.428737275120985,9.428738670618857,248.50135071777999,0.07772114531884758,0.031172772166030788,996.85,-1.67,77.93,False
HAOS / PANGAEA,HAOS_Flight_01,HAOS_Flight_01_seg02,train,10.1594/PANGAEA.918814,CC BY 4.0,fixed-wing UAV,2020-02-27 15:53:24+00:00,46.0,65.03612,24.53745,41.45,384054.285539859,7214739.68636083,-439.86234944401076,-170.37276683934033,-7.979999999999997,-439.40937066123377,-170.39026558898303,-7.665367965367956,-8.01116944336593,-3.16159417766481,-0.1952813852813846,0.719236171320162,0.24703986493133812,-0.06258658008657947,8.612462690459912,8.614676338319473,248.46341478080527,-0.24435869693872997,-1.2989179418977834,996.97,-1.61,78.39,False
HAOS / PANGAEA,HAOS_Flight_01,HAOS_Flight_01_seg02,train,10.1594/PANGAEA.918814,CC BY 4.0,fixed-wing UAV,2020-02-27 15:53:25+00:00,47.0,65.03609,24.53726,41.83,384045.31064095,7214736.1028681,-448.83724835299654,-173.9562595700845,-7.600000000000001,-446.9866600203875,-173.40733034992607,-7.977424242424231,-7.334271924560767,-2.961357236071777,-0.12004329004328973,0.5010183263661077,0.13226436504196215,0.15800865800865727,7.909562651818049,7.910473546793478,248.01263332390255,-0.46002757820471635,-0.8695102575751334,996.92,-1.67,78.17,False
HAOS / PANGAEA,HAOS_Flight_01,HAOS_Flight_01_seg02,train,10.1594/PANGAEA.918814,CC BY 4.0,fixed-wing UAV,2020-02-27 15:53:26+00:00,48.0,65.03607,24.53717,40.69,384040.796857375,7214734.06026362,-453.35103192797396,-175.99886405002326,-8.740000000000002,-454.0779145103553,-176.31298006112658,-7.9054545454545355,-7.009132790633714,-2.8970654475808857,0.12073593073592992,0.1460731486445752,0.054869966355681754,0.1485930735930734,7.584255446931082,7.5852164009522145,247.54335962439583,-0.028740136343868617,0.912030856266389,997.07,-1.62,78.28,False
HAOS / PANGAEA,HAOS_Flight_01,HAOS_Flight_01_seg02,train,10.1594/PANGAEA.918814,CC BY 4.0,fixed-wing UAV,2020-02-27 15:53:27+00:00,49.0,65.03604,24.537025,41.415,384033.8146953905,7214731.08195154,-460.33319391246187,-178.97717612981796,-8.015,-461.0049256016549,-179.20146124508784,-7.735952380952371,-7.042125627271616,-2.8516173033604133,0.17714285714285705,-0.2109287471518826,0.024095936786181937,0.05204545454545517,7.597582154547601,7.599646977783698,247.95515305121478,0.7404733555893134,1.3356485405459226,996.975,-1.65,78.17,True
HAOS / PANGAEA,HAOS_Flight_01,HAOS_Flight_01_seg02,train,10.1594/PANGAEA.918814,CC BY 4.0,fixed-wing UAV,2020-02-27 15:53:28+00:00,50.0,65.03601,24.53688,42.14,384026.832533406,7214728.10363946,-467.315355897008,-181.95548820961267,-7.289999999999999,-468.16216576489853,-182.0162146678474,-7.551168831168821,-7.430990284937479,-2.848873574008522,0.22482683982684026,-0.5784564889752914,-0.08680255362639144,0.0496645021645028,7.958372776863326,7.961547862283177,249.02430633557447,0.8960783590047364,1.6181956006736087,996.88,-1.68,78.06,False
HAOS / PANGAEA,HAOS_Flight_01,HAOS_Flight_01_seg02,train,10.1594/PANGAEA.918814,CC BY 4.0,fixed-wing UAV,2020-02-27 15:53:29+00:00,51.0,65.03598,24.53669,43.43,384017.814125944,7214724.90755719,-476.3337633589981,-185.15157047938555,-6.0,-475.8669061715299,-184.89920839310489,-7.286298701298691,-8.1990386052222,-3.025222410613196,0.27647186147186265,-0.686754262399262,-0.1579593363443763,0.011190476190476195,8.739348069713227,8.743720110672918,249.74730976922427,0.6023160468940584,1.8119646289171822,996.71,-1.7,78.31,False
HAOS / PANGAEA,HAOS_Flight_01,HAOS_Flight_01_seg02,train,10.1594/PANGAEA.918814,CC BY 4.0,fixed-wing UAV,2020-02-27 15:53:30+00:00,52.0,65.03595,24.53651,41.6,384009.295623178,7214722.02308884,-484.85226612497354,-188.03603882994503,-7.829999999999998,-484.56024297534293,-188.0666594890738,-6.998225108225096,-8.804498809736003,-3.1647922466972744,0.24720779220779265,-0.446026119546417,-0.07310634783017633,-0.018798701298702092,9.356019947359982,9.359285279759675,250.2289384293626,0.5106595966865657,1.5135355072519865,996.95,-1.66,78.61,False
HAOS / PANGAEA,HAOS_Flight_01,HAOS_Flight_01_seg02,train,10.1594/PANGAEA.918814,CC BY 4.0,fixed-wing UAV,2020-02-27 15:53:31+00:00,53.0,65.03592,24.53633,42.06,384000.590404371,7214719.11112297,-493.557484932011,-190.94800470024347,-7.369999999999997,-493.4759037910019,-191.22879288649943,-6.791883116883105,-9.091090844315033,-3.171435106273549,0.23887445887445846,-0.022033036740367606,0.01223649838698293,-0.018284632034632597,9.628392045034984,9.63135475309655,250.7686289625974,0.11574860620336529,1.421181362520313,996.89,-1.71,78.39,False
HAOS / PANGAEA,HAOS_Flight_01,HAOS_Flight_01_seg02,train,10.1594/PANGAEA.918814,CC BY 4.0,fixed-wing UAV,2020-02-27 15:53:32+00:00,54.0,65.03589,24.53614,43.2,383991.647558321,7214715.7365876,-502.5003309819731,-194.32254006993026,-6.229999999999997,-502.742424663973,-194.4095297016209,-6.520476190476179,-8.848564883216739,-3.1403192499233086,0.21063852813852746,-0.1917285571635432,0.0523455884394437,-0.020378787878787996,9.389286739893258,9.391649166864768,250.46043564176932,0.647759658016133,1.2851534905957829,996.74,-1.75,78.39,False
HAOS / PANGAEA,HAOS_Flight_01,HAOS_Flight_01_seg02,train,10.1594/PANGAEA.918814,CC BY 4.0,fixed-wing UAV,2020-02-27 15:53:33+00:00,55.0,65.03585,24.53594,42.89,383982.073525398,7214712.42730678,-512.0743639050052,-197.63182089012116,-6.539999999999999,-511.17303355743536,-197.50943138634605,-6.37060606060605,-9.47454795864212,-3.0667439293946614,0.19811688311688247,-1.2661912296185847,0.23094052563772038,-0.06274350649350624,9.95851280809984,9.960483303959931,252.0641482786297,3.1481669200181197,1.1397047222320333,996.78,-1.72,78.81,False
HAOS / PANGAEA,HAOS_Flight_01,HAOS_Flight_01_seg02,train,10.1594/PANGAEA.918814,CC BY 4.0,fixed-wing UAV,2020-02-27 15:53:34+00:00,56.0,65.03582,24.53573,43.96,383972.093560302,7214709.51160744,-522.0543290009955,-200.54752022959292,-5.469999999999999,-521.6915205812572,-200.54301756041022,-6.124242424242414,-11.380947342453908,-2.678438198647868,0.08515151515151498,-1.6600799307873615,0.5659449126518865,-0.11836580086580017,11.691877248572391,11.692187322148808,256.7567694818056,4.668283813451204,0.4172756928793238,996.64,-1.76,78.37,False
HAOS / PANGAEA,HAOS_Flight_01,HAOS_Flight_01_seg02,train,10.1594/PANGAEA.918814,CC BY 4.0,fixed-wing UAV,2020-02-27 15:53:35+00:00,57.0,65.0358,24.53552,43.5,383961.952957934,7214706.98683891,-532.1949313689838,-203.07228875998408,-5.93,-533.9349282423432,-202.8663077836418,-6.20030303030302,-12.794707820216843,-1.9348541040908884,-0.03861471861471788,-0.9775894582857916,0.6067242822126033,-0.09996753246753176,12.94017807485026,12.940235689713269,261.4007159055321,3.487177582683159,-0.17097553246620065,996.7,-1.74,78.19,False
HAOS / PANGAEA,HAOS_Flight_01,HAOS_Flight_01_seg02,train,10.1594/PANGAEA.918814,CC BY 4.0,fixed-wing UAV,2020-02-27 15:53:36+00:00,58.0,65.03577,24.5353,42.52,383951.610949778,7214704.88928647,-542.5369395249872,-205.1698412001133,-6.909999999999997,-547.2809362216909,-204.412725768592,-6.20147186147185,-13.336126259025491,-1.4649896342226612,-0.11478354978354854,0.083663700679665,0.11250251831962288,-0.12816017316017314,13.416350406315761,13.416841412506523,263.7311246471719,0.4439380040346705,-0.49018192774091207,996.83,-1.73,77.99,False
HAOS / PANGAEA,HAOS_Flight_01,HAOS_Flight_01_seg02,train,10.1594/PANGAEA.918814,CC BY 4.0,fixed-wing UAV,2020-02-27 15:53:37+00:00,59.0,65.03575,24.53485,42.52,383930.235868255,7214703.29375511,-563.9120210479596,-206.76537255942822,-6.909999999999997,-560.6071807603942,-205.7962870520871,-6.4298701298701175,-12.627380418857513,-1.7098490674516427,-0.29493506493506416,1.4662482945975341,-0.6374484726159295,-0.0786580086580091,12.742618258270605,12.746031020225066,262.2885919136014,-4.242724042557067,-1.3259062986348829,996.83,-1.73,77.99,False
HAOS / PANGAEA,HAOS_Flight_01,HAOS_Flight_01_seg02,train,10.1594/PANGAEA.918814,CC BY 4.0,fixed-wing UAV,2020-02-27 15:53:38+00:00,60.0,65.03575,24.53463,43.27,383919.855739472,7214703.18665653,-574.2921498309588,-206.87247113976628,-6.159999999999997,-572.535697059406,-207.83242390349528,-6.791341991341978,-10.403629669830423,-2.73988657945452,-0.27209956709956673,3.0273550975988144,-1.2756248730279012,0.08475108225108174,10.758368313794191,10.761808721105696,255.24567656205775,-12.622079290324905,-1.448810208460139,996.73,-1.74,77.64,False
HAOS / PANGAEA,HAOS_Flight_01,HAOS_Flight_01_seg02,train,10.1594/PANGAEA.918814,CC BY 4.0,fixed-wing UAV,2020-02-27 15:53:39+00:00,61.0,65.03572,24.53447,43.27,383912.132766057,7214700.24017249,-582.0151232460048,-209.8189551802352,-6.159999999999997,-581.414440100055,-211.27606021099615,-6.974069264069251,-6.572670223659884,-4.261098813507445,-0.12543290043290067,4.486785986601944,-1.554513865899402,0.08252164502164461,7.833068170739983,7.834072400735829,237.04443333295163,-30.75321089748852,-0.9174133885785611,996.73,-1.77,77.74,False
HAOS / PANGAEA,HAOS_Flight_01,HAOS_Flight_01_seg02,train,10.1594/PANGAEA.918814,CC BY 4.0,fixed-wing UAV,2020-02-27 15:53:40+00:00,62.0,65.03566,24.5344,41.38,383908.442311245,7214694.35284784,-585.7055780579685,-215.7062798300758,-8.049999999999997,-585.6810375067257,-216.35462153051017,-7.04220779220778,-1.430057696626534,-5.848914311253324,-0.10705627705627752,4.697554272807423,-1.4686356517566992,0.009512987012987084,6.021201178840045,6.022152827894846,193.73925476708072,-39.22714255629757,-1.0186051637401217,996.98,-1.73,78.2,False
HAOS / PANGAEA,HAOS_Flight_01,HAOS_Flight_01_seg02,train,10.1594/PANGAEA.918814,CC BY 4.0,fixed-wing UAV,2020-02-27 15:53:41+00:00,63.0,65.0356,24.53441,42.21,383908.976913198,7214686.69993652,-585.1709761049715,-223.3591911494732,-7.219999999999999,-584.2745554933081,-222.9738888335028,-7.188181818181806,2.8224383219549622,-7.198370117020843,-0.1064069264069265,3.507035457305534,-1.0071462509050946,0.06805194805194836,7.731926695388324,7.732658847824982,158.59014822035647,-24.55975569852755,-0.7884558647378807,996.87,-1.74,78.39,False
HAOS / PANGAEA,HAOS_Flight_01,HAOS_Flight_01_seg02,train,10.1594/PANGAEA.918814,CC BY 4.0,fixed-wing UAV,2020-02-27 15:53:42+00:00,64.0,65.03552,24.53452,42.14,383913.719480135,7214678.41859969,-580.4284091679729,-231.6405279794708,-7.289999999999999,-580.0361608628158,-230.75136176455186,-7.255021645021633,5.584013217984534,-7.863206813063513,0.02904761904761921,2.3894241484966585,-0.3462945170785119,0.14937229437229416,9.644232732759743,9.64427647715508,144.61974337002562,-11.25948101348285,0.17256955424208686,996.88,-1.74,77.64,False
HAOS / PANGAEA,HAOS_Flight_01,HAOS_Flight_01_seg02,train,10.1594/PANGAEA.918814,CC BY 4.0,fixed-wing UAV,2020-02-27 15:53:43+00:00,65.0,65.03546,24.53469,42.52,383921.210169002,7214671.0359806,-572.937720300979,-239.02314706984907,-6.909999999999997,-573.106529057339,-238.70030245962982,-7.130086580086568,7.601286618948279,-7.890959151177867,0.1923376623376618,1.390536130525902,0.016550523085818725,0.03404761904761888,10.956586812915777,10.958274880897696,136.07118619339076,-5.755860445660036,1.005696819419089,996.83,-1.83,78.71,False
HAOS / PANGAEA,HAOS_Flight_01,HAOS_Flight_01_seg02,train,10.1594/PANGAEA.918814,CC BY 4.0,fixed-wing UAV,2020-02-27 15:53:44+00:00,66.0,65.0354,24.53488,42.59,383929.905924725,7214663.63758417,-564.2419645779883,-246.42154349945486,-6.839999999999996,-564.8335876249192,-246.5332800669076,-6.870346320346309,8.365085479036338,-7.830105766891876,0.09714285714285698,0.2857097451473294,-0.009493483525801594,-0.08161255411255386,11.45797588548248,11.458387675715633,133.10802247870555,-1.003603563709081,0.48575266938753164,996.82,-1.79,79.19,False
HAOS / PANGAEA,HAOS_Flight_01,HAOS_Flight_01_seg02,train,10.1594/PANGAEA.918814,CC BY 4.0,fixed-wing UAV,2020-02-27 15:53:45+00:00,67.0,65.03533,24.53506,42.74,383938.462811232,7214655.92403491,-555.6850780709647,-254.13509275950491,-6.689999999999998,-556.3763580992663,-254.36051399341358,-6.935800865800854,8.172706109242938,-7.90994611822947,0.02911255411255409,-0.4504645594055887,-0.16233533178858295,-0.0011904761904766303,11.373670152653027,11.373707411488889,134.0639790659726,2.211883751512203,0.14665651599478227,996.8,-1.8,78.75,False
HAOS / PANGAEA,HAOS_Flight_01,HAOS_Flight_01_seg02,train,10.1594/PANGAEA.918814,CC BY 4.0,fixed-wing UAV,2020-02-27 15:53:46+00:00,68.0,65.03526,24.53523,42.36,383946.032916812,7214647.87375938,-548.1149724909919,-262.185368290171,-7.07,-548.4881754064334,-262.35317230336653,-6.812121212121201,7.464156360225161,-8.154776430469042,0.09476190476190371,-0.801509737219078,-0.245862680163782,-0.03231601731601774,11.055044495650986,11.05545062941431,137.53178998172996,3.9561963886269433,0.49111735650480304,996.85,-1.76,78.52,False
HAOS / PANGAEA,HAOS_Flight_01,HAOS_Flight_01_seg02,train,10.1594/PANGAEA.918814,CC BY 4.0,fixed-wing UAV,2020-02-27 15:53:47+00:00,69.0,65.03519,24.53538,42.36,383952.601522628,7214639.3681869,-541.5463666750002,-270.6909407693893,-7.07,-541.448045378816,-270.67006685435166,-6.746277056277046,6.569686634804782,-8.401671478557034,-0.035519480519481395,-0.8602594782897199,-0.33672342292695134,-0.10552489177489122,10.665311346281989,10.665370492703369,141.9763718432265,4.7101016999693925,-0.19081569530837877,996.85,-1.76,78.52,False
HAOS / PANGAEA,HAOS_Flight_01,HAOS_Flight_01_seg02,train,10.1594/PANGAEA.918814,CC BY 4.0,fixed-wing UAV,2020-02-27 15:53:48+00:00,70.0,65.03511,24.53551,42.67,383958.587611911,7214630.71111592,-535.5602773919818,-279.34801174979657,-6.759999999999998,-535.3488021368238,-279.1565152604806,-6.883160173160164,5.743637403645721,-8.828223276322944,-0.11628787878787872,-0.8167801819290617,-0.29295900541366393,-0.020487012987012276,10.532183859065904,10.532825817980726,146.95199338166873,4.623670744820464,-0.6325880769275712,996.81,-1.77,78.53,False
HAOS / PANGAEA,HAOS_Flight_01,HAOS_Flight_01_seg02,train,10.1594/PANGAEA.918814,CC BY 4.0,fixed-wing UAV,2020-02-27 15:53:49+00:00,71.0,65.03504,24.53564,43.05,383964.153318223,7214622.2681303,-529.9945710799657,-287.7909973701462,-6.380000000000003,-529.9607705715246,-288.32651340699755,-6.978852813852804,4.936126270946659,-8.987589489384362,-0.07649350649350595,-0.9033849983980531,0.33729734215823726,-0.0021699134199133496,10.25388255210786,10.254167867211736,151.22371333286742,3.6375361032376294,-0.427416031069719,996.76,-1.81,79.13,False
HAOS / PANGAEA,HAOS_Flight_01,HAOS_Flight_01_seg02,train,10.1594/PANGAEA.918814,CC BY 4.0,fixed-wing UAV,2020-02-27 15:53:50+00:00,72.0,65.03496,24.53574,42.29,383968.773803684,7214613.77725496,-525.3740856189979,-296.28187271021307,-7.140000000000001,-525.4765495949305,-297.1316942392493,-7.036147186147176,3.936867406849615,-8.15362859200647,-0.12062770562770542,-1.0487267472762767,1.1869621415787748,-0.06755411255411259,9.05431301620947,9.055116522655313,154.227065588144,2.7733178444075914,-0.7632881194153832,996.86,-1.82,78.73,False
HAOS / PANGAEA,HAOS_Flight_01,HAOS_Flight_01_seg02,train,10.1594/PANGAEA.918814,CC BY 4.0,fixed-wing UAV,2020-02-27 15:53:51+00:00,73.0,65.03489,24.53582,41.53,383972.26029224,7214605.18951635,-521.8875970629742,-304.8696113200858,-7.899999999999999,-522.0870357578253,-304.6337705910105,-7.2201082251082145,2.8386727763941053,-6.613665206226813,-0.21160173160173112,-0.9937215625887177,1.4424943740255998,-0.0645779220779219,7.197126551026886,7.200236515859254,156.7703490216826,2.734098638830467,-1.6840602348791152,996.96,-1.83,78.33,False
HAOS / PANGAEA,HAOS_Flight_01,HAOS_Flight_01_seg02,train,10.1594/PANGAEA.918814,CC BY 4.0,fixed-wing UAV,2020-02-27 15:53:52+00:00,74.0,65.03481,24.53589,42.29,383975.162023907,7214596.44778623,-518.9858653959818,-313.61134144011885,-7.140000000000001,-519.7992040421423,-310.35902465170295,-7.459350649350638,1.9494242816721794,-5.26863984395527,-0.24978354978354922,-0.6799330253694791,0.964270453988803,0.014458874458874282,5.617723812656342,5.623274193655203,159.69526286580492,2.8559681247275495,-2.545892879582229,996.86,-1.82,78.24,False
HAOS / PANGAEA,HAOS_Flight_01,HAOS_Flight_01_seg02,train,10.1594/PANGAEA.918814,CC BY 4.0,fixed-wing UAV,2020-02-27 15:53:53+00:00,75.0,65.03478999999999,24.53591,41.945,383975.902795446,7214594.27643584,-518.2450938569964,-315.78269182983786,-7.484999999999999,-518.188187194481,-315.17105027892103,-7.719675324675313,1.4788067256551471,-4.685124298249207,-0.18268398268398256,-0.3222692223300214,0.24602807361181078,0.08461038961038936,4.912968453174519,4.916363743603325,162.4822852711377,2.5126344422752163,-2.129507080384728,996.905,-1.83,78.34,True
HAOS / PANGAEA,HAOS_Flight_01,HAOS_Flight_01_seg02,train,10.1594/PANGAEA.918814,CC BY 4.0,fixed-wing UAV,2020-02-27 15:53:54+00:00,76.0,65.03477,24.53593,41.6,383976.643566985,7214592.10508545,-517.504322318011,-317.95404221955687,-7.829999999999998,-516.841590590832,-319.72927324820137,-7.824718614718603,1.3048858370121366,-4.776583696731649,-0.0805627705627705,-0.09893739628216736,-0.4661936038334886,0.11246753246753216,4.951613763160193,4.95226909805174,164.72053175035535,2.336240606881397,-0.932120259724246,996.95,-1.84,78.44,False
HAOS / PANGAEA,HAOS_Flight_01,HAOS_Flight_01_seg02,train,10.1594/PANGAEA.918814,CC BY 4.0,fixed-wing UAV,2020-02-27 15:53:55+00:00,77.0,65.03473,24.53596,41.53,383978.12512979,7214587.76234178,-516.0227595129982,-322.29678589012474,-7.899999999999999,-515.5784155204567,-324.7242176723843,-7.880800865800854,1.2809319330908124,-5.617511505916184,0.04225108225108176,0.1612139231017693,-1.2336222161710282,0.13366883116883077,5.7617030586721905,5.761857972066291,167.1547664849005,1.309133039384505,0.42014752882064954,996.96,-1.8,78.26,False
HAOS / PANGAEA,HAOS_Flight_01,HAOS_Flight_01_seg02,train,10.1594/PANGAEA.918814,CC BY 4.0,fixed-wing UAV,2020-02-27 15:53:56+00:00,78.0,65.03465,24.53602,41.3,383980.650272783,7214578.84578378,-513.4976165199769,-331.2133438894525,-8.130000000000003,-514.2797267246503,-330.96429626003373,-7.7402164502164394,1.6273136832156752,-7.243828129073705,0.18677489177489104,0.6338258105776333,-1.49068625650807,0.06218614718614712,7.424365009018645,7.426713987177502,167.33879782912436,-1.8319101125768482,1.4410870568949368,996.99,-1.79,78.72,False
HAOS / PANGAEA,HAOS_Flight_01,HAOS_Flight_01_seg02,train,10.1594/PANGAEA.918814,CC BY 4.0,fixed-wing UAV,2020-02-27 15:53:57+00:00,79.0,65.03458,24.53608,41.68,383982.80116664,7214570.43967529,-511.34672266297275,-339.6194523796439,-7.75,-512.3237881540254,-339.21187393053174,-7.507251082251072,2.548583554246079,-8.598884018932324,0.166623376623376,1.2495323762444173,-0.697046063391852,-0.04934523809523794,8.968616643832164,8.97016431586739,163.4909462597468,-6.436420609636239,1.0643467617130313,996.94,-1.82,78.63,False
HAOS / PANGAEA,HAOS_Flight_01,HAOS_Flight_01_seg02,train,10.1594/PANGAEA.918814,CC BY 4.0,fixed-wing UAV,2020-02-27 15:53:58+00:00,80.0,65.03451,24.53613,42.29,383985.000644296,7214562.09682004,-509.14724500698503,-347.9623076301068,-7.140000000000001,-509.1825596161582,-348.1620642978984,-7.406969696969687,4.12637843570451,-8.63792025585741,0.08808441558441515,1.9733222844456435,0.6072061414693621,-0.08646103896103852,9.572913106322387,9.573318348695388,154.4659566098519,-12.412567291598116,0.5271877820395171,996.86,-1.84,78.46,False
HAOS / PANGAEA,HAOS_Flight_01,HAOS_Flight_01_seg02,train,10.1594/PANGAEA.918814,CC BY 4.0,fixed-wing UAV,2020-02-27 15:53:59+00:00,81.0,65.03443,24.53622,42.97,383988.950823832,7214553.88256536,-505.19706547097303,-356.17656231019646,-6.460000000000001,-504.07103128261633,-356.48771444224656,-7.3310822510822415,6.495228123137366,-7.3844717359936,-0.006298701298701026,2.704342374518575,1.6793387514353526,-0.14287337662337607,9.83455190597329,9.834553923026755,138.66581167655056,-17.74706862869953,-0.036696023869141975,996.77,-1.86,78.67,False
HAOS / PANGAEA,HAOS_Flight_01,HAOS_Flight_01_seg02,train,10.1594/PANGAEA.918814,CC BY 4.0,fixed-wing UAV,2020-02-27 15:54:00+00:00,82.0,65.03437,24.53639,41.53,383996.786331125,7214546.98099663,-497.3615581779741,-363.0781310396269,-7.899999999999999,-496.19210336988345,-362.9310077698856,-7.4195670995670895,9.53506318474166,-5.279242752986704,-0.19766233766233698,3.0928860796760773,2.4638634008310873,-0.17393939393939384,10.898983162753229,10.900775402773352,118.97181935245283,-18.850740513845214,-1.0389938342772225,996.96,-1.8,78.76,False
HAOS / PANGAEA,HAOS_Flight_01,HAOS_Flight_01_seg02,train,10.1594/PANGAEA.918814,CC BY 4.0,fixed-wing UAV,2020-02-27 15:54:01+00:00,83.0,65.03434,24.53664,41.3,384008.52728805,7214542.50843855,-485.62060125300195,-367.55068911984563,-8.130000000000003,-485.000904913133,-367.04619994821996,-7.7264069264069155,12.68100028248952,-2.456744934331425,-0.3541774891774887,2.4357356231536755,2.91552807940613,-0.03579004329004354,12.916786126465917,12.921640976698837,100.96433064886014,-15.582673482082157,-1.5706532313309158,996.99,-1.8,78.65,False
HAOS / PANGAEA,HAOS_Flight_01,HAOS_Flight_01_seg02,train,10.1594/PANGAEA.918814,CC BY 4.0,fixed-wing UAV,2020-02-27 15:54:02+00:00,84.0,65.03434,24.53696,41.68,384023.157182704,7214541.70096689,-470.99070659896825,-368.35816077981144,-7.75,-470.8301028049044,-367.84449763854843,-8.127922077922067,14.40653443104901,0.5518134058255555,-0.26924242424242406,1.6032514721554492,3.869783280059522,0.18169913419913364,14.417098610602947,14.419612471590954,87.80647238828851,-14.678516700097303,-1.0698866652086538,996.94,-1.8,78.88,False
HAOS / PANGAEA,HAOS_Flight_01,HAOS_Flight_01_seg02,train,10.1594/PANGAEA.918814,CC BY 4.0,fixed-wing UAV,2020-02-27 15:54:03+00:00,85.0,65.03437,24.5373,41.07,384039.587021917,7214544.9475606,-454.56086738599697,-365.11156706977636,-8.36,-456.187836051035,-365.94257313656885,-8.264891774891764,15.887503226800419,5.282821625787619,0.009220779220778574,1.6567195840666216,5.376107486356972,0.14169913419913382,16.742788391169587,16.7427909302557,71.60729724866553,-15.170663241268162,0.03155458143626666,997.02,-1.8,78.38,False
HAOS / PANGAEA,HAOS_Flight_01,HAOS_Flight_01_seg02,train,10.1594/PANGAEA.918814,CC BY 4.0,fixed-wing UAV,2020-02-27 15:54:04+00:00,86.0,65.03444,24.53765,41.07,384056.398056753,7214552.29384994,-437.7498325500055,-357.7652777293697,-8.36,-439.0550963513036,-357.2788543869732,-8.10948051948051,17.719973599182254,11.304028378539499,0.014155844155843589,1.301997876109553,5.145478242146453,-0.030616883116882487,21.01852806308145,21.018532830016138,57.465145905752195,-10.855905675263275,0.038588335039852144,997.02,-1.81,78.95,False
HAOS / PANGAEA,HAOS_Flight_01,HAOS_Flight_01_seg02,train,10.1594/PANGAEA.918814,CC BY 4.0,fixed-wing UAV,2020-02-27 15:54:05+00:00,87.0,65.03455,24.53798,41.23,384072.420935577,7214563.6880339,-421.7269537259708,-346.3710937695578,-8.200000000000003,-420.7478888526705,-343.33451637948986,-8.236580086580076,18.491498979019525,15.573778110080525,-0.0520129870129864,0.4760180330930268,3.255581473478088,0.08116883116883145,24.175981864509733,24.17603781565378,49.895485898138986,-5.559966496416022,-0.12326779753690918,997.0,-1.78,79.06,False
HAOS / PANGAEA,HAOS_Flight_01,HAOS_Flight_01_seg02,train,10.1594/PANGAEA.918814,CC BY 4.0,fixed-wing UAV,2020-02-27 15:54:06+00:00,88.0,65.03469,24.53828,41.83,384086.972384069,7214578.33693564,-407.17550523398677,-331.7221920294687,-7.600000000000001,-402.0720983932645,-326.13129816681214,-8.213506493506483,18.672009665368307,17.815191325495675,0.17649350649350648,0.035879464987530696,1.2615669790697837,0.17471861471861416,25.80745990808905,25.80806340788588,46.34521291292015,-2.083339191736909,0.39183148682063523,996.92,-1.81,79.05,False
HAOS / PANGAEA,HAOS_Flight_01,HAOS_Flight_01_seg02,train,10.1594/PANGAEA.918814,CC BY 4.0,fixed-wing UAV,2020-02-27 15:54:07+00:00,89.0,65.03498,24.53886,41.23,384115.451445537,7214609.58484247,-378.69644376600627,-300.4742852002382,-8.200000000000003,-383.40386952193387,-307.7041337284985,-7.8835930735930635,18.563257908994586,18.096912068220092,0.2974242424242419,-0.19413150754078856,-0.5913577122146023,0.09296536796536836,25.924752083689057,25.9264581418427,45.728807514665164,0.6812113083858542,0.6573025718744628,997.0,-1.82,78.92,False
HAOS / PANGAEA,HAOS_Flight_01,HAOS_Flight_01_seg02,train,10.1594/PANGAEA.918814,CC BY 4.0,fixed-wing UAV,2020-02-27 15:54:08+00:00,90.0,65.0351,24.53917,41.07,384130.843919143,7214623.02853928,-363.3039701599628,-287.0305883893743,-8.36,-364.94558257527535,-289.93747403037196,-7.618658008657999,18.28374665028673,16.63247590106647,0.3624242424242432,-0.4057364575764524,-2.1265748770468065,0.015400432900433803,24.71709218681332,24.71974913915845,47.707635529691856,3.161119811045891,0.8400620643109623,997.02,-1.81,78.59,False
HAOS / PANGAEA,HAOS_Flight_01,HAOS_Flight_01_seg02,train,10.1594/PANGAEA.918814,CC BY 4.0,fixed-wing UAV,2020-02-27 15:54:09+00:00,91.0,65.03522,24.5395,42.59,384146.803881282,7214635.17003857,-347.34400802099844,-274.88908910006285,-6.839999999999996,-346.8363762213604,-274.43918192636556,-7.158744588744577,17.75178499384168,13.84376231412648,0.32822510822510953,-0.8319732132575695,-3.1244347928730747,-0.10093073593073654,22.511677535839286,22.514070205080213,52.05104713675695,5.1481626757606325,0.8353256201229173,996.82,-1.85,78.61,False
HAOS / PANGAEA,HAOS_Flight_01,HAOS_Flight_01_seg02,train,10.1594/PANGAEA.918814,CC BY 4.0,fixed-wing UAV,2020-02-27 15:54:10+00:00,92.0,65.03532,24.53985,42.82,384163.456209906,7214646.41834166,-330.6916793969576,-263.64078600984067,-6.609999999999999,-329.442012587592,-262.249949402119,-6.96220779220778,16.61980022377159,10.383606315320321,0.16056277056277013,-0.5576832481672795,-2.453052412030125,-0.20829004329004475,19.596863003798294,19.597520761385333,58.00396088121312,4.851364062211732,0.4694304007236393,996.79,-1.82,78.72,False
HAOS / PANGAEA,HAOS_Flight_01,HAOS_Flight_01_seg02,train,10.1594/PANGAEA.918814,CC BY 4.0,fixed-wing UAV,2020-02-27 15:54:11+00:00,93.0,65.03542,24.5402,42.52,384180.392724818,7214656.60830891,-313.7551644849591,-253.45081875938922,-6.909999999999997,-313.5967757738172,-253.67196929572492,-6.837619047619037,16.636418497507123,8.93765749006623,-0.08835497835497996,0.05801996077519789,-0.8939066913636182,-0.28987012987012983,18.885236080969023,18.88544276516,61.75377526118041,2.4051439217383557,-0.2680575663185634,996.83,-1.84,78.61,False
HAOS / PANGAEA,HAOS_Flight_01,HAOS_Flight_01_seg02,train,10.1594/PANGAEA.918814,CC BY 4.0,fixed-wing UAV,2020-02-27 15:54:12+00:00,94.0,65.03551,24.54056,42.97,384197.980630586,7214665.65615087,-296.1672587170033,-244.4029767997563,-6.460000000000001,-296.16917559257774,-244.37463442198654,-7.13891774891774,16.735840145321987,8.595792932593085,-0.41917748917748954,0.3615322233601148,-0.28733203569487387,-0.17946969696969584,18.814249958735754,18.81891897206695,62.81424872468983,1.2618076138739414,-1.276326629633687,996.77,-1.85,78.85,False
HAOS / PANGAEA,HAOS_Flight_01,HAOS_Flight_01_seg02,train,10.1594/PANGAEA.918814,CC BY 4.0,fixed-wing UAV,2020-02-27 15:54:13+00:00,95.0,65.03559,24.54093,41.23,384215.766744968,7214674.14018013,-278.3811443349696,-235.9189475402236,-8.200000000000003,-280.12509548317325,-236.48038343053875,-7.675974025974016,17.359482944227352,8.362993418676481,-0.44729437229437163,1.7305602632037989,0.46969408998306506,0.07212662337662379,19.268920753683805,19.27411163367154,64.27739048892829,0.9566503193676141,-1.3297827248825236,997.0,-1.82,78.56,False
HAOS / PANGAEA,HAOS_Flight_01,HAOS_Flight_01_seg02,train,10.1594/PANGAEA.918814,CC BY 4.0,fixed-wing UAV,2020-02-27 15:54:14+00:00,96.0,65.03567,24.5413,41.23,384233.346077793,7214682.69382504,-260.8018115099985,-227.36530262976885,-8.200000000000003,-261.45020970412304,-227.64864758463358,-8.033506493506483,20.196960671729585,9.535181112559215,-0.27492424242424196,2.2382780950567707,0.9946139756725145,0.1645129870129871,22.334656908596056,22.336348908534045,64.72754936342506,0.17875194297283584,-0.7052359629733084,997.0,-1.82,78.56,False
HAOS / PANGAEA,HAOS_Flight_01,HAOS_Flight_01_seg02,train,10.1594/PANGAEA.918814,CC BY 4.0,fixed-wing UAV,2020-02-27 15:54:15+00:00,97.0,65.03575,24.54166,40.85,384250.851759532,7214690.87662742,-243.2961297709844,-219.1825002497062,-8.579999999999998,-239.73117413971408,-217.41002120542032,-8.2258225108225,21.836039134340893,10.35222137002151,-0.11826839826839741,0.3092402878505567,0.21122738194764423,0.2136201298701299,24.165700742382725,24.165990146990172,64.63489437487397,-0.14647316674296576,-0.2804067650318754,997.05,-1.85,79.29,False
HAOS / PANGAEA,HAOS_Flight_01,HAOS_Flight_01_seg02,train,10.1594/PANGAEA.918814,CC BY 4.0,fixed-wing UAV,2020-02-27 15:54:16+00:00,98.0,65.03583,24.54203,41.53,384268.339599789,7214698.92580331,-225.80828951398144,-211.13332435954362,-7.899999999999999,-217.77813143544125,-206.94420484459056,-8.270043290043278,20.815441247430698,9.957635876454503,0.15231601731601785,-2.0654611947994823,-0.9293183274073158,0.19008658008657986,23.07459873049352,23.075101445983375,64.43460302993913,-0.131543302172216,0.3782054151113625,996.96,-1.88,78.87,False
HAOS / PANGAEA,HAOS_Flight_01,HAOS_Flight_01_seg02,train,10.1594/PANGAEA.918814,CC BY 4.0,fixed-wing UAV,2020-02-27 15:54:17+00:00,99.0,65.036,24.54275,41.53,384303.01950246,7214716.03043543,-191.12838684296003,-194.02869223989546,-7.899999999999999,-198.1002916448527,-197.49474945251131,-7.921190476190464,17.70511674474193,8.493584715206879,0.2619047619047623,-3.3380017797569224,-1.5866365575481467,0.07072510822510769,19.63700945305412,19.63875592708574,64.37180777052953,-0.0335765102801432,0.7641259146911817,996.96,-1.88,78.87,False
HAOS / PANGAEA,HAOS_Flight_01,HAOS_Flight_01_seg02,train,10.1594/PANGAEA.918814,CC BY 4.0,fixed-wing UAV,2020-02-27 15:54:18+00:00,100.0,65.03608,24.54312,41.68,384320.634933521,7214724.4702783,-173.5129557820037,-185.5888493694365,-7.75,-182.3678979459574,-189.9570354141768,-7.746233766233753,14.139437687916853,6.78436276135821,0.29376623376623323,-3.1758096910441935,-1.5294097397804975,-0.021958874458875233,15.682833806687729,15.68558493675925,64.36745000937884,0.02419300528430161,1.0731222034255792,996.94,-1.89,79.38,False
HAOS / PANGAEA,HAOS_Flight_01,HAOS_Flight_01_seg02,train,10.1594/PANGAEA.918814,CC BY 4.0,fixed-wing UAV,2020-02-27 15:54:19+00:00,101.0,65.0361,24.54321,41.945,384325.0501678625,7214726.518423025,-169.09772144048475,-183.54070464521646,-7.484999999999999,-169.82141626901898,-183.9260239297949,-7.333658008657998,11.353497362653542,5.434765235645884,0.21798701298701184,-2.3943500922252667,-1.190713014936449,-0.11168831168831117,12.587238598293352,12.589126016852678,64.42019378109813,0.2092183369638585,0.9921546599854687,996.905,-1.8849999999999998,79.22999999999999,True
HAOS / PANGAEA,HAOS_Flight_01,HAOS_Flight_01_seg02,train,10.1594/PANGAEA.918814,CC BY 4.0,fixed-wing UAV,2020-02-27 15:54:20+00:00,102.0,65.03612,24.5433,42.21,384329.465402204,7214728.56656775,-164.6824870989658,-181.4925599200651,-7.219999999999999,-159.6609032206503,-179.08750494288503,-7.310259740259729,9.35073750346632,4.402936731485312,0.07038961038961089,-0.395174487161448,-0.2164514113673235,-0.044415584415583576,10.335479849537423,10.335719540382513,64.78588668330656,0.12065671042680112,0.39020590268983957,996.87,-1.88,79.08,False
HAOS / PANGAEA,HAOS_Flight_01,HAOS_Flight_01_seg02,train,10.1594/PANGAEA.918814,CC BY 4.0,fixed-wing UAV,2020-02-27 15:54:21+00:00,103.0,65.03616,24.54348,42.21,384338.295934708,7214732.66292442,-155.8519545950112,-177.39620324969292,-7.219999999999999,-151.11994126208634,-175.12015046682427,-7.192878787878776,10.563148388330646,5.001862412911237,0.1291558441558447,2.6066805495538574,1.333976235170141,-0.04748917748917769,11.687545998693933,11.688259609696653,64.66150720195174,-0.3412606714871321,0.6331340696664362,996.87,-1.88,79.08,False
HAOS / PANGAEA,HAOS_Flight_01,HAOS_Flight_01_seg02,train,10.1594/PANGAEA.918814,CC BY 4.0,fixed-wing UAV,2020-02-27 15:54:22+00:00,104.0,65.03624,24.54385,42.89,384355.916211196,7214741.09463507,-138.2316781069967,-168.96449259947985,-6.539999999999999,-138.53460644398902,-169.08378011706256,-7.05194805194804,14.564098602574035,7.070889201825594,-0.024588744588744493,3.412180574753954,1.78023601857263,-0.09836580086580127,16.189825268050075,16.189843940457028,64.10336534033229,-0.4395321404561241,-0.0870194817975207,996.78,-1.92,79.17,False
HAOS / PANGAEA,HAOS_Flight_01,HAOS_Flight_01_seg02,train,10.1594/PANGAEA.918814,CC BY 4.0,fixed-wing UAV,2020-02-27 15:54:23+00:00,105.0,65.03632,24.54422,41.45,384373.664724541,7214749.65465128,-120.48316476197215,-160.40447639022022,-7.979999999999997,-121.99174405693827,-160.97837206317308,-7.242056277056265,17.387509537838554,8.562334450056497,-0.06757575757575784,1.8503373043287326,0.9843302791589466,-0.011022727272727462,19.38141014382212,19.381527949211407,63.78244292103949,-0.2174815636736639,-0.19976823092744048,996.97,-1.88,79.53,False
HAOS / PANGAEA,HAOS_Flight_01,HAOS_Flight_01_seg02,train,10.1594/PANGAEA.918814,CC BY 4.0,fixed-wing UAV,2020-02-27 15:54:24+00:00,106.0,65.03641,24.54459,42.52,384391.266510011,7214758.37887501,-102.88137929199729,-151.6802526600659,-6.909999999999997,-103.75958736831191,-151.95911121694957,-7.187099567099556,18.2647732112315,9.039549760143487,-0.04663419913419942,-0.16150549212030896,-0.06371910021703542,-0.07628787878787868,20.3792885136805,20.379341870442207,63.66840221298497,-0.04269985779669349,-0.13111047158567657,996.83,-1.88,79.18,False
HAOS / PANGAEA,HAOS_Flight_01,HAOS_Flight_01_seg02,train,10.1594/PANGAEA.918814,CC BY 4.0,fixed-wing UAV,2020-02-27 15:54:25+00:00,107.0,65.03649,24.54495,42.29,384408.747749307,7214767.23393616,-85.40013999596704,-142.82519150990993,-7.140000000000001,-85.46219763447527,-142.8992725428861,-7.335324675324664,17.064498553597936,8.434896249622426,-0.2201515151515152,-0.5779306849271855,-0.3790308573934382,-0.07697510822510822,19.035350945744092,19.0366239737319,63.69704320544611,0.2512568412551311,-0.6626192684099962,996.86,-1.88,78.72,False
HAOS / PANGAEA,HAOS_Flight_01,HAOS_Flight_01_seg02,train,10.1594/PANGAEA.918814,CC BY 4.0,fixed-wing UAV,2020-02-27 15:54:26+00:00,108.0,65.03658,24.54531,41.3,384426.030739638,7214775.90270115,-68.1171496649622,-134.15642652008682,-8.130000000000003,-69.63059026111604,-135.0893187177047,-7.627402597402586,17.10891184137713,8.28148804535661,-0.20058441558441586,1.1296566699656552,0.3150986854654185,0.06189393939393928,19.007838084364014,19.00889641060665,64.17091589549523,0.5854849709517126,-0.6046039439128493,996.99,-1.88,79.15,False
HAOS / PANGAEA,HAOS_Flight_01,HAOS_Flight_01_seg02,train,10.1594/PANGAEA.918814,CC BY 4.0,fixed-wing UAV,2020-02-27 15:54:27+00:00,109.0,65.03666,24.54567,42.67,384443.410108501,7214784.05713659,-50.73778080201009,-126.0019910801202,-6.759999999999998,-51.244373951721016,-126.33629645217289,-7.736493506493495,19.323811893529246,9.065093620553263,-0.09636363636363665,1.8612972573278643,0.6356483244274642,0.05849567099567121,21.344451935945738,21.344669460928905,64.86801314734953,0.5970653379373493,-0.2586710667080392,996.81,-1.94,79.12,False
HAOS / PANGAEA,HAOS_Flight_01,HAOS_Flight_01_seg02,train,10.1594/PANGAEA.918814,CC BY 4.0,fixed-wing UAV,2020-02-27 15:54:28+00:00,110.0,65.03673,24.54603,40.85,384460.7781987,7214792.01488527,-33.369690602994524,-118.04424239974469,-8.579999999999998,-30.982966474057545,-116.95913147659819,-7.820129870129859,20.831506356032857,9.552784694211539,-0.08359307359307344,1.1345815734364635,0.3748145033131678,0.01991341991342055,22.917402830063438,22.917555285792425,65.36504657136993,0.3443085465068835,-0.20899004602642576,997.05,-1.88,79.09,False
HAOS / PANGAEA,HAOS_Flight_01,HAOS_Flight_01_seg02,train,10.1594/PANGAEA.918814,CC BY 4.0,fixed-wing UAV,2020-02-27 15:54:29+00:00,111.0,65.03681,24.54639,41.15,384478.057119669,7214799.83106717,-16.090769634000026,-110.22806049976498,-8.280000000000001,-9.581361239655303,-107.23072706374981,-7.903679653679642,21.592975040402173,9.814722627179599,-0.05653679653679555,0.37951872518478424,0.2188462405908993,-0.06273809523809515,23.718881747331647,23.718949128350207,65.55663024036329,-0.09809556622803624,-0.13657109674855694,997.01,-1.88,79.87,False
HAOS / PANGAEA,HAOS_Flight_01,HAOS_Flight_01_seg02,train,10.1594/PANGAEA.918814,CC BY 4.0,fixed-wing UAV,2020-02-27 15:54:30+00:00,112.0,65.03696,24.54712,41.68,384512.783376436,7214815.48194291,18.635487132996786,-94.57718476001173,-7.75,12.202983606746805,-97.32968622223899,-7.9332034632034505,21.590543806402426,9.990477175393337,-0.20906926406926374,-0.35075638549857224,0.0530172002217526,-0.08046536796536863,23.789939387233364,23.790858034241133,65.16885543891385,-0.4791670983637775,-0.5035102400660036,996.94,-1.9,78.62,False
HAOS / PANGAEA,HAOS_Flight_01,HAOS_Flight_01_seg02,train,10.1594/PANGAEA.918814,CC BY 4.0,fixed-wing UAV,2020-02-27 15:54:31+00:00,113.0,65.03704,24.54748,42.14,384530.156957649,7214823.51360086,36.00906834600028,-86.5455268099904,-7.289999999999999,33.59972637314955,-87.24977271296314,-8.32181818181817,20.89146226940503,9.920757027623104,-0.2174675324675328,-1.069524693694012,-0.4937875092440791,0.026796536796536596,23.12735643680676,23.128378842512603,64.59829604363574,-0.0026878839896931355,-0.5387388143419857,996.88,-1.9,79.26,False
HAOS / PANGAEA,HAOS_Flight_01,HAOS_Flight_01_seg02,train,10.1594/PANGAEA.918814,CC BY 4.0,fixed-wing UAV,2020-02-27 15:54:32+00:00,114.0,65.03712,24.54784,40.47,384547.422218335,7214831.48820832,53.27432903199224,-78.57091934978962,-8.96,53.98590814555686,-77.48817216699278,-8.368138528138516,19.451494419014402,9.00290215690518,-0.15547619047619055,-1.9362196541278909,-1.5820310736353207,-0.0023701298701295226,21.43391896923557,21.434482854166585,65.16347967093446,1.8741055683718475,-0.4156017062311808,997.1,-1.87,78.92,False
HAOS / PANGAEA,HAOS_Flight_01,HAOS_Flight_01_seg02,train,10.1594/PANGAEA.918814,CC BY 4.0,fixed-wing UAV,2020-02-27 15:54:33+00:00,115.0,65.03719,24.5482,40.77,384564.599113867,7214839.4438085,70.45122456399258,-70.61531917005777,-8.659999999999997,72.50271521117836,-69.24396839915278,-8.63277056277055,17.019022961149247,6.7566948803524625,-0.22220779220779185,-1.7951175693578882,-2.407525536837049,0.06056277056277093,18.311200623069652,18.312548827545125,68.34650718037943,5.023113203286125,-0.6952544530118892,997.06,-1.87,79.06,False
HAOS / PANGAEA,HAOS_Flight_01,HAOS_Flight_01_seg02,train,10.1594/PANGAEA.918814,CC BY 4.0,fixed-wing UAV,2020-02-27 15:54:34+00:00,116.0,65.03727,24.54855,40.16,384581.715599422,7214846.91537562,87.56771011900855,-63.14375204965472,-9.270000000000003,88.02395406785536,-63.97478240628786,-8.8125541125541,15.861259280298626,4.187851083231081,-0.03435064935064869,-0.8415099648474396,-2.694729799386593,0.22823593073593074,16.4048054743779,16.404841438407438,75.20970607750672,8.279464277150595,-0.11997364783810545,997.14,-1.83,79.09,False
HAOS / PANGAEA,HAOS_Flight_01,HAOS_Flight_01_seg02,train,10.1594/PANGAEA.918814,CC BY 4.0,fixed-wing UAV,2020-02-27 15:54:35+00:00,117.0,65.03731,24.54891,40.92,384598.455114325,7214850.7749313,104.30722502199933,-59.28419636934996,-8.509999999999998,104.2252337717756,-60.868266232690615,-8.701471861471848,15.336003031454368,1.3672352815792763,0.23426406926406962,-1.3688989271573817,-3.1539411323126885,0.12845238095238054,15.39682828688989,15.398610357760237,84.90543573468062,11.983434596040956,0.871692961815472,997.04,-1.83,79.19,False
HAOS / PANGAEA,HAOS_Flight_01,HAOS_Flight_01_seg02,train,10.1594/PANGAEA.918814,CC BY 4.0,fixed-wing UAV,2020-02-27 15:54:36+00:00,118.0,65.0373,24.54922,41.07,384613.148604509,7214849.68002313,119.00071520602796,-60.37910453975201,-8.36,118.69596013076409,-61.240311843129305,-8.34402597402596,13.123461425983862,-2.120031181394296,0.2225541125541124,-2.6197219554847493,-3.3209026546179174,-0.07733766233766248,13.293598911106445,13.295461719789397,99.17657526958862,16.33884976736752,0.9591247895168088,997.02,-1.79,78.39,False
HAOS / PANGAEA,HAOS_Flight_01,HAOS_Flight_01_seg02,train,10.1594/PANGAEA.918814,CC BY 4.0,fixed-wing UAV,2020-02-27 15:54:37+00:00,119.0,65.03727,24.54948,41.38,384625.153298163,7214845.03544338,131.00540885998635,-65.02368429023772,-8.049999999999997,130.47215662374333,-65.10832859547921,-8.256363636363623,10.09655912048487,-5.274570027656559,0.07958874458874465,-3.197798753270021,-2.6733809434294713,-0.1283116883116877,11.391294704733923,11.391572736824548,117.58313526941566,19.40168637370118,0.400307873773855,996.98,-1.83,79.02,False
HAOS / PANGAEA,HAOS_Flight_01,HAOS_Flight_01_seg02,train,10.1594/PANGAEA.918814,CC BY 4.0,fixed-wing UAV,2020-02-27 15:54:38+00:00,120.0,65.0372,24.54967,41.53,384633.933696987,7214837.83153332,139.7858076840057,-72.22759434953332,-7.899999999999999,138.88907837173383,-71.78945189844242,-8.184848484848471,6.72786391944382,-7.466793068253239,-0.03406926406926303,-3.2359875309390276,-1.7497605584880311,-0.106953463203463,10.050728911012802,10.050786653661632,137.979948016991,19.98565292688059,-0.19421651734770504,996.96,-1.83,78.99,False
HAOS / PANGAEA,HAOS_Flight_01,HAOS_Flight_01_seg02,train,10.1594/PANGAEA.918814,CC BY 4.0,fixed-wing UAV,2020-02-27 15:54:39+00:00,121.0,65.03713,24.54978,40.92,384638.731338106,7214829.53167026,144.5834488029941,-80.52745740953833,-8.509999999999998,143.92788446263097,-80.04191473198568,-8.32450216450215,3.624584058606814,-8.77409114463262,-0.13431818181818134,-2.7582987947999698,-0.9006828221107384,-0.03990259740259816,9.493275778793494,9.494225949817825,157.55444112317684,17.287100691848988,-0.8106107556383384,997.04,-1.78,78.94,False
HAOS / PANGAEA,HAOS_Flight_01,HAOS_Flight_01_seg02,train,10.1594/PANGAEA.918814,CC BY 4.0,fixed-wing UAV,2020-02-27 15:54:40+00:00,122.0,65.03705,24.54982,40.77,384640.227382082,7214820.82232943,146.07949277904117,-89.23679823987186,-8.659999999999997,146.13824648894746,-89.33763418770766,-8.453484848484834,1.2112663298438804,-9.268158712474715,-0.11387445887445935,-1.9360990754197687,0.04742309103671971,0.06305735930735867,9.346974485973226,9.34766812813861,172.55414940068897,12.039866364409578,-0.6980015964387722,997.06,-1.82,78.91,False
HAOS / PANGAEA,HAOS_Flight_01,HAOS_Flight_01_seg02,train,10.1594/PANGAEA.918814,CC BY 4.0,fixed-wing UAV,2020-02-27 15:54:41+00:00,123.0,65.03697,24.54982,40.92,384640.007155142,7214811.95457022,145.85926583904075,-98.10455744992942,-8.509999999999998,146.35041712231873,-98.57823215693512,-8.552251082251068,-0.24761409223272324,-8.679244962559181,-0.00820346320346399,-1.0882611879005566,0.6702087032336479,0.146742424242424,8.682776391153993,8.682780266457842,181.634173851996,7.1939145105301225,-0.054132878462007136,997.04,-1.76,78.46,False
HAOS / PANGAEA,HAOS_Flight_01,HAOS_Flight_01_seg02,train,10.1594/PANGAEA.918814,CC BY 4.0,fixed-wing UAV,2020-02-27 15:54:42+00:00,124.0,65.03689,24.54981,41.0,384639.258409982,7214802.90339916,145.11052067903802,-107.15572850964963,-8.43,145.643018304482,-106.69612411282603,-8.469891774891762,-0.9652560459572328,-7.9277413060074196,0.17961038961038867,-0.5163472638519266,0.6404795425276717,0.0988419913419909,7.986288339975787,7.988307789594065,186.9419784217492,4.091947056156969,1.2883560353170815,997.03,-1.77,78.72,False
HAOS / PANGAEA,HAOS_Flight_01,HAOS_Flight_01_seg02,train,10.1594/PANGAEA.918814,CC BY 4.0,fixed-wing UAV,2020-02-27 15:54:43+00:00,125.0,65.03681,24.5498,41.07,384638.178188527,7214793.72408716,144.03029922401765,-116.33504050970078,-8.36,144.41990503040427,-114.43371476894995,-8.193030303030291,-1.2803086199365765,-7.398285877503838,0.1894805194805178,-0.18573823128940603,0.7305832878773231,-0.030075757575757534,7.50825040122908,7.510640915049743,189.81806796430993,2.3686843111422324,1.4456270968016103,997.02,-1.77,78.98,False
HAOS / PANGAEA,HAOS_Flight_01,HAOS_Flight_01_seg02,train,10.1594/PANGAEA.918814,CC BY 4.0,fixed-wing UAV,2020-02-27 15:54:44+00:00,126.0,65.03677,24.549785,41.415,384637.34329052654,7214789.05355888,143.19540122355102,-121.0055687893182,-8.015,143.08240106460886,-121.4926958678337,-8.090930735930726,-1.3367325085360449,-6.466574730252773,0.1194588744588736,-0.05849398366095926,0.8729116066209812,-0.010854978354977618,6.6032902814673236,6.60437074701351,191.67934704403368,2.0335798754789396,1.0364140457942115,996.9749999999999,-1.775,78.975,True
HAOS / PANGAEA,HAOS_Flight_01,HAOS_Flight_01_seg02,train,10.1594/PANGAEA.918814,CC BY 4.0,fixed-wing UAV,2020-02-27 15:54:45+00:00,127.0,65.03673,24.54977,41.76,384636.508392526,7214784.3830306,142.36050322302617,-125.67609706986696,-7.670000000000002,141.74644001333218,-127.3668642294555,-7.954112554112544,-1.397296587258495,-5.652462664261876,0.16777056277056257,-0.09836268514730762,0.4452510971900452,0.04735930735930771,5.8226086871469125,5.825025226157484,193.88522771526783,1.8486332790371243,1.6504434385176658,996.93,-1.78,78.97,False
HAOS / PANGAEA,HAOS_Flight_01,HAOS_Flight_01_seg02,train,10.1594/PANGAEA.918814,CC BY 4.0,fixed-wing UAV,2020-02-27 15:54:46+00:00,128.0,65.03665,24.54972,41.68,384633.931424457,7214775.55226113,139.7835351540125,-134.50686653982848,-7.75,140.28780789009187,-132.79762119635745,-7.755389610389601,-1.53345787883066,-5.576072535872683,0.21417748917748902,-0.11119605096959617,-0.2974965747605012,0.0011688311688313746,5.783085507880844,5.787050197495423,195.37661360210794,0.32451882234211493,2.1209889195100997,996.94,-1.81,78.95,False
HAOS / PANGAEA,HAOS_Flight_01,HAOS_Flight_01_seg02,train,10.1594/PANGAEA.918814,CC BY 4.0,fixed-wing UAV,2020-02-27 15:54:47+00:00,129.0,65.03661,24.5497,41.3,384632.800762377,7214771.05581528,138.65287307399558,-139.00331238936633,-8.130000000000003,138.67952425567086,-138.51900930120087,-7.525757575757566,-1.6196886891976874,-6.247455813782878,0.17010822510822532,0.05288724035678172,-0.7458600136935232,-0.10378787878787832,6.453998419203742,6.456239803735133,194.53426535995206,-1.9783113860245374,1.5097969860882026,996.99,-1.77,78.98,False
HAOS / PANGAEA,HAOS_Flight_01,HAOS_Flight_01_seg02,train,10.1594/PANGAEA.918814,CC BY 4.0,fixed-wing UAV,2020-02-27 15:54:48+00:00,130.0,65.03656,24.54968,42.21,384631.67008608,7214766.55932462,137.5221967769903,-143.49980304948986,-7.219999999999999,137.0484305116965,-145.2925328239232,-7.4151731601731505,-1.4276833981170967,-7.067792563259729,0.006601731601732386,0.42171430447937297,-0.6470247489436503,-0.11136904761904765,7.2105458602333785,7.210548882393688,191.41999083005885,-4.328704567754748,0.05245806072080829,996.87,-1.82,78.96,False
HAOS / PANGAEA,HAOS_Flight_01,HAOS_Flight_01_seg02,train,10.1594/PANGAEA.918814,CC BY 4.0,fixed-wing UAV,2020-02-27 15:54:49+00:00,131.0,65.03649,24.54965,42.29,384630.107974677,7214757.77374213,135.96008537401212,-152.28538553975523,-7.140000000000001,135.82415745943666,-152.65459442772033,-7.512554112554101,-0.7762600802389414,-7.5415053116701785,-0.05262987012986997,0.7464965879926595,-0.6177450706678229,-0.028300865800866326,7.581350940176961,7.581533616713177,185.87685622444255,-5.935321807068253,-0.3977419090414607,996.86,-1.82,78.97,False
HAOS / PANGAEA,HAOS_Flight_01,HAOS_Flight_01_seg02,train,10.1594/PANGAEA.918814,CC BY 4.0,fixed-wing UAV,2020-02-27 15:54:50+00:00,132.0,65.03641,24.54964,42.14,384629.195415191,7214749.17970348,135.04752588801784,-160.8794241901487,-7.289999999999999,135.4959103512186,-160.37554344726357,-7.5204329004328905,0.06530977786822234,-8.303282704595375,-0.050000000000000266,0.9289627677608081,-0.7315754154505569,-0.03488636363636344,8.303539548862153,8.30369008570996,179.54934721592235,-6.3632857575941415,-0.3450039991910763,996.88,-1.78,78.95,False
HAOS / PANGAEA,HAOS_Flight_01,HAOS_Flight_01_seg02,train,10.1594/PANGAEA.918814,CC BY 4.0,fixed-wing UAV,2020-02-27 15:54:51+00:00,133.0,65.03633,24.54966,41.53,384629.639631385,7214740.55835086,135.49174208199838,-169.50077680964023,-7.899999999999999,135.9547770151731,-169.26115983691108,-7.612554112554101,1.0816654552826748,-9.004656142571292,-0.12240259740259685,1.1898778486451036,-0.32202943294608133,-0.036233766233766396,9.069389858369679,9.070215807738517,173.15028470925427,-7.41677836347116,-0.7732302368070666,996.96,-1.78,78.88,False
HAOS / PANGAEA,HAOS_Flight_01,HAOS_Flight_01_seg02,train,10.1594/PANGAEA.918814,CC BY 4.0,fixed-wing UAV,2020-02-27 15:54:52+00:00,134.0,65.03625,24.54971,41.15,384631.57461821,7214731.72924129,137.42672890704125,-178.32988637965173,-8.280000000000001,137.65924126178396,-178.38485573240615,-7.765238095238084,2.4450654751584295,-8.947341570487538,-0.12246753246753306,1.2312446468554796,0.08861649692364892,0.021872294372293766,9.275411923833147,9.27622038619689,164.71579048898002,-7.5127170934504175,-0.7564585901276064,997.01,-1.8,78.85,False
HAOS / PANGAEA,HAOS_Flight_01,HAOS_Flight_01_seg02,train,10.1594/PANGAEA.918814,CC BY 4.0,fixed-wing UAV,2020-02-27 15:54:53+00:00,135.0,65.03617,24.54978,41.91,384634.530880165,7214722.90290452,140.38299086201005,-187.15622314997017,-7.520000000000003,140.84490796548997,-187.15584297788615,-7.8574891774891675,3.544154748993634,-8.827423148723994,-0.07865800865800932,0.8075213167309059,0.07129204029105551,0.028701298701299338,9.5123305415362,9.512655749777156,158.12485052235343,-4.735737653597141,-0.47377129981187366,996.91,-1.83,79.22,False
HAOS / PANGAEA,HAOS_Flight_01,HAOS_Flight_01_seg02,train,10.1594/PANGAEA.918814,CC BY 4.0,fixed-wing UAV,2020-02-27 15:54:54+00:00,136.0,65.0361,24.54986,41.53,384637.990907276,7214714.12886835,143.84301797300577,-195.93025931995362,-7.899999999999999,144.74755075977123,-196.03970202985414,-7.922554112554103,4.060108108620241,-8.804757489905427,-0.06506493506493438,-0.5100672893052121,0.1713168115780448,-0.01672077922077797,9.695784254495845,9.69600256577444,155.24431518178574,2.654338911781611,-0.3844856813365162,996.96,-1.76,79.1,False
HAOS / PANGAEA,HAOS_Flight_01,HAOS_Flight_01_seg02,train,10.1594/PANGAEA.918814,CC BY 4.0,fixed-wing UAV,2020-02-27 15:54:55+00:00,137.0,65.03602,24.54995,41.76,384642.09320818,7214705.78794995,147.9453188769985,-204.27117771934718,-7.670000000000002,148.96512418273045,-204.765357957697,-7.987619047619036,2.52402017038321,-8.484789525567905,-0.11209956709956526,-2.6219795503207806,0.6143845346236105,-0.0943181818181813,8.852250059374065,8.852959811646725,163.43352834591667,16.818551452651114,-0.7255204885400424,996.93,-1.76,78.8,False
HAOS / PANGAEA,HAOS_Flight_01,HAOS_Flight_01_seg02,train,10.1594/PANGAEA.918814,CC BY 4.0,fixed-wing UAV,2020-02-27 15:54:56+00:00,138.0,65.03595,24.55002,41.07,384645.07972696,7214697.30135155,150.93183765700087,-212.75777611974627,-8.36,149.79559110053765,-213.00928108098995,-8.146753246753233,-1.1838509920213198,-7.575988420658206,-0.253701298701297,-3.854503233824957,1.2378967403115695,-0.06049783549783605,7.667926950699067,7.6721227877439375,188.88141808708798,28.67820836238385,-1.8949988862643925,997.02,-1.77,78.88,False
HAOS / PANGAEA,HAOS_Flight_01,HAOS_Flight_01_seg02,train,10.1594/PANGAEA.918814,CC BY 4.0,fixed-wing UAV,2020-02-27 15:54:57+00:00,139.0,65.03588,24.55,40.92,384643.604257233,7214689.6163067,149.45636792998994,-220.44282096996903,-8.509999999999998,146.5974221986878,-219.91733479901342,-8.49502164502163,-5.184986297266704,-6.008996044944766,-0.23309523809523736,-3.804614497404472,1.6915236101485789,0.0962987012987,7.936757295709963,7.940179453956189,220.78994507068435,27.812324318381442,-1.682240617430319,997.04,-1.76,78.5,False
HAOS / PANGAEA,HAOS_Flight_01,HAOS_Flight_01_seg02,train,10.1594/PANGAEA.918814,CC BY 4.0,fixed-wing UAV,2020-02-27 15:54:58+00:00,140.0,65.03583,24.54988,40.77,384637.911801366,7214684.10888594,143.76391206303379,-225.95024172961712,-8.659999999999997,139.42561850600424,-225.02727317087948,-8.612943722943708,-8.793079986830264,-4.192941200361048,-0.06110389610389699,-3.0387211095988107,1.7444466042868427,0.12483766233766103,9.741612369853364,9.741804003910115,244.50606672385086,18.298603467629555,-0.3593809025232028,997.06,-1.77,79.03,False
HAOS / PANGAEA,HAOS_Flight_01,HAOS_Flight_01_seg02,train,10.1594/PANGAEA.918814,CC BY 4.0,fixed-wing UAV,2020-02-27 15:54:59+00:00,141.0,65.03579,24.54949,40.77,384619.421685222,7214680.67227471,125.27379591902718,-229.38685296010226,-8.659999999999997,129.01126222502728,-228.3032171997355,-8.617229437229424,-11.262428516464325,-2.5201028363710805,0.016580086580084696,-1.6287366695604675,1.4175871728588803,0.07428571428571429,11.540936460892347,11.540948370633386,257.38715200594345,9.53269129041479,0.0823129331548577,997.06,-1.76,78.61,False
HAOS / PANGAEA,HAOS_Flight_01,HAOS_Flight_01_seg02,train,10.1594/PANGAEA.918814,CC BY 4.0,fixed-wing UAV,2020-02-27 15:55:00+00:00,142.0,65.03578,24.54927,40.69,384608.995124751,7214680.43361419,114.84723544801818,-229.6255134800449,-8.740000000000002,116.90076147307559,-230.06747884362164,-8.579783549783539,-12.0505533259512,-1.3577668546432875,0.08746753246753158,-0.04462046775267936,0.7839990448321714,0.08656926406926457,12.126803630518697,12.127119066884656,263.5714493046804,3.9092346762796475,0.41325263476713564,997.07,-1.76,78.51,False
HAOS / PANGAEA,HAOS_Flight_01,HAOS_Flight_01_seg02,train,10.1594/PANGAEA.918814,CC BY 4.0,fixed-wing UAV,2020-02-27 15:55:01+00:00,143.0,65.03578,24.54905,41.3,384598.750645574,7214679.79158519,104.60275627102237,-230.26754247955978,-8.130000000000003,104.91015557312488,-231.0187509090221,-8.442294372294361,-11.351669451969684,-0.9521047467067376,0.18971861471861384,1.1742969059498876,0.05817958913759469,0.055941558441558126,11.391527676105747,11.393107387725877,265.20562135850275,-0.43153538672749814,0.9541363890692653,996.99,-1.75,78.88,False
HAOS / PANGAEA,HAOS_Flight_01,HAOS_Flight_01_seg02,train,10.1594/PANGAEA.918814,CC BY 4.0,fixed-wing UAV,2020-02-27 15:55:02+00:00,144.0,65.03576,24.54885,41.3,384588.935285037,7214678.51048561,94.7873957339907,-231.5486420597881,-8.130000000000003,94.19742256913622,-231.97168833703512,-8.200346320346311,-9.701959514051424,-1.2414076763680981,0.19935064935064783,1.2590990055809002,-0.5170972683886248,-0.010054112554112038,9.781058809312956,9.783090110626352,262.70837853122543,-3.939199976282885,1.1676005552037458,996.99,-1.75,78.59,False
HAOS / PANGAEA,HAOS_Flight_01,HAOS_Flight_01_seg02,train,10.1594/PANGAEA.918814,CC BY 4.0,fixed-wing UAV,2020-02-27 15:55:03+00:00,145.0,65.03574,24.54865,40.92,384579.675401957,7214676.4795453,85.52751265402185,-233.57958236988634,-8.509999999999998,85.50623654502203,-233.50156626175828,-8.043593073593065,-8.833471440807884,-1.9862992834839872,0.16961038961038977,0.46307760004065557,-0.7538373821548063,-0.006147186147185124,9.054037913502324,9.055626440142134,257.327221405937,-5.050955294085919,1.0732032541076566,997.04,-1.75,78.99,False
HAOS / PANGAEA,HAOS_Flight_01,HAOS_Flight_01_seg02,train,10.1594/PANGAEA.918814,CC BY 4.0,fixed-wing UAV,2020-02-27 15:55:04+00:00,146.0,65.03571,24.54846,41.91,384570.764629821,7214674.12999185,76.61674051801674,-235.92913581989706,-7.520000000000003,76.53047968752045,-235.9442869040031,-7.861125541125531,-8.775804313970113,-2.749082440677711,0.1870562770562776,0.21842700466578968,-0.6494691381100068,0.039886363636363775,9.196314241191356,9.198216439806421,252.60646794305362,-4.347752066550843,1.1652556923765587,996.91,-1.8,78.74,False
HAOS / PANGAEA,HAOS_Flight_01,HAOS_Flight_01_seg02,train,10.1594/PANGAEA.918814,CC BY 4.0,fixed-wing UAV,2020-02-27 15:55:05+00:00,147.0,65.03569,24.54828,41.91,384562.032804083,7214671.17527202,67.88491478003561,-238.88385565020144,-7.520000000000003,67.95462791708181,-238.9997311431137,-7.66948051948051,-8.396617431476304,-3.285237559704001,0.24938311688311732,0.353457882764328,-0.4769998257223733,0.055854978354978435,9.016427791218739,9.019875944448902,248.63171727283532,-3.6292183970873313,1.5843256839546813,996.91,-1.8,78.74,False
HAOS / PANGAEA,HAOS_Flight_01,HAOS_Flight_01_seg02,train,10.1594/PANGAEA.918814,CC BY 4.0,fixed-wing UAV,2020-02-27 15:55:06+00:00,148.0,65.03565,24.54811,41.68,384553.774609109,7214667.6248046,59.62671980599407,-242.4343230696395,-7.75,59.737244824567846,-242.5147620234111,-7.362359307359297,-8.068888548441457,-3.7030820921224574,0.29876623376623446,0.21384731624423026,-0.42761805799720776,-0.01749458874458898,8.878050427214735,8.883076080424313,245.34803114887893,-3.043547257515232,1.9274036429926185,996.94,-1.78,78.68,False
HAOS / PANGAEA,HAOS_Flight_01,HAOS_Flight_01_seg02,train,10.1594/PANGAEA.918814,CC BY 4.0,fixed-wing UAV,2020-02-27 15:55:07+00:00,149.0,65.03561,24.54795,42.36,384546.000784186,7214663.64237122,51.85289488302078,-246.4167564501986,-7.07,51.816850820198894,-246.40589532735862,-7.071948051948041,-7.968922798987844,-4.140473675698416,0.21439393939393936,0.12855286810391675,-0.35277360476639075,-0.1043181818181822,8.980381552884031,8.982940364748542,242.54462275780486,-2.3932587365994786,1.3675961185876024,996.85,-1.76,78.95,False
HAOS / PANGAEA,HAOS_Flight_01,HAOS_Flight_01_seg02,train,10.1594/PANGAEA.918814,CC BY 4.0,fixed-wing UAV,2020-02-27 15:55:08+00:00,150.0,65.03557,24.54779,42.67,384538.283872255,7214659.27367845,44.13598295202246,-250.7854492198676,-6.759999999999998,43.79939922659216,-250.79570937480793,-6.933571428571418,-7.8117828122336235,-4.408629301655239,0.09012987012987006,0.44034931335249716,-0.02214662114447208,-0.07580086580086576,8.96994777158272,8.97040057179229,240.56151367567998,-1.5507510066077401,0.5756875644459273,996.81,-1.8,78.5,False
HAOS / PANGAEA,HAOS_Flight_01,HAOS_Flight_01_seg02,train,10.1594/PANGAEA.918814,CC BY 4.0,fixed-wing UAV,2020-02-27 15:55:09+00:00,151.0,65.03553,24.54763,42.67,384530.859465233,7214655.1185339,36.7115759300068,-254.94059376977384,-6.759999999999998,36.19328519573165,-255.2231539306691,-6.891688311688301,-7.08822417228285,-4.184766917987361,0.06279220779220784,0.7896416379522826,0.3216684915949912,-0.08011904761904787,8.231354449567599,8.231593948669707,239.44312074458935,-0.8496498800995904,0.4370676454330346,996.81,-1.8,78.5,False
HAOS / PANGAEA,HAOS_Flight_01,HAOS_Flight_01_seg02,train,10.1594/PANGAEA.918814,CC BY 4.0,fixed-wing UAV,2020-02-27 15:55:10+00:00,152.0,65.03549,24.547475,42.555,384523.41849792097,7214650.65065689,29.27060861798236,-259.40847077965736,-6.875,29.62295088202646,-259.16524321078265,-6.807987012987002,-6.232499536329058,-3.7652923184652565,-0.07010822510822567,0.6987707658609876,0.3262698906161319,-0.15045454545454584,7.281584766644922,7.281922265244474,238.86221391548082,-0.635571810827995,-0.5516355874828076,996.825,-1.7850000000000001,78.25999999999999,True
HAOS / PANGAEA,HAOS_Flight_01,HAOS_Flight_01_seg02,train,10.1594/PANGAEA.918814,CC BY 4.0,fixed-wing UAV,2020-02-27 15:55:11+00:00,153.0,65.03545,24.54732,42.44,384515.977530609,7214646.18277988,21.82964130601613,-263.8763477895409,-6.990000000000002,23.72828612307353,-262.7537385675996,-7.0319047619047526,-5.690682640560874,-3.532227136755097,-0.23811688311688384,0.3902397557786408,0.10751382442942514,-0.0996969696969694,6.697797956135284,6.702029327840583,238.17197712293336,-0.9668594921477729,-2.036094399302717,996.84,-1.77,78.02,False
HAOS / PANGAEA,HAOS_Flight_01,HAOS_Flight_01_seg02,train,10.1594/PANGAEA.918814,CC BY 4.0,fixed-wing UAV,2020-02-27 15:55:12+00:00,154.0,65.03542,24.54725,41.83,384512.380805474,7214643.78153213,18.232916171022225,-266.2775955395773,-7.600000000000001,18.24158560090471,-266.22969748429284,-7.28422077922077,-5.452020024771777,-3.550264669606406,-0.26950216450216447,0.07092038477159601,-0.10627088697982856,-0.041699134199133514,6.506066520930133,6.511645951020316,236.92849493118524,-1.0931829256268752,-2.372019066868072,996.92,-1.78,78.57,False
HAOS / PANGAEA,HAOS_Flight_01,HAOS_Flight_01_seg02,train,10.1594/PANGAEA.918814,CC BY 4.0,fixed-wing UAV,2020-02-27 15:55:13+00:00,155.0,65.0354,24.54718,42.36,384508.784110689,7214641.38031283,14.636221386026591,-268.6788148395717,-7.07,12.824246073529977,-269.8542679068124,-7.5709090909090815,-5.548841871017682,-3.744768910714754,-0.32151515151515087,-0.29393975495165936,-0.25616225834991724,-0.0008225108225101696,6.694246806341605,6.701963316586311,235.98561127167963,-0.42713477920713405,-2.7497217838941213,996.85,-1.79,78.61,False
HAOS / PANGAEA,HAOS_Flight_01,HAOS_Flight_01_seg02,train,10.1594/PANGAEA.918814,CC BY 4.0,fixed-wing UAV,2020-02-27 15:55:14+00:00,156.0,65.03536,24.54703,41.3,384501.59377326,7214636.73915635,7.445883957028855,-273.31997132021934,-8.130000000000003,7.143901858869346,-273.71923530572235,-7.927251082251072,-6.039899534675095,-4.062589186306241,-0.2711471861471848,-0.7050687787297507,-0.3687447272966864,0.1222132034632033,7.2790807995007745,7.284129191757678,236.074225372771,0.614460894014904,-2.1332926763533515,996.99,-1.73,78.82,False
HAOS / PANGAEA,HAOS_Flight_01,HAOS_Flight_01_seg02,train,10.1594/PANGAEA.918814,CC BY 4.0,fixed-wing UAV,2020-02-27 15:55:15+00:00,157.0,65.03531,24.54688,41.38,384494.514771243,7214631.79629769,0.3668819399899803,-278.26282997988164,-8.049999999999997,0.7444470041797859,-277.9794462794249,-8.113203463203451,-6.958979428477184,-4.482258365308127,-0.07708874458874426,-0.8185970873974595,-0.3190695924182023,0.16506493506493403,8.277562125368997,8.277921080433515,237.21453305970942,1.2232003670424552,-0.5335788435010858,996.98,-1.74,78.61,False
HAOS / PANGAEA,HAOS_Flight_01,HAOS_Flight_01_seg02,train,10.1594/PANGAEA.918814,CC BY 4.0,fixed-wing UAV,2020-02-27 15:55:16+00:00,158.0,65.03526,24.54673,41.07,384487.256381887,7214627.00867335,-6.891507415974047,-283.05045431945473,-8.36,-6.7740569980850225,-282.6837520363386,-8.08142857142856,-7.6770937094700145,-4.700728371142645,0.05898268398268325,-0.1804980855380709,0.043211598014792685,0.015773809523809135,9.001922852549308,9.002116084580296,238.5206261068559,0.8997792139467397,0.37540984866740906,997.02,-1.74,78.74,False
HAOS / PANGAEA,HAOS_Flight_01,HAOS_Flight_01_seg02,train,10.1594/PANGAEA.918814,CC BY 4.0,fixed-wing UAV,2020-02-27 15:55:17+00:00,159.0,65.03522,24.54657,41.07,384479.66313476,7214622.53135554,-14.484754542994779,-287.5277721295133,-8.36,-14.609740414760243,-287.3809030217102,-7.995238095238085,-7.3199755995533256,-4.395835169278541,-0.04554112554112599,0.09693233229537945,0.20723381001111818,-0.012510822510822361,8.538466467318484,8.538587916490508,239.01409148760288,0.838029218825741,-0.3055922928502768,997.02,-1.74,78.74,False
HAOS / PANGAEA,HAOS_Flight_01,HAOS_Flight_01_seg02,train,10.1594/PANGAEA.918814,CC BY 4.0,fixed-wing UAV,2020-02-27 15:55:18+00:00,160.0,65.03518,24.54641,41.91,384471.752364485,7214618.27543674,-22.39552481798455,-291.78369092941284,-7.520000000000003,-21.414008197191674,-291.4754223748957,-8.172510822510812,-7.4832290448792556,-4.286260751120409,0.033961038961038525,-0.6663849152380426,-0.10322715634747226,0.17892857142857177,8.623847642712606,8.623914512382825,240.19668454450738,1.488971551152073,0.22563178552653776,996.91,-1.75,78.69,False
HAOS / PANGAEA,HAOS_Flight_01,HAOS_Flight_01_seg02,train,10.1594/PANGAEA.918814,CC BY 4.0,fixed-wing UAV,2020-02-27 15:55:19+00:00,161.0,65.03514,24.54625,41.91,384464.091857308,7214614.26058188,-30.05603199498728,-295.7985457899049,-7.520000000000003,-29.576198504518754,-295.953424523951,-7.9273160173160075,-8.65274543002941,-4.602289481973486,0.31231601731601755,-0.9682944462144123,-0.25095229773191363,0.11237012987013051,9.8005648792699,9.805539926360545,241.99203458990706,1.4293686248310176,1.8252352017710731,996.91,-1.75,78.67,False
HAOS / PANGAEA,HAOS_Flight_01,HAOS_Flight_01_seg02,train,10.1594/PANGAEA.918814,CC BY 4.0,fixed-wing UAV,2020-02-27 15:55:20+00:00,162.0,65.0351,24.5461,41.45,384456.721152482,7214609.93441488,-37.42673682101304,-300.1247127894312,-7.979999999999997,-38.719499057250495,-300.68000133884266,-7.547878787878777,-9.41981793730808,-4.788165346584236,0.25870129870129954,-0.5665283273156243,-0.11784137608945855,-0.12071428571428555,10.56690576082995,10.57007207734228,243.0554217941694,0.8503887940332931,1.4024476549406526,996.97,-1.74,78.68,False
HAOS / PANGAEA,HAOS_Flight_01,HAOS_Flight_01_seg02,train,10.1594/PANGAEA.918814,CC BY 4.0,fixed-wing UAV,2020-02-27 15:55:21+00:00,163.0,65.03506,24.54594,40.47,384449.089810055,7214605.55636948,-45.058079248003196,-304.5027581900358,-8.96,-48.415834379134914,-305.5297552171195,-7.4099134199134085,-9.78580208466066,-4.837972234152403,0.07088744588744644,-0.2052922367967005,0.02769067984080209,-0.1495346320346327,10.916404984177642,10.916635141313597,243.69281217797365,0.6181940177704164,0.37205420543234563,997.1,-1.73,78.7,False
HAOS / PANGAEA,HAOS_Flight_01,HAOS_Flight_01_seg02,train,10.1594/PANGAEA.918814,CC BY 4.0,fixed-wing UAV,2020-02-27 15:55:22+00:00,164.0,65.03499,24.5456,43.81,384432.70244195,7214598.30356968,-61.445447353005875,-311.75555798970163,-5.619999999999997,-58.29110322657181,-310.35594580714746,-7.406103896103884,-9.830402410901481,-4.732783986902632,-0.04036796536796583,0.11732265774219464,0.19747396832477193,-0.11111471861471967,10.91036460559131,10.910439285361868,244.29180982971025,0.6800981264580798,-0.21199140197560146,996.66,-1.91,79.1,False
HAOS / PANGAEA,HAOS_Flight_01,HAOS_Flight_01_seg02,train,10.1594/PANGAEA.918814,CC BY 4.0,fixed-wing UAV,2020-02-27 15:55:23+00:00,165.0,65.03495,24.54543,42.21,384424.709862302,7214594.68377707,-69.43802700098604,-315.3753506001085,-7.219999999999999,-68.07663920093788,-314.99532319092475,-7.49064935064934,-9.55115676917627,-4.443024297502859,-0.1513419913419929,0.48340716715936516,0.3361279064057783,-0.12652597402597365,10.533995468841937,10.535082578505296,245.05300843088978,0.5475207461923579,-0.8231122609179887,996.87,-1.78,78.69,False
HAOS / PANGAEA,HAOS_Flight_01,HAOS_Flight_01_seg02,train,10.1594/PANGAEA.918814,CC BY 4.0,fixed-wing UAV,2020-02-27 15:55:24+00:00,166.0,65.03492,24.54527,41.23,384416.998822737,7214590.9561255,-77.14906656596577,-319.1030021701008,-8.200000000000003,-77.39341676492435,-319.2419944021532,-7.70878787878787,-8.86358807658275,-4.0605281740910755,-0.29341991341991314,0.8871511823823486,0.38132210204062744,-0.1878571428571414,9.74941447697898,9.75382888354715,245.38685132209497,-0.18938193161528818,-1.7238624494291799,997.0,-1.73,78.84,False
HAOS / PANGAEA,HAOS_Flight_01,HAOS_Flight_01_seg02,train,10.1594/PANGAEA.918814,CC BY 4.0,fixed-wing UAV,2020-02-27 15:55:25+00:00,167.0,65.03488,24.54511,41.3,384409.234574338,7214587.20501586,-84.9133149649715,-322.8541118102148,-8.130000000000003,-85.80381535410338,-323.1163795391069,-8.077489177489166,-7.776854404411573,-3.680380093421604,-0.5270562770562757,0.6697183399354358,0.1707811644855184,0.00470779220779205,8.603758600720367,8.61988691217316,244.6742445676592,-0.8443393823470533,-3.5054924492919626,996.99,-1.72,78.25,False
HAOS / PANGAEA,HAOS_Flight_01,HAOS_Flight_01_seg02,train,10.1594/PANGAEA.918814,CC BY 4.0,fixed-wing UAV,2020-02-27 15:55:26+00:00,168.0,65.03484,24.54494,40.54,384401.264677194,7214583.47184696,-92.88321210897993,-326.5872807102278,-8.89,-92.9471255737475,-326.6027545889964,-8.762900432900421,-7.524151396711879,-3.7189658451200387,-0.28400432900432904,-0.04647031179998251,-0.18347996089090657,0.2995562770562765,8.393066257203664,8.397869947594087,243.69817255740088,-0.945226593347076,-1.9380334385800213,997.09,-1.71,78.57,False
HAOS / PANGAEA,HAOS_Flight_01,HAOS_Flight_01_seg02,train,10.1594/PANGAEA.918814,CC BY 4.0,fixed-wing UAV,2020-02-27 15:55:27+00:00,169.0,65.03481,24.54478,40.54,384393.324523746,7214579.64462032,-100.82336555700749,-330.41450734995306,-8.89,-100.85211814752714,-330.554311229347,-8.645497835497824,-7.869795028011538,-4.047340015203417,0.07205627705627737,-0.11947809805105081,-0.24942829079412832,0.11786796536796595,8.849555637521124,8.84984898677063,242.78379138096506,-1.1070621412982722,0.4665126134993039,997.09,-1.71,78.57,False
HAOS / PANGAEA,HAOS_Flight_01,HAOS_Flight_01_seg02,train,10.1594/PANGAEA.918814,CC BY 4.0,fixed-wing UAV,2020-02-27 15:55:28+00:00,170.0,65.03476,24.54461,40.85,384385.38195626,7214575.3848015,-108.76593304297421,-334.6743261702359,-8.579999999999998,-108.68671562977057,-334.6974346194032,-8.618787878787867,-7.763107592813981,-4.217822426708295,-0.04826839826839713,0.038507109543264306,-0.1820568211993674,-0.050021645021644634,8.834923062531418,8.83505491545587,241.4840482748043,-1.1488857091624485,-0.3130245696092192,997.05,-1.7,78.44,False
HAOS / PANGAEA,HAOS_Flight_01,HAOS_Flight_01_seg02,train,10.1594/PANGAEA.918814,CC BY 4.0,fixed-wing UAV,2020-02-27 15:55:29+00:00,171.0,65.03472,24.54445,41.07,384377.582115223,7214571.15202695,-116.5657740799943,-338.90710071939975,-8.36,-116.3783333331551,-338.98995608276357,-8.742034632034619,-7.792780808925009,-4.411453657602152,-0.027987012987011894,0.014399071409492592,-0.11573656498218554,0.05585497835497755,8.954795146128209,8.95483888085192,240.48601996264017,-0.6972299407809938,-0.17906970267043218,997.02,-1.74,77.73,False
HAOS / PANGAEA,HAOS_Flight_01,HAOS_Flight_01_seg02,train,10.1594/PANGAEA.918814,CC BY 4.0,fixed-wing UAV,2020-02-27 15:55:30+00:00,172.0,65.03468,24.5443,41.15,384370.172267372,7214566.7104566,-123.97562193096383,-343.3486710693687,-8.280000000000001,-124.2722772476206,-343.52034193460753,-8.67476190476189,-7.734309449994996,-4.449295556672666,0.06344155844155797,0.3681340704438689,0.18023729706345648,0.06226190476190396,8.922767150324447,8.922992684646028,240.0895883932423,-0.1725732930647921,0.40737051999211116,997.01,-1.76,78.35,False
HAOS / PANGAEA,HAOS_Flight_01,HAOS_Flight_01_seg02,train,10.1594/PANGAEA.918814,CC BY 4.0,fixed-wing UAV,2020-02-27 15:55:31+00:00,173.0,65.03464,24.54415,40.24,384362.908619842,7214562.21792945,-131.2392694609589,-347.8411982199177,-9.189999999999998,-131.8469522331451,-347.8885471961089,-8.615151515151503,-7.056512668037271,-4.050979063475239,0.09653679653679603,0.7622130669405678,0.4597984520956402,0.05819264069264074,8.136633358268346,8.137206016807662,240.14087337651057,0.14825241539138245,0.6797518403352811,997.13,-1.71,78.36,False
HAOS / PANGAEA,HAOS_Flight_01,HAOS_Flight_01_seg02,train,10.1594/PANGAEA.918814,CC BY 4.0,fixed-wing UAV,2020-02-27 15:55:32+00:00,174.0,65.0346,24.54399,40.54,384355.43014687,7214558.1487421,-138.71774243295658,-351.91038556955755,-8.89,-138.38530258369514,-351.622300061558,-8.481688311688298,-6.20988331611386,-3.529698652481386,0.17982683982683945,0.6347531937387885,0.4441699683202529,0.0925865800865795,7.142928207470532,7.1451914648524495,240.3860932240251,0.6011078711289805,1.4421456753397253,997.09,-1.7,78.99,False
HAOS / PANGAEA,HAOS_Flight_01,HAOS_Flight_01_seg02,train,10.1594/PANGAEA.918814,CC BY 4.0,fixed-wing UAV,2020-02-27 15:55:33+00:00,175.0,65.03456,24.54383,41.45,384347.876167666,7214554.19796408,-146.27172163699288,-355.8611635901034,-7.979999999999997,-144.2667188653728,-354.9479445010717,-8.255497835497824,-5.7870062805596945,-3.1626391268347334,0.281709956709955,0.15013164386953548,0.2515898004498638,0.046363636363636385,6.594825845905509,6.600839979694466,241.34308911876855,1.2476822750955565,2.4460061825487798,996.97,-1.73,78.43,False
HAOS / PANGAEA,HAOS_Flight_01,HAOS_Flight_01_seg02,train,10.1594/PANGAEA.918814,CC BY 4.0,fixed-wing UAV,2020-02-27 15:55:34+00:00,176.0,65.03453999999999,24.543754999999997,41.66,384344.158122116,7214552.196698859,-149.98976718698395,-357.86242881044745,-7.770000000000003,-149.95931514481452,-357.9475783152275,-7.918268398268388,-5.909620028374789,-3.0265190515816585,0.2725541125541122,-0.19419388932477943,0.04907714681360176,-0.1138852813852802,6.639535107923987,6.645126950903598,242.88145777421622,1.1322051240244038,2.350682274134267,996.94,-1.74,78.445,True
HAOS / PANGAEA,HAOS_Flight_01,HAOS_Flight_01_seg02,train,10.1594/PANGAEA.918814,CC BY 4.0,fixed-wing UAV,2020-02-27 15:55:35+00:00,177.0,65.03452,24.54368,41.87,384340.440076566,7214550.19543364,-153.70781273697503,-359.8636940298602,-7.560000000000002,-156.0859589221224,-361.000982604235,-7.7103896103895995,-6.175394059209253,-3.06448483320753,0.05393939393939462,-0.07134532723303977,0.0245425768370211,-0.19585497835497812,6.893950904922076,6.894161916991394,243.60749936681734,0.461832649106748,0.4482823569409018,996.91,-1.75,78.46,False
HAOS / PANGAEA,HAOS_Flight_01,HAOS_Flight_01_seg02,train,10.1594/PANGAEA.918814,CC BY 4.0,fixed-wing UAV,2020-02-27 15:55:36+00:00,178.0,65.03449,24.54352,41.76,384332.846402487,7214546.26140651,-161.3014868159662,-363.7977211596444,-7.670000000000002,-162.31010326323303,-364.07654798164253,-7.810389610389599,-6.052310682840869,-2.9774338979076163,-0.11915584415584402,0.07831292272462775,0.06336663485086547,-0.05168831168831178,6.745040935238203,6.746093338609802,243.8051230724297,0.18778404561401846,-1.0120645637159706,996.93,-1.78,78.45,False
HAOS / PANGAEA,HAOS_Flight_01,HAOS_Flight_01_seg02,train,10.1594/PANGAEA.918814,CC BY 4.0,fixed-wing UAV,2020-02-27 15:55:37+00:00,179.0,65.03445,24.54336,41.6,384324.930769748,7214542.72309803,-169.21711955498904,-367.3360296394676,-7.829999999999998,-168.19058028780412,-366.9558504000502,-7.9487012987012875,-6.018768213759998,-2.937751563505799,-0.04943722943722895,-0.016899066615359004,0.004080149572871505,0.11639610389610411,6.697458850926109,6.6976413086625435,243.9830674580454,0.09409245494274193,-0.42292057588491666,996.95,-1.78,78.42,False
HAOS / PANGAEA,HAOS_Flight_01,HAOS_Flight_01_seg02,train,10.1594/PANGAEA.918814,CC BY 4.0,fixed-wing UAV,2020-02-27 15:55:38+00:00,180.0,65.03442,24.5432,40.92,384317.417382248,7214539.01578098,-176.73050705500646,-371.043346690014,-8.509999999999998,-174.34763969075303,-369.95205110865413,-7.909264069264057,-6.086108816071587,-2.9692735987618732,0.1136363636363642,0.11682335288850254,0.024428145633407894,0.14321428571428552,6.771802287823277,6.772755676126895,243.99330798231517,-0.2595344812872581,0.9613796617681429,997.04,-1.75,78.41,False
HAOS / PANGAEA,HAOS_Flight_01,HAOS_Flight_01_seg02,train,10.1594/PANGAEA.918814,CC BY 4.0,fixed-wing UAV,2020-02-27 15:55:39+00:00,181.0,65.0344,24.54313,41.53,384313.817041814,7214537.11833293,-180.33084748900728,-372.9407947398722,-7.899999999999999,-180.3627979199473,-372.89439759757397,-7.721428571428559,-5.785121507982993,-2.888895272238983,0.23699134199134209,0.21885078960111315,-0.031639444614555146,0.10590909090909051,6.466324052821059,6.470665472134301,243.46399849547086,-1.1120249986964044,2.098955873107953,996.96,-1.74,78.44,False
HAOS / PANGAEA,HAOS_Flight_01,HAOS_Flight_01_seg02,train,10.1594/PANGAEA.918814,CC BY 4.0,fixed-wing UAV,2020-02-27 15:55:40+00:00,182.0,65.03438,24.54305,42.29,384310.216732912,7214535.22090829,-183.93115639098687,-374.8382193800062,-7.140000000000001,-185.917882706719,-375.7298416531321,-7.435281385281373,-5.64840723686936,-3.0325524879909835,0.3254545454545452,-0.13665502248888828,-0.2980615359547585,0.08363636363636329,6.410996717043183,6.419252259188409,241.76925798492238,-1.6864965781881847,2.9061281644200787,996.86,-1.75,78.5,False
HAOS / PANGAEA,HAOS_Flight_01,HAOS_Flight_01_seg02,train,10.1594/PANGAEA.918814,CC BY 4.0,fixed-wing UAV,2020-02-27 15:55:41+00:00,183.0,65.03434,24.5429,42.59,384302.89987974,7214531.41428617,-191.24800956295803,-378.64484149962664,-6.839999999999996,-191.65961239368602,-378.95950257355594,-7.070519480519469,-6.058431552960769,-3.4850183441485,0.40426406926406866,-0.6161422119445561,-0.5251190358192162,-0.033008658008658376,6.989273620410221,7.000955304718074,240.09100533909452,-1.226423426904714,3.310336304771174,996.82,-1.78,78.51,False
HAOS / PANGAEA,HAOS_Flight_01,HAOS_Flight_01_seg02,train,10.1594/PANGAEA.918814,CC BY 4.0,fixed-wing UAV,2020-02-27 15:55:42+00:00,184.0,65.0343,24.54274,42.74,384295.478610522,7214527.27854012,-198.66927878098795,-382.78058754932135,-6.689999999999998,-198.03474581264055,-382.6998783414291,-6.6267532467532355,-6.8806916607584725,-4.082790559629416,0.25943722943722847,-0.7475773343728633,-0.5316301181759115,-0.2020129870129872,8.000818488394188,8.005023682678791,239.31641113111294,-0.5723113875052646,1.8572414435669296,996.8,-1.8,78.53,False
HAOS / PANGAEA,HAOS_Flight_01,HAOS_Flight_01_seg02,train,10.1594/PANGAEA.918814,CC BY 4.0,fixed-wing UAV,2020-02-27 15:55:43+00:00,185.0,65.03426,24.5426,42.67,384288.371213355,7214522.88206414,-205.77667594800005,-387.17706352937967,-6.759999999999998,-205.42099571520296,-387.12508369281477,-6.551645021645012,-7.553586221706496,-4.548278580500323,0.00023809523809426025,-0.3810857556569758,-0.2570812200333137,-0.20521645021644996,8.817227617261123,8.817227620475814,238.94638256408396,-0.17102899044173317,0.001547181591971344,996.81,-1.8,78.57,False
HAOS / PANGAEA,HAOS_Flight_01,HAOS_Flight_01_seg02,train,10.1594/PANGAEA.918814,CC BY 4.0,fixed-wing UAV,2020-02-27 15:55:44+00:00,186.0,65.03422,24.54245,42.97,384281.13173863,7214518.15196225,-213.01615067297826,-391.90716542024165,-6.460000000000001,-213.14191825605354,-391.79643550242974,-6.626277056277047,-7.642863172072424,-4.596952999696043,-0.15099567099567146,0.1403865524252268,0.14183847837801977,-0.022391774891774574,8.918819111767847,8.920097199083362,238.97435315022946,0.33364472418691915,-0.9699252934193415,996.77,-1.75,78.61,False
HAOS / PANGAEA,HAOS_Flight_01,HAOS_Flight_01_seg02,train,10.1594/PANGAEA.918814,CC BY 4.0,fixed-wing UAV,2020-02-27 15:55:45+00:00,187.0,65.03417,24.54229,43.05,384273.587283963,7214513.69421587,-220.56060533999698,-396.3649117993191,-6.380000000000003,-220.7067220593478,-396.31898969220686,-6.853636363636355,-7.272813116856042,-4.264601623744284,-0.04454545454545489,-0.03627121286485391,0.206909249104271,0.19735930735930762,8.430933379048591,8.43105105781458,239.6136720124578,1.2800033944113582,-0.3027236342385065,996.76,-1.75,78.62,False
HAOS / PANGAEA,HAOS_Flight_01,HAOS_Flight_01_seg02,train,10.1594/PANGAEA.918814,CC BY 4.0,fixed-wing UAV,2020-02-27 15:55:46+00:00,188.0,65.03413,24.54213,42.29,384265.725086927,7214509.2874487,-228.4228023759788,-400.77167897019535,-7.140000000000001,-227.68754448976563,-400.3256387499183,-6.715367965367957,-7.715405597802132,-4.183134501487501,0.24372294372294379,-0.8605767403623688,-0.10200568705947433,0.129502164502165,8.776451321356005,8.77983477460872,241.5343599390522,1.9830224233954588,1.5907007900537113,996.86,-1.75,78.65,False
HAOS / PANGAEA,HAOS_Flight_01,HAOS_Flight_01_seg02,train,10.1594/PANGAEA.918814,CC BY 4.0,fixed-wing UAV,2020-02-27 15:55:47+00:00,189.0,65.03409,24.54196,42.52,384257.665476545,7214505.1613495,-236.48241275799228,-404.8977781701833,-6.909999999999997,-236.13753325495207,-404.68525869518186,-6.366190476190467,-8.99396659758078,-4.468612997863232,0.21445887445887513,-1.0746925825006812,-0.24479721572745916,-0.13997835497835487,10.042904822961882,10.045194368050087,243.57971685924875,1.559890243151703,1.2233234686798413,996.83,-1.79,78.29,False
HAOS / PANGAEA,HAOS_Flight_01,HAOS_Flight_01_seg02,train,10.1594/PANGAEA.918814,CC BY 4.0,fixed-wing UAV,2020-02-27 15:55:48+00:00,190.0,65.03405,24.54179,42.67,384249.545710469,7214501.23316152,-244.60217883397127,-408.82596614956856,-6.759999999999998,-245.6754776849272,-409.2628647456448,-6.2864502164502065,-9.864790762803494,-4.6727289329424195,-0.03623376623376595,-0.6565141225690638,-0.18033131378000178,-0.1699567099567103,10.91551613413907,10.915576272486296,244.6541404253556,0.6575741798493853,-0.19019112155222803,996.81,-1.82,78.28,False
HAOS / PANGAEA,HAOS_Flight_01,HAOS_Flight_01_seg02,train,10.1594/PANGAEA.918814,CC BY 4.0,fixed-wing UAV,2020-02-27 15:55:49+00:00,191.0,65.03402,24.54162,44.41,384241.518220288,7214497.56533334,-252.62966901500477,-412.49379432946444,-5.020000000000003,-255.86711478055906,-414.0307165610667,-6.438658008657999,-10.306994842718908,-4.829275625423236,-0.12545454545454549,-0.221799314149564,-0.11463001900193603,-0.10969696969697007,11.38226891942644,11.382960273896959,244.89486521894753,-0.043406938756392746,-0.63148437044665,996.58,-1.82,78.54,False
HAOS / PANGAEA,HAOS_Flight_01,HAOS_Flight_01_seg02,train,10.1594/PANGAEA.918814,CC BY 4.0,fixed-wing UAV,2020-02-27 15:55:50+00:00,192.0,65.03394,24.54128,43.35,384224.900538532,7214489.864672,-269.2473507709801,-420.19445567019284,-6.079999999999998,-266.289467370365,-418.92141599649125,-6.5373593073592975,-10.308389391102622,-4.901988970946292,-0.2556277056277061,0.21325929030705737,0.015007928656856961,-0.18674242424242427,11.414569098738514,11.417431113598218,244.5673265478428,-0.4010884686604597,-1.2829166598550605,996.72,-1.76,78.41,False
HAOS / PANGAEA,HAOS_Flight_01,HAOS_Flight_01_seg02,train,10.1594/PANGAEA.918814,CC BY 4.0,fixed-wing UAV,2020-02-27 15:55:51+00:00,193.0,65.0339,24.5411,41.53,384216.393571145,7214485.81432338,-277.75431815796765,-424.2448042901233,-7.899999999999999,-276.4838935627643,-423.8346945029593,-6.949913419913411,-9.880476262104793,-4.799259768109522,-0.498939393939394,0.6222024814684204,0.22724089229748756,-0.22010822510822425,10.984384620351335,10.995710345704618,244.09268828162658,-0.3517727799991158,-2.6007360769186425,996.96,-1.76,78.69,False
HAOS / PANGAEA,HAOS_Flight_01,HAOS_Flight_01_seg02,train,10.1594/PANGAEA.918814,CC BY 4.0,fixed-wing UAV,2020-02-27 15:55:52+00:00,194.0,65.03386,24.54093,41.3,384208.207348384,7214481.66293891,-285.94054091896396,-428.3961887601763,-8.130000000000003,-286.0504198945746,-428.5199355327103,-7.5352380952380855,-9.063984428165782,-4.4475071863513165,-0.6958441558441546,1.0214946901120783,0.47462082884548806,-0.08143939393939359,10.096342599509901,10.120293126975168,243.86378098784456,-0.1271996664700537,-3.9426144772387888,996.99,-1.77,78.63,False
HAOS / PANGAEA,HAOS_Flight_01,HAOS_Flight_01_seg02,train,10.1594/PANGAEA.918814,CC BY 4.0,fixed-wing UAV,2020-02-27 15:55:53+00:00,195.0,65.03382,24.54076,41.83,384200.230358067,7214477.46918317,-293.91753123595845,-432.5899444995448,-7.600000000000001,-294.61186241909587,-432.7297088756619,-8.34160173160172,-7.837486881880636,-3.850018110418546,-0.6618181818181812,0.8428046026977114,0.4258624207454176,0.18619047619047624,8.732058180875907,8.757102453436694,243.83828894868648,0.07718087552239579,-4.334262222362742,996.92,-1.79,78.34,False
HAOS / PANGAEA,HAOS_Flight_01,HAOS_Flight_01_seg02,train,10.1594/PANGAEA.918814,CC BY 4.0,fixed-wing UAV,2020-02-27 15:55:54+00:00,196.0,65.03379,24.54061,40.85,384192.559866605,7214473.64022218,-301.588022698008,-436.41890549007803,-8.579999999999998,-301.72539365833586,-436.2199717535474,-8.858874458874448,-7.378375222770359,-3.5957823448604813,-0.3234632034632021,0.13573664211384084,0.09781267160843754,0.2569588744588751,8.207927363202106,8.214298511960504,244.01814273888937,0.1905590449253197,-2.256780584331764,997.05,-1.76,78.23,False
HAOS / PANGAEA,HAOS_Flight_01,HAOS_Flight_01_seg02,train,10.1594/PANGAEA.918814,CC BY 4.0,fixed-wing UAV,2020-02-27 15:55:55+00:00,197.0,65.03375,24.54044,40.39,384184.826723927,7214470.18462777,-309.3211653759936,-439.8744998993352,-9.04,-309.3686128646366,-439.9212735653829,-8.988528138528125,-7.566013597652955,-3.6543927672016707,-0.14790043290043098,-0.0973283103021032,-0.07374684617236937,0.15219155844155807,8.402329930254185,8.403631524221979,244.21940703853713,-0.1604412048179798,-1.0084340439408415,997.11,-1.75,78.55,False
HAOS / PANGAEA,HAOS_Flight_01,HAOS_Flight_01_seg02,train,10.1594/PANGAEA.918814,CC BY 4.0,fixed-wing UAV,2020-02-27 15:55:56+00:00,198.0,65.03372,24.54028,39.78,384177.177876108,7214466.62682392,-316.9700131950085,-443.4323037499562,-9.649999999999999,-316.85742085364177,-443.5287572879507,-9.15467532467531,-7.573031843374565,-3.74327603720522,-0.019080086580085975,0.04127880434658948,-0.13798718854030767,0.2402489177489162,8.44765806549247,8.447679612839485,243.6972603292534,-0.964099343479108,-0.12940942523415921,997.19,-1.76,78.53,False
HAOS / PANGAEA,HAOS_Flight_01,HAOS_Flight_01_seg02,train,10.1594/PANGAEA.918814,CC BY 4.0,fixed-wing UAV,2020-02-27 15:55:57+00:00,199.0,65.03368,24.54013,39.94,384169.857391043,7214462.853562,-324.2904982600012,-447.20556566957384,-9.490000000000002,-324.5146765513857,-447.4078256397933,-9.026688311688297,-7.483455988959776,-3.930367144282286,0.33259740259740145,0.38822036568566887,-0.042835473024496196,0.27688852813852716,8.452804234545576,8.459345155493194,242.29120835157892,-1.5462776639570401,2.253287956482802,997.17,-1.77,78.62,False
HAOS / PANGAEA,HAOS_Flight_01,HAOS_Flight_01_seg02,train,10.1594/PANGAEA.918814,CC BY 4.0,fixed-wing UAV,2020-02-27 15:55:58+00:00,200.0,65.03364,24.53999,41.45,384162.816380005,7214458.98699602,-331.3315092980047,-451.07213164959103,-7.979999999999997,-331.8243328315613,-451.3894915765153,-8.489480519480507,-6.796591112003227,-3.8289469832542125,0.5346969696969683,0.7030258314330666,0.10870566106103752,0.12762987012987037,7.800928518088908,7.819231841666797,240.60470500133934,-1.856908335581265,3.92107651352287,996.97,-1.76,78.44,False
HAOS / PANGAEA,HAOS_Flight_01,HAOS_Flight_01_seg02,train,10.1594/PANGAEA.918814,CC BY 4.0,fixed-wing UAV,2020-02-27 15:55:59+00:00,201.0,65.0336,24.53984,41.45,384155.718637125,7214454.9073614,-338.42925217800075,-455.15176626946777,-7.979999999999997,-338.1078587753922,-455.06571960630174,-7.95729437229436,-6.077404326093642,-3.712955822160211,0.5878571428571422,0.7590465569245879,0.17851975864881808,-0.05296536796536788,7.121859608285966,7.14608006536054,238.57739168041638,-1.969718951666574,4.718648194191121,996.97,-1.76,78.44,False
HAOS / PANGAEA,HAOS_Flight_01,HAOS_Flight_01_seg02,train,10.1594/PANGAEA.918814,CC BY 4.0,fixed-wing UAV,2020-02-27 15:56:00+00:00,202.0,65.03356,24.53969,42.36,384148.711615303,7214450.34955797,-345.43627399997786,-459.7095697000623,-7.07,-343.9791414837486,-458.8154032208357,-7.313766233766223,-5.278497998154052,-3.4719074659565763,0.4287662337662326,0.6733790400606807,0.23354242856559893,-0.23051948051948035,6.317965065484404,6.33249737875188,236.6652670980062,-1.516423848777769,3.8824027496962463,996.85,-1.79,78.57,False
HAOS / PANGAEA,HAOS_Flight_01,HAOS_Flight_01_seg02,train,10.1594/PANGAEA.918814,CC BY 4.0,fixed-wing UAV,2020-02-27 15:56:01+00:00,203.0,65.03353999999999,24.53962,42.285,384145.2493363975,7214447.93558662,-348.8985529054771,-462.12354104965925,-7.145000000000003,-348.6648547717003,-462.0095345382149,-7.099761904761895,-4.730646245972281,-3.245870965029013,0.1268181818181815,0.15359661322901275,0.04608427996757314,-0.19883116883116814,5.7371327530526965,5.738534227256093,235.54454398286083,-0.437535547869344,1.2663056227337668,996.86,-1.79,78.61,True
HAOS / PANGAEA,HAOS_Flight_01,HAOS_Flight_01_seg02,train,10.1594/PANGAEA.918814,CC BY 4.0,fixed-wing UAV,2020-02-27 15:56:02+00:00,204.0,65.03352,24.53955,42.21,384141.787057492,7214445.52161527,-352.3608318109764,-464.53751240018755,-7.219999999999999,-353.44043397569317,-465.30714515089375,-7.06012987012986,-4.971304771696026,-3.37973890602143,0.0311038961038963,-0.4145938645066991,-0.1792949978000138,-0.10249999999999981,6.011364754027376,6.011445222100543,235.79019600226752,0.7499826091000977,0.29645615306843714,996.87,-1.79,78.65,False
HAOS / PANGAEA,HAOS_Flight_01,HAOS_Flight_01_seg02,train,10.1594/PANGAEA.918814,CC BY 4.0,fixed-wing UAV,2020-02-27 15:56:03+00:00,205.0,65.03347,24.53941,42.74,384135.141643964,7214440.81946367,-359.00624533899827,-469.2396639995277,-6.689999999999998,-358.60746431509233,-468.76901235025775,-7.037554112554102,-5.559833974985679,-3.6044609606290408,-0.07818181818181813,-0.7814754934596806,-0.29582503587170095,-0.08242424242424251,6.626001256120005,6.626462483316275,237.04450920106103,1.4597064611815673,-0.6760156207782383,996.8,-1.85,78.69,False
HAOS / PANGAEA,HAOS_Flight_01,HAOS_Flight_01_seg02,train,10.1594/PANGAEA.918814,CC BY 4.0,fixed-wing UAV,2020-02-27 15:56:04+00:00,206.0,65.03345,24.53934,41.76,384131.717156241,7214438.80655538,-362.43073306197766,-471.252572289668,-7.670000000000002,-364.5601019256645,-472.5160670721518,-7.216493506493496,-6.534255758615387,-3.971388977764832,-0.13374458874458872,-0.9144248351139339,-0.2816189453761524,0.024209956709956515,7.646465113482853,7.647634689675548,238.70960892463063,1.764830594807344,-1.002060302914924,996.93,-1.79,78.73,False
HAOS / PANGAEA,HAOS_Flight_01,HAOS_Flight_01_seg02,train,10.1594/PANGAEA.918814,CC BY 4.0,fixed-wing UAV,2020-02-27 15:56:05+00:00,207.0,65.03339,24.53913,42.52,384121.432069508,7214432.77704988,-372.7158197949757,-477.28207779023796,-6.909999999999997,-371.6759758323231,-476.7117903057874,-7.30504329004328,-7.388683645213547,-4.1676988513813455,-0.0297619047619051,-0.5841015765228832,0.02163545005588219,0.05757034632034608,8.483063109800112,8.48311531784324,240.5741703906757,2.1348060667062727,-0.20101518928374892,996.83,-1.81,78.79,False
HAOS / PANGAEA,HAOS_Flight_01,HAOS_Flight_01_seg02,train,10.1594/PANGAEA.918814,CC BY 4.0,fixed-wing UAV,2020-02-27 15:56:06+00:00,208.0,65.03336,24.53898,41.91,384114.324531139,7214428.89444366,-379.82335816399427,-481.16468400973827,-7.520000000000003,-379.3374692160916,-480.8514647749145,-7.276017316017306,-7.702458911661154,-3.9281180776530675,-0.018603896103896567,-0.2441074727485102,0.25381088162190224,-0.015995670995671007,8.64627000028412,8.646290014958057,242.9792210580432,2.2517184467423,-0.12328126281761545,996.91,-1.86,78.83,False
HAOS / PANGAEA,HAOS_Flight_01,HAOS_Flight_01_seg02,train,10.1594/PANGAEA.918814,CC BY 4.0,fixed-wing UAV,2020-02-27 15:56:07+00:00,209.0,65.03332,24.53883,41.91,384106.939803054,7214425.15272332,-387.2080862490111,-484.90640434995294,-7.520000000000003,-387.0808936556454,-484.56802646109355,-7.342251082251073,-7.876898590710567,-3.660077088137541,-0.061753246753247115,0.056438844964944224,0.31034166904095173,0.001617965367965546,8.685717915028528,8.685937437198824,245.0776072841603,1.7369356713943676,-0.40735156606756756,996.91,-1.83,78.85,False
HAOS / PANGAEA,HAOS_Flight_01,HAOS_Flight_01_seg02,train,10.1594/PANGAEA.918814,CC BY 4.0,fixed-wing UAV,2020-02-27 15:56:08+00:00,210.0,65.03329,24.53867,42.21,384099.408088053,7214421.87968672,-394.7398012499907,-488.1794409500435,-7.219999999999999,-395.09126639751275,-488.1716189511896,-7.3995238095238,-7.589581221731265,-3.307434739571164,-0.015367965367965475,0.4827410218806705,0.3484498707787509,0.052456709956710146,8.27894121719547,8.278955480743786,246.4530924008319,0.8579033712631208,-0.10635641935858016,996.87,-1.86,78.88,False
HAOS / PANGAEA,HAOS_Flight_01,HAOS_Flight_01_seg02,train,10.1594/PANGAEA.918814,CC BY 4.0,fixed-wing UAV,2020-02-27 15:56:09+00:00,211.0,65.03326,24.53851,42.44,384091.781124512,7214418.87386483,-402.3667647909606,-491.1852628402412,-6.990000000000002,-402.26005609910794,-491.1828959402359,-7.372987012987004,-6.911416546949226,-2.9631773465800393,0.043160173160173176,0.15899912931722326,0.016331797431391237,0.041255411255411545,7.519846984661902,7.5199708425814995,246.79341402668655,-0.34880109091185096,0.32884560241306154,996.84,-1.81,78.9,False
HAOS / PANGAEA,HAOS_Flight_01,HAOS_Flight_01_seg02,train,10.1594/PANGAEA.918814,CC BY 4.0,fixed-wing UAV,2020-02-27 15:56:10+00:00,212.0,65.03323,24.53836,41.68,384084.252214013,7214415.83456763,-409.8956752899685,-494.22456004004925,-7.75,-408.9140994914112,-494.0979736443497,-7.313203463203454,-7.271582963096819,-3.2747711447083816,0.06714285714285761,-0.7765985974642149,-0.49911441503687115,-0.04128787878787832,7.9749636262126335,7.9752462659581775,245.7554902190082,-0.9364122532217728,0.4823735413967259,996.94,-1.85,78.9,False
HAOS / PANGAEA,HAOS_Flight_01,HAOS_Flight_01_seg02,train,10.1594/PANGAEA.918814,CC BY 4.0,fixed-wing UAV,2020-02-27 15:56:11+00:00,213.0,65.0332,24.53821,41.76,384077.11643091,7214412.35819028,-417.0314583929721,-497.70093738939613,-7.670000000000002,-416.8032220253016,-497.73243822965264,-7.238701298701288,-8.464613741877656,-3.9614061766537816,-0.03941558441558346,-1.0280833964628187,-0.7016208685704726,-0.1144805194805194,9.345716917155944,9.345800034449145,244.92058952024303,-1.1949867553802331,-0.24164366032404155,996.93,-1.82,78.92,False
HAOS / PANGAEA,HAOS_Flight_01,HAOS_Flight_01_seg02,train,10.1594/PANGAEA.918814,CC BY 4.0,fixed-wing UAV,2020-02-27 15:56:12+00:00,214.0,65.03316,24.53806,42.82,384070.097103726,7214408.2719001,-424.0507855769829,-501.78722757007927,-6.609999999999999,-425.8433269751665,-502.02078599765724,-7.392034632034621,-9.327749756022456,-4.678012881849327,-0.1618181818181812,-0.43778322858491947,-0.7987785510501197,-0.05025974025974067,10.435071635294376,10.436326228979821,243.36551670824775,-2.8401420991271804,-0.8884228226258534,996.79,-1.87,78.94,False
HAOS / PANGAEA,HAOS_Flight_01,HAOS_Flight_01_seg02,train,10.1594/PANGAEA.918814,CC BY 4.0,fixed-wing UAV,2020-02-27 15:56:13+00:00,215.0,65.03312,24.53791,41.68,384062.698844796,7214404.03117266,-431.44904450699687,-506.027955009602,-7.75,-435.4587215373465,-507.0884639933513,-7.562337662337651,-9.340180199047495,-5.558963278754021,-0.1399350649350648,0.6330550895515898,-0.9075961746617907,0.0066017316017314975,10.869270393417148,10.870171144357062,239.24030532198867,-6.107520222576964,-0.7376066106070465,996.94,-1.82,79.33,False
HAOS / PANGAEA,HAOS_Flight_01,HAOS_Flight_01_seg02,train,10.1594/PANGAEA.918814,CC BY 4.0,fixed-wing UAV,2020-02-27 15:56:14+00:00,216.0,65.03304,24.53758,42.06,384047.008169926,7214395.78319043,-447.1397193769808,-514.2759372396395,-7.369999999999997,-444.5236873732615,-513.1387125551653,-7.6719047619047505,-8.061639576919276,-6.493205231172908,-0.1486147186147182,1.9730090053963067,-0.8679496560526019,-0.0276406926406918,10.351412794506961,10.35247956660004,231.15047626309382,-11.379676741385714,-0.8225361454304633,996.89,-1.86,78.93,False
HAOS / PANGAEA,HAOS_Flight_01,HAOS_Flight_01_seg02,train,10.1594/PANGAEA.918814,CC BY 4.0,fixed-wing UAV,2020-02-27 15:56:15+00:00,217.0,65.03299,24.53745,41.0,384040.329761478,7214390.27556075,-453.8181278249831,-519.7835669200867,-8.43,-451.58200069118504,-520.0748744556971,-7.859567099567087,-5.394162188254882,-7.294862590859225,-0.1952164502164484,3.21139235652484,-0.6817846911429228,0.0384415584415585,9.07259642730327,9.074696435426983,216.48095183921723,-19.684011125671457,-1.2326518734247645,997.03,-1.82,79.02,False
HAOS / PANGAEA,HAOS_Flight_01,HAOS_Flight_01_seg02,train,10.1594/PANGAEA.918814,CC BY 4.0,fixed-wing UAV,2020-02-27 15:56:16+00:00,218.0,65.03292,24.53739,41.38,384037.549411362,7214382.75818475,-456.5984779410064,-527.3009429201484,-8.049999999999997,-455.3120117497713,-527.7284377368837,-8.062337662337647,-1.6388548638695966,-7.856774613458754,-0.0717316017316012,4.018398865983187,-0.3774364524091425,0.09821428571428426,8.025880175502184,8.026200721026479,191.7824540117509,-27.327682474859827,-0.5120695200379144,996.98,-1.85,78.5,False
HAOS / PANGAEA,HAOS_Flight_01,HAOS_Flight_01_seg02,train,10.1594/PANGAEA.918814,CC BY 4.0,fixed-wing UAV,2020-02-27 15:56:17+00:00,219.0,65.03284,24.53744,41.45,384039.235214759,7214374.15497278,-454.91267454397166,-535.9041548902169,-7.979999999999997,-454.85971041892424,-535.7884236826146,-8.00303030303029,2.642635543711492,-8.04973549567751,0.0012121212121201097,3.638714381944922,-0.2066200217574874,-0.004437229437229462,8.47241194508729,8.472412031794464,161.82558688949757,-23.034494150974634,0.008197126118165312,996.97,-1.87,78.68,False
HAOS / PANGAEA,HAOS_Flight_01,HAOS_Flight_01_seg02,train,10.1594/PANGAEA.918814,CC BY 4.0,fixed-wing UAV,2020-02-27 15:56:18+00:00,220.0,65.03277,24.53755,41.6,384044.365559628,7214365.90417237,-449.7823296749848,-544.1549552995712,-7.829999999999998,-450.0267406623483,-543.8279087282388,-8.059913419913407,5.638573900020248,-8.270014656973729,-0.08060606060606013,2.166144085301653,-0.19400338184198063,-0.0538528138528136,10.009328551533807,10.009653110350841,145.71346570980165,-10.701938012742065,-0.4613983064206143,996.95,-1.87,79.05,False
HAOS / PANGAEA,HAOS_Flight_01,HAOS_Flight_01_seg02,train,10.1594/PANGAEA.918814,CC BY 4.0,fixed-wing UAV,2020-02-27 15:56:19+00:00,221.0,65.0327,24.5377,41.38,384051.014552758,7214357.58726392,-443.1333365449682,-552.471863749437,-8.049999999999997,-443.58256261888374,-552.3284529965621,-8.16424242424241,6.974923714314798,-8.437742259361471,-0.10649350649350708,0.9531709445292336,-0.04714321606041949,2.1645021644367546e-05,10.947376638077515,10.947894597722918,140.42171086401345,-3.8825599178067787,-0.5573422944845196,996.98,-1.81,79.0,False
HAOS / PANGAEA,HAOS_Flight_01,HAOS_Flight_01_seg02,train,10.1594/PANGAEA.918814,CC BY 4.0,fixed-wing UAV,2020-02-27 15:56:20+00:00,222.0,65.03263,24.53786,41.15,384058.302862499,7214349.44512836,-435.8450268039596,-560.6139993099496,-8.280000000000001,-436.0768932337187,-560.7033932469617,-8.272900432900421,7.544915789078715,-8.364301089094567,-0.08056277056277139,0.23926937550454852,-0.0924234556233614,0.024426406926406852,11.264425727631119,11.26471381497633,137.94834587418808,-0.6311064078142536,-0.40977038253249176,997.01,-1.8,78.84,False
HAOS / PANGAEA,HAOS_Flight_01,HAOS_Flight_01_seg02,train,10.1594/PANGAEA.918814,CC BY 4.0,fixed-wing UAV,2020-02-27 15:56:21+00:00,223.0,65.03255,24.53803,40.92,384065.848750022,7214341.02714556,-428.2991392809781,-569.0319821098819,-8.509999999999998,-428.4927310407263,-569.0570551747512,-8.325367965367953,7.453462465323895,-8.622589170608194,-0.05764069264069338,-0.26878862786166735,-0.21332735718669937,0.04014069264069242,11.397506162625307,11.397651915045042,139.15949804838493,1.746517670448611,-0.28975990132762813,997.04,-1.81,78.54,False
HAOS / PANGAEA,HAOS_Flight_01,HAOS_Flight_01_seg02,train,10.1594/PANGAEA.918814,CC BY 4.0,fixed-wing UAV,2020-02-27 15:56:22+00:00,224.0,65.03248,24.53819,40.62,384073.173161958,7214332.65407032,-420.97472734499024,-577.4050573501736,-8.810000000000002,-421.1699683030709,-577.9485715881781,-8.388181818181808,7.00733853335538,-8.790955803467966,-0.00028138528138654806,-0.7437626938857704,0.18056340324812936,0.14888528138528168,11.242050402821286,11.242050406342782,141.4413812150853,2.5029620024504564,-0.0014340968470607026,997.08,-1.85,78.45,False
HAOS / PANGAEA,HAOS_Flight_01,HAOS_Flight_01_seg02,train,10.1594/PANGAEA.918814,CC BY 4.0,fixed-wing UAV,2020-02-27 15:56:23+00:00,225.0,65.0324,24.53834,41.76,384079.753743117,7214323.94344627,-414.3941461860086,-586.1156813995913,-7.670000000000002,-414.47805397401555,-586.6389667816871,-8.325930735930726,5.965937077552354,-8.261462364111935,0.24012987012986997,-1.0537476935133157,0.6363948612097374,0.1453030303030307,10.190395753205657,10.193224610567574,144.16542205328585,2.732485549291055,1.3498869613817508,996.93,-1.86,78.33,False
HAOS / PANGAEA,HAOS_Flight_01,HAOS_Flight_01_seg02,train,10.1594/PANGAEA.918814,CC BY 4.0,fixed-wing UAV,2020-02-27 15:56:24+00:00,226.0,65.03233,24.53847,41.3,384085.590717099,7214315.26159454,-408.55717220396036,-594.7975331293419,-8.130000000000003,-409.2380941479662,-594.471496316402,-7.907922077922068,4.899843146328749,-7.518166081048491,0.2903246753246749,-0.568553518141826,0.7314520713387651,-0.07699134199134194,8.973922446781721,8.978617515962867,146.9063523136674,0.22472046653271555,1.8529889068678376,996.99,-1.88,78.82,False
HAOS / PANGAEA,HAOS_Flight_01,HAOS_Flight_01_seg02,train,10.1594/PANGAEA.918814,CC BY 4.0,fixed-wing UAV,2020-02-27 15:56:25+00:00,227.0,65.03225,24.53859,41.3,384091.13580556,7214306.72588458,-403.0120837430004,-603.3332430897281,-8.130000000000003,-404.67836768135805,-601.6752989437841,-7.745281385281376,4.828830041268702,-6.798558221434405,0.08614718614718608,0.703895462447548,0.9289344708662668,-0.1885173160173157,8.3389443850941,8.339389353865997,144.61486298635128,-7.501211750567111,0.5918848208319922,996.99,-1.88,78.82,False
HAOS / PANGAEA,HAOS_Flight_01,HAOS_Flight_01_seg02,train,10.1594/PANGAEA.918814,CC BY 4.0,fixed-wing UAV,2020-02-27 15:56:26+00:00,228.0,65.03221500000001,24.538674999999998,41.91,384094.86330012546,7214302.734395484,-399.2845891775214,-607.3247321853414,-7.520000000000003,-399.5804340654288,-608.0686127592708,-7.735627705627696,6.307634071223845,-5.660297139315958,-0.08670995670995651,1.8477095128954488,1.4070696068838515,-0.12191558441558437,8.474975591812186,8.475419157682111,131.9039288125332,-14.781227892760912,-0.5861894427076026,996.9100000000001,-1.8599999999999999,78.69,True
HAOS / PANGAEA,HAOS_Flight_01,HAOS_Flight_01_seg02,train,10.1594/PANGAEA.918814,CC BY 4.0,fixed-wing UAV,2020-02-27 15:56:27+00:00,229.0,65.03218,24.53876,42.52,384098.590794691,7214298.74290639,-395.5570946119842,-611.3162212800235,-6.909999999999997,-392.06309953891036,-612.995893222416,-7.918701298701289,8.5242490670596,-3.984419007666702,-0.15768398268398265,1.7971552140883063,1.61415341418558,0.06401515151515169,9.40948547934063,9.410806619217997,115.05240720082946,-14.052402428253519,-0.960071742040381,996.83,-1.84,78.56,False
HAOS / PANGAEA,HAOS_Flight_01,HAOS_Flight_01_seg02,train,10.1594/PANGAEA.918814,CC BY 4.0,fixed-wing UAV,2020-02-27 15:56:28+00:00,230.0,65.03214,24.53899,40.62,384109.282894826,7214293.06753806,-384.8649944769568,-616.9915896095335,-8.810000000000002,-382.5319359313096,-616.0374507746042,-8.050995670995661,9.901944499400457,-2.431990310944798,0.04132034632034687,1.1894977439181673,1.4512861075658066,0.15194805194805205,10.196228799989552,10.196312525259138,103.79912395602616,-9.692962942897104,0.23219060090468602,997.08,-1.82,78.79,False
HAOS / PANGAEA,HAOS_Flight_01,HAOS_Flight_01_seg02,train,10.1594/PANGAEA.918814,CC BY 4.0,fixed-wing UAV,2020-02-27 15:56:29+00:00,231.0,65.03213,24.53928,41.23,384122.907999171,7214291.20221096,-371.239890131983,-618.856916709803,-8.200000000000003,-372.25921054010945,-617.8598738443056,-7.836060606060595,10.903244554895934,-1.0818467925350888,0.14621212121212146,0.9893630715579036,1.7554628327145565,0.034307359307359286,10.956784852610108,10.957760368377093,95.66648131503524,-9.494084462997815,0.7645345202037552,997.0,-1.82,78.79,False
HAOS / PANGAEA,HAOS_Flight_01,HAOS_Flight_01_seg02,train,10.1594/PANGAEA.918814,CC BY 4.0,fixed-wing UAV,2020-02-27 15:56:30+00:00,232.0,65.03215,24.5396,41.49,384137.989896051,7214292.76071417,-356.1579932519817,-617.2984135001898,-7.939999999999998,-360.7254468215177,-618.2011443596743,-7.758571428571418,11.880670642516264,1.0789353544843152,0.10993506493506544,0.5501372837663041,2.6557404266375784,0.015508658008658305,11.929561451080422,11.93006798528853,84.81095503003053,-12.538607379955039,0.5279856239619919,996.97,-1.82,78.61,False
HAOS / PANGAEA,HAOS_Flight_01,HAOS_Flight_01_seg02,train,10.1594/PANGAEA.918814,CC BY 4.0,fixed-wing UAV,2020-02-27 15:56:31+00:00,233.0,65.03217,24.53976,41.76,384145.817778181,7214295.53449559,-348.33011112199165,-614.5246320795268,-7.670000000000002,-348.4978692550769,-615.702003135337,-7.616190476190464,12.003519122428543,4.229634060740068,0.17722943722943807,-0.09319679217387034,3.194166138563645,-0.06160173160173166,12.726911471770368,12.728145422004765,70.58926655512516,-13.685414078241196,0.7978245520268993,996.93,-1.81,78.43,False
HAOS / PANGAEA,HAOS_Flight_01,HAOS_Flight_01_seg02,train,10.1594/PANGAEA.918814,CC BY 4.0,fixed-wing UAV,2020-02-27 15:56:32+00:00,234.0,65.0322,24.53992,43.27,384153.645723743,7214298.30832539,-340.5021655599703,-611.75080227945,-6.159999999999997,-336.71840857666064,-609.7418762381942,-7.404112554112542,11.694277058168524,7.467267631611605,-0.013268398268397874,-0.09101945383196153,3.0725187852140152,-0.17262987012987008,13.875020785401405,13.875027129548744,57.44012687354814,-10.929919935455818,-0.054790764042960786,996.73,-1.9,78.92,False
HAOS / PANGAEA,HAOS_Flight_01,HAOS_Flight_01_seg02,train,10.1594/PANGAEA.918814,CC BY 4.0,fixed-wing UAV,2020-02-27 15:56:33+00:00,235.0,65.03229,24.54024,41.45,384168.820315411,7214307.99055365,-325.32757389196195,-602.0685740197077,-7.979999999999997,-325.1093151387399,-600.7674678721138,-7.64272727272726,11.82148021476462,10.374671631168098,-0.1680303030303021,0.5119071629404175,2.7233027517684434,-0.034989177489177514,15.72835674578357,15.729254276836267,48.729426684213536,-6.4388771350647005,-0.6120830744025828,996.97,-1.88,78.4,False
HAOS / PANGAEA,HAOS_Flight_01,HAOS_Flight_01_seg02,train,10.1594/PANGAEA.918814,CC BY 4.0,fixed-wing UAV,2020-02-27 15:56:34+00:00,236.0,65.03241,24.54052,41.45,384182.754952085,7214320.85595024,-311.3929372180137,-589.2031774297357,-7.979999999999997,-313.0754481471314,-588.992532975858,-7.740173160173146,12.718091384049359,12.913873135148492,-0.0832467532467529,0.8590516889845219,2.10482582362323,0.06130952380952315,18.125064628953478,18.125255800282286,44.56237260341874,-2.928428696607511,-0.26315239028005744,996.97,-1.87,78.77,False
HAOS / PANGAEA,HAOS_Flight_01,HAOS_Flight_01_seg02,train,10.1594/PANGAEA.918814,CC BY 4.0,fixed-wing UAV,2020-02-27 15:56:35+00:00,237.0,65.03255,24.54078,41.07,384195.330723211,7214335.60063002,-298.81716609199066,-574.45849764999,-8.36,-299.67313237064116,-574.9397216018168,-7.809220779220766,13.539583592733663,14.584323278414558,-0.04541125541125579,0.3819414326891746,0.8965957735461529,0.1333116883116876,19.900321840460958,19.9003736531766,42.87256929099851,-1.025435340138755,-0.13074505940878017,997.02,-1.8,78.61,False
HAOS / PANGAEA,HAOS_Flight_01,HAOS_Flight_01_seg02,train,10.1594/PANGAEA.918814,CC BY 4.0,fixed-wing UAV,2020-02-27 15:56:36+00:00,238.0,65.03269,24.54102,41.53,384207.56167173,7214350.91096013,-286.5862175729708,-559.1481675393879,-7.899999999999999,-285.99628096166407,-559.8238864190289,-7.830995670995658,13.481974249427708,14.707064682240798,0.1833766233766223,0.06967309385930776,-0.42026107987481964,0.17818181818181777,19.951475665470124,19.95231836694291,42.511501923141225,0.9959459012801805,0.5265981782022675,996.96,-1.84,78.75,False
HAOS / PANGAEA,HAOS_Flight_01,HAOS_Flight_01_seg02,train,10.1594/PANGAEA.918814,CC BY 4.0,fixed-wing UAV,2020-02-27 15:56:37+00:00,239.0,65.03282,24.5413,42.59,384220.931904412,7214365.25557357,-273.21598489099415,-544.8035540999845,-6.839999999999996,-272.70918387178574,-545.5255922373352,-7.442467532467521,13.678929780452279,13.74380111866492,0.31095238095237976,0.5293513982520466,-1.0730336716719364,0.042738095238095575,19.390853233624334,19.393346294829556,44.86446109355887,3.333164153441428,0.9187183205755912,996.82,-1.83,79.0,False
HAOS / PANGAEA,HAOS_Flight_01,HAOS_Flight_01_seg02,train,10.1594/PANGAEA.918814,CC BY 4.0,fixed-wing UAV,2020-02-27 15:56:38+00:00,240.0,65.03294,24.54159,42.29,384235.369548299,7214378.12760543,-258.7783410039847,-531.9315222399309,-7.140000000000001,-258.6384214007595,-532.336284181699,-7.209090909090898,14.540677045931801,12.560997338896925,0.26885281385281345,0.45496586728414457,-1.3437239617135646,-0.10414502164502104,19.214836535913168,19.216717329902632,49.177830230024085,3.9892049886435643,0.801626721552365,996.86,-1.88,78.54,False
HAOS / PANGAEA,HAOS_Flight_01,HAOS_Flight_01_seg02,train,10.1594/PANGAEA.918814,CC BY 4.0,fixed-wing UAV,2020-02-27 15:56:39+00:00,241.0,65.03305,24.54191,42.29,384250.586597332,7214389.70214834,-243.5612919710111,-520.3569793300703,-7.140000000000001,-243.62782977992214,-520.4035975595414,-6.904761904761894,14.588861515020568,11.05635319523779,0.10266233766233768,0.5951230218948425,-0.9951113285153639,-0.17059523809523758,18.30513114627407,18.305419029289315,52.842871070846,3.461043414258173,0.32133378040306665,996.86,-1.88,78.54,False
HAOS / PANGAEA,HAOS_Flight_01,HAOS_Flight_01_seg02,train,10.1594/PANGAEA.918814,CC BY 4.0,fixed-wing UAV,2020-02-27 15:56:40+00:00,242.0,65.03316,24.54223,42.29,384266.34719484,7214400.4391704,-227.80069446295965,-509.6199572701007,-7.140000000000001,-229.46069837071838,-510.2235777912235,-7.003766233766223,15.730923089721486,10.570774681866197,-0.0723376623376617,1.9204622219953151,0.08529622808251247,-0.0855735930735928,18.95265729731628,18.952795344405228,56.09991705854043,2.904222096348295,-0.21868292984370355,996.86,-1.89,78.96,False
HAOS / PANGAEA,HAOS_Flight_01,HAOS_Flight_01_seg02,train,10.1594/PANGAEA.918814,CC BY 4.0,fixed-wing UAV,2020-02-27 15:56:41+00:00,243.0,65.03325,24.54257,42.52,384282.566962941,7214410.85967211,-211.58092636195943,-499.199455560185,-6.909999999999997,-212.16598360047917,-499.262048195809,-7.049437229437218,18.4297859590112,11.226945651402815,-0.06848484848484793,2.2770233477846347,0.5227496035455346,-0.036915584415584846,21.58011397454886,21.58022264317472,58.651315263542585,2.051145206088278,-0.18182849315360375,996.83,-1.89,79.13,False
HAOS / PANGAEA,HAOS_Flight_01,HAOS_Flight_01_seg02,train,10.1594/PANGAEA.918814,CC BY 4.0,fixed-wing UAV,2020-02-27 15:56:42+00:00,244.0,65.03335,24.54291,42.59,384299.108322237,7214420.87586777,-195.0395670660073,-489.183259899728,-6.839999999999996,-192.60112645269598,-487.76968648841785,-7.140735930735919,20.284969785290755,11.616273888957267,-0.1461688311688314,1.440928044280973,0.23882943707481274,-0.06616883116883177,23.37558166663301,23.376038663140392,60.202207470716985,1.2862881531515005,-0.35826907283123643,996.82,-1.85,78.94,False
HAOS / PANGAEA,HAOS_Flight_01,HAOS_Flight_01_seg02,train,10.1594/PANGAEA.918814,CC BY 4.0,fixed-wing UAV,2020-02-27 15:56:43+00:00,245.0,65.03345,24.54326,41.6,384315.955722721,7214430.97629205,-178.19216658198275,-479.08283561933786,-7.829999999999998,-171.59604402989766,-476.02950041789444,-7.341774891774881,21.311642047573145,11.70460452555244,-0.20082251082251146,0.6065446799101366,-0.08278423776141608,-0.03641774891774885,24.314272636940434,24.315101964505995,61.22389156984559,0.8781427631154176,-0.47322084590918867,996.95,-1.81,78.76,False
HAOS / PANGAEA,HAOS_Flight_01,HAOS_Flight_01_seg02,train,10.1594/PANGAEA.918814,CC BY 4.0,fixed-wing UAV,2020-02-27 15:56:44+00:00,246.0,65.03362,24.54398,42.44,384350.681155685,7214449.21374984,-143.46673361799913,-460.84537782985717,-6.990000000000002,-149.9778423575497,-464.36047743731297,-7.542380952380942,21.49805914511103,11.450705413434434,-0.2190043290043291,-0.24285148643391352,-0.43536423905590027,0.039437229437229826,24.35744653020814,24.358431073615378,61.958492996947825,0.6460877866809352,-0.5151478258749058,996.84,-1.89,79.05,False
HAOS / PANGAEA,HAOS_Flight_01,HAOS_Flight_01_seg02,train,10.1594/PANGAEA.918814,CC BY 4.0,fixed-wing UAV,2020-02-27 15:56:45+00:00,247.0,65.03371,24.54434,41.23,384368.02470779,7214457.92754577,-126.12318151298678,-452.13158189971,-8.200000000000003,-128.5999257396756,-453.12808959102557,-7.779783549783539,20.825939074705317,10.83387604744064,-0.1219480519480518,-1.100057486704955,-0.8134040974828309,0.09834415584415579,23.475361734266116,23.475678475435377,62.516067143207465,0.5312402671602613,-0.29763314947548475,997.0,-1.85,78.78,False
HAOS / PANGAEA,HAOS_Flight_01,HAOS_Flight_01_seg02,train,10.1594/PANGAEA.918814,CC BY 4.0,fixed-wing UAV,2020-02-27 15:56:46+00:00,248.0,65.03379,24.5447,41.53,384385.343678439,7214466.88367824,-108.80421086400747,-443.1754494300112,-7.899999999999999,-108.32596420813906,-442.6927253424317,-7.786277056277045,19.29794417170112,9.823897218468773,-0.02231601731601751,-1.940503830645028,-1.1844123546820242,-0.0008116883116882079,21.654551618842902,21.65456311768401,63.02097353126834,0.469470656263045,-0.05904593074077911,996.96,-1.85,78.65,False
HAOS / PANGAEA,HAOS_Flight_01,HAOS_Flight_01_seg02,train,10.1594/PANGAEA.918814,CC BY 4.0,fixed-wing UAV,2020-02-27 15:56:47+00:00,249.0,65.03388,24.54506,41.68,384402.617715747,7214475.86061666,-91.53017355600605,-434.1985110100359,-7.75,-90.00403739627336,-433.480295154088,-7.824415584415574,16.94493141341526,8.465051338076591,-0.12357142857142822,-1.4914112123713608,-0.8749923978123917,-0.005432900432899901,18.941694611666076,18.942097683719687,63.45500845573355,0.3247317947804866,-0.3737796976810947,996.94,-1.85,78.97,False
HAOS / PANGAEA,HAOS_Flight_01,HAOS_Flight_01_seg02,train,10.1594/PANGAEA.918814,CC BY 4.0,fixed-wing UAV,2020-02-27 15:56:48+00:00,250.0,65.03396,24.54542,41.53,384419.751096427,7214484.54828752,-74.3967928760103,-425.51084014959633,-7.899999999999999,-74.43610138130853,-425.7626226662785,-8.033419913419902,16.315121746958397,8.07391242284399,-0.03318181818181731,0.23251948450260862,0.08202087775464406,0.03583333333333316,18.203605671125413,18.20363591326983,63.67043712082932,0.09004787963868874,-0.10443953066694417,996.96,-1.88,78.91,False
HAOS / PANGAEA,HAOS_Flight_01,HAOS_Flight_01_seg02,train,10.1594/PANGAEA.918814,CC BY 4.0,fixed-wing UAV,2020-02-27 15:56:49+00:00,251.0,65.03404,24.54577,41.83,384436.748045665,7214492.87814381,-57.39984363800613,-417.18098386004567,-7.600000000000001,-57.37379390235657,-417.33247030840005,-7.8907792207792085,17.40997038242048,8.62909309358588,-0.0519047619047619,0.5813944722326454,0.34311436992581434,-0.12104978354978346,19.431117217868092,19.431186542227373,63.63510421501093,-0.14551106629707342,-0.15304918842661636,996.92,-1.88,79.07,False
HAOS / PANGAEA,HAOS_Flight_01,HAOS_Flight_01_seg02,train,10.1594/PANGAEA.918814,CC BY 4.0,fixed-wing UAV,2020-02-27 15:56:50+00:00,252.0,65.03412,24.54612,40.77,384453.739953561,7214501.01653265,-40.40793574199779,-409.04259501956403,-8.659999999999997,-39.616160616467575,-408.50443647910674,-8.137229437229426,17.477910691423688,8.760141162695618,-0.27528138528138424,-0.6605761851945928,-0.19286377311914293,-0.08902597402597401,19.550381973959908,19.552319943393393,63.37941498823517,-0.3820846100443294,-0.8067064536789607,997.06,-1.87,79.16,False
HAOS / PANGAEA,HAOS_Flight_01,HAOS_Flight_01_seg02,train,10.1594/PANGAEA.918814,CC BY 4.0,fixed-wing UAV,2020-02-27 15:56:51+00:00,253.0,65.0342,24.54648,41.15,384470.72838183,7214509.40647325,-23.419507473008707,-400.6526544196531,-8.280000000000001,-22.41797251950919,-399.8121879830088,-8.441341991341977,16.088818012031293,8.243365547347594,-0.22995670995670991,-1.4225776990497234,-0.5013553625692282,0.058777056277055095,18.07769732492111,18.079159843862048,62.870934994922266,-0.6546662603416571,-0.7287896316249235,997.01,-1.87,79.23,False
HAOS / PANGAEA,HAOS_Flight_01,HAOS_Flight_01_seg02,train,10.1594/PANGAEA.918814,CC BY 4.0,fixed-wing UAV,2020-02-27 15:56:52+00:00,254.0,65.03429,24.54683,41.38,384487.625877563,7214518.33548179,-6.522011739958543,-391.72364587988704,-8.049999999999997,-7.43852459240499,-392.01770538441156,-8.597142857142845,14.63275529332424,7.757430437557161,-0.15772727272727405,-1.2105491557305914,-0.3892952548934545,0.11491341991342008,16.56186144332354,16.562612485969986,62.070082467551856,-0.7562897894121124,-0.5456411933434588,996.98,-1.86,79.04,False
HAOS / PANGAEA,HAOS_Flight_01,HAOS_Flight_01_seg02,train,10.1594/PANGAEA.918814,CC BY 4.0,fixed-wing UAV,2020-02-27 15:56:53+00:00,255.0,65.03438,24.54718,40.09,384504.542289618,7214527.73615282,10.394400315009989,-382.3229748494923,-9.339999999999996,6.847538067139293,-384.2973271078945,-8.756796536796525,13.66771970057011,7.464775037560685,-0.000129870129869758,-1.3378237121375873,-0.5826421494644052,0.15333333333333377,15.573356355479106,15.573356356020614,61.35835541609805,-0.4693691448365455,-0.00047780389508409284,997.15,-1.92,79.06,False
HAOS / PANGAEA,HAOS_Flight_01,HAOS_Flight_01_seg02,train,10.1594/PANGAEA.918814,CC BY 4.0,fixed-wing UAV,2020-02-27 15:56:54+00:00,256.0,65.034425,24.547355,40.66,384513.013325321,7214532.498838825,18.865436018037144,-377.5602888446301,-8.770000000000003,19.89691480873523,-377.0881553092902,-8.597402597402585,11.957107869049066,6.592146138628351,0.14893939393939348,-1.5700812776449764,-0.8807447609951282,0.1088095238095228,13.653893924632188,13.654706230753366,61.13134417787876,0.09755133693590705,0.6249689853787521,997.075,-1.9,79.09,True
HAOS / PANGAEA,HAOS_Flight_01,HAOS_Flight_01_seg02,train,10.1594/PANGAEA.918814,CC BY 4.0,fixed-wing UAV,2020-02-27 15:56:55+00:00,257.0,65.03447,24.54753,41.23,384521.484361024,7214537.26152483,27.33647172100609,-372.79760283976793,-8.200000000000003,30.761753805237426,-371.1130348306378,-8.458917748917738,10.527557145280158,5.703285515570428,0.21748917748917584,-1.078400679614778,-0.6956012735417403,0.11648268398268335,11.973175231293274,11.97515038158518,61.553458089969865,0.45706213189137684,1.0406463981399745,997.0,-1.88,79.12,False
HAOS / PANGAEA,HAOS_Flight_01,HAOS_Flight_01_seg02,train,10.1594/PANGAEA.918814,CC BY 4.0,fixed-wing UAV,2020-02-27 15:56:56+00:00,258.0,65.03456,24.54788,41.07,384538.501825302,7214546.35559505,44.353935999039095,-363.7035326194018,-8.36,40.952029099295544,-365.68158427814933,-8.162424242424233,9.80030650981951,5.2009435915448705,0.3819047619047602,0.6499553198181003,0.24917178216504965,0.06216450216450298,11.094855651555019,11.101426627961285,62.04546844166151,0.3883330286257427,1.9714447559419033,997.02,-1.86,79.01,False
HAOS / PANGAEA,HAOS_Flight_01,HAOS_Flight_01_seg02,train,10.1594/PANGAEA.918814,CC BY 4.0,fixed-wing UAV,2020-02-27 15:56:57+00:00,259.0,65.0346,24.54806,41.91,384547.073392244,7214550.63481394,52.92550294101238,-359.4243137296289,-7.520000000000003,50.362366824876446,-360.71114764754805,-7.695108225108218,11.827467784916358,6.201629079900528,0.3418181818181818,2.9910276315185147,1.508627334773891,-0.16351731601731512,13.354744379728956,13.359118126482887,62.33012414722134,0.22380877616376016,1.4661803726447344,996.91,-1.88,79.74,False
HAOS / PANGAEA,HAOS_Flight_01,HAOS_Flight_01_seg02,train,10.1594/PANGAEA.918814,CC BY 4.0,fixed-wing UAV,2020-02-27 15:56:58+00:00,260.0,65.03464,24.54824,41.91,384555.644847752,7214554.9140143,61.49695844901726,-355.14511336945,-7.520000000000003,64.60696466912826,-353.2783261183483,-7.47878787878787,15.78236177285654,8.218198261092653,0.05487012987012996,3.170944933970979,1.6285801322181044,-0.23930735930735914,17.79386764556682,17.793952245611475,62.49308599398904,0.08441638263366133,0.17667979557734098,996.91,-1.88,79.34,False
HAOS / PANGAEA,HAOS_Flight_01,HAOS_Flight_01_seg02,train,10.1594/PANGAEA.918814,CC BY 4.0,fixed-wing UAV,2020-02-27 15:56:59+00:00,261.0,65.03473,24.5486,41.98,384572.798743079,7214564.02126948,78.65085377602372,-346.03785819001496,-7.450000000000003,81.92709037058953,-344.27475112536274,-7.585367965367958,18.169357652858316,9.458789344336736,-0.13679653679653647,2.225926605505112,1.1944494263150318,-0.092662337662337,20.4839999359993,20.484456709185597,62.498956912488666,-0.07866434386241106,-0.382627793348228,996.9,-1.88,79.23,False
HAOS / PANGAEA,HAOS_Flight_01,HAOS_Flight_01_seg02,train,10.1594/PANGAEA.918814,CC BY 4.0,fixed-wing UAV,2020-02-27 15:57:00+00:00,262.0,65.03482,24.54895,41.91,384589.806904626,7214573.27761641,95.65901532303542,-336.78151126019657,-7.520000000000003,100.9456799748449,-334.3607474296748,-7.752380952380943,20.234214983866764,10.607097113722716,-0.13045454545454405,1.6436542253182829,0.9559089035547714,-0.023571428571428577,22.845874139399506,22.846246597235897,62.33575730626421,-0.20978699791109787,-0.32716689193119525,996.91,-1.87,79.21,False
HAOS / PANGAEA,HAOS_Flight_01,HAOS_Flight_01_seg02,train,10.1594/PANGAEA.918814,CC BY 4.0,fixed-wing UAV,2020-02-27 15:57:01+00:00,263.0,65.03499,24.54966,41.53,384623.834167575,7214590.71760402,129.68627827201271,-319.3415236501023,-7.899999999999999,122.39552033832305,-323.0605568979173,-7.846277056277046,21.456666103494882,11.37060715144628,-0.18393939393939363,0.12942151094065935,0.23629438048993734,-0.05693722943723012,24.283311703089172,24.28400833820542,62.079382916666475,-0.3669383700758131,-0.4339914395608947,996.96,-1.82,79.84,False
HAOS / PANGAEA,HAOS_Flight_01,HAOS_Flight_01_seg02,train,10.1594/PANGAEA.918814,CC BY 4.0,fixed-wing UAV,2020-02-27 15:57:02+00:00,264.0,65.03507,24.55,40.62,384640.428099671,7214599.51988693,146.280210367986,-310.5392407402396,-8.810000000000002,143.85901218183466,-311.61953312678224,-8.12025974025973,20.493058005748082,11.07968587470259,-0.24432900432900428,-1.713657432274772,-0.4537590993114833,-0.006179653679653452,23.29645607188011,23.29773727578273,61.601880566112584,-1.1037684483921144,-0.6008857089832779,997.08,-1.81,79.78,False
HAOS / PANGAEA,HAOS_Flight_01,HAOS_Flight_01_seg02,train,10.1594/PANGAEA.918814,CC BY 4.0,fixed-wing UAV,2020-02-27 15:57:03+00:00,265.0,65.03516,24.55035,41.38,384656.925826978,7214608.3771906,162.77793767501134,-301.6819370696321,-8.049999999999997,163.38163634981922,-300.9011851485121,-8.334935064935054,18.02935123894534,10.463088952823313,-0.19629870129870053,-1.9821461918250307,-0.90425392261551,0.08804112554112553,20.845472806630056,20.846397043903885,59.87184601988224,-0.4452287094299566,-0.5395298431178479,996.98,-1.82,79.28,False
HAOS / PANGAEA,HAOS_Flight_01,HAOS_Flight_01_seg02,train,10.1594/PANGAEA.918814,CC BY 4.0,fixed-wing UAV,2020-02-27 15:57:04+00:00,266.0,65.03524,24.55069,41.76,384673.545987254,7214617.55121034,179.39809795102337,-292.507917329669,-7.670000000000002,179.91771465972533,-290.6933552211356,-8.512857142857131,16.52876562209802,9.27117802947157,-0.06824675324675322,-0.00777636421906891,-1.3984003522558055,0.18867965367965267,18.95138082157619,18.951503704554277,60.711423147252674,3.537292691952133,-0.2063297688112121,996.93,-1.85,78.87,False
HAOS / PANGAEA,HAOS_Flight_01,HAOS_Flight_01_seg02,train,10.1594/PANGAEA.918814,CC BY 4.0,fixed-wing UAV,2020-02-27 15:57:05+00:00,267.0,65.03533,24.55104,40.16,384690.322246524,7214626.73599831,196.17435722099617,-283.32312935963273,-9.270000000000003,196.43916759401526,-282.358829089569,-8.47142857142856,18.0137985105072,7.666288248311702,0.1810606060606048,1.4743002947035322,-1.9858853323294596,0.15356060606060584,19.577254973140477,19.578092226425447,66.9464314037865,7.0339835384321265,0.5298859728884326,997.14,-1.79,79.41,False
HAOS / PANGAEA,HAOS_Flight_01,HAOS_Flight_01_seg02,train,10.1594/PANGAEA.918814,CC BY 4.0,fixed-wing UAV,2020-02-27 15:57:06+00:00,268.0,65.03541,24.55139,41.15,384707.267532306,7214635.37988528,213.11964300303953,-274.67924239020795,-8.280000000000001,215.94531168073974,-275.3607787245122,-8.150735930735921,19.477366211505085,5.299407364812652,0.23887445887445846,0.245218027656108,-3.055039543055784,-0.015454545454544721,20.185428233141614,20.186841604431663,74.77939022411692,9.12314826419512,0.6780068928971567,997.01,-1.8,79.21,False
HAOS / PANGAEA,HAOS_Flight_01,HAOS_Flight_01_seg02,train,10.1594/PANGAEA.918814,CC BY 4.0,fixed-wing UAV,2020-02-27 15:57:07+00:00,269.0,65.03547,24.55174,41.15,384724.108224862,7214640.85988719,229.96033555903705,-269.1992404796183,-8.280000000000001,235.39390001702543,-271.7600143599437,-7.993679653679644,18.504234565819417,1.5562091622001333,0.15015151515151537,-1.8622100125383696,-3.886670515360507,-0.067564935064935,18.56955798675299,18.570165031600663,85.19272793217675,12.07288576448579,0.4632776194865005,997.01,-1.8,79.21,False
HAOS / PANGAEA,HAOS_Flight_01,HAOS_Flight_01_seg02,train,10.1594/PANGAEA.918814,CC BY 4.0,fixed-wing UAV,2020-02-27 15:57:08+00:00,270.0,65.03546,24.55237,41.98,384753.658706942,7214639.16601067,259.51081763900584,-270.89311699941754,-7.450000000000003,252.95378081237857,-272.24836040011195,-7.8504329004328905,15.752946186428346,-2.473933665908362,0.10374458874458847,-3.490678303329858,-3.773674043365105,-0.11595238095238125,15.94602337060316,15.946360847400763,98.9251617530885,16.13936915485309,0.3727602223459928,996.9,-1.85,79.16,False
HAOS / PANGAEA,HAOS_Flight_01,HAOS_Flight_01_seg02,train,10.1594/PANGAEA.918814,CC BY 4.0,fixed-wing UAV,2020-02-27 15:57:09+00:00,271.0,65.03541,24.5526,42.29,384764.017059677,7214633.03395274,269.86917037400417,-277.0251749297604,-7.140000000000001,266.8997923898821,-276.7078816917604,-7.786190476190467,11.5228779591597,-5.991138924530077,-0.08175324675324713,-4.662478776322843,-2.915507336847625,-0.18651515151515108,12.987319279770857,12.987576589497461,117.47146624188292,21.667572844665333,-0.3606636621008136,996.86,-1.89,79.14,False
HAOS / PANGAEA,HAOS_Flight_01,HAOS_Flight_01_seg02,train,10.1594/PANGAEA.918814,CC BY 4.0,fixed-wing UAV,2020-02-27 15:57:10+00:00,272.0,65.03534,24.55274,41.3,384770.556848923,7214624.9563068,276.40895961999195,-285.1028208695352,-8.130000000000003,275.99953673069797,-284.2306382491721,-8.013939393939385,6.427988633782661,-8.304948339603612,-0.2692857142857137,-5.137020625121693,-1.5878200918895686,-0.12741341991341892,10.501961950013143,10.505413823141012,142.26030744241916,27.385300108459603,-1.468826004909652,996.99,-1.82,79.22,False
HAOS / PANGAEA,HAOS_Flight_01,HAOS_Flight_01_seg02,train,10.1594/PANGAEA.918814,CC BY 4.0,fixed-wing UAV,2020-02-27 15:57:11+00:00,273.0,65.03527,24.5528,40.69,384772.832339767,7214616.15851806,278.6844504640321,-293.90060960967094,-8.740000000000002,279.75576965744744,-293.31777837096763,-8.324761904761894,1.2488367089163148,-9.166779108309214,-0.336580086580085,-3.935386809479894,-0.5329710792687621,-0.01153138528138542,9.251455687948313,9.257576275718902,172.24206645880213,23.246240866897985,-2.083576623797945,997.07,-1.78,79.27,False
HAOS / PANGAEA,HAOS_Flight_01,HAOS_Flight_01_seg02,train,10.1594/PANGAEA.918814,CC BY 4.0,fixed-wing UAV,2020-02-27 15:57:12+00:00,274.0,65.03519,24.55279,40.39,384772.332981986,7214607.23019284,278.1850926830084,-302.8289348296821,-9.04,278.4972101485306,-302.56419646579053,-8.687099567099555,-1.442784985177127,-9.370890498141137,-0.2923484848484845,-1.6277595503818247,-0.05509428933032723,0.1320454545454539,9.481308835894145,9.485814929577616,188.75278917621515,9.98171325775249,-1.7661094264189015,997.11,-1.78,78.46,False
HAOS / PANGAEA,HAOS_Flight_01,HAOS_Flight_01_seg02,train,10.1594/PANGAEA.918814,CC BY 4.0,fixed-wing UAV,2020-02-27 15:57:13+00:00,275.0,65.03511,24.55276,41.07,384770.521624296,7214598.39397467,276.373734992987,-311.66515299957246,-8.36,276.8701996870932,-312.0595593672499,-8.909458874458863,-2.0066823918473347,-9.276967686969869,-0.07248917748917716,-0.4146162963442066,0.46122307682838937,0.2297348484848487,9.491517459649602,9.49179426492622,192.2054929743071,3.1497434930360466,-0.43757420240482603,997.02,-1.78,79.14,False
HAOS / PANGAEA,HAOS_Flight_01,HAOS_Flight_01_seg02,train,10.1594/PANGAEA.918814,CC BY 4.0,fixed-wing UAV,2020-02-27 15:57:14+00:00,276.0,65.03502,24.55272,40.47,384768.311515268,7214589.45061335,274.1636259650113,-320.6085143201053,-8.96,274.48384536483593,-321.11813183973027,-8.832077922077909,-2.2720175778655403,-8.448444344484358,0.1671212121212129,-0.04569051362231846,0.9479370080438656,0.16733766233766234,8.748615645688163,8.75021172403963,195.05227616228723,1.831108990107759,1.0943646464007195,997.1,-1.8,79.01,False
HAOS / PANGAEA,HAOS_Flight_01,HAOS_Flight_01_seg02,train,10.1594/PANGAEA.918814,CC BY 4.0,fixed-wing UAV,2020-02-27 15:57:15+00:00,277.0,65.03494,24.55269,40.85,384766.177750441,7214580.59219678,272.0298611380276,-329.4669308895245,-8.579999999999998,272.3261645313621,-328.9564480562186,-8.575216450216438,-2.0980634190919716,-7.381093670882137,0.2621861471861475,0.06396397793625397,0.9130708219360884,0.06876623376623359,7.673487726507957,7.67796558110575,195.86771095452264,1.4440084647586244,1.9569090996260148,997.05,-1.79,78.98,False
HAOS / PANGAEA,HAOS_Flight_01,HAOS_Flight_01_seg02,train,10.1594/PANGAEA.918814,CC BY 4.0,fixed-wing UAV,2020-02-27 15:57:16+00:00,278.0,65.03487,24.55264,40.85,384763.785843933,7214571.96364914,269.6379546300159,-338.0954785300419,-8.579999999999998,270.287718526652,-335.88031918149454,-8.307705627705614,-2.1440896219930323,-6.622302700612181,0.30465367965368007,-0.18285093075070336,0.5881778526631649,0.0771212121212117,6.960748046415243,6.9674118028289485,197.94029309180448,2.89461493959202,2.506086557900659,997.05,-1.79,78.98,False
HAOS / PANGAEA,HAOS_Flight_01,HAOS_Flight_01_seg02,train,10.1594/PANGAEA.918814,CC BY 4.0,fixed-wing UAV,2020-02-27 15:57:17+00:00,279.0,65.03483,24.552615,41.495000000000005,384762.29681396903,7214567.8358103,268.1489246660494,-342.2233173698187,-7.934999999999995,268.03798528737605,-342.201053457443,-7.9659090909090775,-2.4637652805933783,-6.2047379655558075,0.4164285714285709,-0.3398744292823608,0.19932792723091097,0.048701298701298024,6.6759952500782225,6.688970424076416,201.65694083370667,3.2323998855712266,3.569314496455734,996.9649999999999,-1.8050000000000002,79.08500000000001,True
HAOS / PANGAEA,HAOS_Flight_01,HAOS_Flight_01_seg02,train,10.1594/PANGAEA.918814,CC BY 4.0,fixed-wing UAV,2020-02-27 15:57:18+00:00,280.0,65.03479,24.55259,42.14,384760.807784005,7214563.70797146,266.65989470202476,-346.3511562095955,-7.289999999999999,265.36018796546523,-348.28979511260616,-7.474848484848472,-2.823838480557754,-6.223646846150359,0.4020562770562761,-0.1475164501521391,-0.2854190942684056,-0.09224025974025984,6.834313705843186,6.846129788413041,204.40509286294693,0.24882122747466198,3.3667766671944395,996.88,-1.82,79.19,False
HAOS / PANGAEA,HAOS_Flight_01,HAOS_Flight_01_seg02,train,10.1594/PANGAEA.918814,CC BY 4.0,fixed-wing UAV,2020-02-27 15:57:19+00:00,281.0,65.03472,24.55251,42.14,384756.983281821,7214555.87418231,262.8353925180272,-354.1849453598261,-7.289999999999999,262.39030832626054,-354.6483471497437,-7.161796536796525,-2.7587981808976565,-6.775576154092619,0.23194805194805124,0.27266706358524573,-0.9076900567034727,-0.19286796536796502,7.315695429884485,7.319371525044704,202.154583288656,-4.290376313770776,1.8159851179354733,996.88,-1.8,79.0,False
HAOS / PANGAEA,HAOS_Flight_01,HAOS_Flight_01_seg02,train,10.1594/PANGAEA.918814,CC BY 4.0,fixed-wing UAV,2020-02-27 15:57:20+00:00,282.0,65.03465,24.55244,42.67,384753.242599863,7214547.94132745,259.09471055999165,-362.1178002199158,-6.759999999999998,259.8425916036699,-361.8409474207914,-7.01095238095237,-2.2785043533872624,-8.039026959557305,0.01632034632034607,0.5090211388844494,-1.066567617461473,-0.18817099567099538,8.355688873150667,8.355704811600148,195.82434023540537,-5.549168110393545,0.11191007580919941,996.81,-1.85,79.37,False
HAOS / PANGAEA,HAOS_Flight_01,HAOS_Flight_01_seg02,train,10.1594/PANGAEA.918814,CC BY 4.0,fixed-wing UAV,2020-02-27 15:57:21+00:00,283.0,65.03457,24.55239,42.36,384750.605460109,7214539.65560308,256.45757080602925,-370.40352458972484,-7.07,257.833299619486,-370.7264010688583,-7.129155844155833,-1.7407559031287576,-8.908711389015565,-0.14439393939393952,0.6578409930790414,-0.14184140962714764,-0.12536255411255381,9.077189527990106,9.078337917085205,191.0562470678689,-4.612672857140593,-0.9113465761247664,996.85,-1.81,79.31,False
HAOS / PANGAEA,HAOS_Flight_01,HAOS_Flight_01_seg02,train,10.1594/PANGAEA.918814,CC BY 4.0,fixed-wing UAV,2020-02-27 15:57:22+00:00,284.0,65.03449,24.55238,42.06,384749.854810241,7214531.03307148,255.70692093804246,-379.02605619002134,-7.369999999999997,256.3610797974124,-379.6583701988225,-7.299740259740249,-0.9628223672291796,-8.3227097788116,-0.23440476190476156,0.550135865859886,0.8665837182590792,-0.09853896103896065,8.378217290877757,8.381495723650204,186.5989945211242,-2.9777910794534477,-1.6025964074102483,996.89,-1.78,79.26,False
HAOS / PANGAEA,HAOS_Flight_01,HAOS_Flight_01_seg02,train,10.1594/PANGAEA.918814,CC BY 4.0,fixed-wing UAV,2020-02-27 15:57:23+00:00,285.0,65.03442,24.55241,41.68,384750.706466294,7214522.25865121,256.5585769910249,-387.8004764597863,-7.75,255.90765488502765,-387.3718206264815,-7.597965367965356,-0.6404841714089855,-7.1755439524974065,-0.3414718614718608,-0.32105345086168313,1.172045815369188,0.017591991341991076,7.204071833903904,7.212160149374431,185.10066490896202,4.2137495272995755,-2.7137796807078907,996.94,-1.77,79.14,False
HAOS / PANGAEA,HAOS_Flight_01,HAOS_Flight_01_seg02,train,10.1594/PANGAEA.918814,CC BY 4.0,fixed-wing UAV,2020-02-27 15:57:24+00:00,286.0,65.03434,24.55238,41.53,384749.413749685,7214513.98731414,255.26586038200185,-396.0718135293573,-7.899999999999999,255.08011145459443,-394.00945810381734,-7.98268398268397,-1.6049292689525458,-5.978618148073224,-0.1992207792207794,-1.4404863563419497,1.2605194686317276,0.14016233766233732,6.190288597376624,6.193493508326653,195.02649357572335,16.004687895988937,-1.8433020232491537,996.96,-1.76,79.14,False
HAOS / PANGAEA,HAOS_Flight_01,HAOS_Flight_01_seg02,train,10.1594/PANGAEA.918814,CC BY 4.0,fixed-wing UAV,2020-02-27 15:57:25+00:00,287.0,65.03431,24.55233,41.53,384746.671247893,7214510.89527469,252.52335859002778,-399.16385297942907,-7.899999999999999,252.69779634712256,-399.32905692262796,-7.996406926406915,-3.521456884092885,-4.654505015233951,-0.06114718614718617,-2.106089317493236,1.2698300589859457,0.00949134199134205,5.836529407392991,5.8368497069683825,217.1100407009399,22.19138741257577,-0.6002449878841116,996.96,-1.76,79.14,False
HAOS / PANGAEA,HAOS_Flight_01,HAOS_Flight_01_seg02,train,10.1594/PANGAEA.918814,CC BY 4.0,fixed-wing UAV,2020-02-27 15:57:26+00:00,288.0,65.03428,24.55227,40.85,384743.928740574,7214507.80323774,249.78085127100348,-402.255889929831,-8.579999999999998,248.03719768640866,-403.31846813428524,-8.104978354978343,-5.817107903939018,-3.4389580301013325,-0.1802380952380953,-2.1484019293642262,1.034629132943337,-0.1060064935064935,6.757601401301222,6.76000462054896,239.4092684008749,17.296286912695575,-1.5278253008818032,997.05,-1.75,78.84,False
HAOS / PANGAEA,HAOS_Flight_01,HAOS_Flight_01_seg02,train,10.1594/PANGAEA.918814,CC BY 4.0,fixed-wing UAV,2020-02-27 15:57:27+00:00,289.0,65.03425,24.5521,41.23,384735.566404756,7214503.91160167,241.4185154529987,-406.14752599969506,-8.200000000000003,241.06358053924453,-406.2069729828306,-8.356883116883106,-7.818260742821337,-2.5852467493472773,-0.27316017316017316,-1.7523133065362089,0.5555524335795212,0.0382142857142862,8.234603924764803,8.239133345076581,251.70261452633102,8.284708440436656,-1.8999320720965565,997.0,-1.78,79.11,False
HAOS / PANGAEA,HAOS_Flight_01,HAOS_Flight_01_seg02,train,10.1594/PANGAEA.918814,CC BY 4.0,fixed-wing UAV,2020-02-27 15:57:28+00:00,290.0,65.03422,24.5519,41.76,384726.095695966,7214501.23232918,231.9478066629963,-408.8267984893173,-7.670000000000002,232.400676200766,-408.4889616329798,-8.651298701298689,-9.321734517011436,-2.32785316294229,-0.10380952380952291,-1.2683216375726545,0.19901251269695308,0.19437229437229453,9.607998478031876,9.608559266148927,255.9786852817482,3.1851812047554424,-0.6190275917215465,996.93,-1.77,78.97,False
HAOS / PANGAEA,HAOS_Flight_01,HAOS_Flight_01_seg02,train,10.1594/PANGAEA.918814,CC BY 4.0,fixed-wing UAV,2020-02-27 15:57:29+00:00,291.0,65.0342,24.55169,40.24,384716.094243336,7214499.06916536,221.946354033018,-410.9899623095989,-9.189999999999998,222.42011150522166,-410.8626793087152,-8.564502164502152,-10.354904017966646,-2.187221723953371,0.1155844155844159,-0.6358852292653694,0.2448627674544923,0.1222186147186144,10.583382072430124,10.584013220331943,258.0729769358419,2.0888344854631673,0.6257201964692795,997.13,-1.75,78.55,False
HAOS / PANGAEA,HAOS_Flight_01,HAOS_Flight_01_seg02,train,10.1594/PANGAEA.918814,CC BY 4.0,fixed-wing UAV,2020-02-27 15:57:30+00:00,292.0,65.03418,24.55147,40.24,384705.761959167,7214497.30147704,211.61406986403745,-412.7576506296173,-9.189999999999998,211.6908681648327,-412.86340508088654,-8.420129870129857,-10.593504975542174,-1.8381276280333054,0.14062770562770588,0.13595426266424226,0.34941372676507854,0.03508658008657939,10.751793378026576,10.752713006277357,260.15635425267453,1.764993489632185,0.7493554158054391,997.13,-1.75,78.55,False
HAOS / PANGAEA,HAOS_Flight_01,HAOS_Flight_01_seg02,train,10.1594/PANGAEA.918814,CC BY 4.0,fixed-wing UAV,2020-02-27 15:57:31+00:00,293.0,65.03416,24.55125,41.15,384695.303152852,7214495.62294965,201.15526354900794,-414.4361780202016,-8.280000000000001,201.2331015541373,-414.5389345647818,-8.28324675324674,-10.082995492638162,-1.488394270423214,0.18575757575757468,0.18883070594952756,0.03066991975137512,0.09715367965367872,10.192257630613058,10.193950239516644,261.6029639151063,-0.011405440122671131,1.0441206750976098,997.01,-1.74,78.29,False
HAOS / PANGAEA,HAOS_Flight_01,HAOS_Flight_01_seg02,train,10.1594/PANGAEA.918814,CC BY 4.0,fixed-wing UAV,2020-02-27 15:57:32+00:00,294.0,65.03414,24.55103,42.44,384684.975837359,7214493.69361462,190.82794805598678,-416.3655130499974,-6.990000000000002,191.52487717955637,-415.84019362173296,-8.048614718614708,-10.21584356364312,-1.7767877885305552,0.3349350649350633,-0.4185533289247161,-0.6512519095871454,0.0029761904761911318,10.369206071937226,10.374614019809263,260.1335433724292,-2.9697052767162697,1.8500640821611667,996.84,-1.79,79.05,False
HAOS / PANGAEA,HAOS_Flight_01,HAOS_Flight_01_seg02,train,10.1594/PANGAEA.918814,CC BY 4.0,fixed-wing UAV,2020-02-27 15:57:33+00:00,295.0,65.03412,24.55082,41.38,384674.81648473,7214491.69187556,180.66859542700695,-418.3672521095723,-8.049999999999997,180.80141442685107,-418.0925101418429,-7.613376623376613,-10.920102150487594,-2.790898089597505,0.19170995670995694,-0.446526635111951,-1.0210376164999104,-0.23253246753246648,11.27110212550675,11.272732403064685,255.66355336167373,-4.552390111326698,0.9744488348649628,996.98,-1.74,79.01,False
HAOS / PANGAEA,HAOS_Flight_01,HAOS_Flight_01_seg02,train,10.1594/PANGAEA.918814,CC BY 4.0,fixed-wing UAV,2020-02-27 15:57:34+00:00,296.0,65.03409,24.55061,41.83,384664.824224303,7214489.45913975,170.67633500002557,-420.59998791944236,-7.600000000000001,169.68467287858118,-421.421989800928,-7.665194805194794,-11.108896833867021,-3.818863021530376,-0.13012987012986965,-0.01309084977197017,-0.929887603355553,-0.14456709956709934,11.746969977092512,11.747690727364798,251.0287631497758,-4.341203314425013,-0.6346817432492685,996.92,-1.76,79.34,False
HAOS / PANGAEA,HAOS_Flight_01,HAOS_Flight_01_seg02,train,10.1594/PANGAEA.918814,CC BY 4.0,fixed-wing UAV,2020-02-27 15:57:35+00:00,297.0,65.03406,24.55041,41.68,384655.29623434,7214486.54961417,161.14834503701422,-423.50951350014657,-7.75,158.58362075911703,-425.7302361849037,-7.873636363636352,-10.946283850031534,-4.650673296308611,-0.09742424242424175,0.20747530069887432,-0.7449902715645038,0.12620670995670968,11.893270880395317,11.893669901147884,246.98114673282373,-3.7150748212398392,-0.4693303567264269,996.94,-1.78,79.01,False
HAOS / PANGAEA,HAOS_Flight_01,HAOS_Flight_01_seg02,train,10.1594/PANGAEA.918814,CC BY 4.0,fixed-wing UAV,2020-02-27 15:57:36+00:00,298.0,65.03398,24.55007,41.53,384638.759238269,7214477.84752925,144.61134896602016,-432.21159841958433,-7.899999999999999,147.7921051785181,-430.7233363935452,-7.8600432900432775,-10.693946232469273,-5.308843564659384,0.12228354978354972,0.43063816276144706,-0.4587863188285297,0.1277705627705621,11.939192016923469,11.939818226569313,243.59861350729614,-2.942799827979749,0.5868141091850259,996.96,-1.78,79.0,False
HAOS / PANGAEA,HAOS_Flight_01,HAOS_Flight_01_seg02,train,10.1594/PANGAEA.918814,CC BY 4.0,fixed-wing UAV,2020-02-27 15:57:37+00:00,299.0,65.03393,24.5499,41.07,384630.89431056,7214472.95925474,136.74642125703394,-437.0998729299754,-8.36,137.19572829417848,-436.34792331422244,-7.629069264069253,-10.08500752450864,-5.56824593396567,0.15811688311688243,1.059612463108781,0.1526874793558335,0.034258658008657905,11.520101542543847,11.521186592501994,241.09554707686422,-1.93138341216773,0.7863525524917637,997.02,-1.77,78.75,False
HAOS / PANGAEA,HAOS_Flight_01,HAOS_Flight_01_seg02,train,10.1594/PANGAEA.918814,CC BY 4.0,fixed-wing UAV,2020-02-27 15:57:38+00:00,300.0,65.03389,24.54973,42.21,384622.705975927,7214468.32739512,128.55808662401978,-441.73173255007714,-7.219999999999999,127.62209012950083,-441.85982826147654,-7.543809523809513,-8.57472130625171,-5.003468605947717,0.19080086580086553,1.7147057267309407,0.8351191842850056,0.00800865800865802,9.927766293109011,9.929599616348174,239.73584668296064,-0.725965511282541,1.1010269914848931,996.87,-1.74,78.73,False
HAOS / PANGAEA,HAOS_Flight_01,HAOS_Flight_01_seg02,train,10.1594/PANGAEA.918814,CC BY 4.0,fixed-wing UAV,2020-02-27 15:57:39+00:00,301.0,65.03385,24.54956,42.74,384614.471722525,7214463.93427164,120.32383322203532,-446.12485602963716,-6.689999999999998,120.04628568167506,-446.3548605261179,-7.247467532467522,-6.655596071046759,-3.898007565395659,0.17413419913419848,1.3052816625818124,0.8097711384005919,-0.08809523809523823,7.71306826372066,7.715033684963595,239.64361605429912,0.3472858935480662,1.2933193044721396,996.8,-1.71,78.94,False
HAOS / PANGAEA,HAOS_Flight_01,HAOS_Flight_01_seg02,train,10.1594/PANGAEA.918814,CC BY 4.0,fixed-wing UAV,2020-02-27 15:57:40+00:00,302.0,65.0338,24.54939,41.91,384606.293613488,7214459.27573218,112.14572418498574,-450.7833954896778,-7.520000000000003,114.31089798740732,-449.65584339226785,-7.195541125541116,-5.964157981088086,-3.383926329146533,0.014610389610389074,0.22484381522999541,0.21742109982073998,-0.16098484848484818,6.857268977112378,6.857284541854189,240.4304184700568,0.5964883693904038,0.12207664564181077,996.91,-1.7,78.57,False
HAOS / PANGAEA,HAOS_Flight_01,HAOS_Flight_01_seg02,train,10.1594/PANGAEA.918814,CC BY 4.0,fixed-wing UAV,2020-02-27 15:57:41+00:00,303.0,65.03378000000001,24.54931,42.135,384602.236385341,7214456.97067173,108.08849603799172,-453.08845593966544,-7.295000000000002,108.11796971949889,-453.12271318441094,-7.218246753246744,-6.205908440586768,-3.463165365754179,-0.14783549783549788,-0.23240415627115496,-0.06745648622768385,-0.1488095238095235,7.106814611589735,7.108352077515971,240.83659279307994,0.437934595871802,-1.1916912292527084,996.88,-1.725,78.68,True
HAOS / PANGAEA,HAOS_Flight_01,HAOS_Flight_01_seg02,train,10.1594/PANGAEA.918814,CC BY 4.0,fixed-wing UAV,2020-02-27 15:57:42+00:00,304.0,65.03376,24.54923,42.36,384598.179157194,7214454.66561128,104.0312678909977,-455.3935163896531,-7.07,101.89908110623378,-456.5821741237762,-7.491212121212111,-6.4289662936303955,-3.5188393016019006,-0.28300865800865793,-0.4125961249151118,-0.12248739616006787,-0.028906926406925937,7.328972481537496,7.334434643218368,241.3062876618004,0.6783201763850456,-2.211380830973184,996.85,-1.75,78.79,False
HAOS / PANGAEA,HAOS_Flight_01,HAOS_Flight_01_seg02,train,10.1594/PANGAEA.918814,CC BY 4.0,fixed-wing UAV,2020-02-27 15:57:43+00:00,305.0,65.03371,24.54905,41.15,384589.950894829,7214450.09116157,95.80300552601693,-459.967966100201,-8.280000000000001,95.2600371322381,-460.16039178761474,-7.78426406926406,-7.0311006904169915,-3.7081401580743147,-0.20564935064934975,-0.8718659326816329,-0.34203133039736144,0.08781385281385323,7.949004991236683,7.951664731748202,242.19323314585006,0.739354675425895,-1.4819731674662087,997.01,-1.7,78.92,False
HAOS / PANGAEA,HAOS_Flight_01,HAOS_Flight_01_seg02,train,10.1594/PANGAEA.918814,CC BY 4.0,fixed-wing UAV,2020-02-27 15:57:44+00:00,306.0,65.03367,24.54888,41.76,384581.523343809,7214445.60054458,87.37545450602192,-464.458583089523,-7.670000000000002,87.8368797253998,-463.99845443992484,-7.902510822510811,-8.172698158993661,-4.2029019623966235,-0.10738095238095147,-0.9491672355937233,-0.41923876998347964,0.08167748917748852,9.190069646283197,9.190696968808732,242.78499701265218,0.4114248881050696,-0.6694394753588596,996.93,-1.7,78.66,False
HAOS / PANGAEA,HAOS_Flight_01,HAOS_Flight_01_seg02,train,10.1594/PANGAEA.918814,CC BY 4.0,fixed-wing UAV,2020-02-27 15:57:45+00:00,307.0,65.03363,24.5487,41.45,384572.9988071,7214441.50614925,78.85091779701179,-468.5529784196988,-7.979999999999997,78.91464081425077,-468.566195712408,-7.999025974025963,-8.929435161604438,-4.546617698041274,-0.04229437229437272,-0.009174658047619744,0.027939103238324492,0.11874999999999947,10.020306621927286,10.020395880970351,243.01608292206018,0.1812430454431729,-0.24183637590507723,996.97,-1.69,78.8,False
HAOS / PANGAEA,HAOS_Flight_01,HAOS_Flight_01_seg02,train,10.1594/PANGAEA.918814,CC BY 4.0,fixed-wing UAV,2020-02-27 15:57:46+00:00,308.0,65.03359,24.54853,41.15,384564.593166379,7214437.37615158,70.44527707603993,-472.68297608941793,-8.280000000000001,69.97800940219092,-473.0916898360074,-7.987099567099556,-8.1910474750889,-4.1470237559199745,0.13011904761904747,0.9381163908499719,0.48258659695535755,0.1007575757575756,9.181016543462105,9.181938560994523,243.14748310353855,0.031782739168715476,0.811976879096267,997.01,-1.69,78.42,False
HAOS / PANGAEA,HAOS_Flight_01,HAOS_Flight_01_seg02,train,10.1594/PANGAEA.918814,CC BY 4.0,fixed-wing UAV,2020-02-27 15:57:47+00:00,309.0,65.03355,24.54835,41.68,384556.213718707,7214433.05931651,62.06582940398948,-476.99981115944684,-7.75,62.53254586407297,-476.86024322424794,-7.738787878787868,-7.053202379904494,-3.581444504130559,0.15922077922077849,1.043745572381658,0.505753613755445,-0.04379329004329047,7.910398760369632,7.912000998773514,243.0796484003976,-0.16896871122775553,1.1530957231443817,996.94,-1.68,78.41,False
HAOS / PANGAEA,HAOS_Flight_01,HAOS_Flight_01_seg02,train,10.1594/PANGAEA.918814,CC BY 4.0,fixed-wing UAV,2020-02-27 15:57:48+00:00,310.0,65.03351,24.54818,41.98,384547.854082672,7214428.66331474,53.706193368998356,-481.3958129296079,-7.450000000000003,55.87160464238193,-480.2545788442685,-7.668658008657999,-6.103556330325585,-3.1355165284090845,0.042532467532466534,0.4128889828139606,0.2293114326138408,-0.060454545454545094,6.8618411361225835,6.861972951577299,242.80954568108302,0.14414508885062144,0.3551378740960324,996.9,-1.69,78.42,False
HAOS / PANGAEA,HAOS_Flight_01,HAOS_Flight_01_seg02,train,10.1594/PANGAEA.918814,CC BY 4.0,fixed-wing UAV,2020-02-27 15:57:49+00:00,311.0,65.03349,24.54809,41.83,384543.699900278,7214426.56317235,49.5520109750214,-483.49595532007515,-7.600000000000001,50.3254332034218,-483.1312762810661,-7.653722943722935,-6.227424414276573,-3.1228216389028773,0.0383116883116883,-0.7378866807195443,-0.22720612871390244,-0.03987012987012917,6.966550783847626,6.966656128257607,243.36793857809886,0.9230036289517471,0.31508790876556925,996.92,-1.75,78.81,False
HAOS / PANGAEA,HAOS_Flight_01,HAOS_Flight_01_seg02,train,10.1594/PANGAEA.918814,CC BY 4.0,fixed-wing UAV,2020-02-27 15:57:50+00:00,312.0,65.03347,24.54801,41.98,384539.545670106,7214424.46301458,45.39778080303222,-485.59611308947206,-7.450000000000003,43.416755813828786,-486.50022212207426,-7.592034632034623,-7.5793296917646735,-3.5899287858368893,-0.0372077922077918,-1.328855188531084,-0.4465063975023327,-0.03821428571428531,8.386526531517438,8.386609069442004,244.65555293898655,1.1552064447606039,-0.25419766612561506,996.9,-1.75,78.4,False
HAOS / PANGAEA,HAOS_Flight_01,HAOS_Flight_01_seg02,train,10.1594/PANGAEA.918814,CC BY 4.0,fixed-wing UAV,2020-02-27 15:57:51+00:00,313.0,65.03343,24.54783,41.6,384531.087015239,7214420.54131077,36.939125936012715,-489.5178168993443,-7.829999999999998,35.166773819892455,-490.3111338527399,-7.728138528138518,-8.885134791338741,-4.015834433907543,-0.03811688311688233,-1.2653452421537104,-0.435642168951901,0.03466450216450245,9.750515189507459,9.750589692813158,245.67835146762005,0.7670931235394962,-0.22398051420756016,996.95,-1.71,78.4,False
HAOS / PANGAEA,HAOS_Flight_01,HAOS_Flight_01_seg02,train,10.1594/PANGAEA.918814,CC BY 4.0,fixed-wing UAV,2020-02-27 15:57:52+00:00,314.0,65.03339,24.54765,41.3,384522.42138653,7214416.60379399,28.27349722699728,-493.4553336799145,-8.130000000000003,25.646486231151304,-494.53189098988935,-7.6682683982683875,-10.110020176072094,-4.461213123740691,0.032121212121213105,-0.8687020388595119,-0.36865334589440124,0.016277056277056223,11.050562451568743,11.050609135621851,246.18973918606554,0.10756625839690054,0.16654398472094245,996.99,-1.69,78.34,False
HAOS / PANGAEA,HAOS_Flight_01,HAOS_Flight_01_seg02,train,10.1594/PANGAEA.918814,CC BY 4.0,fixed-wing UAV,2020-02-27 15:57:53+00:00,315.0,65.03332,24.5473,42.06,384505.452413474,7214409.05856423,11.304524170991499,-501.0005634399131,-7.369999999999997,14.946733467748269,-499.23356010022127,-7.663896103896092,-10.622538869057765,-4.753141125696345,-0.005562770562769881,0.08131610166931047,-0.09897287030608481,-0.06518398268398307,11.63746890803275,11.637470237549278,245.89348398441385,-0.6435985948657209,-0.027387678015742403,996.89,-1.74,78.31,False
HAOS / PANGAEA,HAOS_Flight_01,HAOS_Flight_01_seg02,train,10.1594/PANGAEA.918814,CC BY 4.0,fixed-wing UAV,2020-02-27 15:57:54+00:00,316.0,65.03328,24.54712,41.6,384497.23179084,7214405.47719785,3.0839015370002016,-504.5819298196584,-7.829999999999998,4.401408493035775,-504.03817324128204,-7.679393939393927,-9.947387972733473,-4.659158864352861,-0.09824675324675303,1.1076404164352835,0.2788065689105679,-0.13301948051948043,10.98445669131434,10.984896049935289,244.9025419963341,-1.2071755400113937,-0.5124490333041404,996.95,-1.69,78.31,False
HAOS / PANGAEA,HAOS_Flight_01,HAOS_Flight_01_seg02,train,10.1594/PANGAEA.918814,CC BY 4.0,fixed-wing UAV,2020-02-27 15:57:55+00:00,317.0,65.03325,24.54696,42.14,384489.348673748,7214401.93941346,-4.799215554958209,-508.1197142098099,-7.289999999999999,-4.948042477718679,-508.551877828927,-7.860389610389598,-8.407258036187198,-4.195527987875209,-0.27160173160173073,1.2673572526915962,0.3495043103897473,-0.16255411255411256,9.39598013961707,9.399904801894937,243.47913290439107,-1.5077396271103471,-1.6557400730186396,996.88,-1.76,78.28,False
HAOS / PANGAEA,HAOS_Flight_01,HAOS_Flight_01_seg02,train,10.1594/PANGAEA.918814,CC BY 4.0,fixed-wing UAV,2020-02-27 15:57:56+00:00,318.0,65.03321,24.5468,41.0,384481.693118311,7214397.90477614,-12.454770991986152,-512.1543515296653,-8.43,-12.413107579338622,-512.4292292170325,-8.222597402597389,-7.412673467350281,-3.9601502435733664,-0.42335497835497815,0.07825636800366809,-0.1413916375576605,-0.04833333333333423,8.404196444945407,8.41485278082338,241.8870627421134,-0.985602930954033,-2.883793519645957,997.03,-1.7,78.27,False
HAOS / PANGAEA,HAOS_Flight_01,HAOS_Flight_01_seg02,train,10.1594/PANGAEA.918814,CC BY 4.0,fixed-wing UAV,2020-02-27 15:57:57+00:00,319.0,65.03316,24.54665,40.92,384474.225862638,7214393.24730648,-19.92202666500816,-516.811821189709,-8.509999999999998,-19.77338941241924,-516.4721783160737,-8.707099567099554,-8.250745300179862,-4.47831126299053,-0.3682683982683992,-1.0785392837807297,-0.5090980389138906,0.10769480519480501,9.387761702166705,9.394982245317502,241.507927042483,0.3143630719497508,-2.246479195822856,997.04,-1.71,78.27,False
HAOS / PANGAEA,HAOS_Flight_01,HAOS_Flight_01_seg02,train,10.1594/PANGAEA.918814,CC BY 4.0,fixed-wing UAV,2020-02-27 15:57:58+00:00,320.0,65.03312,24.54649,40.01,384466.449213596,7214389.11221742,-27.698675706982613,-520.9469102500007,-9.420000000000002,-28.914598179698345,-521.3858517430135,-8.959134199134187,-9.56975203491174,-4.978346321401148,-0.20796536796536813,-1.0022195011810862,-0.22795151604853459,0.21865800865800944,10.787218645485302,10.789223127722343,242.5157888860129,1.3989230914568809,-1.1044609695102152,997.16,-1.72,78.24,False
HAOS / PANGAEA,HAOS_Flight_01,HAOS_Flight_01_seg02,train,10.1594/PANGAEA.918814,CC BY 4.0,fixed-wing UAV,2020-02-27 15:57:59+00:00,321.0,65.03308,24.54632,40.24,384458.436479941,7214385.11727941,-35.7114093619748,-524.9418482594192,-9.189999999999998,-38.91289348224272,-526.428870958876,-9.12303030303029,-10.255184302542034,-4.9342142950876,0.06904761904761969,-0.4847449595135078,0.1842335306573375,0.2667207792207793,11.380477836582758,11.380687297463519,244.30577322539676,1.9297874881029637,0.34762060712625686,997.13,-1.71,78.16,False
HAOS / PANGAEA,HAOS_Flight_01,HAOS_Flight_01_seg02,train,10.1594/PANGAEA.918814,CC BY 4.0,fixed-wing UAV,2020-02-27 15:58:00+00:00,322.0,65.03301,24.54597,40.62,384441.873282415,7214377.27273615,-52.27460688800784,-532.7863915199414,-8.810000000000002,-49.42496678478241,-531.2542803331887,-8.821038961038948,-10.539241953938756,-4.609879260086473,0.3254761904761905,-0.11085479811665166,0.30573948904125814,0.1973484848484841,11.50333028980035,11.5079338939188,246.3753638622188,1.6366642049992828,1.6206991892458427,997.08,-1.69,78.02,False
HAOS / PANGAEA,HAOS_Flight_01,HAOS_Flight_01_seg02,train,10.1594/PANGAEA.918814,CC BY 4.0,fixed-wing UAV,2020-02-27 15:58:01+00:00,323.0,65.03297,24.54579,41.07,384433.099699066,7214373.59065157,-61.04819023696473,-536.4684760998935,-8.36,-59.991377390120235,-535.648629479049,-8.47207792207791,-10.476893898775337,-4.322735317005083,0.4637445887445879,0.39338626019700484,0.3139523735150931,0.0771212121212117,11.33363782671208,11.343121502949213,247.57910163539532,0.7071173566680191,2.343095343346679,997.02,-1.7,78.08,False
HAOS / PANGAEA,HAOS_Flight_01,HAOS_Flight_01_seg02,train,10.1594/PANGAEA.918814,CC BY 4.0,fixed-wing UAV,2020-02-27 15:58:02+00:00,324.0,65.03294,24.5456,41.38,384424.13709962,7214370.48116484,-70.01078968297224,-539.5779628297314,-8.049999999999997,-70.37875458233309,-539.8997509671989,-7.893549783549772,-9.752469433544746,-3.9819745130562865,0.4797186147186139,1.3126936016759387,0.5475245641325159,-0.12667748917748867,10.534077134464814,10.54499459573887,247.78959857555486,0.03688020954074532,2.6074305893217318,996.98,-1.71,77.86,False
HAOS / PANGAEA,HAOS_Flight_01,HAOS_Flight_01_seg02,train,10.1594/PANGAEA.918814,CC BY 4.0,fixed-wing UAV,2020-02-27 15:58:03+00:00,325.0,65.03291,24.54543,42.06,384415.660994062,7214367.21302537,-78.48689524095971,-542.8461023001,-7.369999999999997,-79.49631625720973,-543.6125785051615,-7.512640692640682,-7.85150669542346,-3.2276861887400514,0.21038961038961057,1.631105787691304,0.5762794673991323,-0.23339826839826783,8.48905857685425,8.491665284820321,247.65286205447683,-0.672150762160096,1.419706257388756,996.89,-1.73,78.08,False
HAOS / PANGAEA,HAOS_Flight_01,HAOS_Flight_01_seg02,train,10.1594/PANGAEA.918814,CC BY 4.0,fixed-wing UAV,2020-02-27 15:58:04+00:00,326.0,65.03288,24.54526,41.98,384407.533759612,7214363.80886791,-86.61412969097728,-546.2502597598359,-7.450000000000003,-86.08176797318,-546.355123344679,-7.472770562770551,-6.490257858162138,-2.829415578258022,0.012922077922078223,0.8429956253557798,0.16518040968290393,-0.16544372294372311,7.0801864085576565,7.080198200617154,246.44529705123466,-1.4114163606040788,0.10457065148885525,996.9,-1.73,78.1,False
HAOS / PANGAEA,HAOS_Flight_01,HAOS_Flight_01_seg02,train,10.1594/PANGAEA.918814,CC BY 4.0,fixed-wing UAV,2020-02-27 15:58:05+00:00,327.0,65.03284,24.54509,42.29,384399.719458026,7214359.77703138,-94.4284312769887,-550.2820962900296,-7.140000000000001,-92.476831973534,-549.2714096616776,-7.4867965367965255,-6.1655154447119,-2.8973253693742436,-0.12049783549783566,0.2626217788265386,-0.00800469459554165,-0.2322186147186147,6.812347245626912,6.813412854316128,244.83002933326867,-0.9736622211261481,-1.0133507995198185,996.86,-1.7,77.79,False
HAOS / PANGAEA,HAOS_Flight_01,HAOS_Flight_01_seg02,train,10.1594/PANGAEA.918814,CC BY 4.0,fixed-wing UAV,2020-02-27 15:58:06+00:00,328.0,65.03281999999999,24.545009999999998,41.53,384395.8152605285,7214357.824647885,-98.33262877445668,-552.2344797849655,-7.899999999999999,-98.41279886260381,-552.1497740834275,-7.713766233766222,-5.965014300509061,-2.8454249674491052,-0.4515151515151512,-0.017300741528494257,0.027525923836776656,-0.242142857142857,6.608921156335605,6.624326741843891,244.49797260898234,0.27109042665198935,-3.9083195431034388,996.96,-1.6949999999999998,77.96000000000001,True
HAOS / PANGAEA,HAOS_Flight_01,HAOS_Flight_01_seg02,train,10.1594/PANGAEA.918814,CC BY 4.0,fixed-wing UAV,2020-02-27 15:58:07+00:00,329.0,65.0328,24.54493,40.77,384391.911063031,7214355.87226439,-102.23682627198286,-554.1868632799014,-8.659999999999997,-104.40686057455213,-554.9622595965758,-8.389826839826828,-6.200116927768889,-2.8422735217006903,-0.6047835497835496,-0.474426956847811,-0.09430616432334205,0.019523809523809277,6.820554866736809,6.847315666175758,245.37221018657263,0.904274866436426,-5.067205782079642,997.06,-1.69,78.13,False
HAOS / PANGAEA,HAOS_Flight_01,HAOS_Flight_01_seg02,train,10.1594/PANGAEA.918814,CC BY 4.0,fixed-wing UAV,2020-02-27 15:58:08+00:00,330.0,65.03277,24.54476,41.23,384383.843618434,7214352.39244441,-110.30427086900454,-557.6666832594201,-8.200000000000003,-110.81303271814159,-557.8343211268289,-8.923333333333321,-6.913868214204683,-3.0340372960957893,-0.41246753246753265,-0.7828759775900522,-0.2699501956299173,0.2541666666666669,7.5502950934046344,7.56155311181704,246.30652234185519,0.5469042668945298,-3.1269216688623493,997.0,-1.71,78.22,False
HAOS / PANGAEA,HAOS_Flight_01,HAOS_Flight_01_seg02,train,10.1594/PANGAEA.918814,CC BY 4.0,fixed-wing UAV,2020-02-27 15:58:09+00:00,331.0,65.03273,24.54459,40.01,384375.725117477,7214348.96404722,-118.422771825979,-561.0950804501772,-9.420000000000002,-118.2345970029615,-561.0303341887674,-9.214761904761893,-7.765868882948993,-3.382173912960525,-0.0964502164502159,-0.3771754312582871,-0.1765555018685916,0.29283549783549834,8.470408483931939,8.470957592204051,246.46601872036172,-0.06908484880135751,-0.6523831202954666,997.16,-1.65,77.94,False
HAOS / PANGAEA,HAOS_Flight_01,HAOS_Flight_01_seg02,train,10.1594/PANGAEA.918814,CC BY 4.0,fixed-wing UAV,2020-02-27 15:58:10+00:00,332.0,65.0327,24.54443,39.25,384367.742229993,7214345.61339302,-126.40565930999583,-564.4457346498966,-10.18,-126.34477048403957,-564.5986689527499,-9.116233766233753,-7.6682190767212575,-3.3871482998329725,0.17320346320346403,0.5680993795609055,0.17536105048435502,0.18919913419913392,8.38298022266862,8.384769338110553,246.1683526442525,-0.519259382661505,1.1836382060034378,997.26,-1.69,77.72,False
HAOS / PANGAEA,HAOS_Flight_01,HAOS_Flight_01_seg02,train,10.1594/PANGAEA.918814,CC BY 4.0,fixed-wing UAV,2020-02-27 15:58:11+00:00,333.0,65.03266,24.54427,40.85,384360.070284301,7214342.00715446,-134.07760500197764,-568.0519732097164,-8.579999999999998,-133.571035156404,-567.8046307884333,-8.868354978354965,-6.629670123827182,-3.031451811991815,0.28194805194805195,0.9340268035537207,0.24497179295539695,0.1744047619047615,7.2898714693192765,7.295321839589565,245.42749995503868,-1.3553276712547806,2.2149067573658985,997.05,-1.69,77.76,False
HAOS / PANGAEA,HAOS_Flight_01,HAOS_Flight_01_seg02,train,10.1594/PANGAEA.918814,CC BY 4.0,fixed-wing UAV,2020-02-27 15:58:12+00:00,334.0,65.03263,24.54411,41.45,384352.684044524,7214338.45050984,-141.46384477900574,-571.6086178300902,-7.979999999999997,-139.60411073169394,-570.6615725767335,-8.55233766233765,-5.800165469613816,-2.8972047139221786,0.522012987012987,0.5469753779738653,-0.030959310438447574,0.15769480519480505,6.483495556354871,6.504476319265339,243.45769730174294,-2.312020546758373,4.603190061484722,996.97,-1.7,78.47,False
HAOS / PANGAEA,HAOS_Flight_01,HAOS_Flight_01_seg02,train,10.1594/PANGAEA.918814,CC BY 4.0,fixed-wing UAV,2020-02-27 15:58:13+00:00,335.0,65.03261,24.54404,41.6,384349.028639192,7214336.4464094,-145.11925011099083,-573.6127182701603,-7.829999999999998,-145.17136609563164,-573.5990402162777,-7.824329004328991,-5.535719367879452,-3.09337043286871,0.5973376623376621,0.07085331418374352,-0.2680445145664123,-0.1832792207792211,6.341382306316346,6.3694538099988645,240.80345886152196,-2.3525780365916678,5.381198389262221,996.95,-1.67,78.01,False
HAOS / PANGAEA,HAOS_Flight_01,HAOS_Flight_01_seg02,train,10.1594/PANGAEA.918814,CC BY 4.0,fixed-wing UAV,2020-02-27 15:58:14+00:00,336.0,65.03259,24.54396,41.68,384345.373192086,7214334.44229326,-148.77469721698435,-575.6168344095349,-7.75,-150.67554946745284,-576.848313442471,-7.357662337662325,-5.658458841246329,-3.4332937430550032,0.15545454545454485,-0.3321139645470197,-0.34651918002720095,-0.2722294372294378,6.618584620912494,6.620409994847892,238.7525412285596,-1.1082754562102708,1.3454919042680973,996.94,-1.63,78.12,False
HAOS / PANGAEA,HAOS_Flight_01,HAOS_Flight_01_seg02,train,10.1594/PANGAEA.918814,CC BY 4.0,fixed-wing UAV,2020-02-27 15:58:15+00:00,337.0,65.03255,24.54381,42.17,384338.010086835,7214330.02193673,-156.1378024679725,-580.0371909402311,-7.259999999999998,-156.4882837781243,-580.4656277023877,-7.513419913419901,-6.199947296973491,-3.786408792923112,0.052878787878786415,-0.7409577465906381,-0.32853482557698044,0.029491341991341846,7.2647255992483535,7.2649180448634025,238.58690794910143,0.720610348664542,0.41703954608114546,996.87,-1.67,78.16,False
HAOS / PANGAEA,HAOS_Flight_01,HAOS_Flight_01_seg02,train,10.1594/PANGAEA.918814,CC BY 4.0,fixed-wing UAV,2020-02-27 15:58:16+00:00,338.0,65.0325,24.54366,42.67,384330.626951424,7214325.33197667,-163.52093787898775,-584.7271509999409,-6.759999999999998,-163.07544406139982,-584.4211310283172,-7.251904761904752,-7.140374334427605,-4.090363394208964,0.21443722943722854,-0.8304405172099294,-0.16919297979364956,0.029448051948052667,8.228974318372682,8.231767833084572,240.19376192588868,1.8629245077052476,1.4927216702197375,996.81,-1.7,78.19,False
HAOS / PANGAEA,HAOS_Flight_01,HAOS_Flight_01_seg02,train,10.1594/PANGAEA.918814,CC BY 4.0,fixed-wing UAV,2020-02-27 15:58:17+00:00,339.0,65.03246,24.5435,41.76,384323.156151214,7214320.87590765,-170.99173808901105,-589.183220019564,-7.670000000000002,-170.7690324469795,-588.6463544908056,-7.084545454545444,-7.86082833139335,-4.124794752510411,0.11177489177489175,-0.3702705116914018,0.17742094135584807,-0.10226190476190489,8.877305548755984,8.878009204343341,242.3127569645119,2.2227392221145506,0.7213778008362975,996.93,-1.64,77.89,False
HAOS / PANGAEA,HAOS_Flight_01,HAOS_Flight_01_seg02,train,10.1594/PANGAEA.918814,CC BY 4.0,fixed-wing UAV,2020-02-27 15:58:18+00:00,340.0,65.03243,24.54334,41.76,384315.557673612,7214317.12792842,-178.59021569095785,-592.9311992498115,-7.670000000000002,-178.79710072418652,-592.670720533338,-7.028354978354969,-7.880915357810409,-3.735521511497268,0.009913419913418764,0.04894499257117246,0.42748540757804676,-0.012608225108225568,8.721407446039361,8.721413080213846,244.63924037011776,2.4229756806885066,0.06512674479096384,996.93,-1.64,77.89,False
HAOS / PANGAEA,HAOS_Flight_01,HAOS_Flight_01_seg02,train,10.1594/PANGAEA.918814,CC BY 4.0,fixed-wing UAV,2020-02-27 15:58:19+00:00,341.0,65.03239,24.54317,43.73,384307.445185999,7214314.02498132,-186.70270330400672,-596.0341463498771,-5.700000000000003,-186.53086316260033,-596.1173975138001,-7.064718614718607,-7.762938346251005,-3.2698239373543174,0.08655844155844061,0.20274254236238676,0.44783699098928764,0.16072510822510888,8.42347673760601,8.423921456945964,247.15870832588894,2.2797168753911716,0.588742509440931,996.67,-1.67,77.99,False
HAOS / PANGAEA,HAOS_Flight_01,HAOS_Flight_01_seg02,train,10.1594/PANGAEA.918814,CC BY 4.0,fixed-wing UAV,2020-02-27 15:58:20+00:00,342.0,65.03237,24.54301,42.14,384299.657357988,7214311.00335261,-194.4905313149793,-599.0557750593871,-7.289999999999999,-194.32297741668853,-599.2103684080466,-6.855238095238088,-7.475430273085635,-2.8398475295186927,0.3313636363636365,0.041849528227999144,0.2034739819093545,0.10636363636363733,7.996673793439283,8.003536319539178,249.19867412090014,1.1977362618393994,2.3728468651493726,996.88,-1.65,78.35,False
HAOS / PANGAEA,HAOS_Flight_01,HAOS_Flight_01_seg02,train,10.1594/PANGAEA.918814,CC BY 4.0,fixed-wing UAV,2020-02-27 15:58:21+00:00,343.0,65.03233,24.54285,42.44,384292.059459922,7214307.94557479,-202.08842938096495,-602.1135528795421,-6.990000000000002,-201.4817237087716,-601.7970925728375,-6.401991341991334,-7.679239289795007,-2.8628759735356084,0.29928571428571527,-0.5286137182064081,-0.2677512052367774,-0.14693722943722887,8.1955338392187,8.200996698484538,249.55418084956773,-0.39072086270822975,2.091406380197083,996.84,-1.67,78.13,False
HAOS / PANGAEA,HAOS_Flight_01,HAOS_Flight_01_seg02,train,10.1594/PANGAEA.918814,CC BY 4.0,fixed-wing UAV,2020-02-27 15:58:22+00:00,344.0,65.03231,24.54269,42.97,384284.455594227,7214304.94326559,-209.6922950759763,-605.115862079896,-6.460000000000001,-209.68145599627854,-604.9361203551179,-6.256666666666657,-8.532657709498451,-3.3753499399922475,0.03748917748917879,-0.7043470166092831,-0.43868377731888586,-0.15159090909090933,9.176014102259709,9.176090684125667,248.41723239548367,-0.9621802645529258,0.2340841756065436,996.77,-1.72,77.93,False
HAOS / PANGAEA,HAOS_Flight_01,HAOS_Flight_01_seg02,train,10.1594/PANGAEA.918814,CC BY 4.0,fixed-wing UAV,2020-02-27 15:58:23+00:00,345.0,65.03228,24.54253,43.88,384276.557013895,7214302.06923538,-217.5908754079719,-607.9898922899738,-5.549999999999997,-218.5470391277685,-608.547792452822,-6.327012987012976,-9.087933323013573,-3.74024352817338,-0.003896103896103398,-0.3971727009470385,-0.27889586168191727,-0.052251082251083325,9.827510047493382,9.827510819796077,247.62982032046187,-0.6410477496893872,-0.022714837941375094,996.65,-1.75,77.7,False
HAOS / PANGAEA,HAOS_Flight_01,HAOS_Flight_01_seg02,train,10.1594/PANGAEA.918814,CC BY 4.0,fixed-wing UAV,2020-02-27 15:58:24+00:00,346.0,65.03225,24.54237,43.43,384268.896006316,7214299.02769063,-225.2518829869805,-611.0314370393753,-6.0,-227.8573226423057,-612.4166074114646,-6.264458874458864,-9.327003111392528,-3.933141663356082,-0.06701298701298786,-0.010880303123073531,-0.15920776980962614,-0.16849567099567153,10.122380667805047,10.12260248771934,247.1351368961049,-0.8221582981583594,-0.3793085206269348,996.71,-1.73,78.01,False
HAOS / PANGAEA,HAOS_Flight_01,HAOS_Flight_01_seg02,train,10.1594/PANGAEA.918814,CC BY 4.0,fixed-wing UAV,2020-02-27 15:58:25+00:00,347.0,65.03218,24.54206,42.52,384254.280068672,7214292.23024978,-239.86782063101418,-617.8288778895512,-6.909999999999997,-237.20104535055356,-616.4140757795342,-6.461038961038952,-9.10969392925972,-4.058659067792632,-0.34088744588744646,0.4273466280246012,-0.10811167328870397,-0.23443722943722878,9.972925193410745,9.978749478974327,245.98550372414513,-1.6143593558283575,-1.95768145357556,996.83,-1.69,78.12,False
HAOS / PANGAEA,HAOS_Flight_01,HAOS_Flight_01_seg02,train,10.1594/PANGAEA.918814,CC BY 4.0,fixed-wing UAV,2020-02-27 15:58:26+00:00,348.0,65.03215,24.54191,42.44,384247.021294241,7214288.95881687,-247.12659506197087,-621.1003107996657,-6.990000000000002,-246.07671050082513,-620.5339255470499,-6.946233766233757,-8.472309855343326,-4.14936500993349,-0.5358874458874454,0.7384799992127995,-0.008902077304128397,-0.07870129870129805,9.433836137574577,9.449044376299,243.90641818444817,-2.0455638418663233,-3.2511829850853764,996.84,-1.71,78.15,False
HAOS / PANGAEA,HAOS_Flight_01,HAOS_Flight_01_seg02,train,10.1594/PANGAEA.918814,CC BY 4.0,fixed-wing UAV,2020-02-27 15:58:27+00:00,349.0,65.03212,24.54177,41.76,384239.926080907,7214285.67623864,-254.22180839598877,-624.3828890295699,-7.670000000000002,-254.1456650612402,-624.7128057994012,-7.532813852813843,-7.632733930834121,-4.076463222400889,-0.49829004329004256,0.8894836539960664,0.2054720279393507,0.08810606060606041,8.65310231434331,8.667437489231494,241.8943760404125,-1.545505367175896,-3.2957453213094836,996.93,-1.71,78.2,False
HAOS / PANGAEA,HAOS_Flight_01,HAOS_Flight_01_seg02,train,10.1594/PANGAEA.918814,CC BY 4.0,fixed-wing UAV,2020-02-27 15:58:28+00:00,350.0,65.03208,24.54163,41.98,384233.311316036,7214281.96190311,-260.8365732670063,-628.0972245596349,-7.450000000000003,-261.34217836249337,-628.6868519918517,-7.942813852813842,-6.693342547351193,-3.7384209540547886,-0.3596753246753246,0.5050934761275698,0.20706429475723098,0.08181818181818201,7.666591529871516,7.675023910391288,240.8154074500964,-0.41870406622923917,-2.68604095559857,996.9,-1.7,78.5,False
HAOS / PANGAEA,HAOS_Flight_01,HAOS_Flight_01_seg02,train,10.1594/PANGAEA.918814,CC BY 4.0,fixed-wing UAV,2020-02-27 15:58:29+00:00,351.0,65.03204,24.5415,40.85,384226.936481491,7214277.7494254,-267.211407811963,-632.309702269733,-8.579999999999998,-267.5323501559426,-632.1896477075107,-8.252164502164492,-6.622546978578981,-3.6623346328864272,-0.33465367965367854,-0.25665229272875933,-0.039541805310165046,0.018484848484849215,7.5677489021983915,7.575144654198407,241.056967907954,0.6367661868934611,-2.5320289988923923,997.05,-1.68,78.43,False
HAOS / PANGAEA,HAOS_Flight_01,HAOS_Flight_01_seg02,train,10.1594/PANGAEA.918814,CC BY 4.0,fixed-wing UAV,2020-02-27 15:58:30+00:00,352.0,65.032,24.54135,40.77,384219.92253155,7214273.68789091,-274.22535775299184,-636.3712367601693,-8.659999999999997,-274.58727231965133,-636.0115212576245,-8.612121212121199,-7.206647132808712,-3.8175045646751187,-0.32270562770562616,-0.5344899045565938,-0.09458673070787427,0.07393398268398199,8.155311397986923,8.161693630631346,242.08893982388332,1.1718781854600002,-2.2660114822352355,997.06,-1.73,78.67,False
HAOS / PANGAEA,HAOS_Flight_01,HAOS_Flight_01_seg02,train,10.1594/PANGAEA.918814,CC BY 4.0,fixed-wing UAV,2020-02-27 15:58:31+00:00,353.0,65.03197,24.54119,40.62,384212.204458253,7214270.16133987,-281.9434310499928,-639.8977878000587,-8.810000000000002,-281.94564442156,-639.824656836861,-8.897575757575744,-7.691526787692169,-3.8515080943021758,-0.18678571428571455,-0.3912169846840925,0.017071948284950622,0.19593073593073518,8.601959016774108,8.603986740419968,243.400724278874,1.2851979129636282,-1.2439435611977747,997.08,-1.74,78.2,False
HAOS / PANGAEA,HAOS_Flight_01,HAOS_Flight_01_seg02,train,10.1594/PANGAEA.918814,CC BY 4.0,fixed-wing UAV,2020-02-27 15:58:32+00:00,354.0,65.03193,24.54103,40.54,384204.409678025,7214266.70784835,-289.73821127798874,-643.3512793201953,-8.89,-289.97032589503567,-643.7145374462289,-8.985692640692628,-7.989081102176897,-3.7833606681052174,0.06915584415584419,0.1261189343364606,0.1979292541604707,0.18140151515151492,8.839639970164258,8.839910482177208,244.65933564981054,0.841887289113214,0.448237391626532,997.09,-1.73,78.89,False
HAOS / PANGAEA,HAOS_Flight_01,HAOS_Flight_01_seg02,train,10.1594/PANGAEA.918814,CC BY 4.0,fixed-wing UAV,2020-02-27 15:58:33+00:00,355.0,65.0319,24.54087,40.39,384196.615896738,7214263.07708257,-297.53199256496737,-646.9820451000705,-9.04,-297.9238066259138,-647.3913781730714,-8.759264069264056,-7.439288919019248,-3.4556495859812344,0.1760173160173153,0.6511150898238611,0.3141471058446257,0.07622294372294292,8.202715018927261,8.204603328453654,245.08449885710047,0.040626427494822565,1.2292883270615405,997.11,-1.73,78.46,False
HAOS / PANGAEA,HAOS_Flight_01,HAOS_Flight_01_seg02,train,10.1594/PANGAEA.918814,CC BY 4.0,fixed-wing UAV,2020-02-27 15:58:34+00:00,356.0,65.03186,24.5407,40.62,384188.847469563,7214259.15721222,-305.3004197399714,-650.9019154496491,-8.810000000000002,-304.84890373307417,-650.6258366181913,-8.633658008657997,-6.686850922529175,-3.155066456415966,0.22160173160173002,0.6638365100658064,0.2783174059037492,0.12585497835497872,7.393809546135908,7.397129641420337,244.7405885048002,-0.23079582212358984,1.7167123612637574,997.08,-1.74,78.57,False
HAOS / PANGAEA,HAOS_Flight_01,HAOS_Flight_01_seg02,train,10.1594/PANGAEA.918814,CC BY 4.0,fixed-wing UAV,2020-02-27 15:58:35+00:00,357.0,65.03183,24.54055,41.53,384181.219135078,7214255.4965059,-312.9287542249658,-654.5626217694953,-7.899999999999999,-311.29750847097216,-653.7015110859033,-8.316060606060596,-6.111615898887635,-2.899014774173736,0.42772727272727273,0.7131762049510826,0.3658015099939007,-0.03327922077921963,6.764328167409807,6.7778378688375565,244.62290721285328,0.26216042003819895,3.6181542765197023,996.96,-1.79,78.9,False
HAOS / PANGAEA,HAOS_Flight_01,HAOS_Flight_01_seg02,train,10.1594/PANGAEA.918814,CC BY 4.0,fixed-wing UAV,2020-02-27 15:58:36+00:00,358.0,65.03181000000001,24.54047,41.415,384177.529717351,7214253.820934175,-316.61817195196636,-656.2381934951991,-8.015,-317.07213553084944,-656.4238661665388,-7.778203463203452,-5.260498512627009,-2.4234634364281646,0.15504329004329076,0.7911746778552526,0.4432338182703859,-0.34285714285714297,5.791892577478901,5.79396738434405,245.26490934487663,0.709732739068535,1.5333856907241235,996.975,-1.77,78.9,True
HAOS / PANGAEA,HAOS_Flight_01,HAOS_Flight_01_seg02,train,10.1594/PANGAEA.918814,CC BY 4.0,fixed-wing UAV,2020-02-27 15:58:37+00:00,359.0,65.03179,24.54039,41.3,384173.840299624,7214252.14536245,-320.3075896789669,-657.9137652199715,-8.130000000000003,-321.8185054962262,-658.5484379587597,-8.005974025974014,-4.52926654317713,-2.0125471376329642,-0.2579870129870132,0.42568422827004326,0.2237972197862632,-0.20369047619047675,4.9562688991153765,4.962978813092829,246.04237269099036,0.29822397708227866,-2.979708900902593,996.99,-1.75,78.9,False
HAOS / PANGAEA,HAOS_Flight_01,HAOS_Flight_01_seg02,train,10.1594/PANGAEA.918814,CC BY 4.0,fixed-wing UAV,2020-02-27 15:58:38+00:00,360.0,65.03176,24.54024,42.06,384166.615077287,7214249.02998606,-327.5328120159684,-661.029141609557,-7.369999999999997,-326.1306686172037,-660.4489604418047,-8.294177489177478,-4.409130056086923,-1.9758689968556382,-0.25233766233766275,-0.20803950902396195,-0.11083596037377674,0.14570346320346372,4.831613203084905,4.838198057134331,245.86135729904117,-0.1774889233704726,-2.989634899624498,996.89,-1.78,78.95,False
HAOS / PANGAEA,HAOS_Flight_01,HAOS_Flight_01_seg02,train,10.1594/PANGAEA.918814,CC BY 4.0,fixed-wing UAV,2020-02-27 15:58:39+00:00,361.0,65.03175,24.54017,41.53,384163.033509521,7214247.48196299,-331.11437978199683,-662.5771646797657,-7.899999999999999,-330.6367656084,-662.500175952471,-8.51064935064934,-4.945345561225054,-2.2342190583805177,0.03341991341991424,-0.5780891725550106,-0.315458040677413,0.30304112554112583,5.426617502713737,5.426720410282076,245.68739484424938,-0.4798517894389554,0.35285254253624904,996.96,-1.76,78.9,False
HAOS / PANGAEA,HAOS_Flight_01,HAOS_Flight_01_seg02,train,10.1594/PANGAEA.918814,CC BY 4.0,fixed-wing UAV,2020-02-27 15:58:40+00:00,362.0,65.03173,24.54009,38.8,384159.451973929,7214245.93395978,-334.69591537397355,-664.1251678895205,-10.630000000000003,-336.0213597396538,-664.9173985585658,-8.22733766233765,-5.565308401196944,-2.6067850782104642,0.3537445887445889,-0.48297382097148045,-0.33195613492864595,0.10923701298701238,6.145566372956526,6.155738889725595,244.90165372016324,-0.9023673938150498,3.294363879356543,997.32,-1.71,78.71,False
HAOS / PANGAEA,HAOS_Flight_01,HAOS_Flight_01_seg02,train,10.1594/PANGAEA.918814,CC BY 4.0,fixed-wing UAV,2020-02-27 15:58:41+00:00,363.0,65.0317,24.53995,41.83,384152.639068841,7214242.58927213,-341.5088204619824,-667.4698555395007,-7.600000000000001,-341.7673824107939,-667.7137461088919,-7.803160173160162,-5.9112932031680145,-2.8981313282378096,0.251893939393939,-0.6083864005569808,-0.1857620419458499,-0.021525974025974115,6.583506097022606,6.588323237838078,243.8826600566193,0.69498135779549,2.191146004155824,996.92,-1.72,78.64,False
HAOS / PANGAEA,HAOS_Flight_01,HAOS_Flight_01_seg02,train,10.1594/PANGAEA.918814,CC BY 4.0,fixed-wing UAV,2020-02-27 15:58:42+00:00,364.0,65.03167,24.5398,42.59,384145.714344253,7214239.71602008,-348.4335450499784,-670.3431075895205,-6.839999999999996,-347.84394614598983,-670.7136612150414,-7.723549783549772,-6.782081202310906,-2.978309162102164,0.3106926406926407,-0.9630792230255167,-0.07321363682473248,0.207288961038961,7.407222887142025,7.413735955426333,246.29161643575424,2.44402114898041,2.4018378715766695,996.82,-1.76,78.59,False
HAOS / PANGAEA,HAOS_Flight_01,HAOS_Flight_01_seg02,train,10.1594/PANGAEA.918814,CC BY 4.0,fixed-wing UAV,2020-02-27 15:58:43+00:00,365.0,65.03165,24.53965,43.35,384138.478030948,7214237.24345378,-355.6698583549587,-672.8156738895923,-6.079999999999998,-355.3315448154157,-673.6703644330962,-7.1817748917748805,-7.837451649219048,-3.0445586018872746,0.666471861471861,-1.1799749550789755,1.231295016368449,0.016060606060605886,8.408031008159531,8.434403960939145,248.77070235458012,10.239821584596692,4.532137097172029,996.72,-1.75,79.1,False
HAOS / PANGAEA,HAOS_Flight_01,HAOS_Flight_01_seg02,train,10.1594/PANGAEA.918814,CC BY 4.0,fixed-wing UAV,2020-02-27 15:58:44+00:00,366.0,65.03162,24.5395,42.36,384131.044636568,7214234.69090228,-363.1032527349889,-675.3682253900915,-7.07,-363.51884944442793,-676.8027784188159,-6.39060606060605,-9.142031112468857,-0.5157191293652659,0.34281385281385246,-1.2845007079340718,4.0291261359690225,-0.34123376623376633,9.15656590003817,9.162980978885797,266.7712596049476,23.476729850617527,2.1441026721237506,996.85,-1.71,78.97,False
HAOS / PANGAEA,HAOS_Flight_01,HAOS_Flight_01_seg02,train,10.1594/PANGAEA.918814,CC BY 4.0,fixed-wing UAV,2020-02-27 15:58:45+00:00,367.0,65.03162,24.5393,41.53,384121.92042531,7214235.11494795,-372.22746399301104,-674.9441797202453,-7.899999999999999,-373.61560704035344,-674.7018026918267,-6.496147186147176,-10.406453065087192,5.01369367005077,-0.015995670995671674,-0.538007641564036,5.2374178529474875,-0.09712121212121239,11.551250564894252,11.551261639944807,295.72416205581516,23.746757279320917,-0.07934066078662709,996.96,-1.69,78.64,False
HAOS / PANGAEA,HAOS_Flight_01,HAOS_Flight_01_seg02,train,10.1594/PANGAEA.918814,CC BY 4.0,fixed-wing UAV,2020-02-27 15:58:46+00:00,368.0,65.03166,24.53908,43.96,384111.479290679,7214239.83363329,-382.6685986240045,-670.225494380109,-5.469999999999999,-384.3317555746023,-666.7753910787144,-6.422597402597393,-10.218046395596929,9.95911657652971,0.1485714285714277,1.1856875890119056,5.4985026524228715,0.21859307359307345,14.268583501086582,14.269356979095727,314.26477416358944,18.81287065675037,0.5965699531972918,996.64,-1.78,78.53,False
HAOS / PANGAEA,HAOS_Flight_01,HAOS_Flight_01_seg02,train,10.1594/PANGAEA.918814,CC BY 4.0,fixed-wing UAV,2020-02-27 15:58:47+00:00,369.0,65.03175,24.53885,43.96,384101.227023338,7214249.69633029,-392.9208659649594,-660.3627973794937,-5.469999999999999,-394.0516998315473,-654.7835695387673,-6.19900432900432,-8.03507788706338,16.010698974896513,0.4211904761904752,2.9354283449337544,6.334370933552748,0.12591991341991315,17.913820316055624,17.918771155778533,333.3499033693159,17.430125710738576,1.3468925540522365,996.64,-1.78,78.53,False
HAOS / PANGAEA,HAOS_Flight_01,HAOS_Flight_01_seg02,train,10.1594/PANGAEA.918814,CC BY 4.0,fixed-wing UAV,2020-02-27 15:58:48+00:00,370.0,65.03202,24.53855,42.97,384088.287028022,7214281.03438147,-405.86086128099123,-629.0247462000698,-6.460000000000001,-400.4019113487291,-634.7539931289214,-5.580216450216443,-4.34718970572942,22.627858443635205,0.400411255411254,3.6923831607167585,5.166057048969208,-0.2466883116883114,23.04165870945043,23.04513756210305,349.1250255850666,12.617976111432046,0.9955692142832634,996.77,-1.79,78.76,False
HAOS / PANGAEA,HAOS_Flight_01,HAOS_Flight_01_seg02,train,10.1594/PANGAEA.918814,CC BY 4.0,fixed-wing UAV,2020-02-27 15:58:49+00:00,371.0,65.0322,24.53855,43.73,384088.844564062,7214300.73082217,-405.30332524096593,-609.3283054996282,-5.700000000000003,-402.74607924300614,-609.5278526514969,-5.398181818181812,-0.6503115656298633,26.34281307283493,-0.07218614718614758,3.168259366866849,2.242355681625213,-0.34691558441558357,26.350838804916908,26.35093767900035,358.58585559218,7.535707250480702,-0.15695709945723135,996.67,-1.77,78.8,False
HAOS / PANGAEA,HAOS_Flight_01,HAOS_Flight_01_seg02,train,10.1594/PANGAEA.918814,CC BY 4.0,fixed-wing UAV,2020-02-27 15:58:50+00:00,372.0,65.03238,24.5386,44.19,384092.198262173,7214321.06379735,-401.9496271300013,-588.9953303197399,-5.240000000000002,-401.7025344799888,-582.0683669832515,-5.724588744588738,1.9893290280042777,27.11256980688563,-0.29341991341991314,1.8154093943401506,-0.5928533294992064,-0.1344372294372287,27.185453307144,27.187036741073825,4.196440086028019,4.08540469958722,-0.6183847550546238,996.61,-1.76,78.58,False
HAOS / PANGAEA,HAOS_Flight_01,HAOS_Flight_01_seg02,train,10.1594/PANGAEA.918814,CC BY 4.0,fixed-wing UAV,2020-02-27 15:58:51+00:00,373.0,65.03275,24.53871,44.19,384098.797730327,7214361.27336457,-395.3501589759835,-548.7857630997896,-5.240000000000002,-398.7674211869976,-555.3027130377257,-5.9850216450216385,2.980507223050438,25.157106413836516,-0.34106060606060495,-0.19685495605610015,-1.9028830234721568,-0.130248917748917,25.333050081341373,25.335345838585994,6.756664991354455,-0.13999765137849418,-0.771330443878717,996.61,-1.76,78.58,False
HAOS / PANGAEA,HAOS_Flight_01,HAOS_Flight_01_seg02,train,10.1594/PANGAEA.918814,CC BY 4.0,fixed-wing UAV,2020-02-27 15:58:52+00:00,374.0,65.03292,24.53872,42.36,384099.953373223,7214381.16837538,-394.194516079966,-528.8907522894442,-7.07,-395.7415200338879,-531.7541541555785,-6.406709956709948,1.5956191158920774,23.306803759941317,-0.5539177489177471,-1.9388286675018094,-1.6816677542985587,-0.16380952380952385,23.361359161389025,23.36792516977023,3.916444783271004,-4.556969938392529,-1.358277290580789,996.85,-1.74,78.41,False
HAOS / PANGAEA,HAOS_Flight_01,HAOS_Flight_01_seg02,train,10.1594/PANGAEA.918814,CC BY 4.0,fixed-wing UAV,2020-02-27 15:58:53+00:00,375.0,65.0331,24.53868,42.36,384098.805265828,7214400.86323567,-395.3426234750077,-509.19589199963957,-7.07,-395.5761829552134,-508.689105517843,-7.092857142857133,-0.8971501119531808,21.7937709052394,-0.6686796536796527,-2.1910848938915137,-2.2129900515678003,-0.0053354978354984706,21.812228877247662,21.822476052746214,357.6427251145694,-6.155955192698062,-1.7559198982306061,996.85,-1.79,79.36,False
HAOS / PANGAEA,HAOS_Flight_01,HAOS_Flight_01_seg02,train,10.1594/PANGAEA.918814,CC BY 4.0,fixed-wing UAV,2020-02-27 15:58:54+00:00,376.0,65.03327,24.5386,41.53,384096.107952082,7214420.11235955,-398.0399372209795,-489.9467681199312,-7.899999999999999,-397.5358202577943,-488.1666123450997,-7.744069264069253,-2.78655067189095,18.880823656805717,-0.5645887445887441,-1.4231988292814606,-1.8592352660119218,0.07674242424242417,19.085344288390772,19.0936933843855,351.6045343978749,-4.671868649886272,-1.6944478689547056,996.96,-1.76,79.34,False
HAOS / PANGAEA,HAOS_Flight_01,HAOS_Flight_01_seg02,train,10.1594/PANGAEA.918814,CC BY 4.0,fixed-wing UAV,2020-02-27 15:58:55+00:00,377.0,65.03344,24.53852,41.07,384092.689136331,7214439.12065481,-401.45875297195744,-470.93847285956144,-8.36,-401.1492842989953,-470.9274582042316,-8.222034632034621,-3.743547770516102,18.075300373215555,-0.5151948051948043,-0.6132142292437948,-0.01200334405731951,0.028614718614718537,18.458890364594033,18.46607860861104,348.2989878147968,-1.8093005392742367,-1.5987324316558402,997.02,-1.75,78.81,False
HAOS / PANGAEA,HAOS_Flight_01,HAOS_Flight_01_seg02,train,10.1594/PANGAEA.918814,CC BY 4.0,fixed-wing UAV,2020-02-27 15:58:56+00:00,378.0,65.03361,24.53842,41.07,384088.920289731,7214457.99668879,-405.22759957198286,-452.0624388800934,-8.36,-405.0229157988265,-452.01601159866857,-8.774458874458862,-4.01297913037854,18.856816968691078,-0.507359307359307,-0.2949338828260579,0.5344758194708277,0.10612012987012953,19.279096132639868,19.285770950582545,347.9859333193264,-0.5266484937570136,-1.5074793333538292,997.02,-1.76,79.11,False
HAOS / PANGAEA,HAOS_Flight_01,HAOS_Flight_01_seg02,train,10.1594/PANGAEA.918814,CC BY 4.0,fixed-wing UAV,2020-02-27 15:58:57+00:00,379.0,65.03378,24.53832,40.47,384084.984274524,7214476.68960809,-409.1636147790123,-433.3695195801556,-8.96,-409.1752425597524,-433.21382426684943,-9.236753246753235,-4.333415536168218,19.14425201215721,-0.30295454545454525,-0.24602042687021708,0.1344822134592789,0.21992424242424313,19.628572931165664,19.630910747357113,347.24569082728283,-0.6200901008281244,-0.8842537232197132,997.1,-1.75,79.08,False
HAOS / PANGAEA,HAOS_Flight_01,HAOS_Flight_01_seg02,train,10.1594/PANGAEA.918814,CC BY 4.0,fixed-wing UAV,2020-02-27 15:58:58+00:00,380.0,65.03394,24.53822,39.86,384080.787445594,7214495.48417309,-413.3604437090107,-414.5749545795843,-9.57,-413.6897468711629,-413.72750757435415,-9.380367965367952,-4.505019984118974,19.125781395609636,-0.06751082251082074,0.05701207130378805,-0.8189285791829946,0.1768885281385284,19.649191307785646,19.649307284510442,346.7457531176702,-0.39833520986776294,-0.19685644667149907,997.18,-1.75,78.65,False
HAOS / PANGAEA,HAOS_Flight_01,HAOS_Flight_01_seg02,train,10.1594/PANGAEA.918814,CC BY 4.0,fixed-wing UAV,2020-02-27 15:58:59+00:00,381.0,65.03411,24.5381,38.95,384076.234168848,7214514.16892985,-417.91372045496246,-395.89019782003015,-10.479999999999997,-418.18528252799035,-394.96226147563016,-9.371774891774876,-4.219391393560642,17.50639485379122,0.050822510822511546,0.37533924294518783,-1.8715604651574154,0.16627705627705547,18.007696257681086,18.00776797486317,346.44902040754727,-0.23070405629787474,0.1617035072916066,997.3,-1.74,78.25,False
HAOS / PANGAEA,HAOS_Flight_01,HAOS_Flight_01_seg02,train,10.1594/PANGAEA.918814,CC BY 4.0,fixed-wing UAV,2020-02-27 15:59:00+00:00,382.0,65.03427,24.53799,40.85,384071.583055142,7214532.46563,-422.5648341609631,-377.5934976693243,-8.579999999999998,-422.1285296582842,-378.7147178667717,-9.27872294372293,-3.754341498228598,15.382660465294805,0.2650432900432902,0.36140178766976305,-1.7392039378889166,0.1442532467532467,15.834182109470166,15.836400191377525,346.28434500507444,-0.2226218019085385,0.958966100415759,997.05,-1.79,78.43,False
HAOS / PANGAEA,HAOS_Flight_01,HAOS_Flight_01_seg02,train,10.1594/PANGAEA.918814,CC BY 4.0,fixed-wing UAV,2020-02-27 15:59:01+00:00,383.0,65.03443,24.53788,40.85,384067.160996548,7214550.3640971,-426.9868927549687,-359.6950305700302,-8.579999999999998,-425.69396552444755,-364.19694054504055,-8.841688311688296,-3.4965878182211156,14.027986978013388,0.3393290043290049,0.14653775727828133,-0.9507274612203815,0.013062770562770165,14.457196997545738,14.461178693281692,346.0037768037302,-0.34193469585128744,1.3445587528425127,997.05,-1.79,78.43,False
HAOS / PANGAEA,HAOS_Flight_01,HAOS_Flight_01_seg02,train,10.1594/PANGAEA.918814,CC BY 4.0,fixed-wing UAV,2020-02-27 15:59:02+00:00,384.0,65.03451,24.53783,40.885000000000005,384065.032840334,7214559.322877524,-429.11504896898987,-350.7362501453608,-8.544999999999995,-429.12170529472644,-350.65874391074493,-8.60006493506492,-3.4612659836720354,13.481205542854042,0.2911688311688305,-0.079133389173208,-0.10639663591773285,-0.09747835497835577,13.91845052792888,13.921495766858097,345.6004756133718,-0.4110423517530359,1.1984316881236876,997.045,-1.7850000000000001,78.475,True
HAOS / PANGAEA,HAOS_Flight_01,HAOS_Flight_01_seg02,train,10.1594/PANGAEA.918814,CC BY 4.0,fixed-wing UAV,2020-02-27 15:59:03+00:00,385.0,65.03459,24.53778,40.92,384062.90468412,7214568.28165795,-431.243205183011,-341.7774697197601,-8.509999999999998,-432.6164974917916,-337.23452945933246,-8.259350649350635,-3.6548545965675316,13.815193706177922,0.14437229437229337,-0.3631760766101877,0.9761116427925742,-0.1425649350649354,14.290470225337893,14.291199481521879,345.18169210022415,-0.39064020169371744,0.5788222227641149,997.04,-1.78,78.52,False
HAOS / PANGAEA,HAOS_Flight_01,HAOS_Flight_01_seg02,train,10.1594/PANGAEA.918814,CC BY 4.0,fixed-wing UAV,2020-02-27 15:59:04+00:00,386.0,65.03475,24.53766,41.45,384058.113218795,7214586.13519975,-436.034670508001,-323.92392791993916,-7.979999999999997,-436.4314144878615,-323.0283564983891,-8.311320346320333,-4.187618136892411,15.43342882843919,0.006038961038959734,-0.5714158337758306,1.8877111993512443,-0.008257575757575797,15.99146244290772,15.991463583173948,344.8191952099844,-0.21877755174360417,0.02163698066788391,996.97,-1.78,78.51,False
HAOS / PANGAEA,HAOS_Flight_01,HAOS_Flight_01_seg02,train,10.1594/PANGAEA.918814,CC BY 4.0,fixed-wing UAV,2020-02-27 15:59:05+00:00,387.0,65.0349,24.53754,40.54,384053.01216959,7214603.88848969,-441.13571971299825,-306.1706379801035,-8.89,-440.99173376557644,-306.3676718024541,-8.247272727272716,-4.797686264119193,17.59061610488041,0.12785714285714178,-0.29800329503464695,1.1147595494169167,0.05832251082251094,18.23314477642834,18.233593060260382,344.7441369967369,0.013504876079855553,0.40177131726395754,997.09,-1.75,78.47,False
HAOS / PANGAEA,HAOS_Flight_01,HAOS_Flight_01_seg02,train,10.1594/PANGAEA.918814,CC BY 4.0,fixed-wing UAV,2020-02-27 15:59:06+00:00,388.0,65.03506,24.53742,41.98,384048.119185432,7214621.83335701,-446.0287038710085,-288.22577065974474,-7.450000000000003,-446.0267870160999,-287.84712428862827,-8.05560606060605,-4.783624726961705,17.662947927273024,0.12268398268398162,0.33488692265849807,-0.9519650481330899,-0.03155303030303025,18.29925667916481,18.29966793058183,344.8462049621441,0.25642822195229314,0.38412320406375144,996.9,-1.81,78.83,False
HAOS / PANGAEA,HAOS_Flight_01,HAOS_Flight_01_seg02,train,10.1594/PANGAEA.918814,CC BY 4.0,fixed-wing UAV,2020-02-27 15:59:07+00:00,389.0,65.03522,24.5373,41.23,384043.294254727,7214639.96957054,-450.85363457596395,-270.0895571298897,-8.200000000000003,-450.55898321949985,-271.04177594790804,-8.001904761904752,-4.127912418802197,15.686686008614231,0.06475108225108128,0.6410811139199382,-1.7154405101573218,-0.0033874458874454394,16.22072066432792,16.220849902912224,345.2569934406415,0.6660178134594392,0.22871635007380234,997.0,-1.77,78.61,False
HAOS / PANGAEA,HAOS_Flight_01,HAOS_Flight_01_seg02,train,10.1594/PANGAEA.918814,CC BY 4.0,fixed-wing UAV,2020-02-27 15:59:08+00:00,390.0,65.03539,24.53719,41.38,384038.65441389,7214658.24013719,-455.4934754130081,-251.81899048015475,-8.049999999999997,-454.2826118537043,-256.4737522713998,-7.9261038961038865,-3.5014624991218284,14.23206690695838,0.11590909090909074,0.4273317771939702,-0.9089050987287663,0.003436147186147487,14.656465060746958,14.656923380923152,346.178240589063,0.7317052016830478,0.4531081159870913,996.98,-1.77,78.62,False
HAOS / PANGAEA,HAOS_Flight_01,HAOS_Flight_01_seg02,train,10.1594/PANGAEA.918814,CC BY 4.0,fixed-wing UAV,2020-02-27 15:59:09+00:00,391.0,65.03547,24.53714,41.98,384036.580721504,7214667.47765378,-457.5671677989885,-242.58147388976067,-7.450000000000003,-457.5619082177435,-242.57764213399128,-7.770086580086571,-3.2732488644142563,13.868875811156698,0.07162337662337626,-0.005829087929015486,-0.011429360607102979,0.005140692640692723,14.249907873164535,14.25008786996612,346.7204038440076,-0.032845213048667395,0.2879795907874741,996.9,-1.77,78.53,False
HAOS / PANGAEA,HAOS_Flight_01,HAOS_Flight_01_seg02,train,10.1594/PANGAEA.918814,CC BY 4.0,fixed-wing UAV,2020-02-27 15:59:10+00:00,392.0,65.03555,24.53708,41.3,384034.50704437,7214676.71517199,-459.64084493299015,-233.34395567979664,-8.130000000000003,-460.8291095825328,-228.7360006490864,-7.782857142857134,-3.5131206749798594,14.209208185744174,0.1261904761904762,-0.29492215509294795,0.7984411144312418,0.031244588744588908,14.637063029952088,14.637606982668697,346.11255016296565,-0.3724894190667521,0.4939517279956489,996.99,-1.79,78.59,False
HAOS / PANGAEA,HAOS_Flight_01,HAOS_Flight_01_seg02,train,10.1594/PANGAEA.918814,CC BY 4.0,fixed-wing UAV,2020-02-27 15:59:11+00:00,393.0,65.03571,24.53698,41.98,384030.519340831,7214695.16357541,-463.6285484720138,-214.89555225986987,-7.450000000000003,-464.5881495677032,-214.15922576250293,-7.5177056277056185,-3.8630931746001522,15.465758040019182,0.13411255411255407,-0.06745463791500583,1.7576627018559066,-0.044642857142856984,15.940927219834492,15.941491360761416,345.9754250058741,1.128673609795053,0.48202353216239235,996.9,-1.78,78.74,False
HAOS / PANGAEA,HAOS_Flight_01,HAOS_Flight_01_seg02,train,10.1594/PANGAEA.918814,CC BY 4.0,fixed-wing UAV,2020-02-27 15:59:12+00:00,394.0,65.03588,24.53688,41.91,384026.498407556,7214713.39899229,-467.6494817470084,-196.66013537999243,-7.520000000000003,-468.5552959317331,-197.80448456904804,-7.514632034632026,-3.648029950809871,17.724533589455987,0.03690476190476222,0.8239769971590931,2.027037824585726,-0.012283549783549397,18.096055191277447,18.096092822684422,348.3698973825558,3.77513188129705,0.11684779623495811,996.91,-1.78,78.93,False
HAOS / PANGAEA,HAOS_Flight_01,HAOS_Flight_01_seg02,train,10.1594/PANGAEA.918814,CC BY 4.0,fixed-wing UAV,2020-02-27 15:59:13+00:00,395.0,65.03604,24.53678,42.21,384022.273364347,7214731.53963851,-471.874524955987,-178.51948915980756,-7.219999999999999,-471.88420946932297,-178.71015858359095,-7.443896103896094,-2.215139180281966,19.519833689190634,0.10954545454545528,2.144460657175813,0.9001452883814451,0.029296536796536987,19.645120229758888,19.64542565200086,353.5256887684682,6.7550646584034295,0.31949039170764,996.87,-1.79,78.81,False
HAOS / PANGAEA,HAOS_Flight_01,HAOS_Flight_01_seg02,train,10.1594/PANGAEA.918814,CC BY 4.0,fixed-wing UAV,2020-02-27 15:59:14+00:00,396.0,65.03621,24.53671,42.14,384019.57546085,7214750.46350767,-474.57242845295696,-159.5956199998036,-7.289999999999999,-472.98557429229703,-158.76481719066678,-7.295541125541115,0.6408913635417548,19.524824166218878,0.09549783549783619,3.3167769662220365,-0.3865283880739554,-0.035854978354978195,19.535339783623606,19.535573201168475,1.880026699362645,9.868141907528862,0.28008621311895365,996.88,-1.8,78.71,False
HAOS / PANGAEA,HAOS_Flight_01,HAOS_Flight_01_seg02,train,10.1594/PANGAEA.918814,CC BY 4.0,fixed-wing UAV,2020-02-27 15:59:15+00:00,397.0,65.03638,24.53675,41.68,384022.284946641,7214770.10013932,-471.86294266197365,-139.95898834988475,-7.75,-470.60242674223946,-139.6605102511532,-7.252900432900422,4.418414752162107,18.746776913042723,0.03783549783549889,3.941711248436576,-1.0657248087600344,-0.0542965367965369,19.26042661909428,19.260463781394566,13.26197258352596,12.114485959397433,0.11255262389282927,996.94,-1.79,78.32,False
HAOS / PANGAEA,HAOS_Flight_01,HAOS_Flight_01_seg02,train,10.1594/PANGAEA.918814,CC BY 4.0,fixed-wing UAV,2020-02-27 15:59:16+00:00,398.0,65.03655,24.53689,42.52,384029.710353456,7214788.79553665,-464.43753584701335,-121.26359101943672,-6.909999999999997,-464.1487447879728,-121.27126336458133,-7.219870129870118,8.524313860414907,17.39337454869881,-0.013095238095237605,3.487175173349911,-2.108349776290588,-0.07393939393939464,19.369909782499896,19.36991420908843,26.1089986181575,12.418682999147281,-0.03873542874956435,996.83,-1.84,78.57,False
HAOS / PANGAEA,HAOS_Flight_01,HAOS_Flight_01_seg02,train,10.1594/PANGAEA.918814,CC BY 4.0,fixed-wing UAV,2020-02-27 15:59:17+00:00,399.0,65.03671,24.5371,42.14,384040.448713248,7214805.39075605,-453.69917605497176,-104.66837161965668,-7.289999999999999,-453.55379902140965,-104.87376115375558,-7.279090909090897,11.39276509886193,14.530077360461547,-0.11004329004329039,2.8223256451058347,-3.498485322224248,-0.10799783549783593,18.46397153103426,18.464299451225525,38.09933858182052,13.810918729586215,-0.3414726578267229,996.88,-1.81,78.85,False
HAOS / PANGAEA,HAOS_Flight_01,HAOS_Flight_01_seg02,train,10.1594/PANGAEA.918814,CC BY 4.0,fixed-wing UAV,2020-02-27 15:59:18+00:00,400.0,65.03683,24.53738,42.21,384053.983462897,7214819.01132819,-440.16442640597234,-91.04779948014766,-7.219999999999999,-441.36321459024896,-92.21110864365824,-7.439956709956698,14.168965150626576,10.396403904250313,-0.22909090909090946,3.018881579319796,-4.1603223943439716,-0.17366883116883103,17.573980413667858,17.575473541973473,53.73083607732991,16.14639172977287,-0.7468540692686656,996.87,-1.83,78.63,False
HAOS / PANGAEA,HAOS_Flight_01,HAOS_Flight_01_seg02,train,10.1594/PANGAEA.918814,CC BY 4.0,fixed-wing UAV,2020-02-27 15:59:19+00:00,401.0,65.03692,24.53771,41.6,384069.964048948,7214828.06718002,-424.18384035496274,-81.9919476499781,-7.829999999999998,-425.2158687201565,-84.08095334525495,-7.737272727272716,17.43052825750152,6.209432571773604,-0.45738095238095244,2.632235314039235,-3.623065419819646,-0.10861471861471861,18.503523129365444,18.509175171642923,70.39212204136624,13.530641399650094,-1.4159823840413288,996.95,-1.82,78.39,False
HAOS / PANGAEA,HAOS_Flight_01,HAOS_Flight_01_seg02,train,10.1594/PANGAEA.918814,CC BY 4.0,fixed-wing UAV,2020-02-27 15:59:20+00:00,402.0,65.03696,24.53806,41.3,384086.399112311,7214831.8135037,-407.74877699196804,-78.24562396947294,-8.130000000000003,-406.5021580752459,-79.79224350011103,-8.354718614718603,19.433435778705046,3.150273064611021,-0.4463203463203467,1.4581345708695892,-2.1813577242110895,0.15096320346320313,19.687118797494648,19.692177340208133,80.79211887663013,7.210902352235427,-1.2987117479999948,996.99,-1.79,78.7,False
HAOS / PANGAEA,HAOS_Flight_01,HAOS_Flight_01_seg02,train,10.1594/PANGAEA.918814,CC BY 4.0,fixed-wing UAV,2020-02-27 15:59:21+00:00,403.0,65.03696,24.53839,40.69,384102.01521479,7214831.42270704,-392.13267451297725,-78.63642062991858,-8.740000000000002,-386.3489971627464,-77.78040721603291,-8.629913419913409,20.3467973992407,1.846717123351425,-0.15545454545454618,0.4613270854056424,-0.36051378079722696,0.29449134199134175,20.430431433022346,20.431022848969896,84.81392674583708,1.2012642664524311,-0.43595346987550365,997.07,-1.79,78.46,False
HAOS / PANGAEA,HAOS_Flight_01,HAOS_Flight_01_seg02,train,10.1594/PANGAEA.918814,CC BY 4.0,fixed-wing UAV,2020-02-27 15:59:22+00:00,404.0,65.03698,24.53906,40.47,384133.878112284,7214831.94491798,-360.2697770189843,-78.11420969013125,-8.96,-365.8085632767645,-76.09880925340818,-8.665627705627696,20.35608994951633,2.429245503016567,0.14266233766233682,-0.118292225493974,1.4554109498031949,0.23689393939393977,20.500527596789453,20.501023981482323,83.19464740953498,-4.0619363180790025,0.3987125629732566,997.1,-1.82,78.74,False
HAOS / PANGAEA,HAOS_Flight_01,HAOS_Flight_01_seg02,train,10.1594/PANGAEA.918814,CC BY 4.0,fixed-wing UAV,2020-02-27 15:59:23+00:00,405.0,65.03702,24.53942,40.47,384150.647096615,7214835.88260828,-343.50079268799163,-74.17651939019561,-8.96,-345.63681726371374,-72.92191620999978,-8.344588744588735,20.11021294825275,4.757539022957815,0.31833333333333336,-0.6649254435466361,2.5564175060228536,0.08638528138528234,20.665305281535016,20.667756977721364,76.69005410967907,-7.409114239524168,0.8825281685870254,997.1,-1.82,78.74,False
HAOS / PANGAEA,HAOS_Flight_01,HAOS_Flight_01_seg02,train,10.1594/PANGAEA.918814,CC BY 4.0,fixed-wing UAV,2020-02-27 15:59:24+00:00,406.0,65.03709,24.53977,41.91,384167.442347722,7214842.77213371,-326.70554158097366,-67.28699395991862,-7.520000000000003,-325.588137380259,-66.58373120749255,-8.028961038961029,19.02623906242306,7.542080515062274,0.3154329004329015,-2.1972962404122143,2.0448713213531846,-0.013290043290042908,20.466576444441195,20.469007041643,68.37641893048664,-8.033934570371306,0.8829783130893851,996.91,-1.88,78.72,False
HAOS / PANGAEA,HAOS_Flight_01,HAOS_Flight_01_seg02,train,10.1594/PANGAEA.918814,CC BY 4.0,fixed-wing UAV,2020-02-27 15:59:25+00:00,407.0,65.03717,24.54011,42.14,384184.128417322,7214851.72925688,-310.0194719809806,-58.32987079024315,-7.289999999999999,-307.5843391388676,-57.83775517987523,-7.713722943722932,15.715620467428323,8.847281665664184,0.29175324675324754,-2.8477178712523994,0.7161341275862583,-0.10261904761904805,18.034830732442423,18.037190454858557,60.622184968936494,-6.162506274172041,0.926805022503806,996.88,-1.85,78.76,False
HAOS / PANGAEA,HAOS_Flight_01,HAOS_Flight_01_seg02,train,10.1594/PANGAEA.918814,CC BY 4.0,fixed-wing UAV,2020-02-27 15:59:26+00:00,408.0,65.03727,24.54046,42.14,384200.935613181,7214861.95979607,-293.2122761220089,-48.09933159966022,-7.289999999999999,-294.15689644540237,-48.88916787616418,-7.445454545454534,13.33080331991826,8.97434877023479,0.1101948051948054,-1.4825325448751983,0.14552230108630226,-0.22974025974026002,16.07013543826431,16.070513243180827,56.051406382142545,-3.1256818076507735,0.3928777285150543,996.88,-1.89,78.78,False
HAOS / PANGAEA,HAOS_Flight_01,HAOS_Flight_01_seg02,train,10.1594/PANGAEA.918814,CC BY 4.0,fixed-wing UAV,2020-02-27 15:59:27+00:00,409.0,65.03738,24.5408,41.45,384217.450889566,7214873.30670675,-276.69699973700335,-36.752420919947326,-7.979999999999997,-280.9227324990311,-39.88905763940565,-7.493333333333322,12.750555377677927,9.138326267836788,-0.1677272727272725,-0.5967043200164284,0.2884861614325267,-0.1672402597402598,15.687117944882907,15.688014592506084,54.37082135363494,-2.125897490352558,-0.6125853511678344,996.97,-1.86,78.81,False
HAOS / PANGAEA,HAOS_Flight_01,HAOS_Flight_01_seg02,train,10.1594/PANGAEA.918814,CC BY 4.0,fixed-wing UAV,2020-02-27 15:59:28+00:00,410.0,65.03743999999999,24.540965,41.64,384225.5025223635,7214879.628194666,-268.6453669394832,-30.430933004245162,-7.789999999999999,-268.6557856900465,-30.612515340490603,-7.780909090909079,12.137394679885404,9.551321093099844,-0.2242857142857142,-0.22622830305192565,0.5446342422961532,0.019632034632034,15.444872425462261,15.446500843894617,51.79961140143746,-2.0595486232202176,-0.8319733101316908,996.9449999999999,-1.885,78.83500000000001,True
HAOS / PANGAEA,HAOS_Flight_01,HAOS_Flight_01_seg02,train,10.1594/PANGAEA.918814,CC BY 4.0,fixed-wing UAV,2020-02-27 15:59:29+00:00,411.0,65.0375,24.54113,41.83,384233.554155161,7214885.94968258,-260.59373414196307,-24.10944508947432,-7.600000000000001,-256.6479431392603,-20.78641545320596,-7.94190476190475,12.298098771574075,10.227594752429095,-0.1284632034632045,0.589076910794148,0.8256036796429687,0.023430735930735747,15.995215778954247,15.995731637219691,50.25172410719449,-0.9369550576150742,-0.46015266277245664,996.92,-1.91,78.86,False
HAOS / PANGAEA,HAOS_Flight_01,HAOS_Flight_01_seg02,train,10.1594/PANGAEA.918814,CC BY 4.0,fixed-wing UAV,2020-02-27 15:59:30+00:00,412.0,65.03762,24.54146,41.07,384249.275785703,7214899.32051871,-244.87210360000608,-10.738608960062265,-8.36,-244.05958814689836,-10.157325835632413,-8.037835497835488,13.3155485014737,11.202528452385781,-0.1774242424242427,1.430631876375152,1.1507154116396947,-0.08345238095237972,17.401163053704526,17.402067549099193,49.9257012862073,0.08748275283801799,-0.5841740571184634,997.02,-1.86,78.89,False
HAOS / PANGAEA,HAOS_Flight_01,HAOS_Flight_01_seg02,train,10.1594/PANGAEA.918814,CC BY 4.0,fixed-wing UAV,2020-02-27 15:59:31+00:00,413.0,65.03775,24.54178,41.38,384264.873130855,7214912.70485809,-229.27475844800938,2.6457304200157523,-8.049999999999997,-230.0168461363129,1.6186414515656025,-8.296753246753235,15.15936252432438,12.529025575708484,-0.29536796536796395,1.631452592189376,1.121204989666957,0.13448051948051942,19.666793180908975,19.66901106450483,50.42668961287052,0.5163185938736422,-0.8604384778518842,996.98,-1.9,78.91,False
HAOS / PANGAEA,HAOS_Flight_01,HAOS_Flight_01_seg02,train,10.1594/PANGAEA.918814,CC BY 4.0,fixed-wing UAV,2020-02-27 15:59:32+00:00,414.0,65.03787,24.54211,41.3,384280.867725186,7214925.6921971,-213.28016411699355,15.633069430477917,-8.130000000000003,-213.7408630982496,14.900725315784555,-8.628571428571416,16.578453685852452,13.444938431719695,0.09153679653679614,0.7113271769820528,0.3665068878215667,0.5387337662337646,21.345057883423227,21.34525415711437,50.9583384739546,0.46051663048535085,0.24570746023519882,996.99,-1.85,79.24,False
HAOS / PANGAEA,HAOS_Flight_01,HAOS_Flight_01_seg02,train,10.1594/PANGAEA.918814,CC BY 4.0,fixed-wing UAV,2020-02-27 15:59:33+00:00,415.0,65.03799,24.54244,41.15,384297.353476003,7214938.45380053,-196.79441329999827,28.394672860391438,-8.280000000000001,-196.859938764608,28.50851831500499,-8.113679653679643,16.582016878288485,13.262039351351618,0.7820995670995652,-0.1363401732897529,-0.2602417746163681,0.565773809523809,21.233110264599556,21.247509295009152,51.347722873841235,0.3201205587033309,2.109476880148495,997.01,-1.86,78.93,False
HAOS / PANGAEA,HAOS_Flight_01,HAOS_Flight_01_seg02,train,10.1594/PANGAEA.918814,CC BY 4.0,fixed-wing UAV,2020-02-27 15:59:34+00:00,416.0,65.03811,24.54278,41.0,384313.714291899,7214951.47267808,-180.4335974039859,41.4135504104197,-8.43,-180.57682934167264,41.42480401848779,-7.064372294372285,16.305773339272946,12.924454882486959,1.223084415584414,-0.15356280969802327,-0.1526693048255936,0.3727813852813855,20.806724350584005,20.842641715695034,51.59857959136127,0.06421031788005616,3.3641540150933693,997.03,-1.85,78.8,False
HAOS / PANGAEA,HAOS_Flight_01,HAOS_Flight_01_seg02,train,10.1594/PANGAEA.918814,CC BY 4.0,fixed-wing UAV,2020-02-27 15:59:35+00:00,417.0,65.03823,24.54312,43.35,384329.950365292,7214964.30551581,-164.19752401096048,54.24638814013451,-6.079999999999998,-164.2483920860621,54.35742807997891,-5.667510822510815,16.27489125889244,12.95670074170043,1.5276623376623362,-0.07070985450531708,0.032640195540373895,0.2786525974025975,20.80260030858532,20.85861768710156,51.47614350960134,-0.1920345562905303,4.200040718116587,996.72,-1.84,78.22,False
HAOS / PANGAEA,HAOS_Flight_01,HAOS_Flight_01_seg02,train,10.1594/PANGAEA.918814,CC BY 4.0,fixed-wing UAV,2020-02-27 15:59:36+00:00,418.0,65.03835,24.54345,47.0,384346.072992676,7214977.38078662,-148.07489662698936,67.32165895029902,-2.4299999999999997,-148.02704682388776,67.33820550188865,-4.009047619047613,16.164353630262312,12.989735273567707,1.780389610389609,-0.10783191071912057,0.0028369425678995697,0.03245670995671002,20.736912758690565,20.81320104948604,51.2145104787802,-0.19262157009004663,4.9071561373693635,996.24,-1.85,78.75,False
HAOS / PANGAEA,HAOS_Flight_01,HAOS_Flight_01_seg02,train,10.1594/PANGAEA.918814,CC BY 4.0,fixed-wing UAV,2020-02-27 15:59:37+00:00,419.0,65.03848,24.54378,47.0,384362.196639098,7214990.42051386,-131.95125020499108,80.36138619016856,-2.4299999999999997,-131.91968482553747,80.33689862711432,-2.106731601731597,16.059227437454197,12.96237462683623,1.5925757575757562,-0.11113863399587487,-0.052789013139355134,-0.5271645021645021,20.637876389161978,20.699232821482717,51.09090036942126,-0.07957818086580995,4.412633836311062,996.24,-1.85,78.75,False
HAOS / PANGAEA,HAOS_Flight_01,HAOS_Flight_01_seg02,train,10.1594/PANGAEA.918814,CC BY 4.0,fixed-wing UAV,2020-02-27 15:59:38+00:00,420.0,65.0386,24.54411,48.29,384378.262337005,7215003.37969279,-115.88555229798658,93.32056512031704,-1.1400000000000006,-115.90859194897936,93.26295475556111,-0.8238961038961006,15.942076362270562,12.884157247288996,0.726060606060605,-0.13019583247993793,-0.10967863073322448,-0.9484956709956701,20.4975927053236,20.51044784291675,51.05535411704858,0.010081467961182157,2.0286686091872497,996.07,-1.87,78.83,False
HAOS / PANGAEA,HAOS_Flight_01,HAOS_Flight_01_seg02,train,10.1594/PANGAEA.918814,CC BY 4.0,fixed-wing UAV,2020-02-27 15:59:39+00:00,421.0,65.03872,24.544435,48.745000000000005,384394.1305082775,7215016.104326105,-100.01738102547824,106.04519843496382,-0.6849999999999952,-100.03553210099635,106.10521312169232,-0.6546103896103869,15.798835772494321,12.74301736536978,-0.30441558441558403,-0.13386676914177897,-0.17848823865617192,-0.8114718614718602,20.297480221455125,20.299762860398076,51.111063305343635,0.15612450007828912,-0.8592406772738169,996.01,-1.8900000000000001,78.77,True
HAOS / PANGAEA,HAOS_Flight_01,HAOS_Flight_01_seg02,train,10.1594/PANGAEA.918814,CC BY 4.0,fixed-wing UAV,2020-02-27 15:59:40+00:00,422.0,65.03884,24.54476,49.2,384409.99867955,7215028.82895942,-84.14920975296991,118.76983175054193,-0.22999999999999687,-84.31092040399072,118.74898948630067,-1.4327272727272686,15.674342823987004,12.527180769976653,-0.8968831168831155,-0.4571849828434438,-0.4548102118189803,-0.5537445887445879,20.06527550290665,20.085310063150523,51.367603117205135,0.20182777453995868,-2.559318720871909,995.95,-1.91,78.71,False
HAOS / PANGAEA,HAOS_Flight_01,HAOS_Flight_01_seg02,train,10.1594/PANGAEA.918814,CC BY 4.0,fixed-wing UAV,2020-02-27 15:59:41+00:00,423.0,65.03896,24.54508,46.54,384425.5098547,7215041.28909904,-68.6380346029764,131.22997137065977,-2.8900000000000006,-68.68684645302234,131.15957466164562,-2.448376623376618,14.884465806807434,11.83339694173182,-1.4119047619047598,-0.1280915083430294,-0.24255678448544415,-0.5766666666666662,19.01516777561028,19.067513749602938,51.514718854423506,0.32072118913461684,-4.246505044073723,996.3,-1.87,78.74,False
HAOS / PANGAEA,HAOS_Flight_01,HAOS_Flight_01_seg02,train,10.1594/PANGAEA.918814,CC BY 4.0,fixed-wing UAV,2020-02-27 15:59:42+00:00,424.0,65.03907,24.5454,44.79,384441.004967601,7215053.52003125,-53.14292170200497,143.4609035803005,-4.640000000000001,-54.541988790375854,142.4157833697643,-4.256536796536788,15.418159807300945,12.042067201005764,-2.050216450216448,1.3962622901770114,0.7177389284537412,-0.4922943722943721,19.56351283172348,19.670648738914213,52.00904549547437,0.7961490733714172,-5.982643526699204,996.53,-1.88,78.48,False
HAOS / PANGAEA,HAOS_Flight_01,HAOS_Flight_01_seg02,train,10.1594/PANGAEA.918814,CC BY 4.0,fixed-wing UAV,2020-02-27 15:59:43+00:00,425.0,65.03918,24.54572,42.67,384456.691780931,7215065.444298,-37.45610837196,155.38517033029348,-6.759999999999998,-37.85052683842045,155.24370906365715,-6.548809523809514,17.676990387161457,13.268874798639303,-2.396493506493504,1.9667111424243728,0.8941807076244217,-0.17948593073593,22.10291898301588,22.23245844922305,53.107017001166355,1.2189252279850085,-6.188081631456422,996.81,-1.91,78.71,False
HAOS / PANGAEA,HAOS_Flight_01,HAOS_Flight_01_seg02,train,10.1594/PANGAEA.918814,CC BY 4.0,fixed-wing UAV,2020-02-27 15:59:44+00:00,426.0,65.03929,24.54605,40.92,384472.690085353,7215077.22278977,-21.457803950004745,167.1636621002108,-8.509999999999998,-19.18800801605294,168.95353296704292,-9.049523809523796,19.35158209214969,13.830428616254608,-2.409188311688308,0.9995554044445107,0.06459009372503743,-0.011566017316019694,23.785804278571767,23.907502452152936,54.44689595144439,1.3204225854715022,-5.783582766866827,997.04,-1.9,79.58,False
HAOS / PANGAEA,HAOS_Flight_01,HAOS_Flight_01_seg02,train,10.1594/PANGAEA.918814,CC BY 4.0,fixed-wing UAV,2020-02-27 15:59:45+00:00,427.0,65.03941,24.54638,37.89,384488.9072022,7215089.1134479,-5.240687103010714,179.05432023014873,-11.54,0.852637345878934,182.90456629616637,-11.36718614718613,19.676101196050478,13.398054986089377,-2.4196255411255434,0.12319726536136955,-0.540136635459362,-0.09307792207792631,23.80455493571542,23.92721094166139,55.747862172109365,1.2528341347139542,-5.803923759038878,997.44,-1.89,78.91,False
HAOS / PANGAEA,HAOS_Flight_01,HAOS_Flight_01_seg02,train,10.1594/PANGAEA.918814,CC BY 4.0,fixed-wing UAV,2020-02-27 15:59:46+00:00,428.0,65.03962,24.54706,35.16,384521.576147377,7215111.3178257,27.42825807404006,201.25869803037494,-14.270000000000003,20.164194376048016,195.74964293922167,-13.888774891774883,19.59797662287243,12.750155345335884,-2.5953441558441606,0.24735730611431528,-0.41887111809609934,-0.16161471861471766,23.380486501372282,23.524093188221432,56.95256422087232,1.1708634993164562,-6.334169764254369,997.8,-1.89,79.35,False
HAOS / PANGAEA,HAOS_Flight_01,HAOS_Flight_01_seg02,train,10.1594/PANGAEA.918814,CC BY 4.0,fixed-wing UAV,2020-02-27 15:59:47+00:00,429.0,65.03971,24.54741,32.88,384538.43949178,7215121.23495742,44.291602477023844,211.17582975048572,-16.549999999999997,40.04859059162379,208.40487698683813,-16.55787445887445,20.17081580827911,12.560312749897179,-2.7428549783549787,0.5728391854066643,-0.18984259543864823,-0.1475108225108186,23.761802683019486,23.919584448293385,58.08958917074227,1.1188579875725244,-6.5845824354205105,998.1,-1.91,78.96,False
HAOS / PANGAEA,HAOS_Flight_01,HAOS_Flight_01_seg02,train,10.1594/PANGAEA.918814,CC BY 4.0,fixed-wing UAV,2020-02-27 15:59:48+00:00,430.0,65.0398,24.54776,30.16,384555.300457711,7215130.90206341,61.15256840799702,220.8429357400164,-19.27,60.50582599260623,220.87026843901603,-19.37448484848484,20.74365499368576,12.370470154458587,-2.8903658008657978,0.42962938905498405,-0.14238194657895065,-0.11063311688311384,24.152179080559478,24.32451374235936,59.19028019601734,0.8188516884817828,-6.824307793433252,998.46,-1.9,79.02,False
HAOS / PANGAEA,HAOS_Flight_01,HAOS_Flight_01_seg02,train,10.1594/PANGAEA.918814,CC BY 4.0,fixed-wing UAV,2020-02-27 15:59:49+00:00,431.0,65.0399,24.54811,27.13,384572.069927749,7215140.93345534,77.9220384460059,230.87432766985148,-22.3,81.53590057899531,233.1458172957553,-22.338606060606047,21.030074586389077,12.275548856739277,-2.9641212121212064,0.28641959270331796,-0.0949212977193099,-0.07375541125540863,24.35062908516494,24.530372019262725,59.72729254770587,0.5370123516884943,-6.940280436414396,998.86,-1.97,78.92,False
