source_dataset,trajectory_id,segment_id,split,source_doi,license,vehicle_class,timestamp,elapsed_s,latitude_deg,longitude_deg,altitude_m,utm_easting_m,utm_northing_m,x_east_m,y_north_m,z_up_m,x_smooth_m,y_smooth_m,z_smooth_m,vx_mps,vy_mps,vz_mps,ax_mps2,ay_mps2,az_mps2,speed_horizontal_mps,speed_3d_mps,course_deg,turn_rate_dps,climb_angle_deg,pressure_hpa,temperature_c,relative_humidity_pct,is_interpolated
HAOS / PANGAEA,HAOS_Flight_03,HAOS_Flight_03_seg00,test,10.1594/PANGAEA.918819,CC BY 4.0,fixed-wing UAV,2020-02-27 17:36:53+00:00,0.0,65.03755,24.53893,26.78,384130.280189989,7214896.30752684,0.0,0.0,0.0,-2.599499696755236,-0.6192210046574426,0.02790909090908948,-8.889747147462296,-2.388891224904607,0.26465151515151464,-0.2760390913350417,0.0050882689122642155,-0.043295454545454526,9.20512931089185,9.20893294875754,254.95857169995884,0.46312209763300427,1.646825205198162,999.3,-2.38,81.04,False
HAOS / PANGAEA,HAOS_Flight_03,HAOS_Flight_03_seg00,test,10.1594/PANGAEA.918819,CC BY 4.0,fixed-wing UAV,2020-02-27 17:36:54+00:00,1.0,65.03752,24.53867,27.16,384117.684796948,7214893.06537489,-12.595393041032366,-3.2421519495546818,0.379999999999999,-11.489246844217533,-3.0081122295620495,0.29256060606060413,-9.165786238797338,-2.383802955992343,0.2213560606060601,-0.4140586370025634,0.007632403368396545,-0.06494318181818175,9.47069975811315,9.4732862520823,255.42169379759184,0.6577307652820819,1.3389147219683788,999.25,-2.42,81.03,False
HAOS / PANGAEA,HAOS_Flight_03,HAOS_Flight_03_seg00,test,10.1594/PANGAEA.918819,CC BY 4.0,fixed-wing UAV,2020-02-27 17:36:55+00:00,2.0,65.03749,24.5384,27.08,384105.002638708,7214889.85086312,-25.277551281033084,-6.456663720309734,0.29999999999999716,-20.93107217434991,-5.3868269166421285,0.4706212121212097,-9.717864421467423,-2.373626418167814,0.13476515151515114,-0.5520781826700789,0.010176537824531318,-0.08659090909090898,10.003548934605485,10.004456653567422,256.274033230523,0.8091596848591791,0.7718268177876876,999.26,-2.37,81.05,False
HAOS / PANGAEA,HAOS_Flight_03,HAOS_Flight_03_seg00,test,10.1594/PANGAEA.918819,CC BY 4.0,fixed-wing UAV,2020-02-27 17:36:56+00:00,3.0,65.037475,24.538265,27.345,384098.52413025545,7214888.377386119,-31.75605973356869,-7.930140720680356,0.5649999999999977,-30.92497568715238,-7.755365065897677,0.5620909090909064,-10.269942604137496,-2.36344988034328,0.04817424242424215,-0.3559085357653249,0.05857173554968509,-0.09284577922077908,10.53838775283834,10.538497861972846,257.04001316731024,0.7590316329295308,0.2619149732138521,999.225,-2.39,81.035,True
HAOS / PANGAEA,HAOS_Flight_03,HAOS_Flight_03_seg00,test,10.1594/PANGAEA.918819,CC BY 4.0,fixed-wing UAV,2020-02-27 17:36:57+00:00,4.0,65.03746,24.53813,27.61,384092.045621803,7214886.90390912,-38.23456818604609,-9.403617720119655,0.8299999999999983,-41.4709573826249,-10.113726677328689,0.566969696969694,-10.429681492998073,-2.2564829470684438,-0.050926406926407014,-0.30366929460817094,0.07318368190052738,-0.12439015151515113,10.670987364616135,10.671108884962221,257.7920964963821,0.7196891801176591,-0.27343730536144656,999.19,-2.41,81.02,False
HAOS / PANGAEA,HAOS_Flight_03,HAOS_Flight_03_seg00,test,10.1594/PANGAEA.918819,CC BY 4.0,fixed-wing UAV,2020-02-27 17:36:58+00:00,5.0,65.03743,24.53786,27.31,384079.156272286,7214884.17613698,-51.12391770299291,-12.131389860063791,0.5299999999999976,-51.784338673148525,-12.268330960034564,0.4602380952380924,-10.877281193353838,-2.2170825165422254,-0.20060606060606012,-0.9248635328233332,-0.07784003623130409,-0.09718831168831124,11.100932440315376,11.102744878452272,258.47939152754554,0.5471252235626615,-1.035285077113985,999.23,-2.42,81.03,False
HAOS / PANGAEA,HAOS_Flight_03,HAOS_Flight_03_seg00,test,10.1594/PANGAEA.918819,CC BY 4.0,fixed-wing UAV,2020-02-27 17:36:59+00:00,6.0,65.0374,24.53759,26.86,384066.258506503,7214881.62734173,-64.0216834860039,-14.68018511030823,0.0799999999999983,-63.22551976933258,-14.54789171041314,0.16575757575757377,-12.27940855864474,-2.412163019531052,-0.2453030303030295,-1.2299379407694246,-0.15225075895079598,0.029372294372294355,12.514088260153468,12.516492262594447,258.8863469435074,0.40718916706759556,-1.1229766243036965,999.29,-2.36,81.05,False
HAOS / PANGAEA,HAOS_Flight_03,HAOS_Flight_03_seg00,test,10.1594/PANGAEA.918819,CC BY 4.0,fixed-wing UAV,2020-02-27 17:37:00+00:00,7.0,65.03737,24.53732,26.75,384053.364339969,7214879.0857118,-76.91585002001375,-17.22181504033506,-0.030000000000001137,-76.343155790438,-17.09265699909667,-0.03036796536796662,-13.337157074892687,-2.5215840344438174,-0.1418614718614714,-0.22124713821820663,0.05445869079512722,0.12919372294372264,13.573435264630765,13.574176570249879,259.29376986168074,0.42582837981737787,-0.5987996057185094,999.31,-2.35,81.05,False
HAOS / PANGAEA,HAOS_Flight_03,HAOS_Flight_03_seg00,test,10.1594/PANGAEA.918819,CC BY 4.0,fixed-wing UAV,2020-02-27 17:37:01+00:00,8.0,65.03735,24.53704,26.63,384040.404251516,7214876.655247,-89.87593847303651,-19.652279839850962,-0.15000000000000213,-89.89983391911795,-19.591059779300775,-0.11796536796536906,-12.721902835081153,-2.3032456379407975,0.013084415584415764,0.20823238848689485,0.12492906909387536,0.16906926406926384,12.928718119517464,12.928724740509807,259.73800370314217,0.36718124038533123,0.05798575910643829,999.32,-2.35,81.05,False
HAOS / PANGAEA,HAOS_Flight_03,HAOS_Flight_03_seg00,test,10.1594/PANGAEA.918819,CC BY 4.0,fixed-wing UAV,2020-02-27 17:37:02+00:00,9.0,65.03732,24.53677,26.26,384027.336543115,7214874.37137463,-102.94364687404595,-21.93615220952779,-0.5199999999999996,-101.78696146060031,-21.699148274978263,-0.0041991341991350906,-12.920692297918897,-2.2717258962560667,0.19627705627705627,-0.9820633627569677,-0.11318757440955185,0.11394480519480495,13.118880592688583,13.120348802072373,260.0281323424514,0.2444421902448958,0.857162154036611,999.37,-2.37,81.07,False
HAOS / PANGAEA,HAOS_Flight_03,HAOS_Flight_03_seg00,test,10.1594/PANGAEA.918819,CC BY 4.0,fixed-wing UAV,2020-02-27 17:37:03+00:00,10.0,65.0373,24.53649,27.46,384014.203580879,7214872.19518547,-116.07660910999402,-24.112341369502246,0.6799999999999997,-115.74121851495575,-24.134511571812908,0.2745887445887435,-14.686029560595088,-2.529620786759901,0.24097402597402565,-1.4556774152802419,-0.1984244106968367,0.018095238095237887,14.902296654525454,14.904244833626247,260.22688808363193,0.20214714370446155,0.9264069680947512,999.21,-2.4,81.06,False
HAOS / PANGAEA,HAOS_Flight_03,HAOS_Flight_03_seg00,test,10.1594/PANGAEA.918819,CC BY 4.0,fixed-wing UAV,2020-02-27 17:37:04+00:00,11.0,65.03727,24.53621,27.31,384000.977714007,7214869.97604871,-129.3024759819964,-26.331478130072355,0.5299999999999976,-131.1590205817905,-26.758389848498066,0.4777489177489162,-15.832047128479381,-2.66857471764974,0.23246753246753205,-0.825996933081484,-0.09926709404126655,-0.012218614718614879,16.05537315985124,16.05705603327469,260.4324266298603,0.1466072767176557,0.8295339938672219,999.23,-2.44,81.04,False
HAOS / PANGAEA,HAOS_Flight_03,HAOS_Flight_03_seg00,test,10.1594/PANGAEA.918819,CC BY 4.0,fixed-wing UAV,2020-02-27 17:37:05+00:00,12.0,65.03725,24.53593,27.53,383987.655972951,7214867.62216277,-142.62421703804284,-28.68536407034844,0.75,-147.4053127719145,-29.471661007112388,0.7395238095238076,-16.338023426758056,-2.7281549748424343,0.2165367965367959,-0.21143534593744917,0.007623319687457553,-0.13760822510822507,16.56423372993911,16.565649013676072,260.5201026370673,0.14840602407840014,0.7489593599750722,999.2,-2.41,81.06,False
HAOS / PANGAEA,HAOS_Flight_03,HAOS_Flight_03_seg00,test,10.1594/PANGAEA.918819,CC BY 4.0,fixed-wing UAV,2020-02-27 17:37:06+00:00,13.0,65.0372,24.53538,27.68,383961.504966784,7214863.16675497,-168.77522320504067,-33.14077186957002,0.8999999999999986,-163.8350674353066,-32.214699798182934,0.910822510822508,-16.25491782035428,-2.653328078274825,-0.04274891774891809,0.3728329115447693,0.17225196666902765,-0.23785714285714243,16.470048671374126,16.470104149865033,260.7292386780171,0.39410473214788155,-0.1487140150190632,999.18,-2.46,81.05,False
HAOS / PANGAEA,HAOS_Flight_03,HAOS_Flight_03_seg00,test,10.1594/PANGAEA.918819,CC BY 4.0,fixed-wing UAV,2020-02-27 17:37:07+00:00,14.0,65.03718,24.53511,27.31,383948.550912292,7214861.26141027,-181.72927769704256,-35.04611657001078,0.5299999999999976,-179.91514841262307,-34.77831716366204,0.6540259740259714,-15.592357603668518,-2.383651041504379,-0.259177489177489,0.9828335770744872,0.3289875467247363,-0.05469696969696958,15.7735033498695,15.775632503935958,261.308312101363,0.6606869741224001,-0.9413533417697143,999.23,-2.42,81.05,False
HAOS / PANGAEA,HAOS_Flight_03,HAOS_Flight_03_seg00,test,10.1594/PANGAEA.918819,CC BY 4.0,fixed-wing UAV,2020-02-27 17:37:08+00:00,15.0,65.03715,24.53484,27.68,383935.745282866,7214859.37587344,-194.53490712301573,-36.931653399951756,0.8999999999999986,-195.01978264264363,-36.98200188119169,0.39246753246752997,-14.289250666205305,-1.9953529848253524,-0.15214285714285725,1.5953979693132467,0.39930268132442315,0.15337662337662333,14.427893752578724,14.428695907277268,262.0506126262619,0.7040965468376974,-0.6041644510645374,999.18,-2.41,81.09,False
HAOS / PANGAEA,HAOS_Flight_03,HAOS_Flight_03_seg00,test,10.1594/PANGAEA.918819,CC BY 4.0,fixed-wing UAV,2020-02-27 17:37:09+00:00,16.0,65.03713,24.53457,27.08,383923.035811678,7214857.51631022,-207.2443783110357,-38.791216620244086,0.29999999999999716,-208.49364974503368,-38.76902313331274,0.3497402597402569,-12.401561665042024,-1.5850456788555327,0.04757575757575769,1.2167901045848737,0.23895967775327165,0.09746753246753272,12.502443822545194,12.502534342628595,262.7165051950384,0.3278147066237444,0.21802753107111003,999.26,-2.39,81.09,False
HAOS / PANGAEA,HAOS_Flight_03,HAOS_Flight_03_seg00,test,10.1594/PANGAEA.918819,CC BY 4.0,fixed-wing UAV,2020-02-27 17:37:10+00:00,17.0,65.03712,24.5343,26.41,383910.220119138,7214856.19026081,-220.06007085100282,-40.117266030050814,-0.370000000000001,-219.82290597272768,-40.15209323890276,0.48761904761904534,-11.855670457035558,-1.517433629318809,0.04279220779220819,0.03231716268791729,-0.05593764962471326,-0.03899350649350647,11.952385820630681,11.952462423210587,262.7062420395094,-0.27414338143728584,0.205130796782997,999.35,-2.42,81.1,False
HAOS / PANGAEA,HAOS_Flight_03,HAOS_Flight_03_seg00,test,10.1594/PANGAEA.918819,CC BY 4.0,fixed-wing UAV,2020-02-27 17:37:11+00:00,18.0,65.0371,24.53404,27.08,383897.960322299,7214854.71940904,-232.3198676900356,-41.58811779972166,0.29999999999999716,-232.2049906591048,-41.80389039195036,0.4353246753246733,-12.33692733966619,-1.6969209781049592,-0.03041125541125525,-0.2098054924235413,-0.12424636970363068,0.021601731601731483,12.4530846375561,12.453121770648172,262.1682184321638,-0.4463333972566245,-0.13991980073233576,999.26,-2.37,81.12,False
HAOS / PANGAEA,HAOS_Flight_03,HAOS_Flight_03_seg00,test,10.1594/PANGAEA.918819,CC BY 4.0,fixed-wing UAV,2020-02-27 17:37:12+00:00,19.0,65.03708,24.53379,28.28,383885.946436989,7214852.91360818,-244.33375300001353,-43.39391865953803,1.5,-244.49676065206006,-43.545935195112676,0.42679653679653484,-12.27528144188264,-1.7659263687260705,0.08599567099567115,0.021880502752985365,-0.04835216250589092,0.04724025974025979,12.40165434194932,12.40195249437041,261.8135752449962,-0.23467118951600455,0.39729457853733846,999.1,-2.38,81.12,False
HAOS / PANGAEA,HAOS_Flight_03,HAOS_Flight_03_seg00,test,10.1594/PANGAEA.918819,CC BY 4.0,fixed-wing UAV,2020-02-27 17:37:13+00:00,20.0,65.03706,24.53353,27.53,383873.620770036,7214850.99765787,-256.6594199530082,-45.30986896995455,0.75,-256.7555535428701,-45.3357431294025,0.6073160173160156,-12.293166334160219,-1.793625303116741,0.06406926406926433,-0.1960101505756171,-0.007515908629144974,-0.11116341991341984,12.423326054133444,12.423491261232055,261.6988760531318,0.09169316813022377,0.29548173073062034,999.2,-2.36,81.1,False
HAOS / PANGAEA,HAOS_Flight_03,HAOS_Flight_03_seg00,test,10.1594/PANGAEA.918819,CC BY 4.0,fixed-wing UAV,2020-02-27 17:37:14+00:00,21.0,65.03703,24.53327,26.33,383861.234380029,7214848.97447375,-269.04580995999277,-47.33305308967829,-0.45000000000000284,-269.0830933203805,-47.13318580134616,0.5549350649350635,-12.667301743033875,-1.7809581859843604,-0.13633116883116853,-0.2669311859951904,0.04923393702319956,-0.1410064935064937,12.791885924651366,12.792612387502743,261.9969615812566,0.3864093369070741,-0.610614018220585,999.36,-2.34,81.1,False
HAOS / PANGAEA,HAOS_Flight_03,HAOS_Flight_03_seg00,test,10.1594/PANGAEA.918819,CC BY 4.0,fixed-wing UAV,2020-02-27 17:37:15+00:00,22.0,65.03701,24.533,27.46,383848.811181454,7214847.24638285,-281.4690085350303,-49.06114398967475,0.6799999999999997,-282.0901570289378,-48.89765950137122,0.33465367965367854,-12.8270287061506,-1.695157429070342,-0.21794372294372308,0.43368962491862817,0.1378388855741406,0.02556818181818142,12.938555720703292,12.940391168898815,262.471694726946,0.366627007955558,-0.9650284723666839,999.21,-2.38,81.08,False
HAOS / PANGAEA,HAOS_Flight_03,HAOS_Flight_03_seg00,test,10.1594/PANGAEA.918819,CC BY 4.0,fixed-wing UAV,2020-02-27 17:37:16+00:00,23.0,65.037,24.53274,27.23,383836.29423918,7214845.90027783,-293.9859508090303,-50.407249010168016,0.4499999999999993,-294.7371507326817,-50.52350065948684,0.11904761904761735,-11.799922493196618,-1.5052804148360792,-0.08519480519480568,1.236360174066803,0.16335702962967602,0.11572510822510824,11.895547064878377,11.89585213961441,262.7302155971677,-0.0001864816906021759,-0.410340045001444,999.24,-2.34,81.07,False
HAOS / PANGAEA,HAOS_Flight_03,HAOS_Flight_03_seg00,test,10.1594/PANGAEA.918819,CC BY 4.0,fixed-wing UAV,2020-02-27 17:37:17+00:00,24.0,65.03698,24.53247,26.48,383823.749340458,7214844.49652912,-306.5308495310019,-51.81099771987647,-0.3000000000000007,-305.69000201533106,-51.90822033104338,0.16426406926406717,-10.354308358016993,-1.36844336981099,0.013506493506493411,1.1814721679843387,0.05572421206020017,-0.060627705627705294,10.444344825276511,10.444353558485421,262.4713217635648,-0.5659999538254709,0.07409412993371799,999.34,-2.3,81.09,False
HAOS / PANGAEA,HAOS_Flight_03,HAOS_Flight_03_seg00,test,10.1594/PANGAEA.918819,CC BY 4.0,fixed-wing UAV,2020-02-27 17:37:18+00:00,25.0,65.03696,24.53222,27.08,383811.634458048,7214842.76993247,-318.64573194104014,-53.537594369612634,0.29999999999999716,-315.4457674487157,-53.26038739910882,0.14606060606060417,-9.43697815722794,-1.3938319907156789,-0.20645021645021627,0.6436150641478093,-0.061624473337792196,-0.15033549783549757,9.539356600858346,9.541590331292369,261.5982156895168,-0.9068938940031327,-1.2397984833799598,999.26,-2.34,81.07,False
HAOS / PANGAEA,HAOS_Flight_03,HAOS_Flight_03_seg00,test,10.1594/PANGAEA.918819,CC BY 4.0,fixed-wing UAV,2020-02-27 17:37:19+00:00,26.0,65.03694999999999,24.532094999999998,26.744999999999997,383805.7575048,7214841.610909055,-324.5226851890329,-54.696617784909904,-0.035000000000003695,-324.56395832978694,-54.69588431247474,-0.24863636363636538,-9.067078229721375,-1.4916923164865743,-0.28716450216450173,0.08663049500654552,-0.11967006746731812,-0.019231601731601503,9.188963684276501,9.193449681281546,260.6575339755585,-0.7982945908006763,-1.789969081925208,999.3050000000001,-2.325,81.06,True
HAOS / PANGAEA,HAOS_Flight_03,HAOS_Flight_03_seg00,test,10.1594/PANGAEA.918819,CC BY 4.0,fixed-wing UAV,2020-02-27 17:37:20+00:00,27.0,65.03694,24.53197,26.41,383799.880551552,7214840.45188564,-330.3996384370257,-55.855641200207174,-0.370000000000001,-333.57992390815843,-56.24377203208197,-0.42826839826839924,-9.26371716721485,-1.633172125650315,-0.24491341991341928,-0.48807493976600824,-0.1525420214349893,0.03929653679653694,9.406577855211335,9.409765646890786,260.00162650791543,-0.4003427333763484,-1.491438859200731,999.35,-2.31,81.05,False
HAOS / PANGAEA,HAOS_Flight_03,HAOS_Flight_03_seg00,test,10.1594/PANGAEA.918819,CC BY 4.0,fixed-wing UAV,2020-02-27 17:37:21+00:00,28.0,65.03691,24.53172,25.96,383787.941854795,7214838.27139863,-342.3383351940429,-58.036128209903836,-0.8200000000000003,-343.09139266421664,-57.96222856377537,-0.7384632034632039,-10.043228109253391,-1.7967763593565529,-0.20857142857142785,-1.0411531599527848,-0.15973456139833786,0.09623376623376613,10.202687691978033,10.204819360520615,259.8568485088058,0.116736722474611,-1.1711226158881933,999.41,-2.26,81.03,False
HAOS / PANGAEA,HAOS_Flight_03,HAOS_Flight_03_seg00,test,10.1594/PANGAEA.918819,CC BY 4.0,fixed-wing UAV,2020-02-27 17:37:22+00:00,29.0,65.03689,24.53146,25.66,383775.832782256,7214836.46942065,-354.44740773300873,-59.83810618985444,-1.120000000000001,-353.6663801266652,-59.83732475079508,-0.845411255411255,-11.34602348712042,-1.9526412484469908,-0.05244588744588702,-0.837246345695732,-0.07952706484845429,0.13230519480519437,11.512821409864083,11.51294086610953,260.23509995286463,0.3335711743350598,-0.2610052836477253,999.45,-2.25,81.02,False
HAOS / PANGAEA,HAOS_Flight_03,HAOS_Flight_03_seg00,test,10.1594/PANGAEA.918819,CC BY 4.0,fixed-wing UAV,2020-02-27 17:37:23+00:00,30.0,65.03687,24.53121,26.03,383763.893042512,7214834.55634807,-366.38714747701306,-61.75117877032608,-0.75,-365.7834396384575,-61.86751106066935,-0.843354978354978,-11.717720800644855,-1.9558304890534615,0.05603896103896089,-0.31506017298121947,0.049772987721762973,0.05010281385281351,11.879825489617943,11.87995766107483,260.52399085747595,0.48457530147917466,0.2702709853697251,999.4,-2.29,81.0,False
HAOS / PANGAEA,HAOS_Flight_03,HAOS_Flight_03_seg00,test,10.1594/PANGAEA.918819,CC BY 4.0,fixed-wing UAV,2020-02-27 17:37:24+00:00,31.0,65.03685,24.53096,25.58,383751.952057413,7214832.32132024,-378.3281325760181,-63.986206599511206,-1.2000000000000028,-377.1018217279549,-63.748985728902,-0.7333333333333332,-11.976143833082858,-1.8530952730034649,0.04775974025974,-0.8008638478556378,0.06338612205102834,-0.03278138528138538,12.118662599541103,12.118756709923094,261.20425055582297,0.828460715228294,0.22580192807422172,999.46,-2.25,80.99,False
HAOS / PANGAEA,HAOS_Flight_03,HAOS_Flight_03_seg00,test,10.1594/PANGAEA.918819,CC BY 4.0,fixed-wing UAV,2020-02-27 17:37:25+00:00,32.0,65.03683,24.53071,27.01,383740.205889929,7214830.54155292,-390.0743000599905,-65.76597392000258,0.23000000000000043,-389.7357273046232,-65.57370160667628,-0.747835497835498,-13.31944849635613,-1.8290582449514048,-0.009523809523809879,-1.2338955344280578,0.040043021477680796,-0.012267316017316038,13.444447266827607,13.444450640076603,262.18091228793253,0.8988184234439902,-0.0405873137435041,999.27,-2.3,80.97,False
HAOS / PANGAEA,HAOS_Flight_03,HAOS_Flight_03_seg00,test,10.1594/PANGAEA.918819,CC BY 4.0,fixed-wing UAV,2020-02-27 17:37:26+00:00,33.0,65.03681,24.53046,25.81,383728.384008872,7214829.04277965,-401.89618111704476,-67.2647471902892,-0.9700000000000024,-403.7407187206672,-67.40710221880481,-0.7523809523809529,-14.443934901938974,-1.7730092300481033,0.023225108225107927,-0.8465190223038661,0.08916175445174801,0.07156926406926425,14.552347480090166,14.552366013364928,263.00188740271096,0.7720990154040192,0.09144226057256717,999.43,-2.25,80.96,False
HAOS / PANGAEA,HAOS_Flight_03,HAOS_Flight_03_seg00,test,10.1594/PANGAEA.918819,CC BY 4.0,fixed-wing UAV,2020-02-27 17:37:27+00:00,34.0,65.03679,24.53021,26.03,383716.375228987,7214827.65153493,-413.9049610020011,-68.65599191002548,-0.75,-418.62359710850114,-69.11972006677249,-0.7013852813852821,-15.012486540963863,-1.6507347360479088,0.13361471861471863,-0.26928614518065785,0.1028601370985669,0.06479437229437235,15.102969155481192,15.103560183097454,263.7251103187406,0.5131199756463298,0.5068777973203689,999.4,-2.23,80.95,False
HAOS / PANGAEA,HAOS_Flight_03,HAOS_Flight_03_seg00,test,10.1594/PANGAEA.918819,CC BY 4.0,fixed-wing UAV,2020-02-27 17:37:28+00:00,35.0,65.03676,24.52969,25.58,383691.891100725,7214825.22042067,-438.3890892640338,-71.08710617013276,-1.2000000000000028,-433.7656918025949,-70.70857169090063,-0.48515151515151567,-14.98250719230029,-1.5672889558509695,0.15281385281385262,0.32673290788871157,0.08110172090975354,0.00043290043290031277,15.064259571530966,15.065034633616815,264.02812735400363,0.17822473746179393,0.5811960732364401,999.46,-2.25,80.92,False
HAOS / PANGAEA,HAOS_Flight_03,HAOS_Flight_03_seg00,test,10.1594/PANGAEA.918819,CC BY 4.0,fixed-wing UAV,2020-02-27 17:37:29+00:00,36.0,65.03675,24.52944,26.56,383679.825819267,7214823.91263008,-450.454370722,-72.3948967596516,-0.22000000000000242,-448.5886114931017,-72.25429797847443,-0.39575757575757686,-14.35902072518644,-1.4885312942284017,0.13448051948051926,0.9113442902769577,0.12563580428592758,-0.028668831168831135,14.435969021864484,14.436595395395369,264.08155979366416,0.13056326866725962,0.5337323254443356,999.33,-2.24,80.92,False
HAOS / PANGAEA,HAOS_Flight_03,HAOS_Flight_03_seg00,test,10.1594/PANGAEA.918819,CC BY 4.0,fixed-wing UAV,2020-02-27 17:37:30+00:00,37.0,65.03673,24.52919,27.01,383668.041804135,7214822.70421008,-462.2383858539979,-73.60331675969064,0.23000000000000043,-462.4837332529678,-73.68563427935743,-0.21619047619047718,-13.159818611746374,-1.3160173472791143,0.09547619047619035,1.4631327558514329,0.19219990054878977,-0.0787337662337661,13.22545755550279,13.2258021781423,264.28925389133815,0.20107099612692259,0.4136180322916172,999.27,-2.22,80.9,False
HAOS / PANGAEA,HAOS_Flight_03,HAOS_Flight_03_seg00,test,10.1594/PANGAEA.918819,CC BY 4.0,fixed-wing UAV,2020-02-27 17:37:31+00:00,38.0,65.03672,24.52895,26.93,383656.558014316,7214821.41225074,-473.7221756729996,-74.89527609944344,0.14999999999999858,-474.90824871659447,-74.88633267303265,-0.20480519480519616,-11.432755213483574,-1.1041314931308222,-0.02298701298701296,1.1057418352616395,0.1187610726065742,-0.09441558441558431,11.485947854903362,11.485970857020543,264.483701785918,0.042410913933568606,-0.11466681601029208,999.28,-2.22,80.85,False
HAOS / PANGAEA,HAOS_Flight_03,HAOS_Flight_03_seg00,test,10.1594/PANGAEA.918819,CC BY 4.0,fixed-wing UAV,2020-02-27 17:37:32+00:00,39.0,65.0367,24.5287,26.33,383645.042410879,7214820.27853411,-485.2377791100298,-76.02899273019284,-0.45000000000000284,-485.34924367993494,-75.89389726561907,-0.2621645021645031,-10.948334941223095,-1.078495202065966,-0.09335497835497827,-0.004332380505417177,-0.05927546138499906,-0.09126623376623391,11.001326732993881,11.00172282136164,264.3740757192053,-0.2917205606683974,-0.48618843925415084,999.36,-2.19,80.81,False
HAOS / PANGAEA,HAOS_Flight_03,HAOS_Flight_03_seg00,test,10.1594/PANGAEA.918819,CC BY 4.0,fixed-wing UAV,2020-02-27 17:37:33+00:00,40.0,65.03669,24.52846,25.73,383633.49467826,7214819.29013289,-496.78551172901643,-77.01739394944161,-1.0500000000000007,-496.80491859904066,-77.04332307716459,-0.3915151515151527,-11.441419974494409,-1.2226824159008203,-0.2055194805194808,-0.23718541199519905,-0.14174007778902364,-0.05713203463203463,11.506565226987274,11.508400478771396,263.9002606645812,-0.5867909715818937,-1.0232546952578914,999.44,-2.17,80.77,False
HAOS / PANGAEA,HAOS_Flight_03,HAOS_Flight_03_seg00,test,10.1594/PANGAEA.918819,CC BY 4.0,fixed-wing UAV,2020-02-27 17:37:34+00:00,41.0,65.03668,24.52821,26.33,383621.939686625,7214818.24661861,-508.3405033640447,-78.0609082300216,-0.45000000000000284,-508.23208362892376,-78.33926209742071,-0.6732034632034647,-11.422705765213493,-1.3619753576440132,-0.20761904761904754,-0.11250809583265209,-0.1551779689603947,0.03998376623376658,11.503616121614591,11.50548953945052,263.2004937760415,-0.6931855092574963,-1.0339708560680472,999.36,-2.23,80.72,False
HAOS / PANGAEA,HAOS_Flight_03,HAOS_Flight_03_seg00,test,10.1594/PANGAEA.918819,CC BY 4.0,fixed-wing UAV,2020-02-27 17:37:35+00:00,42.0,65.03666,24.52797,26.18,383610.562030438,7214816.61234284,-519.7181595510338,-79.69518399983644,-0.6000000000000014,-519.6503301294676,-79.76727379245261,-0.8067532467532478,-11.666436166159713,-1.5330383538216097,-0.12555194805194764,-0.15981534620490834,-0.1468321058729849,0.03918831168831177,11.766730192086815,11.767399997664183,262.5138896460662,-0.6130739473537592,-0.6113273301765925,999.38,-2.2,80.7,False
HAOS / PANGAEA,HAOS_Flight_03,HAOS_Flight_03_seg00,test,10.1594/PANGAEA.918819,CC BY 4.0,fixed-wing UAV,2020-02-27 17:37:36+00:00,43.0,65.03664,24.52774,26.33,383599.347331612,7214814.93413822,-530.9328583769966,-81.37338862009346,-0.45000000000000284,-531.5649559612432,-81.40533880506393,-0.92430735930736,-11.74233645762331,-1.655639569389983,-0.129242424242424,0.40525783459875697,-0.010469709474637767,4.8701298701159246e-05,11.858482528037026,11.859186796403177,261.974345881334,-0.33009543138081854,-0.6244266288081713,999.36,-2.2,80.67,False
HAOS / PANGAEA,HAOS_Flight_03,HAOS_Flight_03_seg00,test,10.1594/PANGAEA.918819,CC BY 4.0,fixed-wing UAV,2020-02-27 17:37:37+00:00,44.0,65.03662,24.5275,25.06,383587.867572987,7214813.15122916,-542.4126170020318,-83.15629767999053,-1.7200000000000024,-543.1350030447143,-83.07855293123258,-1.0652380952380958,-10.855920496962199,-1.5539777727708852,-0.12545454545454532,1.036792032560129,0.16424877053223597,0.04202380952380955,10.96657908167492,10.967296640357876,261.8536987833046,0.10501054728204638,-0.6554188309877382,999.53,-2.15,80.67,False
HAOS / PANGAEA,HAOS_Flight_03,HAOS_Flight_03_seg00,test,10.1594/PANGAEA.918819,CC BY 4.0,fixed-wing UAV,2020-02-27 17:37:38+00:00,45.0,65.0366,24.52725,25.73,383576.412928759,7214811.66712189,-553.8672612300143,-84.64040494989604,-1.0500000000000007,-553.2767969551676,-84.5132943506057,-1.1752164502164506,-9.668752392503052,-1.327142028325511,-0.0451948051948049,0.9566912839514998,0.18455757619711832,0.05277056277056294,9.759409756275296,9.759514401920724,262.18436697589806,0.2993621947313464,-0.26532886187915683,999.44,-2.17,80.64,False
HAOS / PANGAEA,HAOS_Flight_03,HAOS_Flight_03_seg00,test,10.1594/PANGAEA.918819,CC BY 4.0,fixed-wing UAV,2020-02-27 17:37:39+00:00,46.0,65.03658,24.52701,25.36,383564.902162191,7214810.18503242,-565.3780277980259,-86.12249442003667,-1.4200000000000017,-562.4725078297204,-85.7328369878836,-1.1556277056277056,-8.942537929059199,-1.1848626203766486,-0.01991341991341944,0.4964415750846456,0.10045097110333145,0.03158008658008654,9.020691993512926,9.020713973190862,262.4524231727673,0.2096304118155991,-0.12648176705057815,999.49,-2.14,80.63,False
HAOS / PANGAEA,HAOS_Flight_03,HAOS_Flight_03_seg00,test,10.1594/PANGAEA.918819,CC BY 4.0,fixed-wing UAV,2020-02-27 17:37:40+00:00,47.0,65.036575,24.526889999999998,25.735,383559.08996321296,7214809.4943135455,-571.1902267760597,-86.81321329437196,-1.0450000000000017,-571.161872813286,-86.883019591359,-1.2150432900432895,-8.67586924233376,-1.1262400861188482,0.017965367965368184,0.02492455594787657,0.013787721318003321,0.019372294372294097,8.748664117546973,8.748682563454917,262.60362779952925,0.06641163754600529,0.117656627472435,999.44,-2.1500000000000004,80.62,True
HAOS / PANGAEA,HAOS_Flight_03,HAOS_Flight_03_seg00,test,10.1594/PANGAEA.918819,CC BY 4.0,fixed-wing UAV,2020-02-27 17:37:41+00:00,48.0,65.03657,24.52677,26.11,383553.277764235,7214808.80359467,-577.0024257540354,-87.50393216963857,-0.6700000000000017,-579.8242463143879,-87.9853171601213,-1.1196969696969692,-8.892688817163446,-1.157287177740642,0.018831168831168754,-0.45072051688305237,-0.07296038050914078,-0.02429653679653687,8.967676845798287,8.967696617503643,262.5852464478593,-0.0849868428432405,0.12031487418540177,999.39,-2.16,80.61,False
HAOS / PANGAEA,HAOS_Flight_03,HAOS_Flight_03_seg00,test,10.1594/PANGAEA.918819,CC BY 4.0,fixed-wing UAV,2020-02-27 17:37:42+00:00,49.0,65.03655,24.52653,25.51,383542.010614764,7214807.11449357,-588.2695752250147,-89.19303326960653,-1.2699999999999996,-588.9472504476129,-89.19759394684029,-1.177380952380952,-9.577310276099865,-1.2721608471371297,-0.03062770562770556,-0.9221260081710625,-0.13145474271416902,-0.0018614718614719528,9.66143184759261,9.661480393916284,262.4336541138428,-0.060066961705848486,-0.18163274532371626,999.47,-2.13,80.59,False
HAOS / PANGAEA,HAOS_Flight_03,HAOS_Flight_03_seg00,test,10.1594/PANGAEA.918819,CC BY 4.0,fixed-wing UAV,2020-02-27 17:37:43+00:00,50.0,65.03653,24.52629,25.13,383530.699329461,7214805.56861168,-599.5808605280472,-90.73891516029835,-1.6500000000000021,-598.9788668665876,-90.52963885439556,-1.1809523809523803,-10.736940833505571,-1.42019666316898,0.015108225108224849,-0.7524647562912037,-0.08979674864124831,0.04806277056277025,10.830459686655761,10.830470224452009,262.4651125244476,0.05159716178240097,0.0799261525532873,999.52,-2.12,80.59,False
HAOS / PANGAEA,HAOS_Flight_03,HAOS_Flight_03_seg00,test,10.1594/PANGAEA.918819,CC BY 4.0,fixed-wing UAV,2020-02-27 17:37:44+00:00,51.0,65.03651,24.52605,25.73,383519.23111699,7214804.25871713,-611.0490729990415,-92.04880970995873,-1.0500000000000007,-610.421132114624,-92.03798727317825,-1.1471645021645023,-11.082239788682273,-1.4517543444196264,0.06549783549783494,-0.2720908508375999,-0.07091315379729579,0.06333874458874458,11.176923969070996,11.177115879190332,262.53684843740757,-0.1741792151329983,0.3357548637866064,999.44,-2.14,80.59,False
HAOS / PANGAEA,HAOS_Flight_03,HAOS_Flight_03_seg00,test,10.1594/PANGAEA.918819,CC BY 4.0,fixed-wing UAV,2020-02-27 17:37:45+00:00,52.0,65.0365,24.52581,25.88,383508.083433046,7214802.62072798,-622.1967569430126,-93.68679886031896,-0.9000000000000021,-621.1433464439522,-93.43314754323481,-1.0499567099567104,-11.28112253518077,-1.5620229707635715,0.14178571428571402,-0.6576594333201911,-0.244993821958694,0.06546536796536823,11.388750652066998,11.389633207602955,262.1167540941816,-0.7191823032110338,0.713274318106474,999.42,-2.1,80.53,False
HAOS / PANGAEA,HAOS_Flight_03,HAOS_Flight_03_seg00,test,10.1594/PANGAEA.918819,CC BY 4.0,fixed-wing UAV,2020-02-27 17:37:46+00:00,53.0,65.03648,24.52558,25.81,383497.006154947,7214801.14757369,-633.2740350420354,-95.1599531499669,-0.9700000000000024,-632.9833771849856,-95.16203321470539,-0.8635930735930742,-12.397558655322655,-1.9417419883370144,0.1964285714285714,-1.0064626417546947,-0.3673609828866695,-0.0010876623376621097,12.548698042483796,12.55023532628413,261.0984838309855,-0.9593482863183753,0.8967949502592614,999.43,-2.12,80.54,False
HAOS / PANGAEA,HAOS_Flight_03,HAOS_Flight_03_seg00,test,10.1594/PANGAEA.918819,CC BY 4.0,fixed-wing UAV,2020-02-27 17:37:47+00:00,54.0,65.03646,24.52534,26.33,383485.866440658,7214799.45993648,-644.4137493310263,-96.84759035985917,-0.45000000000000284,-645.9384637545975,-97.31663151990884,-0.6570995670995676,-13.29404781869016,-2.2967449365369106,0.1396103896103898,-0.6981359643919802,-0.2656369959044511,-0.0849025974025972,13.490987536467763,13.491709890522243,260.19805752154485,-0.6313638885585654,0.592899560352622,999.36,-2.12,80.55,False
HAOS / PANGAEA,HAOS_Flight_03,HAOS_Flight_03_seg00,test,10.1594/PANGAEA.918819,CC BY 4.0,fixed-wing UAV,2020-02-27 17:37:48+00:00,55.0,65.03644,24.52511,26.03,383474.773636598,7214797.41688034,-655.5065533909947,-98.89064649958163,-0.75,-659.5714728223659,-99.75552308777921,-0.5843722943722947,-13.793830584106615,-2.4730159801459166,0.026623376623376993,-0.2935074087750138,-0.08981313024853321,-0.1177272727272726,14.01376359944366,14.013788888993403,259.8357560538684,-0.15658438787039325,0.10885050763811527,999.4,-2.11,80.58,False
HAOS / PANGAEA,HAOS_Flight_03,HAOS_Flight_03_seg00,test,10.1594/PANGAEA.918819,CC BY 4.0,fixed-wing UAV,2020-02-27 17:37:49+00:00,56.0,65.03639,24.52464,26.03,383452.635041913,7214793.20276964,-677.6451480760006,-103.10475719999522,-0.75,-673.5261249228107,-102.26266348020067,-0.6038528138528136,-13.881062636240188,-2.476371197033977,-0.0958441558441554,0.14253788790779254,0.09280746566631848,-0.11015151515151517,14.10022390661662,14.100549645986582,259.88488874580406,0.2768313830403034,-0.38945346426745525,999.4,-2.16,80.6,False
HAOS / PANGAEA,HAOS_Flight_03,HAOS_Flight_03_seg00,test,10.1594/PANGAEA.918819,CC BY 4.0,fixed-wing UAV,2020-02-27 17:37:50+00:00,57.0,65.03637,24.52441,26.41,383441.51124968,7214791.15223695,-688.7689403090044,-105.1552898902446,-0.370000000000001,-687.3335980948463,-104.70826548184716,-0.7760606060606055,-13.50875480829103,-2.2874010488132797,-0.19367965367965334,0.5992985753555047,0.2981557193236384,-0.02626623376623405,13.70104594651949,13.702414817720546,260.389418819949,0.8414718228825862,-0.8098861716545508,999.35,-2.12,80.62,False
HAOS / PANGAEA,HAOS_Flight_03,HAOS_Flight_03_seg00,test,10.1594/PANGAEA.918819,CC BY 4.0,fixed-wing UAV,2020-02-27 17:37:51+00:00,58.0,65.03635,24.52417,25.96,383430.143700962,7214789.50708905,-700.1364890270052,-106.80043779034168,-0.8200000000000003,-700.5436345393928,-106.83746557782723,-0.9912121212121203,-12.682465485529178,-1.8800597583867003,-0.1483766233766235,1.0774366737502135,0.46689771436198413,0.1288419913419908,12.821059062602586,12.821917606548116,261.5678323915692,1.4059443296803513,-0.6630477836072473,999.41,-2.11,80.6,False
HAOS / PANGAEA,HAOS_Flight_03,HAOS_Flight_03_seg00,test,10.1594/PANGAEA.918819,CC BY 4.0,fixed-wing UAV,2020-02-27 17:37:52+00:00,59.0,65.03633,24.52393,25.43,383418.596007257,7214787.99610464,-711.6841827320168,-108.31142219994217,-1.3500000000000014,-712.6985290659046,-108.46838499862056,-1.0728138528138524,-11.353881460790603,-1.3536056200893114,0.06400432900432829,0.81409144470976,0.3870667432197017,0.18976190476190452,11.434284953613057,11.4344640868977,263.2013074793097,1.3595093884485572,0.320714381091433,999.48,-2.12,80.6,False
HAOS / PANGAEA,HAOS_Flight_03,HAOS_Flight_03_seg00,test,10.1594/PANGAEA.918819,CC BY 4.0,fixed-wing UAV,2020-02-27 17:37:53+00:00,60.0,65.03632,24.52368,25.43,383407.035047698,7214786.66773862,-723.245142291009,-109.63978821970522,-1.3500000000000014,-723.251397460974,-109.54467681800585,-0.8632034632034638,-11.054282596109658,-1.1059262719472969,0.23114718614718555,-0.08544189370519462,0.10586679066648941,0.06612554112554139,11.10946608229379,11.11187048409492,264.28685116846634,0.5701513588085787,1.1919427560284286,999.48,-2.1,80.61,False
HAOS / PANGAEA,HAOS_Flight_03,HAOS_Flight_03_seg00,test,10.1594/PANGAEA.918819,CC BY 4.0,fixed-wing UAV,2020-02-27 17:37:54+00:00,61.0,65.0363,24.52344,26.11,383395.402895822,7214785.6037997,-734.8772941670031,-110.70372714009136,-0.6700000000000017,-734.8070942581239,-110.68023754251516,-0.6105194805194814,-11.524765248200993,-1.1418720387563326,0.19625541125541107,-0.19962624979402221,-0.044951361869124185,-0.01335497835497812,11.581195351907109,11.582858108665661,264.34161019692687,-0.12366747830984164,0.9708437039892824,999.39,-2.12,80.59,False
HAOS / PANGAEA,HAOS_Flight_03,HAOS_Flight_03_seg00,test,10.1594/PANGAEA.918819,CC BY 4.0,fixed-wing UAV,2020-02-27 17:37:55+00:00,62.0,65.03629,24.52319,26.56,383383.882648447,7214784.56786785,-746.3975415420136,-111.73965898994356,-0.22000000000000242,-746.300927957376,-111.82842089551852,-0.4706926406926416,-11.453535095697703,-1.1958289956855452,0.2044372294372293,0.06831045884331388,-0.086054839081946,-0.03344155844155834,11.515792338145964,11.5176068588957,264.03951621184666,-0.46169069460463186,1.0170520426755425,999.33,-2.11,80.62,False
HAOS / PANGAEA,HAOS_Flight_03,HAOS_Flight_03_seg00,test,10.1594/PANGAEA.918819,CC BY 4.0,fixed-wing UAV,2020-02-27 17:37:56+00:00,63.0,65.03627,24.52295,27.38,383372.576483506,7214783.37566522,-757.7037064830074,-112.93186161946505,0.5999999999999979,-757.7141644495193,-113.07189553388625,-0.20164502164502277,-11.388144330514365,-1.3139817169202246,0.1293722943722944,-0.07426715339045131,-0.13987598688748548,-0.1385119047619046,11.463698323186417,11.464428308275046,263.4182288077176,-0.6438136546869014,0.6465777084993631,999.22,-2.17,80.62,False
HAOS / PANGAEA,HAOS_Flight_03,HAOS_Flight_03_seg00,test,10.1594/PANGAEA.918819,CC BY 4.0,fixed-wing UAV,2020-02-27 17:37:57+00:00,64.0,65.03626,24.52271,26.26,383361.251310374,7214781.9347069,-769.0288796150126,-114.37281993962824,-0.5199999999999996,-769.0772166184047,-114.45638432935897,-0.21194805194805283,-11.602069402478605,-1.4755809694605162,-0.07258658008657985,-0.1431594812254957,-0.1283484636997443,-0.1338203463203461,11.695527077364419,11.695752324197574,262.75188890247284,-0.540386551352784,-0.35559331898944935,999.37,-2.1,80.63,False
HAOS / PANGAEA,HAOS_Flight_03,HAOS_Flight_03_seg00,test,10.1594/PANGAEA.918819,CC BY 4.0,fixed-wing UAV,2020-02-27 17:37:58+00:00,65.0,65.03624,24.52247,25.66,383349.883923175,7214780.33001409,-780.3962668140302,-115.9775127498433,-1.120000000000001,-780.9183032544765,-116.02305747280728,-0.34681818181818247,-11.674463292965356,-1.5706786443197132,-0.1382683982683978,0.410759291464899,0.002609704662461354,-0.018544372294372176,11.77964874614339,11.7804602088576,262.337455705012,-0.25927476039672215,-0.6725015342777979,999.45,-2.11,80.6,False
HAOS / PANGAEA,HAOS_Flight_03,HAOS_Flight_03_seg00,test,10.1594/PANGAEA.918819,CC BY 4.0,fixed-wing UAV,2020-02-27 17:37:59+00:00,66.0,65.03622,24.52224,26.86,383338.553451592,7214778.67304777,-791.726738397032,-117.6344790700823,0.0799999999999983,-792.4261432043354,-117.5977416179984,-0.4884848484848484,-10.780550819548807,-1.4703615601355935,-0.1096753246753242,1.0604234636773242,0.137929344216154,0.044458874458874295,10.880360246352087,10.88091300246636,262.2333393816794,-0.02791627898841165,-0.5775287083354725,999.29,-2.15,80.58,False
HAOS / PANGAEA,HAOS_Flight_03,HAOS_Flight_03_seg00,test,10.1594/PANGAEA.918819,CC BY 4.0,fixed-wing UAV,2020-02-27 17:38:00+00:00,67.0,65.0362,24.522,25.96,383327.162056291,7214777.19733346,-803.118133698008,-119.11019338015467,-0.8200000000000003,-802.4794048935742,-118.96378059307847,-0.5661688311688309,-9.553616365610708,-1.2948199558874052,-0.0493506493506492,0.973357337827963,0.14981018476494867,0.020389610389610374,9.640961797426074,9.641088105915241,262.2816231470352,0.10864548784215786,-0.2932860109917618,999.41,-2.12,80.57,False
HAOS / PANGAEA,HAOS_Flight_03,HAOS_Flight_03_seg00,test,10.1594/PANGAEA.918819,CC BY 4.0,fixed-wing UAV,2020-02-27 17:38:01+00:00,68.0,65.03619,24.52176,26.41,383315.808745413,7214775.82045392,-814.4714445759892,-120.4870729194954,-0.370000000000001,-811.5333759355568,-120.1873815297732,-0.5871861471861468,-8.833836143892881,-1.1707411906056961,-0.06889610389610346,0.44424863639667933,0.1031900137668913,-0.07294372294372273,8.911077148837233,8.911343480399639,262.4506303573637,0.2794285771980926,-0.4429742061796306,999.35,-2.13,80.54,False
HAOS / PANGAEA,HAOS_Flight_03,HAOS_Flight_03_seg00,test,10.1594/PANGAEA.918819,CC BY 4.0,fixed-wing UAV,2020-02-27 17:38:02+00:00,69.0,65.03618,24.521635,26.185000000000002,383310.0968824605,7214775.080039015,-820.1833075284958,-121.22748782485723,-0.5949999999999989,-820.1470771813599,-121.30526297428986,-0.7039610389610378,-8.66511909281735,-1.0884399283536226,-0.19523809523809466,-0.09192121698532674,0.05008459183411418,-0.018062770562770836,8.733211916033081,8.735393997077315,262.8404803014314,0.38947361011206844,-1.280680687433593,999.38,-2.12,80.58000000000001,True
HAOS / PANGAEA,HAOS_Flight_03,HAOS_Flight_03_seg00,test,10.1594/PANGAEA.918819,CC BY 4.0,fixed-wing UAV,2020-02-27 17:38:03+00:00,70.0,65.03617,24.52151,25.96,383304.385019508,7214774.33962411,-825.8951704810024,-121.96790273021907,-0.8200000000000003,-828.8636141211915,-122.36426138648045,-0.9776623376623361,-9.017678577863535,-1.0705720069374678,-0.10502164502164513,-0.5977277858415562,-0.014320628640938082,0.11540043290043234,9.081004974984708,9.08161224131597,263.22957757758786,0.3480863588644201,-0.662595030689375,999.41,-2.11,80.62,False
HAOS / PANGAEA,HAOS_Flight_03,HAOS_Flight_03_seg00,test,10.1594/PANGAEA.918819,CC BY 4.0,fixed-wing UAV,2020-02-27 17:38:04+00:00,71.0,65.03615,24.52127,25.28,383292.8663089,7214772.80143419,-837.4138810890145,-123.50609264988452,-1.5,-838.182434337087,-123.4464069881648,-0.914004329004328,-9.860574664500461,-1.1170811856354987,0.03556277056277002,-1.0847562869826675,-0.059971643416254494,0.11333333333333304,9.923648678257871,9.923712400112132,263.5366530191602,0.34799909178613125,0.2053264887320978,999.5,-2.11,80.63,False
HAOS / PANGAEA,HAOS_Flight_03,HAOS_Flight_03_seg00,test,10.1594/PANGAEA.918819,CC BY 4.0,fixed-wing UAV,2020-02-27 17:38:05+00:00,72.0,65.03614,24.52102,25.96,383281.000510938,7214771.58747441,-849.2796790510183,-124.72005242947489,-0.8200000000000003,-848.5847634501924,-124.59842375775145,-0.9065367965367961,-11.18719115182887,-1.1905152937699768,0.12164502164502095,-0.9006219471090446,0.0039802347158683915,0.1090367965367966,11.250358773490664,11.251016400465755,263.92557576116013,0.5152290273767218,0.6194891100559652,999.41,-2.13,80.62,False
HAOS / PANGAEA,HAOS_Flight_03,HAOS_Flight_03_seg00,test,10.1594/PANGAEA.918819,CC BY 4.0,fixed-wing UAV,2020-02-27 17:38:06+00:00,73.0,65.03612,24.52077,26.11,383269.177602073,7214770.45297693,-861.1025879160152,-125.85454990994185,-0.6700000000000017,-860.5568166407447,-125.82743757570475,-0.6707142857142862,-11.66181855871855,-1.109120716203762,0.2536363636363632,-0.3017990870739027,0.04160441698716255,0.05060064935064966,11.714442404979623,11.717187899173735,264.5671110739137,0.35467541398869756,1.2403512204372877,999.39,-2.1,80.62,False
HAOS / PANGAEA,HAOS_Flight_03,HAOS_Flight_03_seg00,test,10.1594/PANGAEA.918819,CC BY 4.0,fixed-wing UAV,2020-02-27 17:38:07+00:00,74.0,65.03611,24.52052,26.56,383257.437770968,7214769.267743,-872.8424190210062,-127.03978384006768,-0.22000000000000242,-871.9084005676295,-126.81666519015897,-0.39926406926406965,-11.790789325976675,-1.1073064597956517,0.22284632034632026,-0.5001190858681639,-0.16024061723599914,-0.11083333333333312,11.842670329172838,11.844766819484569,264.63492658913754,-0.5043888745756357,1.0780209684883737,999.33,-2.16,80.6,False
HAOS / PANGAEA,HAOS_Flight_03,HAOS_Flight_03_seg00,test,10.1594/PANGAEA.918819,CC BY 4.0,fixed-wing UAV,2020-02-27 17:38:08+00:00,75.0,65.03609,24.52028,26.48,383245.81439322,7214768.10988703,-884.4657967690146,-128.19763980992138,-0.3000000000000007,-884.1383952926981,-128.04205049529605,-0.22502164502164562,-12.662056730454879,-1.4296019506757602,0.03196969696969698,-0.769440986982886,-0.33401801026712263,-0.17942099567099554,12.742505341675695,12.742545446030709,263.55833332476243,-1.110673478204866,0.1437491934472974,999.34,-2.1,80.6,False
HAOS / PANGAEA,HAOS_Flight_03,HAOS_Flight_03_seg00,test,10.1594/PANGAEA.918819,CC BY 4.0,fixed-wing UAV,2020-02-27 17:38:09+00:00,76.0,65.03608,24.52003,26.71,383234.267659135,7214767.03395849,-896.01253085403,-129.2735683498904,-0.07000000000000028,-897.2325140285393,-129.6758690915105,-0.3353246753246757,-13.329671299942447,-1.775342480329897,-0.1359956709956708,-0.47242154709670103,-0.270566783793015,-0.10756493506493503,13.447378104559018,13.448065760900445,262.41357963272776,-0.8996897360861632,-0.5794224190745588,999.31,-2.09,80.58,False
HAOS / PANGAEA,HAOS_Flight_03,HAOS_Flight_03_seg00,test,10.1594/PANGAEA.918819,CC BY 4.0,fixed-wing UAV,2020-02-27 17:38:10+00:00,77.0,65.03606,24.5198,26.26,383223.271278752,7214765.71893446,-907.0089112370042,-130.58859238028526,-0.5199999999999996,-910.797737892583,-131.59273545595585,-0.49701298701298724,-13.60689982464828,-1.9707355182617903,-0.18316017316017308,-0.07864671958759573,-0.12752248116999,-0.025422077922078193,13.748873456430966,13.750093416772994,261.7589538525901,-0.48742501612497086,-0.7632395617033579,999.37,-2.16,80.55,False
HAOS / PANGAEA,HAOS_Flight_03,HAOS_Flight_03_seg00,test,10.1594/PANGAEA.918819,CC BY 4.0,fixed-wing UAV,2020-02-27 17:38:11+00:00,78.0,65.03602,24.51935,25.88,383202.086301281,7214761.96149465,-928.1938887080178,-134.3460321901366,-0.9000000000000021,-924.4463136778359,-133.61734012803407,-0.7016450216450218,-13.486964739117639,-2.030387442669877,-0.1868398268398272,0.3165609904511655,-0.02006496687911863,0.020010822510822257,13.63894024627845,13.640219945530482,261.4387296004778,-0.28469223062083526,-0.7848457251093099,999.42,-2.09,80.57,False
HAOS / PANGAEA,HAOS_Flight_03,HAOS_Flight_03_seg00,test,10.1594/PANGAEA.918819,CC BY 4.0,fixed-wing UAV,2020-02-27 17:38:12+00:00,79.0,65.036,24.51912,25.81,383191.186527954,7214760.04810346,-939.0936620350112,-136.2594233797863,-0.9700000000000024,-937.7716673708182,-135.6535103412956,-0.8706926406926416,-12.97377784374595,-2.0108654520200275,-0.14313852813852856,0.691704367924217,0.07264739466786807,0.021504329004329276,13.128689630157345,13.129469907168327,261.1895693913484,-0.1456270976581702,-0.6246555325387131,999.43,-2.1,80.57,False
HAOS / PANGAEA,HAOS_Flight_03,HAOS_Flight_03_seg00,test,10.1594/PANGAEA.918819,CC BY 4.0,fixed-wing UAV,2020-02-27 17:38:13+00:00,80.0,65.03599,24.51889,25.81,383180.187187475,7214758.64120965,-950.0930025140406,-137.66631719004363,-0.9700000000000024,-950.3938693653278,-137.63907103207413,-0.987922077922079,-12.103556003269205,-1.8850926533341408,-0.14383116883116864,1.0674724963680546,0.200251728792189,-0.007186147186146741,12.249475182061,12.250319573017501,261.1474754051615,0.17981125754045849,-0.6727259836872965,999.43,-2.1,80.57,False
HAOS / PANGAEA,HAOS_Flight_03,HAOS_Flight_03_seg00,test,10.1594/PANGAEA.918819,CC BY 4.0,fixed-wing UAV,2020-02-27 17:38:14+00:00,81.0,65.03597,24.51866,25.81,383169.177551191,7214757.30615446,-961.1026387980091,-139.00137238018215,-0.9700000000000024,-961.9787793773567,-139.42369564796388,-1.158354978354979,-10.83883285100984,-1.6103619944356495,-0.15751082251082205,0.7672934299695839,0.18975204751863828,0.028841991341991613,10.957808326725416,10.958940322150719,261.5491919064293,0.37253892523665144,-0.8235299981938915,999.43,-2.09,80.56,False
HAOS / PANGAEA,HAOS_Flight_03,HAOS_Flight_03_seg00,test,10.1594/PANGAEA.918819,CC BY 4.0,fixed-wing UAV,2020-02-27 17:38:15+00:00,82.0,65.03595,24.51843,25.58,383158.267664716,7214755.63088747,-972.0125252730213,-140.67663936968893,-1.2000000000000028,-972.0715350673474,-140.85979502094543,-1.302943722943723,-10.568969143330037,-1.5055885582968642,-0.08614718614718542,-0.10126789885472931,0.03149019340979464,0.09902597402597407,10.675668862396252,10.676016438598152,261.8925532556348,0.23655283397236782,-0.46233759356914605,999.46,-2.09,80.55,False
HAOS / PANGAEA,HAOS_Flight_03,HAOS_Flight_03_seg00,test,10.1594/PANGAEA.918819,CC BY 4.0,fixed-wing UAV,2020-02-27 17:38:16+00:00,83.0,65.03593,24.5182,25.51,383147.247688637,7214753.77547661,-983.0325013520196,-142.532050229609,-1.2699999999999996,-983.1167176640167,-142.4348727645576,-1.3306493506493497,-11.041368648719299,-1.5473816076160603,0.0405411255411261,-0.22620655006392099,0.03236985694438488,0.10190476190476161,11.149269549011267,11.14934325686361,262.0222975743741,0.329643657424513,0.20833877435098164,999.47,-2.09,80.56,False
HAOS / PANGAEA,HAOS_Flight_03,HAOS_Flight_03_seg00,test,10.1594/PANGAEA.918819,CC BY 4.0,fixed-wing UAV,2020-02-27 17:38:17+00:00,84.0,65.03591,24.51796,24.91,383136.114935537,7214752.18378737,-994.165254452033,-144.12373946979642,-1.870000000000001,-994.154272364786,-143.95455823617755,-1.2218614718614709,-11.021382243457879,-1.4408488444080945,0.1176623376623378,0.034113031601037846,0.1412154303781037,0.04830086580086551,11.115165853411309,11.115788607856166,262.5518405704838,0.7009219137731668,0.6064959935239534,999.55,-2.09,80.58,False
HAOS / PANGAEA,HAOS_Flight_03,HAOS_Flight_03_seg00,test,10.1594/PANGAEA.918819,CC BY 4.0,fixed-wing UAV,2020-02-27 17:38:18+00:00,85.0,65.0359,24.51773,25.73,383125.022218857,7214750.88796665,-1005.2579711319995,-145.4195601902902,-1.0500000000000007,-1005.1594821509325,-145.3165704533738,-1.0953246753246741,-10.973142585517223,-1.2649507468598529,0.13714285714285712,0.061678154051094225,0.17587592474436065,0.018419913419913198,11.045811812360055,11.046663150351703,263.4241414019204,0.8706196163949339,0.7113377733795919,999.44,-2.1,80.56,False
HAOS / PANGAEA,HAOS_Flight_03,HAOS_Flight_03_seg00,test,10.1594/PANGAEA.918819,CC BY 4.0,fixed-wing UAV,2020-02-27 17:38:19+00:00,86.0,65.03588,24.5175,26.26,383114.164228951,7214749.82346981,-1016.1159610380419,-146.48405702970922,-0.5199999999999996,-1016.1005575358205,-146.48445972989725,-0.9475757575757566,-10.89802593535569,-1.0890969949193732,0.1545021645021642,-0.04739919107669266,0.1275540906845265,-0.02664502164502175,10.952310329424915,10.953400041579032,264.2930798032737,0.6813036602261517,0.8082070855607114,999.37,-2.09,80.55,False
HAOS / PANGAEA,HAOS_Flight_03,HAOS_Flight_03_seg00,test,10.1594/PANGAEA.918819,CC BY 4.0,fixed-wing UAV,2020-02-27 17:38:20+00:00,87.0,65.03587,24.51727,26.18,383103.300271951,7214748.91564443,-1026.9799180380069,-147.39188241027296,-0.6000000000000014,-1026.9555340216439,-147.49476444321255,-0.7863203463203458,-11.067940967670609,-1.0098425654907999,0.08385281385281362,-0.09970867493535707,0.037957330628429986,-0.14268398268398258,11.113914669049715,11.114230992979653,264.7867487223727,0.2451755608243469,0.4322798327059625,999.38,-2.08,80.52,False
HAOS / PANGAEA,HAOS_Flight_03,HAOS_Flight_03_seg00,test,10.1594/PANGAEA.918819,CC BY 4.0,fixed-wing UAV,2020-02-27 17:38:21+00:00,88.0,65.03586,24.51704,25.73,383092.565317628,7214747.88063615,-1037.7148723610444,-148.42689068987966,-1.0500000000000007,-1038.2364394711617,-148.50414486087885,-0.7798701298701294,-11.097443285226404,-1.0131823336625132,-0.13086580086580096,0.4271852574865136,0.026715112209018343,-0.17379870129870112,11.143598427351124,11.144366817720003,264.7834309249224,-0.06820086384929014,-0.6728269561560494,999.44,-2.07,80.49,False
HAOS / PANGAEA,HAOS_Flight_03,HAOS_Flight_03_seg00,test,10.1594/PANGAEA.918819,CC BY 4.0,fixed-wing UAV,2020-02-27 17:38:22+00:00,89.0,65.03584,24.51682,25.73,383081.847901193,7214746.78841916,-1048.4322887960006,-149.51910767983645,-1.0500000000000007,-1049.1504205920967,-149.52112911053757,-1.0480519480519477,-10.213570452697581,-0.9564123410727632,-0.2637445887445886,1.0409926565147316,0.03972175854232063,-0.040248917748917507,10.258252578211035,10.26164251796297,264.6503469946741,-0.3482608240672083,-1.4727774840779262,999.44,-2.07,80.46,False
HAOS / PANGAEA,HAOS_Flight_03,HAOS_Flight_03_seg00,test,10.1594/PANGAEA.918819,CC BY 4.0,fixed-wing UAV,2020-02-27 17:38:23+00:00,90.0,65.03583,24.51659,25.73,383071.040766051,7214745.80998266,-1059.2394239380374,-150.4975441796705,-1.0500000000000007,-1058.6635803765569,-150.41696954302438,-1.3073593073593066,-9.015457972196941,-0.9337388165778719,-0.21136363636363598,0.9720382049623026,-0.0329819777940088,0.14033549783549776,9.063683060766943,9.066147208864992,264.086909276788,-0.8490953497821954,-1.335886272405512,999.44,-2.09,80.42,False
HAOS / PANGAEA,HAOS_Flight_03,HAOS_Flight_03_seg00,test,10.1594/PANGAEA.918819,CC BY 4.0,fixed-wing UAV,2020-02-27 17:38:24+00:00,91.0,65.03582,24.51636,25.13,383060.287098796,7214744.68111656,-1069.9930911930278,-151.62641028035432,-1.6500000000000021,-1067.1813365364906,-151.38860674369332,-1.4707792207792196,-8.269494042772976,-1.0223762966607808,0.0169264069264069,0.507696053133202,-0.09806935789541171,0.21089826839826803,8.332453721169506,8.332470913161533,262.9521562951097,-1.062912634382214,0.11638952674429603,999.52,-2.06,80.41,False
HAOS / PANGAEA,HAOS_Flight_03,HAOS_Flight_03_seg00,test,10.1594/PANGAEA.918819,CC BY 4.0,fixed-wing UAV,2020-02-27 17:38:25+00:00,92.0,65.03581,24.51625,25.32,383055.05525362596,7214743.914666954,-1075.2249363630544,-152.39285988546908,-1.4600000000000009,-1075.2025684621028,-152.46172213634594,-1.2735064935064928,-8.000065865930537,-1.1298775323686954,0.21043290043290008,0.049844391613873995,-0.1266503509968544,0.09621212121212103,8.079460198390638,8.082200139996726,261.96108400802353,-0.9134807708083827,1.4919551001851121,999.495,-2.0700000000000003,80.42,True
HAOS / PANGAEA,HAOS_Flight_03,HAOS_Flight_03_seg00,test,10.1594/PANGAEA.918819,CC BY 4.0,fixed-wing UAV,2020-02-27 17:38:26+00:00,93.0,65.0358,24.51614,25.51,383049.823408456,7214743.14821735,-1080.4567815330229,-153.15930948965251,-1.2699999999999996,-1083.1814682683516,-153.6483618084307,-1.0499134199134195,-8.169805259545228,-1.2756769986544896,0.20935064935064895,-0.1659641869787265,-0.10626708797190076,-0.04126623376623367,8.268800988280525,8.271450748095676,261.12519475349296,-0.5568283504533541,1.4503126515782758,999.47,-2.08,80.43,False
HAOS / PANGAEA,HAOS_Flight_03,HAOS_Flight_03_seg00,test,10.1594/PANGAEA.918819,CC BY 4.0,fixed-wing UAV,2020-02-27 17:38:27+00:00,94.0,65.03578,24.51592,25.88,383039.368732027,7214741.14491382,-1090.9114579620073,-155.1626130202785,-0.9000000000000021,-1091.5421789811933,-155.01307613365492,-0.8548051948051949,-8.33199423988799,-1.342411708312497,0.12790043290043274,-0.8518859365398725,-0.14009964578176692,-0.07454545454545441,8.439442944184238,8.440412059187468,260.84742730711685,-0.04010738663190456,0.8682556531254823,999.42,-2.07,80.43,False
HAOS / PANGAEA,HAOS_Flight_03,HAOS_Flight_03_seg00,test,10.1594/PANGAEA.918819,CC BY 4.0,fixed-wing UAV,2020-02-27 17:38:28+00:00,95.0,65.03576,24.5157,26.86,383028.725752595,7214739.60497164,-1101.554437394021,-156.70255520008504,0.0799999999999983,-1099.8454567481276,-156.3331852250557,-0.794112554112554,-9.873577132624973,-1.5558762902180234,0.060259740259740124,-1.9542096766415398,-0.30256202018384215,-0.063430735930736,9.995412769083496,9.995594412572649,261.04497998022913,0.05609475382837609,0.34541714711621496,999.29,-2.08,80.42,False
HAOS / PANGAEA,HAOS_Flight_03,HAOS_Flight_03_seg00,test,10.1594/PANGAEA.918819,CC BY 4.0,fixed-wing UAV,2020-02-27 17:38:29+00:00,96.0,65.03574,24.51547,25.96,383018.163175748,7214738.12493189,-1112.1170142409974,-158.1825949503109,-0.8200000000000003,-1111.2893332464432,-158.12482871409097,-0.7342857142857147,-12.24041359317107,-1.9475357486801812,0.0010389610389607284,-1.6599363103105702,-0.2943934599840716,-0.04792207792207781,12.394378581610066,12.394378625155616,260.9596168147736,-0.13897239674228687,0.004802829127704123,999.41,-2.06,80.4,False
HAOS / PANGAEA,HAOS_Flight_03,HAOS_Flight_03_seg00,test,10.1594/PANGAEA.918819,CC BY 4.0,fixed-wing UAV,2020-02-27 17:38:30+00:00,97.0,65.03573,24.51525,25.58,383007.629622432,7214736.39926211,-1122.6505675570224,-159.90826473012567,-1.2000000000000028,-1124.3262839344698,-160.22825672241606,-0.7920346320346325,-13.193449753246114,-2.1446632101861667,-0.035584415584415496,-0.627387726761583,-0.1548279480780863,0.010703463203463381,13.366626226410162,13.366673592453301,260.7670351867446,-0.22747802797988723,-0.15253153476045014,999.46,-2.07,80.37,False
HAOS / PANGAEA,HAOS_Flight_03,HAOS_Flight_03_seg00,test,10.1594/PANGAEA.918819,CC BY 4.0,fixed-wing UAV,2020-02-27 17:38:31+00:00,98.0,65.03571,24.51502,25.51,382996.686957107,7214734.75542991,-1133.5932328820345,-161.55209693033248,-1.2699999999999996,-1137.6762327529354,-162.4141551344633,-0.8054545454545456,-13.495189046694236,-2.257191644836354,0.02244588744588749,-0.18858615637066123,-0.07622377926209367,0.08729437229437215,13.682654768996224,13.682673179806581,260.5046607588138,-0.18723599937681526,0.09399151598483592,999.47,-2.09,80.37,False
HAOS / PANGAEA,HAOS_Flight_03,HAOS_Flight_03_seg00,test,10.1594/PANGAEA.918819,CC BY 4.0,fixed-wing UAV,2020-02-27 17:38:32+00:00,99.0,65.03566,24.51456,26.56,382974.769005928,7214730.88674711,-1155.5111840610043,-165.42077973019332,-0.22000000000000242,-1151.3166620278582,-164.74264001208877,-0.7471428571428576,-13.570622065987436,-2.297110768710354,0.1390043290043288,0.15572834095888766,0.0653849584100783,0.09708874458874449,13.763665977550827,13.764367887595569,260.39256318799096,0.16646796791557503,0.578631495025162,999.33,-2.12,80.45,False
HAOS / PANGAEA,HAOS_Flight_03,HAOS_Flight_03_seg00,test,10.1594/PANGAEA.918819,CC BY 4.0,fixed-wing UAV,2020-02-27 17:38:33+00:00,100.0,65.03564,24.51433,26.11,382963.915955453,7214728.94243994,-1166.364234536013,-167.3650869000703,-0.6700000000000017,-1164.8174768849103,-167.008376671884,-0.527445887445888,-13.18373236477646,-2.126421728016197,0.21662337662337647,0.6400131403120213,0.2606264415642485,0.021277056277056283,13.354118032705632,13.355874891549913,260.83759669464496,0.6928589078206195,0.9293400522029125,999.39,-2.08,80.49,False
HAOS / PANGAEA,HAOS_Flight_03,HAOS_Flight_03_seg00,test,10.1594/PANGAEA.918819,CC BY 4.0,fixed-wing UAV,2020-02-27 17:38:34+00:00,101.0,65.03562,24.5141,26.71,382952.985344219,7214727.289144,-1177.2948457699968,-169.01838283985853,-0.07000000000000028,-1177.6841267574111,-168.99548346812117,-0.3138961038961046,-12.290595785363394,-1.775857885581857,0.18155844155844136,1.124004747732954,0.4298905957524539,-0.07023809523809509,12.418229180884676,12.419556330911215,261.7782810036322,1.2777526443696545,0.8376227549588907,999.31,-2.08,80.5,False
HAOS / PANGAEA,HAOS_Flight_03,HAOS_Flight_03_seg00,test,10.1594/PANGAEA.918819,CC BY 4.0,fixed-wing UAV,2020-02-27 17:38:35+00:00,102.0,65.03561,24.51387,26.56,382941.944779947,7214725.84513946,-1188.3354100420256,-170.4623873801902,-0.22000000000000242,-1189.398668455637,-170.56009244304772,-0.16432900432900535,-10.935722869310553,-1.2666405365112894,0.0761471861471863,0.784797561372784,0.4346205012608806,-0.06298701298701281,11.008833404275652,11.009096753006286,263.39310198338427,1.6940129732096403,0.39630382715985984,999.33,-2.07,80.48,False
HAOS / PANGAEA,HAOS_Flight_03,HAOS_Flight_03_seg00,test,10.1594/PANGAEA.918819,CC BY 4.0,fixed-wing UAV,2020-02-27 17:38:36+00:00,103.0,65.03559,24.51363,26.26,382930.743235409,7214724.67802985,-1199.5369545799913,-171.62949698977172,-0.5199999999999996,-1199.5555724960323,-171.52876454114374,-0.16160173160173202,-10.721000662617826,-0.9066168830600958,0.05558441558441574,-0.22818551218341554,0.2543829769476673,-0.0533333333333334,10.759266210132616,10.75940978900596,265.1663069500515,1.40041322508248,0.29599826091953907,999.37,-2.11,80.49,False
HAOS / PANGAEA,HAOS_Flight_03,HAOS_Flight_03_seg00,test,10.1594/PANGAEA.918819,CC BY 4.0,fixed-wing UAV,2020-02-27 17:38:37+00:00,104.0,65.03558,24.51339,26.86,382919.53907699,7214723.75614813,-1210.741112999036,-172.55137871019542,0.0799999999999983,-1210.8406697808728,-172.3733262091679,-0.053160173160173865,-11.392093893677384,-0.7578745826159548,-0.030519480519480502,-0.3822893597410939,0.040489546581696345,-0.1337987012987011,11.417275382740701,11.417316173428325,266.1939284335492,0.3610368693210146,-0.15315679119275305,999.29,-2.08,80.46,False
HAOS / PANGAEA,HAOS_Flight_03,HAOS_Flight_03_seg00,test,10.1594/PANGAEA.918819,CC BY 4.0,fixed-wing UAV,2020-02-27 17:38:38+00:00,105.0,65.03557,24.51316,26.78,382908.325915831,7214722.91955497,-1221.9542741579935,-173.38797186966985,0.0,-1222.339760283387,-173.04451370637565,-0.22264069264069303,-11.485579382100013,-0.8256377898967031,-0.2120129870129865,0.1779226797423803,-0.36646053202660056,-0.12399350649350632,11.51521652000632,11.517168098507923,265.8883806886935,-1.943487820665144,-1.0547849459920349,999.3,-2.11,80.44,False
HAOS / PANGAEA,HAOS_Flight_03,HAOS_Flight_03_seg00,test,10.1594/PANGAEA.918819,CC BY 4.0,fixed-wing UAV,2020-02-27 17:38:39+00:00,106.0,65.03556,24.51292,26.48,382897.147757773,7214722.00487648,-1233.1324322160217,-174.30265035945922,-0.3000000000000007,-1233.8118285450728,-174.02460178896132,-0.4771861471861468,-11.036248534192623,-1.4907956466691559,-0.27850649350649315,0.9038511897905437,-0.9704527472170028,0.04151515151515123,11.136482989193516,11.139964956655914,262.30695279221896,-5.920816913688842,-1.4325816531639286,999.34,-2.07,80.44,False
HAOS / PANGAEA,HAOS_Flight_03,HAOS_Flight_03_seg00,test,10.1594/PANGAEA.918819,CC BY 4.0,fixed-wing UAV,2020-02-27 17:38:40+00:00,107.0,65.03554,24.51269,26.18,382886.308310737,7214720.6361524,-1243.9718792519998,-175.67137444019318,-0.6000000000000014,-1244.4122573517723,-176.02610499971397,-0.7796536796536794,-9.677877002518926,-2.7665432843307087,-0.12898268398268403,1.8520392152514091,-1.453640867118395,0.19908008658008625,10.065538486338426,10.066364862885083,254.04674686131582,-11.6318360103812,-0.7341642942909901,999.38,-2.08,80.43,False
HAOS / PANGAEA,HAOS_Flight_03,HAOS_Flight_03_seg00,test,10.1594/PANGAEA.918819,CC BY 4.0,fixed-wing UAV,2020-02-27 17:38:41+00:00,108.0,65.03551,24.51248,25.51,382876.404553202,7214717.73311937,-1253.8756367870374,-178.57440746948123,-1.2699999999999996,-1253.1675825501106,-179.55768835762274,-0.7351515151515149,-7.332170103689805,-4.398077380905946,0.11965367965367935,2.8182414417051973,-1.7362456410867253,0.17836580086580062,8.550076203045155,8.550913406235251,239.04328077145652,-20.5566068701256,0.8017710239291036,999.47,-2.1,80.4,False
HAOS / PANGAEA,HAOS_Flight_03,HAOS_Flight_03_seg00,test,10.1594/PANGAEA.918819,CC BY 4.0,fixed-wing UAV,2020-02-27 17:38:42+00:00,109.0,65.03546,24.51235,25.66,382869.870837353,7214712.08903551,-1260.409352636023,-184.2184913298115,-1.120000000000001,-1259.0765975591519,-184.82225976152586,-0.5403463203463207,-4.041394119108531,-6.239034566504159,0.22774891774891717,3.3797608469736247,-1.6370897436226173,0.06976190476190464,7.43360065836192,7.437088699049822,212.9335331210646,-27.387352385144347,1.754865743212134,999.45,-2.06,80.4,False
HAOS / PANGAEA,HAOS_Flight_03,HAOS_Flight_03_seg00,test,10.1594/PANGAEA.918819,CC BY 4.0,fixed-wing UAV,2020-02-27 17:38:43+00:00,110.0,65.03539,24.51231,26.56,382867.968222238,7214704.42917345,-1262.3119677510113,-191.87835338991135,-0.22000000000000242,-1261.2503707883277,-192.03575749063106,-0.27965367965368054,-0.5726484097425555,-7.67225686815118,0.2591774891774886,3.033869358796437,-0.8091152732943812,0.019177489177489057,7.693598095304539,7.697962368248495,184.26857600116784,-23.69734399774987,1.9294174880456263,999.33,-2.1,80.42,False
HAOS / PANGAEA,HAOS_Flight_03,HAOS_Flight_03_seg00,test,10.1594/PANGAEA.918819,CC BY 4.0,fixed-wing UAV,2020-02-27 17:38:44+00:00,111.0,65.03532,24.51235,27.98,382869.413824129,7214696.19367745,-1260.8663658600417,-200.11384939029813,1.1999999999999993,-1260.221894378637,-200.16677349782822,-0.02199134199134349,2.026344598484343,-7.857265113092922,0.2661038961038953,2.0346665378046396,0.20401101738205796,-0.09120129870129859,8.1143507127332,8.118712876605224,165.53884512556488,-14.986351753220278,1.8782979070835397,999.14,-2.13,80.44,False
HAOS / PANGAEA,HAOS_Flight_03,HAOS_Flight_03_seg00,test,10.1594/PANGAEA.918819,CC BY 4.0,fixed-wing UAV,2020-02-27 17:38:45+00:00,112.0,65.03524,24.51245,26.63,382873.62329907,7214687.80169481,-1256.6568909190246,-208.50583202950656,-0.15000000000000213,-1257.197681591359,-207.7502877168169,0.25255411255411003,3.4966846658667237,-7.264234833387064,0.07677489177489144,1.0059673130311353,0.5550075329434918,-0.24879870129870071,8.062004178062764,8.062369735450522,154.2958724947273,-8.219839507667503,0.5456142424940729,999.32,-2.07,80.44,False
HAOS / PANGAEA,HAOS_Flight_03,HAOS_Flight_03_seg00,test,10.1594/PANGAEA.918819,CC BY 4.0,fixed-wing UAV,2020-02-27 17:38:46+00:00,113.0,65.03517,24.51257,26.56,382879.028249972,7214679.48880572,-1251.2519400170422,-216.81872112024575,-0.22000000000000242,-1253.2285250469035,-214.69524316460235,0.13155844155843938,4.0382792245466135,-6.747250047205938,-0.23149350649350614,0.2547187011701908,0.3517794103212424,-0.20878787878787844,7.863401445616606,7.8668082179797665,149.09916611022987,-2.8526069498807343,-1.6862640476796746,999.33,-2.06,80.44,False
HAOS / PANGAEA,HAOS_Flight_03,HAOS_Flight_03_seg00,test,10.1594/PANGAEA.918819,CC BY 4.0,fixed-wing UAV,2020-02-27 17:38:47+00:00,114.0,65.03513,24.512625,26.56,382881.49065581,7214675.11017973,-1248.7895341790281,-221.19734711013734,-0.22000000000000242,-1249.1211231422658,-221.24478781122878,-0.21043290043290225,4.006122068207105,-6.56067601274458,-0.34080086580086544,-0.13932231117576066,-0.0031095658059996367,-0.05541125541125538,7.687098527375468,7.694649374708942,148.59065859496582,0.8981439161950655,-2.538496557586871,999.33,-2.0949999999999998,80.445,True
HAOS / PANGAEA,HAOS_Flight_03,HAOS_Flight_03_seg00,test,10.1594/PANGAEA.918819,CC BY 4.0,fixed-wing UAV,2020-02-27 17:38:48+00:00,115.0,65.03509,24.51268,26.56,382883.953061648,7214670.73155374,-1246.327128341014,-225.57597310002893,-0.22000000000000242,-1245.2162809104893,-227.8165951900915,-0.5500432900432914,3.759634602195092,-6.753469178817937,-0.3423160173160169,-0.2194301279615729,-0.36288750770165734,-0.002976190476190299,7.729437126419134,7.737013541863396,150.89545394262,2.662071157636364,-2.5358192155036448,999.33,-2.13,80.45,False
HAOS / PANGAEA,HAOS_Flight_03,HAOS_Flight_03_seg00,test,10.1594/PANGAEA.918819,CC BY 4.0,fixed-wing UAV,2020-02-27 17:38:49+00:00,116.0,65.03502,24.51278,25.66,382888.358210446,7214661.88377925,-1241.9219795429963,-234.42374758981168,-1.120000000000001,-1241.6018539378756,-234.75172616886465,-0.895064935064936,3.5672618122839594,-7.286451028147894,-0.34675324675324604,-0.0761469427293946,-0.699345671196852,0.02738095238095245,8.112812423751516,8.120219408187864,153.91480091023857,2.6175495315421533,-2.4474142375975547,999.45,-2.07,80.41,False
HAOS / PANGAEA,HAOS_Flight_03,HAOS_Flight_03_seg00,test,10.1594/PANGAEA.918819,CC BY 4.0,fixed-wing UAV,2020-02-27 17:38:50+00:00,117.0,65.03494,24.51288,25.81,382892.498891843,7214653.29708772,-1237.781298146001,-243.01043912023306,-0.9700000000000024,-1238.0817572859214,-242.3894972463873,-1.2435497835497835,3.607340716736303,-8.152160521211641,-0.287554112554112,-0.04775912678508121,-0.552358736311291,0.09462121212121183,8.914630009721392,8.919266538111305,156.13055300570431,1.804235188082717,-1.8475165434104595,999.43,-2.11,80.35,False
HAOS / PANGAEA,HAOS_Flight_03,HAOS_Flight_03_seg00,test,10.1594/PANGAEA.918819,CC BY 4.0,fixed-wing UAV,2020-02-27 17:38:51+00:00,118.0,65.03487,24.51296,25.36,382896.091395543,7214644.83327893,-1234.1887944460032,-251.47424791008234,-1.4200000000000017,-1234.387172504403,-251.05604721128793,-1.47017316017316,3.471743558713797,-8.391168500770476,-0.15751082251082238,-0.4245573560599496,-0.20914747457229055,0.14840909090909055,9.0810083220859,9.082374238325649,157.523271286404,3.014868208572357,-0.9937002772988448,999.49,-2.05,80.36,False
HAOS / PANGAEA,HAOS_Flight_03,HAOS_Flight_03_seg00,test,10.1594/PANGAEA.918819,CC BY 4.0,fixed-wing UAV,2020-02-27 17:38:52+00:00,119.0,65.03479,24.51303,24.31,382899.199065075,7214636.42392831,-1231.0811249139952,-259.8835985297337,-2.4700000000000024,-1231.1382701684938,-259.17183424792825,-1.5585714285714283,2.7582260046164038,-8.570455470356222,0.009264069264069086,-0.8086312630118755,-0.5787025968366919,0.054134199134199146,9.00336146458094,9.003366230742833,162.16028942284902,5.742913979885772,0.05895485644007081,999.63,-2.06,80.38,False
HAOS / PANGAEA,HAOS_Flight_03,HAOS_Flight_03_seg00,test,10.1594/PANGAEA.918819,CC BY 4.0,fixed-wing UAV,2020-02-27 17:38:53+00:00,120.0,65.03472,24.51309,25.73,382901.506543332,7214627.90653489,-1228.7736466570059,-268.4009919501841,-1.0500000000000007,-1228.8707204951702,-268.1969581520004,-1.4516450216450218,1.854481032690046,-9.54857369444386,-0.04924242424242409,-0.8170432375390533,-0.9252419483785275,-0.03603896103896076,9.726991287074972,9.72711592997522,169.00909924617554,5.841421273023675,-0.2900546424540278,999.44,-2.11,80.42,False
HAOS / PANGAEA,HAOS_Flight_03,HAOS_Flight_03_seg00,test,10.1594/PANGAEA.918819,CC BY 4.0,fixed-wing UAV,2020-02-27 17:38:54+00:00,121.0,65.03464,24.51313,25.58,382903.103612786,7214619.24844598,-1227.176577203034,-277.0590808596462,-1.2000000000000028,-1227.4293081031137,-278.26898163681597,-1.6570562770562764,1.1241395295382972,-10.420939367113277,-0.06281385281385243,-0.644487408365535,-0.6668202933760341,0.08648268398268388,10.481396232130615,10.48158444869034,173.8431319688964,4.008069240533586,-0.3433631834047327,999.46,-2.06,80.44,False
HAOS / PANGAEA,HAOS_Flight_03,HAOS_Flight_03_seg00,test,10.1594/PANGAEA.918819,CC BY 4.0,fixed-wing UAV,2020-02-27 17:38:55+00:00,122.0,65.03456,24.51316,25.36,382903.905239956,7214610.53500007,-1226.3749500330305,-285.77252676989883,-1.4200000000000017,-1226.6224414360936,-289.03883688622693,-1.5772727272727267,0.5655062159589761,-10.882214281195928,0.12372294372294368,-0.47925369041132626,-0.21769842399423567,0.05248917748917725,10.89689795043309,10.897600300476997,177.0252377272427,2.641394913947926,0.6505060383723399,999.49,-2.07,80.48,False
HAOS / PANGAEA,HAOS_Flight_03,HAOS_Flight_03_seg00,test,10.1594/PANGAEA.918819,CC BY 4.0,fixed-wing UAV,2020-02-27 17:38:56+00:00,123.0,65.0344,24.51317,25.13,382903.734369128,7214593.16156305,-1226.545820861007,-303.1459637898952,-1.6500000000000021,-1226.2982956711958,-300.0334101992078,-1.409610389610389,0.1656321487156447,-10.856336215101749,0.04216450216450207,-0.28328877524944573,0.25583983258567855,-0.04241341991341985,10.85759964375266,10.857681514451448,179.12592179679223,1.4903406244686226,0.2225018378196812,999.52,-2.08,80.48,False
HAOS / PANGAEA,HAOS_Flight_03,HAOS_Flight_03_seg00,test,10.1594/PANGAEA.918819,CC BY 4.0,fixed-wing UAV,2020-02-27 17:38:57+00:00,124.0,65.03432,24.51317,24.46,382903.774058414,7214584.26081099,-1226.5061315750354,-312.0467158500105,-2.3200000000000003,-1226.2911771386623,-310.75150931643043,-1.4929437229437226,-0.0010713345399153695,-10.370534616024571,0.038896103896103984,-0.020462415429960856,0.6728169615924742,0.0496645021645023,10.370534671362012,10.37060761367529,180.00591897617994,0.061420492575442805,0.2148946234146526,999.61,-2.08,80.46,False
HAOS / PANGAEA,HAOS_Flight_03,HAOS_Flight_03_seg00,test,10.1594/PANGAEA.918819,CC BY 4.0,fixed-wing UAV,2020-02-27 17:38:58+00:00,125.0,65.03425,24.51319,26.11,382904.135204614,7214575.54808755,-1226.1449853749946,-320.75943928956985,-0.6700000000000017,-1226.3004383402756,-320.77447943125696,-1.3318181818181811,0.12470731785572298,-9.5107022919168,0.14149350649350667,0.21267196203177718,1.028984876763829,0.10517316017316003,9.511519857551592,9.512572229054456,179.24876278194313,-1.463877577034001,0.8522699776449575,999.39,-2.07,80.47,False
HAOS / PANGAEA,HAOS_Flight_03,HAOS_Flight_03_seg00,test,10.1594/PANGAEA.918819,CC BY 4.0,fixed-wing UAV,2020-02-27 17:38:59+00:00,126.0,65.03417,24.5132,25.88,382904.258295351,7214567.2987603,-1226.0218946380191,-329.0087665403262,-0.9000000000000021,-1226.0417625029509,-329.77291390026403,-1.2099567099567092,0.424272589523639,-8.312564862496913,0.24924242424242404,0.23497116518154826,0.7398862892094655,0.09765151515151482,8.323385238197222,8.327116164043927,177.07816382211195,-1.7417484987174086,1.7152003000915934,999.42,-2.07,80.45,False
HAOS / PANGAEA,HAOS_Flight_03,HAOS_Flight_03_seg00,test,10.1594/PANGAEA.918819,CC BY 4.0,fixed-wing UAV,2020-02-27 17:39:00+00:00,127.0,65.0341,24.51321,25.73,382904.525407462,7214559.10578662,-1225.7547825270449,-337.2017402201891,-1.0500000000000007,-1225.4518931612283,-337.3996091562508,-0.833333333333333,0.5946496482188195,-8.03092971349787,0.3367965367965363,0.15074285971712698,-0.09994189017572808,-0.03095238095238108,8.052915016766894,8.059954849406283,175.7652657845083,-0.9756645875854756,2.3948819387996165,999.44,-2.11,80.41,False
HAOS / PANGAEA,HAOS_Flight_03,HAOS_Flight_03_seg00,test,10.1594/PANGAEA.918819,CC BY 4.0,fixed-wing UAV,2020-02-27 17:39:01+00:00,128.0,65.03402,24.51324,25.96,382905.700533835,7214550.70036243,-1224.5796561540337,-345.6071644099429,-0.8200000000000003,-1224.8524632065132,-345.83477332725977,-0.5363636363636366,0.725758308957893,-8.51244864284837,0.1873376623376619,0.3562531576710626,-0.2970614403000411,-0.2088419913419911,8.543331143070159,8.545384860840535,175.126834646941,-2.191527859397298,1.256177168008264,999.41,-2.08,80.42,False
HAOS / PANGAEA,HAOS_Flight_03,HAOS_Flight_03_seg00,test,10.1594/PANGAEA.918819,CC BY 4.0,fixed-wing UAV,2020-02-27 17:39:02+00:00,129.0,65.03395,24.51328,25.96,382907.135133155,7214542.13925763,-1223.145056834037,-354.16826920956373,-0.8200000000000003,-1224.0003765433125,-354.4245064419475,-0.45865800865800926,1.3071559635609447,-8.625052594097951,-0.0808874458874459,1.0994949207184845,0.11849068894727566,-0.1824891774891772,8.723542225726241,8.723917224672123,171.3822100657137,-7.295730779742308,-0.5312493862290829,999.41,-2.08,80.42,False
HAOS / PANGAEA,HAOS_Flight_03,HAOS_Flight_03_seg00,test,10.1594/PANGAEA.918819,CC BY 4.0,fixed-wing UAV,2020-02-27 17:39:03+00:00,130.0,65.03387,24.51332,27.08,382908.547991387,7214533.75727263,-1221.732198601996,-362.5502542098984,0.29999999999999716,-1222.2381512793913,-363.08487851545567,-0.6981385281385284,2.924748150394862,-8.275467264953818,-0.17764069264069252,1.8870249802187118,0.802410979796548,0.0022943722943721823,8.77710146896801,8.778898929378459,160.53537308745638,-13.639515643213109,-1.1594570961803494,999.26,-2.13,80.4,False
HAOS / PANGAEA,HAOS_Flight_03,HAOS_Flight_03_seg00,test,10.1594/PANGAEA.918819,CC BY 4.0,fixed-wing UAV,2020-02-27 17:39:04+00:00,131.0,65.0338,24.51337,26.11,382910.622350838,7214525.5777077,-1219.6578391510411,-370.7298191394657,-0.6700000000000017,-1218.1508802425228,-370.97544097185516,-0.8139393939393943,5.081205923998368,-7.0202306345048555,-0.07629870129870153,1.8073930237064246,1.5218737539553047,0.11130952380952365,8.666157845534348,8.6664937140424,144.10317877928748,-15.937535605236693,-0.5044312250518425,999.39,-2.07,80.38,False
HAOS / PANGAEA,HAOS_Flight_03,HAOS_Flight_03_seg00,test,10.1594/PANGAEA.918819,CC BY 4.0,fixed-wing UAV,2020-02-27 17:39:05+00:00,132.0,65.03374,24.51349,25.88,382916.142454059,7214518.41986183,-1214.1377359300386,-377.8876650100574,-0.9000000000000021,-1212.0757394313946,-377.1253397844654,-0.8507359307359315,6.539534197807711,-5.231719757043209,0.044978354978354784,1.318567736862974,1.9539564833724228,0.12389610389610403,8.374747706082422,8.374868488098745,128.660301876983,-16.071041652028192,0.30771615127260243,999.42,-2.07,80.37,False
HAOS / PANGAEA,HAOS_Flight_03,HAOS_Flight_03_seg00,test,10.1594/PANGAEA.918819,CC BY 4.0,fixed-wing UAV,2020-02-27 17:39:06+00:00,133.0,65.0337,24.51369,24.46,382925.204289558,7214513.72180625,-1205.075900431024,-382.58572059031576,-2.3200000000000003,-1205.0718118469074,-381.4388804859416,-0.7239826839826847,7.718341397724316,-3.11231766776001,0.17149350649350653,1.2912197850500888,2.341791595089404,0.13121212121212117,8.322218165662088,8.323984936293764,111.9610954752311,-17.610775586813613,1.1805102305313817,999.61,-2.06,80.39,False
HAOS / PANGAEA,HAOS_Flight_03,HAOS_Flight_03_seg00,test,10.1594/PANGAEA.918819,CC BY 4.0,fixed-wing UAV,2020-02-27 17:39:07+00:00,134.0,65.0337,24.51395,26.93,382937.342512824,7214513.1411681,-1192.9376771650277,-383.166358740069,0.14999999999999858,-1196.639056635946,-383.3499751199854,-0.5077489177489184,9.121973767907889,-0.5481365668644003,0.3074025974025971,1.2897780980250104,2.581058897695897,0.048744588744588535,9.138427606450332,9.143596419091528,93.43875070335577,-16.609350118992975,1.9266151082924743,999.28,-2.08,80.4,False
HAOS / PANGAEA,HAOS_Flight_03,HAOS_Flight_03_seg00,test,10.1594/PANGAEA.918819,CC BY 4.0,fixed-wing UAV,2020-02-27 17:39:08+00:00,135.0,65.033715,24.514090000000003,27.08,382944.139942115,7214514.575218065,-1186.1402478740201,-381.73230877518654,0.29999999999999716,-1186.8278643110916,-382.5351536196704,-0.10917748917749048,10.297897593774337,2.0498001276317837,0.2689826839826836,1.0656985817972213,2.393039912426886,-0.0942857142857142,10.499922638529418,10.503367417137472,78.74239523724515,-12.037392373921506,1.4674586732461545,999.26,-2.1100000000000003,80.39500000000001,True
HAOS / PANGAEA,HAOS_Flight_03,HAOS_Flight_03_seg00,test,10.1594/PANGAEA.918819,CC BY 4.0,fixed-wing UAV,2020-02-27 17:39:09+00:00,136.0,65.03373,24.51423,27.23,382950.937371406,7214516.00926803,-1179.3428185830126,-380.2982588103041,0.4499999999999993,-1176.0432614483973,-379.25037486472183,0.03021645021644878,11.253370931502332,4.237943257989372,0.11883116883116873,1.01741329379513,1.8761141933732546,-0.20908008658008626,12.024912489491108,12.025499624822455,69.36396595551275,-6.96870430388898,0.5661831499831894,999.24,-2.14,80.39,False
HAOS / PANGAEA,HAOS_Flight_03,HAOS_Flight_03_seg00,test,10.1594/PANGAEA.918819,CC BY 4.0,fixed-wing UAV,2020-02-27 17:39:10+00:00,137.0,65.03379,24.51453,26.93,382965.275840609,7214521.761721,-1165.004349380033,-374.5458058398217,0.14999999999999858,-1164.321122448087,-374.05926710369164,0.12848484848484698,12.332724181364597,5.802028514378293,-0.1491774891774889,1.3086205760305347,1.3134886243156672,-0.15146103896103869,13.629366112012468,13.630182483684917,64.80498662946718,-2.847975161660746,-0.627094405119708,999.28,-2.08,80.38,False
HAOS / PANGAEA,HAOS_Flight_03,HAOS_Flight_03_seg00,test,10.1594/PANGAEA.918819,CC BY 4.0,fixed-wing UAV,2020-02-27 17:39:11+00:00,138.0,65.03386,24.51483,26.11,382979.803572222,7214528.89329165,-1150.4766177670099,-367.4142351895571,-0.6700000000000017,-1151.377813085668,-367.64631783596525,-0.268138528138529,13.870612083563401,6.864920506620706,-0.18409090909090864,1.3670043384138921,0.8224908407834164,0.06976190476190476,15.476466429224615,15.477561261313955,63.66801563219127,-0.5533597707213902,-0.6814950151552562,999.39,-2.08,80.36,False
HAOS / PANGAEA,HAOS_Flight_03,HAOS_Flight_03_seg00,test,10.1594/PANGAEA.918819,CC BY 4.0,fixed-wing UAV,2020-02-27 17:39:12+00:00,139.0,65.03393,24.51514,25.96,382994.418246593,7214536.27395489,-1135.8619433960412,-360.03357195015997,-0.8200000000000003,-1136.5798982809602,-360.3294260904502,-0.23969696969697027,15.066732858192381,7.447010195945126,-0.009653679653679387,0.5725222487535575,0.12997190127636316,0.028484848484848446,16.80667724086604,16.806680013380856,63.69826708802441,0.4739232617770346,-0.03291043388115096,999.41,-2.08,80.34,False
HAOS / PANGAEA,HAOS_Flight_03,HAOS_Flight_03_seg00,test,10.1594/PANGAEA.918819,CC BY 4.0,fixed-wing UAV,2020-02-27 17:39:13+00:00,140.0,65.034,24.51544,26.71,383009.021332135,7214543.76223356,-1121.2588578540017,-352.5452932799235,-0.07000000000000028,-1121.2443473692833,-352.752297444075,-0.2874458874458878,15.015656581070516,7.124864309173432,-0.12712121212121175,-0.5113944050028749,-0.6829631301933574,-0.13034632034632027,16.62027779505444,16.620763935130988,64.61586215574533,1.4444641850778934,-0.4382217316893652,999.31,-2.09,80.37,False
HAOS / PANGAEA,HAOS_Flight_03,HAOS_Flight_03_seg00,test,10.1594/PANGAEA.918819,CC BY 4.0,fixed-wing UAV,2020-02-27 17:39:14+00:00,141.0,65.03406,24.51575,26.63,383023.729240867,7214550.52091428,-1106.550949122,-345.78661256004125,-0.15000000000000213,-1106.5485851188191,-346.07969747210336,-0.4939393939393938,14.043944048186631,6.081083935558411,-0.2703463203463199,-0.20356665122108097,-0.9411855908050057,-0.07978354978354993,15.303984653021033,15.30637231328273,66.58719545818019,2.8214165724437796,-1.0120300431328109,999.32,-2.13,80.31,False
HAOS / PANGAEA,HAOS_Flight_03,HAOS_Flight_03_seg00,test,10.1594/PANGAEA.918819,CC BY 4.0,fixed-wing UAV,2020-02-27 17:39:15+00:00,142.0,65.03412,24.51606,26.78,383038.562268375,7214556.39815763,-1091.7179216140066,-339.9093692097813,0.0,-1093.15645927291,-340.5901295729582,-0.8281385281385276,14.608523278628354,5.242493127563421,-0.2866883116883116,1.3162599186211992,-0.6860668836564372,-0.009361471861472181,15.520717978714007,15.523365510186085,70.2586953006329,3.822331242284208,-1.058208941598609,999.3,-2.11,80.27,False
HAOS / PANGAEA,HAOS_Flight_03,HAOS_Flight_03_seg00,test,10.1594/PANGAEA.918819,CC BY 4.0,fixed-wing UAV,2020-02-27 17:39:16+00:00,143.0,65.03417,24.51637,25.21,383053.319445228,7214560.91750393,-1076.960744761047,-335.39002291020006,-1.5700000000000003,-1077.3315385615624,-335.5947112169765,-1.067316017316017,16.67646388542903,4.708950168245536,-0.28906926406926425,1.693880998905911,-0.5157444574819863,0.05755411255411255,17.32855041280252,17.33096132499487,74.2318579427486,3.2857223831468914,-0.9557009880583898,999.51,-2.09,80.3,False
HAOS / PANGAEA,HAOS_Flight_03,HAOS_Flight_03_seg00,test,10.1594/PANGAEA.918819,CC BY 4.0,fixed-wing UAV,2020-02-27 17:39:17+00:00,144.0,65.03421,24.51668,24.61,383068.183821863,7214564.53894129,-1062.0963681260473,-331.7685855496675,-2.1700000000000017,-1059.803531502052,-331.1722292364671,-1.4062770562770561,17.996285276440176,4.211004212599448,-0.1715800865800865,0.9447649327651675,-0.44372021800384687,0.17088744588744598,18.482392708454924,18.483189117564603,76.83014006692667,2.068587402226026,-0.5318863507327924,999.59,-2.08,80.28,False
HAOS / PANGAEA,HAOS_Flight_03,HAOS_Flight_03_seg00,test,10.1594/PANGAEA.918819,CC BY 4.0,fixed-wing UAV,2020-02-27 17:39:18+00:00,145.0,65.03424,24.517,25.13,383083.349512338,7214568.01373795,-1046.9306776510202,-328.29378889035434,-1.6500000000000021,-1041.338968008682,-327.1727027917776,-1.41047619047619,18.565993750959365,3.8215097322378426,0.0527056277056277,0.22445697896731076,-0.3442798510820637,0.2002597402597401,18.955211963843894,18.95528523861993,78.36903274720066,1.179183685536372,0.15931250188546772,999.52,-2.08,80.29,False
HAOS / PANGAEA,HAOS_Flight_03,HAOS_Flight_03_seg00,test,10.1594/PANGAEA.918819,CC BY 4.0,fixed-wing UAV,2020-02-27 17:39:19+00:00,146.0,65.03431,24.51763,26.33,383113.528366768,7214573.87911948,-1016.7518232210423,-322.4284073598683,-0.45000000000000284,-1022.6715440001333,-323.5292097719914,-1.3008658008658007,18.445199234374797,3.522444510435321,0.22893939393939372,-0.4623703831110788,-0.2681807215613645,0.1216017316017316,18.778524705761008,18.779920217375096,79.18850743799942,0.5410972801205955,0.6984899724674979,999.36,-2.11,80.25,False
HAOS / PANGAEA,HAOS_Flight_03,HAOS_Flight_03_seg00,test,10.1594/PANGAEA.918819,CC BY 4.0,fixed-wing UAV,2020-02-27 17:39:20+00:00,147.0,65.03434,24.51794,25.66,383127.999125845,7214576.57871388,-1002.2810641440446,-319.7288129599765,-1.120000000000001,-1004.4485695399325,-320.127813770907,-0.9525974025974026,17.641252984737207,3.2851482891151136,0.2959090909090909,-1.1455757171107166,-0.2473885520115573,-0.0488203463203461,17.944525799055693,17.946965435500733,79.45122730744185,0.09800286232538864,0.944734103700775,999.45,-2.07,80.26,False
HAOS / PANGAEA,HAOS_Flight_03,HAOS_Flight_03_seg00,test,10.1594/PANGAEA.918819,CC BY 4.0,fixed-wing UAV,2020-02-27 17:39:21+00:00,148.0,65.03436,24.51824,26.26,383142.340238938,7214579.28726419,-987.9399510510266,-317.02026265021414,-0.5199999999999996,-987.3890380306589,-316.9589131937612,-0.7090476190476189,16.154047800153364,3.027667406412206,0.13129870129870153,-1.7774803340184917,-0.26300155955117077,-0.1691666666666664,16.43532872362128,16.435853175374053,79.3845131626502,-0.26684846068820683,0.4577152993759212,999.37,-2.08,80.28,False
HAOS / PANGAEA,HAOS_Flight_03,HAOS_Flight_03_seg00,test,10.1594/PANGAEA.918819,CC BY 4.0,fixed-wing UAV,2020-02-27 17:39:22+00:00,149.0,65.03439,24.51854,25.73,383156.685831075,7214581.82146027,-973.5943589140079,-314.4860665695742,-1.0500000000000007,-972.1404739396257,-314.07247895808257,-0.6899999999999995,14.086292316700224,2.759145170012772,-0.04242424242424192,-1.246931032524003,-0.09800492867209698,-0.1136255411255411,14.353972039151135,14.354034733031611,78.91753038606544,-0.5478248069374853,-0.16934148649145767,999.44,-2.13,80.3,False
HAOS / PANGAEA,HAOS_Flight_03,HAOS_Flight_03_seg00,test,10.1594/PANGAEA.918819,CC BY 4.0,fixed-wing UAV,2020-02-27 17:39:23+00:00,150.0,65.03442,24.51885,25.96,383171.147975303,7214584.67978132,-959.1322146860184,-311.6277455203235,-0.8200000000000003,-959.2164533972584,-311.44062285373565,-0.7938961038961028,13.660185735105358,2.8316575490680123,-0.09595238095238068,0.17191443415498497,0.14256003565957087,-0.02656926406926441,13.950589908414976,13.950919885519385,78.28886354877523,-0.415155150125427,-0.3940750755674876,999.41,-2.08,80.34,False
HAOS / PANGAEA,HAOS_Flight_03,HAOS_Flight_03_seg00,test,10.1594/PANGAEA.918819,CC BY 4.0,fixed-wing UAV,2020-02-27 17:39:24+00:00,151.0,65.03446,24.51915,26.18,383185.431619661,7214587.85630394,-944.8485703280312,-308.4512229003012,-0.6000000000000014,-944.820102469415,-308.40916385994655,-0.8819047619047609,14.430121185010194,3.044265241331914,-0.09556277056277074,0.4175880034116517,0.12209668750290348,-0.017305194805194934,14.747743836725048,14.748053448397158,78.08722008581458,-0.13453526162311313,-0.3712613170712962,999.38,-2.11,80.33,False
HAOS / PANGAEA,HAOS_Flight_03,HAOS_Flight_03_seg00,test,10.1594/PANGAEA.918819,CC BY 4.0,fixed-wing UAV,2020-02-27 17:39:25+00:00,152.0,65.03449,24.51945,25.85,383199.840885632,7214591.08038998,-930.4393043570453,-305.2271368596703,-0.9299999999999997,-930.356211027238,-305.3520923710718,-0.9850216450216442,14.495361741928662,3.075850924073819,-0.13056277056277055,0.23652154180010143,0.05423333490614368,-0.04858225108225095,14.818109560146155,14.81868474506263,78.019793025529,-0.015955251782717613,-0.5048216243428227,999.43,-2.09,80.34,False
HAOS / PANGAEA,HAOS_Flight_03,HAOS_Flight_03_seg00,test,10.1594/PANGAEA.918819,CC BY 4.0,fixed-wing UAV,2020-02-27 17:39:26+00:00,153.0,65.03452,24.51976,25.51,383214.437240203,7214594.26194682,-915.8429497859906,-302.0455800201744,-1.2699999999999996,-915.8293789855577,-302.2574620117989,-1.143030303030302,14.903164268610396,3.152731911144201,-0.19272727272727264,0.3060229509848398,0.033578587040793195,-0.04295454545454552,15.232991292610018,15.234210433179184,78.05530958224915,0.11389878424389584,-0.7248655219340394,999.47,-2.08,80.34,False
HAOS / PANGAEA,HAOS_Flight_03,HAOS_Flight_03_seg00,test,10.1594/PANGAEA.918819,CC BY 4.0,fixed-wing UAV,2020-02-27 17:39:27+00:00,154.0,65.03455,24.52007,25.13,383229.115571938,7214597.09989513,-901.1646180510288,-299.20763170998544,-1.6500000000000021,-900.5498824900172,-299.0466285487834,-1.3704761904761895,15.107407643898341,3.1430080981554056,-0.2164718614718616,-0.4490961491574126,-0.13369944465479477,-0.013051948051948148,15.430886741337599,15.4324050520584,78.2475905940168,0.15168905424150014,-0.803719885008974,999.52,-2.09,80.32,False
HAOS / PANGAEA,HAOS_Flight_03,HAOS_Flight_03_seg00,test,10.1594/PANGAEA.918819,CC BY 4.0,fixed-wing UAV,2020-02-27 17:39:28+00:00,155.0,65.03459,24.52037,25.66,383243.751586801,7214599.93187856,-886.528603187995,-296.37564827967435,-1.120000000000001,-885.614563697761,-295.9714458154881,-1.5759740259740251,14.004971970295571,2.8853330218346116,-0.21883116883116893,-1.3294221627314187,-0.29203589052340817,0.00579004329004329,14.299104396277897,14.300778776559895,78.35868769073215,0.06822619047940992,-0.876776849169565,999.45,-2.12,80.3,False
HAOS / PANGAEA,HAOS_Flight_03,HAOS_Flight_03_seg00,test,10.1594/PANGAEA.918819,CC BY 4.0,fixed-wing UAV,2020-02-27 17:39:29+00:00,156.0,65.03462,24.52068,24.68,383258.492796178,7214603.15927451,-871.7873938110424,-293.1482523297891,-2.1000000000000014,-872.5399385494261,-293.2759625051142,-1.8081385281385274,12.448563318435504,2.5589363171085893,-0.204891774891775,-1.252190328794228,-0.2668280072845022,0.07956709956709956,12.708850607671616,12.710502130424807,78.38404297497561,0.04230430705107179,-0.923641120832556,999.58,-2.08,80.28,False
HAOS / PANGAEA,HAOS_Flight_03,HAOS_Flight_03_seg00,test,10.1594/PANGAEA.918819,CC BY 4.0,fixed-wing UAV,2020-02-27 17:39:30+00:00,157.0,65.03465,24.521,25.06,383273.334378054,7214606.32669126,-856.945811935002,-289.980835580267,-1.7200000000000024,-860.71743706089,-290.8535731812709,-1.9857575757575752,11.500591312707115,2.3516770072656072,-0.059696969696969804,-0.6379054676190492,-0.1568026634445232,0.11155844155844152,11.738568281030531,11.738720075741098,78.44329630483429,0.12643821793781918,-0.29137752110017295,999.53,-2.11,80.26,False
HAOS / PANGAEA,HAOS_Flight_03,HAOS_Flight_03_seg00,test,10.1594/PANGAEA.918819,CC BY 4.0,fixed-wing UAV,2020-02-27 17:39:31+00:00,158.0,65.03466499999999,24.521155,24.72,383280.759259406,7214607.79649134,-849.5209305830067,-288.5110355000943,-2.0600000000000023,-849.5387559240119,-288.572608490583,-1.927532467532467,11.172752383197405,2.245330990219543,0.018225108225108033,-0.017059816560220042,-0.06401533847653695,0.04426406926406923,11.396135620107527,11.396150193221104,78.63691941085125,0.290895642190576,0.09162938447384737,999.575,-2.0949999999999998,80.23,True
HAOS / PANGAEA,HAOS_Flight_03,HAOS_Flight_03_seg00,test,10.1594/PANGAEA.918819,CC BY 4.0,fixed-wing UAV,2020-02-27 17:39:32+00:00,159.0,65.03468,24.52131,24.38,383288.184140758,7214609.26629142,-842.0960492310114,-287.0412354199216,-2.400000000000002,-838.3719322944952,-286.36291120083183,-1.949307359307359,11.466471679586675,2.2236463303125333,0.028831168831168652,0.6016297174563761,0.0652086223703634,0.005227272727272914,11.680093140941798,11.680128724349395,79.02508758921545,0.2482733992235612,0.1414287469723951,999.62,-2.08,80.2,False
HAOS / PANGAEA,HAOS_Flight_03,HAOS_Flight_03_seg00,test,10.1594/PANGAEA.918819,CC BY 4.0,fixed-wing UAV,2020-02-27 17:39:33+00:00,160.0,65.03471,24.52162,25.06,383302.898959606,7214611.98737253,-827.3812303830055,-284.3201543102041,-1.7200000000000024,-826.6058125648385,-284.1253158299579,-1.8698701298701297,12.376011818110157,2.3757482349602697,0.02867965367965386,1.2281170510778736,0.2715485221172145,-0.03261904761904738,12.601977947842915,12.602010582460812,79.13346620929838,-0.13228851213642567,0.13039383846251376,999.53,-2.08,80.18,False
HAOS / PANGAEA,HAOS_Flight_03,HAOS_Flight_03_seg00,test,10.1594/PANGAEA.918819,CC BY 4.0,fixed-wing UAV,2020-02-27 17:39:34+00:00,161.0,65.03474,24.52193,25.58,383317.51705488,7214614.83201611,-812.7631351090386,-281.4755107294768,-1.2000000000000028,-813.6199086582749,-281.6114147309113,-1.8919480519480514,13.922705781742422,2.7667433745469623,-0.03640692640692611,1.0181991657574088,0.3266729439731506,-0.005259740259740409,14.19494998883629,14.194996676641168,78.76051056494259,-0.501359058172993,-0.14695075755314904,999.46,-2.08,80.18,False
HAOS / PANGAEA,HAOS_Flight_03,HAOS_Flight_03_seg00,test,10.1594/PANGAEA.918819,CC BY 4.0,fixed-wing UAV,2020-02-27 17:39:35+00:00,162.0,65.03478,24.52223,24.61,383332.197023819,7214617.78875606,-798.0831661699922,-278.518770779483,-2.1700000000000017,-798.7604010013537,-278.591829080864,-1.942683982683982,14.412410149624975,3.029094122906571,0.018160173160173043,0.40862594588475076,0.2113822619823793,0.054870129870129736,14.727286835206277,14.727298031829509,78.13074809295239,-0.4851128376976718,0.07065121780933013,999.59,-2.12,80.15,False
HAOS / PANGAEA,HAOS_Flight_03,HAOS_Flight_03_seg00,test,10.1594/PANGAEA.918819,CC BY 4.0,fixed-wing UAV,2020-02-27 17:39:36+00:00,163.0,65.03481,24.52254,24.61,383346.8419355,7214620.84410456,-783.4382544890395,-275.46342227980494,-2.1700000000000017,-784.7950883590249,-275.55322648509815,-1.8556277056277053,14.739957673511924,3.189507898511721,0.07333333333333336,0.9499739471304451,0.2074738406108736,0.005205627705627935,15.081091235437563,15.081269529763384,77.79028488954725,-0.026284303151127324,0.2786043341513253,999.59,-2.08,80.12,False
HAOS / PANGAEA,HAOS_Flight_03,HAOS_Flight_03_seg00,test,10.1594/PANGAEA.918819,CC BY 4.0,fixed-wing UAV,2020-02-27 17:39:37+00:00,164.0,65.03484,24.52285,24.91,383361.406510096,7214624.11161276,-768.8736798930331,-272.19591407943517,-1.870000000000001,-769.2804856543298,-272.21281328384055,-1.7960173160173152,16.312358043885865,3.444041804128318,0.028571428571428914,1.4133090503413825,0.1771552290936853,0.027510822510822486,16.671965957874054,16.67199043986776,78.07817948665013,0.4020754319374478,0.09819001990210183,999.55,-2.07,80.1,False
HAOS / PANGAEA,HAOS_Flight_03,HAOS_Flight_03_seg00,test,10.1594/PANGAEA.918819,CC BY 4.0,fixed-wing UAV,2020-02-27 17:39:38+00:00,165.0,65.03488,24.52316,24.83,383376.022864925,7214627.44554197,-754.2573250640417,-268.86198486946523,-1.9500000000000028,-752.1703722712532,-268.6651428768415,-1.7984848484848475,17.56657577419469,3.5438183566990915,0.12835497835497833,0.9189683015410139,0.0352648551267265,0.138419913419913,17.920469663929044,17.920929327919065,78.59443575342215,0.48142763955655404,0.4103727704425057,999.56,-2.1,80.08,False
HAOS / PANGAEA,HAOS_Flight_03,HAOS_Flight_03_seg00,test,10.1594/PANGAEA.918819,CC BY 4.0,fixed-wing UAV,2020-02-27 17:39:39+00:00,166.0,65.03491,24.52347,25.88,383390.705027624,7214630.56289129,-739.5751623650431,-265.74463555030525,-0.9000000000000021,-734.1473341059404,-265.12517657044236,-1.5393073593073585,18.150294646967893,3.514571514381771,0.3054112554112549,0.26193378253719857,-0.03250295347211818,0.0558549783549781,18.487439214273433,18.489961728905417,79.04103476576324,0.2602002644418615,0.9464363428388773,999.42,-2.1,80.13,False
HAOS / PANGAEA,HAOS_Flight_03,HAOS_Flight_03_seg00,test,10.1594/PANGAEA.918819,CC BY 4.0,fixed-wing UAV,2020-02-27 17:39:40+00:00,167.0,65.03497,24.52408,25.51,383419.897727956,7214635.62452582,-710.3824620330124,-260.68300101999193,-1.2699999999999996,-715.8697829773174,-261.635999848078,-1.1876623376623376,18.090443339269086,3.478812449754855,0.24006493506493454,-0.37588888563129785,-0.04944920886784132,-0.058322510822510665,18.421896652404566,18.423460789029903,79.11483628230587,-0.07403687469212929,0.7466076549611044,999.47,-2.08,80.15,False
HAOS / PANGAEA,HAOS_Flight_03,HAOS_Flight_03_seg00,test,10.1594/PANGAEA.918819,CC BY 4.0,fixed-wing UAV,2020-02-27 17:39:41+00:00,168.0,65.035,24.52439,25.06,383434.421925312,7214638.31991641,-695.8582646769937,-257.9876104295254,-1.7200000000000024,-697.9664474274023,-258.16755167093265,-1.0591774891774894,17.398516875705297,3.4156730966460884,0.18876623376623358,-1.0139391497310157,-0.09913131836259481,-0.05966450216450206,17.730629209854733,17.7316340157461,78.89296101637899,-0.3289665912347731,0.609967067899857,999.53,-2.08,80.15,False
HAOS / PANGAEA,HAOS_Flight_03,HAOS_Flight_03_seg00,test,10.1594/PANGAEA.918819,CC BY 4.0,fixed-wing UAV,2020-02-27 17:39:42+00:00,169.0,65.03503,24.52469,26.18,383448.745627847,7214641.07834098,-681.534562142042,-255.22918585967273,-0.6000000000000014,-681.0727492259068,-254.8046536547858,-0.8101298701298705,16.062565039807055,3.2805498130296655,0.12073593073593042,-1.6493405043435416,-0.17252096302053133,-0.07998917748917755,16.394145379793382,16.394589958238402,78.45690309983632,-0.5894390306372052,0.4219514983093443,999.38,-2.12,80.12,False
HAOS / PANGAEA,HAOS_Flight_03,HAOS_Flight_03_seg00,test,10.1594/PANGAEA.918819,CC BY 4.0,fixed-wing UAV,2020-02-27 17:39:43+00:00,170.0,65.03506,24.52499,26.56,383463.048395427,7214644.47863488,-667.2317945620161,-251.82889195997268,-0.22000000000000242,-665.8413173477882,-251.60645204487332,-0.8177056277056286,14.099835867018214,3.0706311706050258,0.028787878787878474,-1.20186964110718,-0.10813951083795814,0.012337662337662453,14.430320414417155,14.430349129688775,77.71408295510457,-0.5507437081308533,0.11430250473719251,999.33,-2.08,80.14,False
HAOS / PANGAEA,HAOS_Flight_03,HAOS_Flight_03_seg00,test,10.1594/PANGAEA.918819,CC BY 4.0,fixed-wing UAV,2020-02-27 17:39:44+00:00,171.0,65.0351,24.52529,25.58,383477.460792294,7214647.96974335,-652.8193976950133,-248.33778349030763,-1.2000000000000028,-652.8730774918704,-248.66339131357574,-0.7525541125541135,13.658825757592695,3.0642707913537492,0.14541125541125532,0.1632074765277025,0.048735895226371895,-0.0195562770562768,13.998331206219596,13.999086434200686,77.35541568357462,-0.050005875907460993,0.5951531975970437,999.46,-2.08,80.15,False
HAOS / PANGAEA,HAOS_Flight_03,HAOS_Flight_03_seg00,test,10.1594/PANGAEA.918819,CC BY 4.0,fixed-wing UAV,2020-02-27 17:39:45+00:00,172.0,65.03513,24.52559,26.48,383491.846583956,7214650.88501231,-638.4336060330388,-245.42251452989876,-0.3000000000000007,-638.5236658326028,-245.47791046216582,-0.526883116883118,14.42625082007362,3.1681029610577696,-0.010324675324675125,0.4504739339730577,0.021178987166479146,-0.16155844155844123,14.770023327521788,14.770026936145321,77.61407120328965,0.29998132721067733,-0.04005140760277795,999.34,-2.12,80.14,False
HAOS / PANGAEA,HAOS_Flight_03,HAOS_Flight_03_seg00,test,10.1594/PANGAEA.918819,CC BY 4.0,fixed-wing UAV,2020-02-27 17:39:46+00:00,173.0,65.03516,24.52589,25.58,383506.128344526,7214653.88909278,-624.1518454630277,-242.4184340601787,-1.2000000000000028,-624.0205758517232,-242.3271853914602,-0.7732034632034638,14.55977362553881,3.1066287656867075,-0.17770562770562714,0.10818947673382695,-0.043671192345307475,-0.031309523809523676,14.88751659326456,14.888577151791434,77.95537833799597,0.25219186319538084,-0.6838816178396357,999.46,-2.09,80.13,False
HAOS / PANGAEA,HAOS_Flight_03,HAOS_Flight_03_seg00,test,10.1594/PANGAEA.918819,CC BY 4.0,fixed-wing UAV,2020-02-27 17:39:47+00:00,174.0,65.03519,24.5262,26.03,383520.650177799,7214657.01189988,-609.6300121900276,-239.29562695976347,-0.75,-609.4041185815252,-239.2646529307924,-0.8822943722943722,14.642629773541273,3.0807605763671546,-0.07294372294372248,0.05358888644283866,0.0677258315530338,0.06187229437229408,14.963211300182037,14.963389094740947,78.11845492968041,-0.20999213239060116,-0.279307314225746,999.4,-2.07,80.09,False
HAOS / PANGAEA,HAOS_Flight_03,HAOS_Flight_03_seg00,test,10.1594/PANGAEA.918819,CC BY 4.0,fixed-wing UAV,2020-02-27 17:39:48+00:00,175.0,65.03523,24.52651,26.63,383535.55784401,7214660.20556199,-594.7223459790112,-236.10196484997869,-0.15000000000000213,-594.7353163046406,-236.1656642387259,-0.9190909090909087,14.666951398424487,3.242080428792775,-0.05396103896103899,-0.005972960585268083,0.1974887236422589,0.0610064935064932,15.021003589324755,15.021100513086015,77.53539407321477,-0.7410986328220346,-0.20582689249411548,999.32,-2.12,79.92,False
HAOS / PANGAEA,HAOS_Flight_03,HAOS_Flight_03_seg00,test,10.1594/PANGAEA.918819,CC BY 4.0,fixed-wing UAV,2020-02-27 17:39:49+00:00,176.0,65.03526,24.52683,24.98,383550.41129961,7214663.44470222,-579.8688903790317,-232.8628246197477,-1.8000000000000007,-580.0702157846762,-232.78049207320686,-0.9902164502164502,14.630683852370737,3.4757380236516724,0.04906926406926393,-0.07883826045312503,0.15084541556062447,0.07265151515151502,15.037874344370612,15.037954401771412,76.63625766403635,-0.6303526407548301,0.18695805619530909,999.54,-2.11,79.85,False
HAOS / PANGAEA,HAOS_Flight_03,HAOS_Flight_03_seg00,test,10.1594/PANGAEA.918819,CC BY 4.0,fixed-wing UAV,2020-02-27 17:39:50+00:00,177.0,65.0353,24.52713,25.96,383564.901474175,7214666.83568213,-565.3787158140331,-229.47184470947832,-0.8200000000000003,-565.4739485998991,-229.21418819142255,-0.8209523809523809,14.509274877518237,3.543771259914024,0.09134199134199106,0.02450389205583292,0.0330200308643569,0.020876623376623188,14.935774911733724,14.936054217006472,76.2746887917051,-0.1004032332866093,0.35039664042202845,999.41,-2.1,79.83,False
HAOS / PANGAEA,HAOS_Flight_03,HAOS_Flight_03_seg00,test,10.1594/PANGAEA.918819,CC BY 4.0,fixed-wing UAV,2020-02-27 17:39:51+00:00,178.0,65.03534,24.52743,25.88,383579.245479125,7214670.4758604,-551.0347108640126,-225.83166643977165,-0.9000000000000021,-551.0516660296397,-225.6929495533788,-0.8075324675324681,14.679691636482403,3.541778085380386,0.0908225108225103,0.0981244351910675,-0.056819243570259914,0.09180735930735928,15.100911844928179,15.101184962669793,76.43545119746312,0.2977804056849284,0.34459401294614994,999.42,-2.07,79.85,False
HAOS / PANGAEA,HAOS_Flight_03,HAOS_Flight_03_seg00,test,10.1594/PANGAEA.918819,CC BY 4.0,fixed-wing UAV,2020-02-27 17:39:52+00:00,179.0,65.03538,24.52773,26.56,383593.482949042,7214674.47467805,-536.797240947024,-221.8328487901017,-0.22000000000000242,-536.1145653269343,-222.13063202066178,-0.6393073593073603,14.705523747900372,3.4301327727735043,0.2749567099567096,-0.5615712677005433,-0.2705035939594964,0.059556277056277376,15.100272829949684,15.10277592799638,76.87024960307497,0.5416284669239232,1.0431677923188336,999.33,-2.08,79.88,False
HAOS / PANGAEA,HAOS_Flight_03,HAOS_Flight_03_seg00,test,10.1594/PANGAEA.918819,CC BY 4.0,fixed-wing UAV,2020-02-27 17:39:53+00:00,180.0,65.03541,24.52803,26.41,383607.727442128,7214677.58332221,-522.5527478610165,-218.72420462965965,-0.370000000000001,-521.640618533839,-218.8326840078318,-0.2576190476190489,13.556549101081316,3.0007708974613934,0.20993506493506506,-1.3243581008394614,-0.490469502147036,-0.12538961038960983,13.88469119242772,13.886278199739813,77.51870813131097,0.8235264269356174,0.8662401304506,999.35,-2.08,79.88,False
HAOS / PANGAEA,HAOS_Flight_03,HAOS_Flight_03_seg00,test,10.1594/PANGAEA.918819,CC BY 4.0,fixed-wing UAV,2020-02-27 17:39:54+00:00,181.0,65.03544,24.52833,26.33,383621.980649528,7214680.07837723,-508.29954046104103,-216.22914960980415,-0.45000000000000284,-509.0014671247717,-216.129090225739,-0.21943722943723015,12.05680754622145,2.4491937684794323,0.02417748917748999,-1.171133106103099,-0.4765158367677884,-0.1473701298701296,12.303054836998044,12.303078593310046,78.5173024569462,1.066517353869077,0.11259531264501814,999.36,-2.09,79.87,False
HAOS / PANGAEA,HAOS_Flight_03,HAOS_Flight_03_seg00,test,10.1594/PANGAEA.918819,CC BY 4.0,fixed-wing UAV,2020-02-27 17:39:55+00:00,182.0,65.03547,24.52864,26.78,383636.464247191,7214683.03266974,-493.81594279804267,-213.27485710009933,0.0,-497.52700344139606,-213.93429647087294,-0.20926406926406893,11.214282888875118,2.0477392239258165,-0.0848051948051941,-0.5396521723693439,-0.2630710985271705,-0.10445887445887468,11.39970949809343,11.400024936902003,79.65174283904912,0.7731909766040431,-0.4262292921742994,999.3,-2.14,79.84,False
HAOS / PANGAEA,HAOS_Flight_03,HAOS_Flight_03_seg00,test,10.1594/PANGAEA.918819,CC BY 4.0,fixed-wing UAV,2020-02-27 17:39:56+00:00,183.0,65.035485,24.52879,26.520000000000003,383643.70086664846,7214684.3025658745,-486.5793233405566,-212.00496096536517,-0.259999999999998,-486.57290134702146,-212.03361177788736,-0.38904761904761836,10.977503201482762,1.9230515714250913,-0.18474025974025937,0.055221294786804265,-0.01135297795329393,-0.011948051948052277,11.144671546749361,11.146202620107607,80.06368441015428,0.10502477801145269,-0.9496796560128006,999.335,-2.115,79.83500000000001,True
HAOS / PANGAEA,HAOS_Flight_03,HAOS_Flight_03_seg00,test,10.1594/PANGAEA.918819,CC BY 4.0,fixed-wing UAV,2020-02-27 17:39:57+00:00,184.0,65.0355,24.52894,26.26,383650.937486106,7214685.57246201,-479.3427038830123,-210.7350648296997,-0.5199999999999996,-475.57199703843054,-210.08819332802275,-0.5787445887445877,11.324725478448727,2.0250332680192287,-0.10870129870129866,0.6285901965491121,0.136004573267428,0.058950216450216,11.504354258228073,11.504867790250774,79.86179239507203,-0.11753754602395673,-0.5413550528974612,999.37,-2.09,79.83,False
HAOS / PANGAEA,HAOS_Flight_03,HAOS_Flight_03_seg00,test,10.1594/PANGAEA.918819,CC BY 4.0,fixed-wing UAV,2020-02-27 17:39:58+00:00,185.0,65.03552,24.52925,25.96,383665.601139582,7214688.10041267,-464.67905040702317,-208.20711417030543,-0.8200000000000003,-463.923450390124,-207.9835452418489,-0.6064502164502157,12.234683594580986,2.1950607179599473,-0.06683982683982737,1.2011323410859234,0.2337041072783137,0.019145021645021312,12.430035165478815,12.430214872539086,79.82860931810637,-0.07650116990850879,-0.3080926980002034,999.41,-2.08,79.82,False
HAOS / PANGAEA,HAOS_Flight_03,HAOS_Flight_03_seg00,test,10.1594/PANGAEA.918819,CC BY 4.0,fixed-wing UAV,2020-02-27 17:39:59+00:00,186.0,65.03555,24.52956,25.81,383680.150511692,7214690.78171492,-450.1296782970312,-205.5258119199425,-0.9700000000000024,-451.10262984926857,-205.69807189210286,-0.7124242424242424,13.726990160620574,2.492441482575856,-0.07041125541125604,1.2938528066594586,0.31291453311022366,-0.014080086580086248,13.951434457210448,13.951612134758031,79.70879005525501,-0.30193540853434736,-0.28916263240639595,999.43,-2.08,79.83,False
HAOS / PANGAEA,HAOS_Flight_03,HAOS_Flight_03_seg00,test,10.1594/PANGAEA.918819,CC BY 4.0,fixed-wing UAV,2020-02-27 17:40:00+00:00,187.0,65.03558,24.52986,25.96,383694.500012042,7214693.49377184,-435.78017794701736,-202.81375500001013,-0.8200000000000003,-436.46947006888286,-202.9986622766972,-0.7472727272727278,14.822389207899903,2.8208897841803946,-0.09499999999999986,0.13247420519084585,0.1723775515963908,0.0077056277056282985,15.088427386741165,15.088726454043787,79.22473850103768,-0.5857237060581063,-0.3607418447407613,999.41,-2.11,79.84,False
HAOS / PANGAEA,HAOS_Flight_03,HAOS_Flight_03_seg00,test,10.1594/PANGAEA.918819,CC BY 4.0,fixed-wing UAV,2020-02-27 17:40:01+00:00,188.0,65.03561,24.53016,26.63,383708.87885804,7214696.25673243,-421.40133194898954,-200.05079440958798,-0.15000000000000213,-421.45785143346876,-200.05629232374207,-0.9024242424242421,13.991938571002265,2.8371965857686376,-0.05499999999999944,-0.36019157117439704,0.09864682079599874,0.02686147186147189,14.276695326335087,14.276801267826002,78.5373426431388,-0.6526094616183681,-0.22072701082148044,999.32,-2.16,79.84,False
HAOS / PANGAEA,HAOS_Flight_03,HAOS_Flight_03_seg00,test,10.1594/PANGAEA.918819,CC BY 4.0,fixed-wing UAV,2020-02-27 17:40:02+00:00,189.0,65.03564,24.53046,25.66,383723.040779579,7214699.07966819,-407.2394104099949,-197.22785864956677,-1.120000000000001,-408.4855929268783,-197.3242691051599,-0.8572727272727266,14.102006065551109,3.018183425772392,-0.04127705627705608,1.0346717268620012,0.3260697009338145,-0.08343073593073619,14.421373244751953,14.42143231651497,77.91951957780094,-0.39723094416331367,-0.16399233395127322,999.45,-2.12,79.84,False
HAOS / PANGAEA,HAOS_Flight_03,HAOS_Flight_03_seg00,test,10.1594/PANGAEA.918819,CC BY 4.0,fixed-wing UAV,2020-02-27 17:40:03+00:00,190.0,65.03568,24.53076,25.51,383737.418917291,7214702.21080221,-392.86127269803546,-194.09672463033348,-1.2699999999999996,-393.25383930236654,-194.0199254721973,-0.9849783549783543,16.061282024726268,3.4893359876362666,-0.22186147186147182,1.6474757789183485,0.3904095287384308,-0.10308441558441561,16.435943718339043,16.43744105465036,77.74288075481218,-0.11895888001089504,-0.7733631974243936,999.47,-2.1,79.85,False
HAOS / PANGAEA,HAOS_Flight_03,HAOS_Flight_03_seg00,test,10.1594/PANGAEA.918819,CC BY 4.0,fixed-wing UAV,2020-02-27 17:40:04+00:00,191.0,65.03571,24.53106,25.28,383751.862698556,7214705.73790241,-378.41749143303605,-190.56962442956865,-1.5,-376.3630288774258,-190.34559712988738,-1.3009956709956703,17.396957623387806,3.7990024832492537,-0.2474458874458873,1.007167954077829,0.23286995273164734,0.04748917748917744,17.80692433907903,17.80864351613842,77.68160181777915,-0.042548649793443485,-0.7961336993580584,999.5,-2.12,79.83,False
HAOS / PANGAEA,HAOS_Flight_03,HAOS_Flight_03_seg00,test,10.1594/PANGAEA.918819,CC BY 4.0,fixed-wing UAV,2020-02-27 17:40:05+00:00,192.0,65.03575,24.53137,26.11,383766.338543886,7214708.92860375,-363.9416461029905,-187.3789230901748,-0.6700000000000017,-358.45992405559093,-186.42192050569878,-1.479870129870129,18.075617932881926,3.9550758930995613,-0.12688311688311693,0.33192612328645055,0.05700954328718666,0.11785714285714263,18.503258874471275,18.503693909623827,77.65778345522529,0.046870925465046766,-0.39289041951188136,999.39,-2.15,79.79,False
HAOS / PANGAEA,HAOS_Flight_03,HAOS_Flight_03_seg00,test,10.1594/PANGAEA.918819,CC BY 4.0,fixed-wing UAV,2020-02-27 17:40:06+00:00,193.0,65.03581,24.53198,24.83,383795.538214375,7214714.93742134,-334.74197561404435,-181.370105500333,-1.9500000000000028,-340.21179301166194,-182.43544534368826,-1.5547619047619041,18.060809869960707,3.913021569823627,-0.011731601731602037,-0.3629184029448993,-0.14601181784657058,0.08893939393939387,18.479842828465156,18.479846552264828,77.77534366870924,0.21023208112035346,-0.03637320847859713,999.56,-2.1,79.73,False
HAOS / PANGAEA,HAOS_Flight_03,HAOS_Flight_03_seg00,test,10.1594/PANGAEA.918819,CC BY 4.0,fixed-wing UAV,2020-02-27 17:40:07+00:00,194.0,65.03584,24.53229,24.91,383810.012858584,7214717.90471567,-320.2673314050189,-178.40281116962433,-1.870000000000001,-322.3383043156695,-178.59587736605152,-1.503333333333333,17.349781126992127,3.66305225740642,0.050995670995670817,-1.0330095641922696,-0.3285801349010242,0.053030303030303205,17.732254707030982,17.732328035356293,78.07824761746599,0.35943134528980597,0.16477479681281712,999.55,-2.09,79.67,False
HAOS / PANGAEA,HAOS_Flight_03,HAOS_Flight_03_seg00,test,10.1594/PANGAEA.918819,CC BY 4.0,fixed-wing UAV,2020-02-27 17:40:08+00:00,195.0,65.03588,24.53259,25.66,383824.404878364,7214721.16266464,-305.87531162501546,-175.1448622001335,-1.120000000000001,-305.5122307576777,-175.10934082887542,-1.4527705627705625,15.994790741576168,3.2558613000215786,0.09432900432900437,-1.6640578484113604,-0.4818904298031086,0.06906926406926417,16.32280501849449,16.323077578472958,78.49420635928885,0.5126015288494126,0.3311069184066927,999.45,-2.09,79.66,False
HAOS / PANGAEA,HAOS_Flight_03,HAOS_Flight_03_seg00,test,10.1594/PANGAEA.918819,CC BY 4.0,fixed-wing UAV,2020-02-27 17:40:09+00:00,196.0,65.03591,24.53289,25.13,383838.607828972,7214724.10411983,-291.6723610170302,-172.20340701006353,-1.6500000000000021,-290.3487228325172,-172.08415476600837,-1.3146753246753242,14.021665430169406,2.699271397800203,0.18913419913419915,-1.230601257670898,-0.4101607505911389,0.07453463203463187,14.27911648228244,14.280369016936229,79.10345067516482,0.6519476200352863,0.7588675192449145,999.52,-2.1,79.67,False
HAOS / PANGAEA,HAOS_Flight_03,HAOS_Flight_03_seg00,test,10.1594/PANGAEA.918819,CC BY 4.0,fixed-wing UAV,2020-02-27 17:40:10+00:00,197.0,65.03594,24.53319,26.18,383852.804012197,7214726.79591779,-277.47617779200664,-169.51160904951394,-0.6000000000000014,-277.4688998973389,-169.710798033275,-1.0745021645021642,13.533588226234372,2.435539798839301,0.24339826839826811,0.09152039486180286,-0.1050910162830121,0.013225108225108195,13.750995032687626,13.753148988724694,79.79810159935943,0.4787614914835971,1.0140529717392404,999.38,-2.16,79.64,False
HAOS / PANGAEA,HAOS_Flight_03,HAOS_Flight_03_seg00,test,10.1594/PANGAEA.918819,CC BY 4.0,fixed-wing UAV,2020-02-27 17:40:11+00:00,198.0,65.03596,24.53349,25.73,383866.931204891,7214729.12927119,-263.3489850980113,-167.17825565021485,-1.0500000000000007,-263.28154638004844,-167.21307516832977,-0.827878787878788,14.204706219893012,2.489089365234179,0.21558441558441555,0.36157893847860123,0.0665699261456254,-0.0650865800865798,14.421138812922823,14.422750129633112,80.06097365813201,-0.0058359910873135475,0.8564619815695821,999.44,-2.09,79.63,False
HAOS / PANGAEA,HAOS_Flight_03,HAOS_Flight_03_seg00,test,10.1594/PANGAEA.918819,CC BY 4.0,fixed-wing UAV,2020-02-27 17:40:12+00:00,199.0,65.03599,24.53379,26.18,383881.23871517,7214731.4384708,-249.04147481900873,-164.8690560394898,-0.6000000000000014,-249.05948745755285,-164.73261930280665,-0.6433333333333331,14.256746103191574,2.5686796511305516,0.1132251082251085,0.05850803461724752,0.12641825488246639,-0.15121212121212113,14.486301273996766,14.486743751655611,79.78642961718481,-0.449613826349352,0.4478153957158074,999.38,-2.15,79.59,False
HAOS / PANGAEA,HAOS_Flight_03,HAOS_Flight_03_seg00,test,10.1594/PANGAEA.918819,CC BY 4.0,fixed-wing UAV,2020-02-27 17:40:13+00:00,200.0,65.03602,24.53409,25.73,383895.502816859,7214733.92356528,-234.7773731300258,-162.38396156020463,-1.0500000000000007,-234.7680541736653,-162.07571586606866,-0.601428571428571,14.321722289127507,2.7419258749991116,-0.08683982683982672,0.22410840622607964,0.17438434560087757,-0.12841991341991363,14.581834138093921,14.582092716287564,79.16174600543332,-0.5040632856253026,-0.3412119973726537,999.44,-2.09,79.59,False
HAOS / PANGAEA,HAOS_Flight_03,HAOS_Flight_03_seg00,test,10.1594/PANGAEA.918819,CC BY 4.0,fixed-wing UAV,2020-02-27 17:40:14+00:00,201.0,65.03605,24.53439,26.78,383909.816839962,7214736.9082037,-220.4633500270429,-159.399323140271,0.0,-220.41604287929783,-159.24876755280843,-0.8170129870129865,14.704962915643733,2.9174483423323068,-0.14361471861471875,0.26042498537080405,0.10403678697148422,-0.009177489177489395,14.991578942214025,14.992266818864909,78.7783030459342,-0.20146936890648276,-0.5488591686314329,999.3,-2.16,79.54,False
HAOS / PANGAEA,HAOS_Flight_03,HAOS_Flight_03_seg00,test,10.1594/PANGAEA.918819,CC BY 4.0,fixed-wing UAV,2020-02-27 17:40:15+00:00,202.0,65.03608,24.53469,25.96,383924.271947925,7214740.12088071,-206.00824206403922,-156.18664612993598,-0.8200000000000003,-205.35812834237782,-156.24081918140405,-0.8886580086580085,14.842572259869115,2.94999944894208,-0.10519480519480551,-0.5028552934767987,-0.1386744437247529,0.04163419913419897,15.132892917026629,15.133258538240689,78.75880726762034,0.15673656361368818,-0.3982795171987884,999.41,-2.12,79.57,False
HAOS / PANGAEA,HAOS_Flight_03,HAOS_Flight_03_seg00,test,10.1594/PANGAEA.918819,CC BY 4.0,fixed-wing UAV,2020-02-27 17:40:16+00:00,203.0,65.03611,24.535,25.13,383938.693654756,7214743.10067113,-191.58653523301473,-153.20685570966452,-1.6500000000000021,-190.7308983595596,-153.34876865492427,-1.0274025974025975,13.699252328690136,2.640099454882801,-0.060346320346320814,-1.3542176154600867,-0.3738271053174884,0.03654761904761905,13.951331101253192,13.95146161429597,79.09177617316158,0.4769986212652921,-0.2478306819956777,999.52,-2.12,79.57,False
HAOS / PANGAEA,HAOS_Flight_03,HAOS_Flight_03_seg00,test,10.1594/PANGAEA.918819,CC BY 4.0,fixed-wing UAV,2020-02-27 17:40:17+00:00,204.0,65.03614,24.5353,25.58,383953.118508915,7214745.60876629,-177.1616810740088,-150.69876054953784,-1.2000000000000028,-177.95962368499755,-150.96062027163845,-1.00935064935065,12.134137028948942,2.202345238307103,-0.032099567099567405,-1.266561183482196,-0.33574128303742157,-0.01888528138528106,12.3323803860408,12.332422161449543,79.71280451015093,0.454791439487765,-0.14913305526062312,999.46,-2.14,79.54,False
HAOS / PANGAEA,HAOS_Flight_03,HAOS_Flight_03_seg00,test,10.1594/PANGAEA.918819,CC BY 4.0,fixed-wing UAV,2020-02-27 17:40:18+00:00,205.0,65.03617,24.5356,25.88,383967.504144667,7214747.90740442,-162.77604532201076,-148.400122419931,-0.9000000000000021,-166.46262430166172,-148.94407817831006,-1.0916017316017324,11.166129961725744,1.9686168888079578,-0.09811688311688294,-0.6526619894717243,-0.10447893068658942,-0.0014285714285710016,11.338338095904941,11.338762617666967,80.0013590521371,-0.07157308826123257,-0.49579955507889506,999.42,-2.13,79.54,False
HAOS / PANGAEA,HAOS_Flight_03,HAOS_Flight_03_seg00,test,10.1594/PANGAEA.918819,CC BY 4.0,fixed-wing UAV,2020-02-27 17:40:19+00:00,206.0,65.03618,24.535755,25.88,383974.651992484,7214749.19477252,-155.6281975050224,-147.11275431979448,-0.9000000000000021,-155.62736376154606,-147.02338649402253,-1.205584415584416,10.828813050005493,1.9933873769339243,-0.03495670995670941,-0.02641596040960792,0.1210402499176979,0.0007900432900435628,11.010757708100236,11.010813197855088,79.56965833362847,-0.6259894022875331,-0.18190076198155644,999.42,-2.1550000000000002,79.54,True
HAOS / PANGAEA,HAOS_Flight_03,HAOS_Flight_03_seg00,test,10.1594/PANGAEA.918819,CC BY 4.0,fixed-wing UAV,2020-02-27 17:40:20+00:00,207.0,65.03619,24.53591,25.88,383981.799840301,7214750.48214062,-148.48034968803404,-145.82538621965796,-0.9000000000000021,-144.80499820165073,-144.95730342444222,-1.1615151515151512,11.113298040906528,2.2106973886433536,-0.09653679653679581,0.6086721019155945,0.3257858894747301,-0.04099567099567103,11.3310448013487,11.331456024856513,78.74938024756204,-0.9767520974509073,-0.4881294961043056,999.42,-2.18,79.54,False
HAOS / PANGAEA,HAOS_Flight_03,HAOS_Flight_03_seg00,test,10.1594/PANGAEA.918819,CC BY 4.0,fixed-wing UAV,2020-02-27 17:40:21+00:00,208.0,65.03623,24.53621,25.21,383996.082401152,7214753.55229996,-134.19778883701656,-142.75522688031197,-1.5700000000000003,-133.400767679733,-142.60199171673582,-1.3986580086580076,12.046157253836682,2.6449591558833845,-0.11694805194805147,1.2949420809633665,0.4939510347462601,0.023138528138527903,12.33311451014923,12.333668974287736,77.61615413872664,-0.9440611431131423,-0.5432876643880865,999.51,-2.15,79.58,False
HAOS / PANGAEA,HAOS_Flight_03,HAOS_Flight_03_seg00,test,10.1594/PANGAEA.918819,CC BY 4.0,fixed-wing UAV,2020-02-27 17:40:22+00:00,209.0,65.03626,24.53651,24.53,384010.407023439,7214756.71682027,-119.87316655000905,-139.59070657007396,-2.25,-120.71268369397737,-139.66738511267545,-1.395411255411254,13.703182202833261,3.198599458135874,-0.050259740259740004,1.4568807678812519,0.33569366677393475,0.0135064935064933,14.07154010681252,14.071629863634287,76.86125796133575,-0.05773453920514673,-0.20464417746578686,999.6,-2.14,79.32,False
HAOS / PANGAEA,HAOS_Flight_03,HAOS_Flight_03_seg00,test,10.1594/PANGAEA.918819,CC BY 4.0,fixed-wing UAV,2020-02-27 17:40:23+00:00,210.0,65.03629,24.53681,25.96,384024.6959032,7214759.67040759,-105.58428678900236,-136.63711924944073,-0.8200000000000003,-105.99440327406649,-136.20479280046408,-1.4991774891774876,14.959918789599186,3.316346489431254,-0.08993506493506487,0.48761686023895834,-0.15988614483235608,0.0644913419913416,15.323097736076924,15.323361659416339,77.50068506031636,1.0211818884249315,-0.3362792936409215,999.41,-2.23,79.49,False
HAOS / PANGAEA,HAOS_Flight_03,HAOS_Flight_03_seg00,test,10.1594/PANGAEA.918819,CC BY 4.0,fixed-wing UAV,2020-02-27 17:40:24+00:00,211.0,65.03632,24.53711,25.13,384038.878528909,7214762.57265262,-91.40166108001722,-133.73487421963364,-1.6500000000000021,-90.792846114779,-133.03469213381294,-1.5752813852813838,14.678415923311178,2.8788271684711617,0.0787229437229432,-0.5863276224152383,-1.1992156053006227,0.13100649350649318,14.958059362218176,14.95826651672951,78.90362173818562,4.345176151341777,0.3015398370475849,999.52,-2.23,79.68,False
HAOS / PANGAEA,HAOS_Flight_03,HAOS_Flight_03_seg00,test,10.1594/PANGAEA.918819,CC BY 4.0,fixed-wing UAV,2020-02-27 17:40:25+00:00,212.0,65.03635,24.53741,25.96,384053.205830048,7214765.572843,-77.07435994100524,-130.73468383960426,-0.8200000000000003,-76.63757142744413,-130.44713846352175,-1.3417316017316012,13.78726354476871,0.9179152788300087,0.1720779220779215,-1.2236091001487122,-2.683853494099168,-0.05651515151515141,13.817785803522133,13.818857236518673,86.19103736299991,11.299121418423686,0.7134883393992929,999.41,-2.18,79.75,False
HAOS / PANGAEA,HAOS_Flight_03,HAOS_Flight_03_seg00,test,10.1594/PANGAEA.918819,CC BY 4.0,fixed-wing UAV,2020-02-27 17:40:26+00:00,213.0,65.03636,24.5377,24.68,384066.896559066,7214766.01304407,-63.38363092299551,-130.29448276944458,-2.1000000000000014,-63.21831902524158,-131.19886157615292,-1.2311255411255408,12.231197723013754,-2.488879819727174,-0.03430735930735962,-2.2749877607445974,-3.3478900559661753,-0.1331385281385279,12.481855651164294,12.481902799309273,101.50186457503298,17.91733984055063,-0.15748154757683114,999.58,-2.2,79.73,False
HAOS / PANGAEA,HAOS_Flight_03,HAOS_Flight_03_seg00,test,10.1594/PANGAEA.918819,CC BY 4.0,fixed-wing UAV,2020-02-27 17:40:27+00:00,214.0,65.03634,24.53794,25.4,384078.321911915,7214762.96080757,-51.958278074045666,-133.34671926964074,-1.3800000000000026,-52.17517598141662,-135.4248981029761,-1.4103463203463205,9.237288023279515,-5.777864833102342,-0.09419913419913428,-3.4257089611537452,-2.9777092116610646,0.042012987012987224,10.895467500507904,10.895874702450822,122.02571704410116,22.998661057218662,-0.4953507824648565,999.49,-2.21,79.65,False
HAOS / PANGAEA,HAOS_Flight_03,HAOS_Flight_03_seg00,test,10.1594/PANGAEA.918819,CC BY 4.0,fixed-wing UAV,2020-02-27 17:40:28+00:00,215.0,65.03629,24.53812,26.11,384086.554943828,7214756.97240386,-43.72524616098963,-139.3351229801774,-0.6700000000000017,-44.74374297868255,-142.7545912423576,-1.4195238095238094,5.379779800706263,-8.444298243049303,0.04971861471861483,-3.9201842852650355,-2.095661639545355,0.04584415584415591,10.012402485000923,10.012525928171282,147.49918668947032,24.998860919647647,0.2845114723356268,999.39,-2.22,79.57,False
HAOS / PANGAEA,HAOS_Flight_03,HAOS_Flight_03_seg00,test,10.1594/PANGAEA.918819,CC BY 4.0,fixed-wing UAV,2020-02-27 17:40:29+00:00,216.0,65.03614,24.53824,25.13,384091.285035371,7214740.3973273,-38.99515461799456,-155.9101995397359,-1.6500000000000021,-41.415616380004096,-152.3134945890747,-1.3109090909090908,1.3969194527494437,-9.969188112193052,-0.0025108225108224635,-3.6953420009408813,-0.8910027100992863,-0.11639610389610366,10.06658311314028,10.066583426266867,172.02343888339647,21.81276903161536,-0.014290800401336061,999.52,-2.2,79.3,False
HAOS / PANGAEA,HAOS_Flight_03,HAOS_Flight_03_seg00,test,10.1594/PANGAEA.918819,CC BY 4.0,fixed-wing UAV,2020-02-27 17:40:30+00:00,217.0,65.03606,24.53818,25.06,384088.342568704,7214731.79225336,-41.93762128503295,-164.5152734797448,-1.7200000000000024,-41.94990407318366,-162.6929674667437,-1.4245454545454543,-2.0109042011754994,-10.226303663247876,-0.1830735930735925,-2.8420492726601356,0.19587862529910183,-0.07159090909090882,10.422140966196062,10.423748762309224,191.12472475270104,16.045725232875746,-1.0063446271091052,999.53,-2.18,79.47,False
HAOS / PANGAEA,HAOS_Flight_03,HAOS_Flight_03_seg00,test,10.1594/PANGAEA.918819,CC BY 4.0,fixed-wing UAV,2020-02-27 17:40:31+00:00,218.0,65.03599,24.53809,25.28,384083.94004163,7214723.47054108,-46.340148359013256,-172.83698575943708,-1.5,-45.437424782355095,-172.76610191557046,-1.6770562770562758,-4.2871790925708275,-9.577430861594848,-0.1456926406926401,-1.5860613974580904,0.9249519503532184,0.08498917748917728,10.493192387467499,10.494203772843267,204.11488934914794,10.311533483563213,-0.795471650480154,999.5,-2.22,79.7,False
HAOS / PANGAEA,HAOS_Flight_03,HAOS_Flight_03_seg00,test,10.1594/PANGAEA.918819,CC BY 4.0,fixed-wing UAV,2020-02-27 17:40:32+00:00,219.0,65.03591,24.538,25.73,384079.262698064,7214715.1891076,-51.01749192504212,-181.11841924022883,-1.0500000000000007,-50.524262258325315,-181.8478291899334,-1.7159307359307345,-5.18302699609168,-8.376399762541439,-0.013095238095237938,-0.20894188454075646,0.7398803147912645,0.027424242424242296,9.850271154852512,9.850279859444614,211.74779171982746,3.0216862117457746,-0.076170637412715,999.44,-2.26,79.35,False
HAOS / PANGAEA,HAOS_Flight_03,HAOS_Flight_03_seg00,test,10.1594/PANGAEA.918819,CC BY 4.0,fixed-wing UAV,2020-02-27 17:40:33+00:00,220.0,65.03584,24.5379,23.79,384074.270934143,7214706.8921604,-56.00925584603101,-189.4153664400801,-2.990000000000002,-55.803478774538455,-189.51890144065334,-1.7032467532467517,-4.7050628616523404,-8.09767023201232,-0.0908441558441555,0.7727006046316642,-0.12660479180723883,-0.05954545454545451,9.365355290565253,9.365795875373838,210.1582617726395,-4.445492428469317,-0.5557529132152542,999.7,-2.19,79.61,False
HAOS / PANGAEA,HAOS_Flight_03,HAOS_Flight_03_seg00,test,10.1594/PANGAEA.918819,CC BY 4.0,fixed-wing UAV,2020-02-27 17:40:34+00:00,221.0,65.03576,24.53782,25.51,384069.925228726,7214698.36243803,-60.354961263015866,-197.94508881028742,-1.2699999999999996,-59.934387981629996,-198.04316965395805,-1.8976190476190455,-3.6376257868283517,-8.629609346155917,-0.13218614718614696,1.0732971509622882,-0.3617263106534523,0.0012121212121210534,9.364960161808492,9.365893017207064,202.85680686288882,-6.992024064318193,-0.8086746016037931,999.47,-2.27,79.79,False
HAOS / PANGAEA,HAOS_Flight_03,HAOS_Flight_03_seg00,test,10.1594/PANGAEA.918819,CC BY 4.0,fixed-wing UAV,2020-02-27 17:40:35+00:00,222.0,65.03568,24.53776,25.36,384067.005389309,7214689.54700504,-63.27480067999568,-206.76052180025727,-1.4200000000000017,-63.07873034819516,-206.77812013296517,-1.9676190476190456,-2.558468559727764,-8.821122853319224,-0.0884199134199134,1.1375768599676785,-0.154898436916433,0.08399350649350645,9.184659480049664,9.185085075575257,196.17421364400312,-7.095468690328157,-0.5515644188609241,999.49,-2.29,79.78,False
HAOS / PANGAEA,HAOS_Flight_03,HAOS_Flight_03_seg00,test,10.1594/PANGAEA.918819,CC BY 4.0,fixed-wing UAV,2020-02-27 17:40:36+00:00,223.0,65.0356,24.53773,24.23,384065.101371268,7214680.68505748,-65.17881872103317,-215.62246936000884,-2.5500000000000007,-65.05132510108552,-215.6854153605965,-2.0744588744588723,-1.3624720668929946,-8.939406219988783,0.035800865800865944,1.1430663851497194,-0.06506160060770583,0.07946969696969702,9.042638646934742,9.042709516568022,188.66586948223252,-7.215782346557294,0.22683951842378772,999.64,-2.21,79.85,False
HAOS / PANGAEA,HAOS_Flight_03,HAOS_Flight_03_seg00,test,10.1594/PANGAEA.918819,CC BY 4.0,fixed-wing UAV,2020-02-27 17:40:37+00:00,224.0,65.03552,24.53772,24.53,384064.386385428,7214671.63196369,-65.89380456099752,-224.6755631500855,-2.25,-65.80367448198115,-224.65693257294274,-1.8960173160173137,-0.27233578942832537,-8.951246054534636,0.07051948051948065,0.9581825858095687,0.03063768457654703,0.02402597402597395,8.955387915161769,8.955665564778432,181.74264895088854,-6.117919575513702,0.4511680716110922,999.6,-2.25,79.65,False
HAOS / PANGAEA,HAOS_Flight_03,HAOS_Flight_03_seg00,test,10.1594/PANGAEA.918819,CC BY 4.0,fixed-wing UAV,2020-02-27 17:40:38+00:00,225.0,65.03543,24.53773,25.28,384064.581163691,7214662.61535485,-65.69902629801072,-233.6921719899401,-1.5,-65.59599667994217,-233.58790746966577,-1.933419913419911,0.5538931047261428,-8.878130850835689,0.08385281385281385,0.7200740878336678,0.08601990237517754,0.0754112554112551,8.895392345255132,8.895787557626061,176.4300303312051,-4.659833853203211,0.5400852316453234,999.5,-2.27,79.57,False
HAOS / PANGAEA,HAOS_Flight_03,HAOS_Flight_03_seg00,test,10.1594/PANGAEA.918819,CC BY 4.0,fixed-wing UAV,2020-02-27 17:40:39+00:00,226.0,65.03536,24.53777,24.68,384065.710754547,7214653.77938365,-64.56943544204114,-242.52814318984747,-2.1000000000000014,-64.69588827252886,-242.4131942746141,-1.728311688311686,1.1678123862390102,-8.77920624978428,0.22134199134199084,0.5257828265208158,-0.0009794033281806946,0.018116883116882754,8.856537028980606,8.859302479475224,172.42298124448212,-3.339006013338238,1.4316343407845582,999.58,-2.23,79.5,False
HAOS / PANGAEA,HAOS_Flight_03,HAOS_Flight_03_seg00,test,10.1594/PANGAEA.918819,CC BY 4.0,fixed-wing UAV,2020-02-27 17:40:40+00:00,227.0,65.03528,24.5378,25.51,384067.106916099,7214645.1875824,-63.1732738900464,-251.11994444020092,-1.2699999999999996,-63.260371907464155,-251.14631996923433,-1.4907359307359294,1.6054587577677744,-8.88008965749205,0.12008658008657935,0.30641582049467253,-0.04997595093813345,-0.11694805194805186,9.024050650788178,9.024849635019269,169.75201830452863,-1.881384928504531,0.7624123998086829,999.47,-2.26,79.34,False
HAOS / PANGAEA,HAOS_Flight_03,HAOS_Flight_03_seg00,test,10.1594/PANGAEA.918819,CC BY 4.0,fixed-wing UAV,2020-02-27 17:40:41+00:00,228.0,65.0352,24.53784,25.66,384068.679455564,7214636.56737735,-61.60073442501016,-259.74014948960394,-1.120000000000001,-61.48497075699331,-260.1733735895982,-1.4881385281385273,1.7806440272283552,-8.879158151660548,-0.012554112554112873,0.022302898316286957,0.3460752767534956,-0.006829004329004129,9.055945154090983,9.055953855869959,168.66021138747305,-0.5729375689792869,-0.07942817584096398,999.45,-2.28,79.74,False
HAOS / PANGAEA,HAOS_Flight_03,HAOS_Flight_03_seg00,test,10.1594/PANGAEA.918819,CC BY 4.0,fixed-wing UAV,2020-02-27 17:40:42+00:00,229.0,65.03513,24.53789,25.13,384070.512704491,7214627.96712991,-59.76748549804324,-268.3403969295323,-1.6500000000000021,-59.699083853007444,-268.9046362725554,-1.515844155844155,1.6500645544003483,-8.187939103985059,0.1064285714285711,-0.21069098456051627,0.7951013514382979,0.09198051948051927,8.352548102480828,8.353226133960003,168.60614316657006,0.38823329311140725,0.7300260832302771,999.52,-2.28,79.49,False
HAOS / PANGAEA,HAOS_Flight_03,HAOS_Flight_03_seg00,test,10.1594/PANGAEA.918819,CC BY 4.0,fixed-wing UAV,2020-02-27 17:40:43+00:00,230.0,65.03505,24.53793,25.13,384072.341372107,7214619.29377345,-57.938817882037256,-277.01375338993967,-1.6500000000000021,-58.18484164819262,-276.54925179756833,-1.2752813852813851,1.3592620581073227,-7.288955448783952,0.17140692640692567,-0.2781851231963426,0.7231528386060404,0.023831168831168814,7.414611579642417,7.416592560697108,169.43667797369585,1.0895252065325884,1.3242965507961302,999.52,-2.28,79.44,False
HAOS / PANGAEA,HAOS_Flight_03,HAOS_Flight_03_seg00,test,10.1594/PANGAEA.918819,CC BY 4.0,fixed-wing UAV,2020-02-27 17:40:44+00:00,231.0,65.03497,24.53797,25.43,384073.834385093,7214610.65927081,-56.44580489600776,-285.6482560299337,-1.3500000000000014,-56.9805597367928,-283.4825471701233,-1.1730303030303038,1.093694308007663,-6.741633426772978,0.15409090909090872,-0.16521720917760696,0.38673948208312936,-0.0430086580086575,6.829772214382492,6.831510265571999,170.78519357963523,0.7950551540402581,1.2924678751076804,999.48,-2.31,79.92,False
HAOS / PANGAEA,HAOS_Flight_03,HAOS_Flight_03_seg00,test,10.1594/PANGAEA.918819,CC BY 4.0,fixed-wing UAV,2020-02-27 17:40:45+00:00,232.0,65.03493,24.537985,25.88,384074.3613464775,7214606.29842744,-55.918843511492014,-290.00909939967096,-0.9000000000000021,-55.99745303217729,-290.0325186511143,-0.9670995670995677,1.0288276397521088,-6.515476484617693,0.08538961038961068,0.11800980874820155,0.03354175289936734,-0.17409090909090869,6.596204979677635,6.596757652020159,171.02678828177636,-1.0261155453541204,0.7416675253939152,999.4200000000001,-2.33,79.97,True
HAOS / PANGAEA,HAOS_Flight_03,HAOS_Flight_03_seg00,test,10.1594/PANGAEA.918819,CC BY 4.0,fixed-wing UAV,2020-02-27 17:40:46+00:00,233.0,65.03489,24.538,26.33,384074.888307862,7214601.93758407,-55.39188212703448,-294.36994277033955,-0.45000000000000284,-54.92290445728858,-296.5135001393587,-1.0022510822510824,1.3297139255040662,-6.674549920974243,-0.19409090909090865,0.3237568053883795,-0.372482274611599,-0.21540043290043276,6.805714934616106,6.808481993238173,168.732962488927,-2.0139049632975925,-1.6335648251476793,999.36,-2.35,80.02,False
HAOS / PANGAEA,HAOS_Flight_03,HAOS_Flight_03_seg00,test,10.1594/PANGAEA.918819,CC BY 4.0,fixed-wing UAV,2020-02-27 17:40:47+00:00,234.0,65.03482,24.53803,25.66,384075.974137843,7214593.43563802,-54.306052146013826,-302.87188882008195,-1.120000000000001,-53.33802518116916,-303.3816184930628,-1.355281385281385,1.6763412505288677,-7.260441033840891,-0.34541125541125484,0.05347955295695428,-0.752012789596165,0.007132034632034767,7.4514511334440945,7.45945258912945,166.99897835518118,0.651969181790096,-2.654040109413992,999.45,-2.33,79.68,False
HAOS / PANGAEA,HAOS_Flight_03,HAOS_Flight_03_seg00,test,10.1594/PANGAEA.918819,CC BY 4.0,fixed-wing UAV,2020-02-27 17:40:48+00:00,235.0,65.03474,24.53808,25.21,384077.738356532,7214585.03296915,-52.54183345701313,-311.27455769013613,-1.5700000000000003,-51.570221956230846,-311.0343822070405,-1.693073593073592,1.4366730314179748,-8.178575500166573,-0.1798268398268391,-0.7751562604956561,-0.6300668203618613,0.20806277056277045,8.303801937132691,8.305748870719048,170.0369008525072,6.076807724016136,-1.2406014510068883,999.51,-2.29,79.77,False
HAOS / PANGAEA,HAOS_Flight_03,HAOS_Flight_03_seg00,test,10.1594/PANGAEA.918819,CC BY 4.0,fixed-wing UAV,2020-02-27 17:40:49+00:00,236.0,65.03467,24.53813,24.09,384079.837323821,7214576.80209527,-50.44286616804311,-319.5054315701127,-2.6900000000000013,-50.46467911833321,-319.7387694933959,-1.7149350649350632,0.1260287295375555,-8.520574674564614,0.07071428571428606,-1.5955744292996492,0.3209106465428704,0.18032467532467483,8.521506675788075,8.521800076022954,179.15259380321345,11.53377859592553,0.47544844816447585,999.66,-2.32,79.84,False
HAOS / PANGAEA,HAOS_Flight_03,HAOS_Flight_03_seg00,test,10.1594/PANGAEA.918819,CC BY 4.0,fixed-wing UAV,2020-02-27 17:40:50+00:00,237.0,65.0346,24.53815,24.68,384080.479296733,7214568.45555331,-49.800893256033305,-327.8519735299051,-2.1000000000000014,-51.318164497155735,-328.0755315561697,-1.55164502164502,-1.7544758271813237,-7.536754207080833,0.18082251082251055,-2.717468666061473,1.542925027361349,0.0982467532467528,7.738271732506828,7.740384111046065,193.10445804435824,22.588230119987728,1.3386040183180583,999.58,-2.31,80.07,False
HAOS / PANGAEA,HAOS_Flight_03,HAOS_Flight_03_seg00,test,10.1594/PANGAEA.918819,CC BY 4.0,fixed-wing UAV,2020-02-27 17:40:51+00:00,238.0,65.03453,24.53807,26.03,384076.459276779,7214561.26601761,-53.820913210045546,-335.04150922968984,-0.75,-53.973630772695856,-334.8122779075576,-1.353290043290042,-5.30890860258539,-5.434724619841916,0.2672077922077917,-4.202419853315099,2.3707508563811928,0.04885281385281384,7.597416813899381,7.6021143274971585,224.3290540431889,30.755868484626948,2.0143123746071967,999.4,-2.37,79.69,False
HAOS / PANGAEA,HAOS_Flight_03,HAOS_Flight_03_seg00,test,10.1594/PANGAEA.918819,CC BY 4.0,fixed-wing UAV,2020-02-27 17:40:52+00:00,239.0,65.03448,24.53791,26.71,384068.508693691,7214556.14648899,-61.77149629802443,-340.1610378501937,-0.07000000000000028,-61.935981702326515,-338.94498079585355,-1.0172294372294366,-10.159315533811522,-2.795252494318447,0.27852813852813824,-4.216749743158822,2.5481509574703125,-0.11232683982683955,10.536846237016919,10.540526862851285,254.61619501361213,22.130128097423018,1.514188501642792,999.31,-2.37,79.71,False
HAOS / PANGAEA,HAOS_Flight_03,HAOS_Flight_03_seg00,test,10.1594/PANGAEA.918819,CC BY 4.0,fixed-wing UAV,2020-02-27 17:40:53+00:00,240.0,65.03446,24.53767,25.73,384057.506918409,7214554.59978585,-72.77327157999389,-341.7077409895137,-1.0500000000000007,-74.2922618403189,-340.4027828961945,-0.7962337662337656,-13.742408088903034,-0.33842270490129067,0.042554112554112566,-2.717455890971138,2.101138771268708,-0.24469696969696952,13.746574482726242,13.746640348159092,268.58931023803495,10.269744025568176,0.17736515123715774,999.44,-2.31,79.46,False
HAOS / PANGAEA,HAOS_Flight_03,HAOS_Flight_03_seg00,test,10.1594/PANGAEA.918819,CC BY 4.0,fixed-wing UAV,2020-02-27 17:40:54+00:00,241.0,65.03447,24.53741,25.06,384045.132492007,7214555.75096983,-85.14769798202906,-340.55655700992793,-1.7200000000000024,-89.42079788013258,-339.62182620565613,-0.9321212121212115,-15.594227315753798,1.4070250482189692,-0.2108658008658008,-1.0896000730629574,1.2431263759050921,-0.15164502164502164,15.65757468644865,15.658994522244788,275.1556830647485,4.5467642213364545,-0.7715748024652331,999.53,-2.3,79.77,False
HAOS / PANGAEA,HAOS_Flight_03,HAOS_Flight_03_seg00,test,10.1594/PANGAEA.918819,CC BY 4.0,fixed-wing UAV,2020-02-27 17:40:55+00:00,242.0,65.0345,24.53686,25.96,384019.561622176,7214560.5382348,-110.71856781298993,-335.7692920397967,-0.8200000000000003,-105.4807164718265,-337.58873279975654,-1.2179653679653673,-15.921608235028948,2.1478300469088936,-0.2607359307359307,0.18674668739222966,0.23992724521124842,0.024339826839826856,16.06582654892509,16.067942180805947,277.68283868070785,0.9555450040367437,-0.9297845318437181,999.41,-2.3,79.72,False
HAOS / PANGAEA,HAOS_Flight_03,HAOS_Flight_03_seg00,test,10.1594/PANGAEA.918819,CC BY 4.0,fixed-wing UAV,2020-02-27 17:40:56+00:00,243.0,65.03451,24.5366,25.28,384006.98166054,7214561.89403678,-123.29852944903541,-334.41349005978554,-1.5,-121.26401435019048,-335.32616611183835,-1.4535930735930729,-15.220733940969339,1.886879538641466,-0.1621861471861471,1.0682955759163484,-0.6262224967625798,0.05661255411255428,15.337244084095417,15.338101591835247,277.066773072822,-1.9832489912747473,-0.6058608264551211,999.5,-2.31,80.05,False
HAOS / PANGAEA,HAOS_Flight_03,HAOS_Flight_03_seg00,test,10.1594/PANGAEA.918819,CC BY 4.0,fixed-wing UAV,2020-02-27 17:40:57+00:00,244.0,65.03451,24.53633,25.36,383994.7145463,7214562.48906643,-135.5656436890131,-333.8184604095295,-1.4200000000000017,-135.92218435376518,-333.8149737224736,-1.5423376623376615,-13.785017083196252,0.895385053383734,-0.14751082251082215,1.7289368140900905,-1.136023401704037,-0.053344155844155694,13.814065671547805,13.814853231959916,273.7163406981584,-4.47110814270035,-0.6117986221445476,999.49,-2.28,79.91,False
HAOS / PANGAEA,HAOS_Flight_03,HAOS_Flight_03_seg00,test,10.1594/PANGAEA.918819,CC BY 4.0,fixed-wing UAV,2020-02-27 17:40:58+00:00,245.0,65.03451,24.53608,25.13,383982.690035694,7214562.42612146,-147.59015429503052,-333.8814053796232,-1.6500000000000021,-148.83404851658298,-333.5353960050709,-1.7486147186147172,-11.762860312789158,-0.3851672647666078,-0.2688744588744585,1.3793897423463548,-1.0860997267154033,-0.040790043290043376,11.769164650052188,11.772235558069381,268.1245567874213,-5.160824354468861,-1.3087328507605938,999.52,-2.32,79.62,False
HAOS / PANGAEA,HAOS_Flight_03,HAOS_Flight_03_seg00,test,10.1594/PANGAEA.918819,CC BY 4.0,fixed-wing UAV,2020-02-27 17:40:59+00:00,246.0,65.0345,24.53583,24.61,383970.828385054,7214561.92572392,-159.45180493500084,-334.3818029202521,-2.1700000000000017,-159.4479049793435,-334.5853082520068,-2.0800865800865784,-11.026237598503542,-1.2768144000470727,-0.2290909090909089,0.24128186984525968,-0.7065305665107076,0.10797619047619034,11.099917593875224,11.102281442813853,263.39469198922063,-3.591024937546794,-1.182358232883467,999.59,-2.28,79.69,False
HAOS / PANGAEA,HAOS_Flight_03,HAOS_Flight_03_seg00,test,10.1594/PANGAEA.918819,CC BY 4.0,fixed-wing UAV,2020-02-27 17:41:00+00:00,247.0,65.03448,24.53558,24.46,383959.199274205,7214560.4626446,-171.08091578399763,-335.8448822395876,-2.3200000000000003,-170.88652371359007,-336.089024805165,-2.206796536796535,-11.280296573098639,-1.798228397788023,-0.052922077922077815,0.01270812796302323,-0.5177956584093124,0.1374350649350649,11.422728051900394,11.422850646576963,260.9425069123277,-2.632805387169951,-0.26545235068757894,999.61,-2.28,79.86,False
HAOS / PANGAEA,HAOS_Flight_03,HAOS_Flight_03_seg00,test,10.1594/PANGAEA.918819,CC BY 4.0,fixed-wing UAV,2020-02-27 17:41:01+00:00,248.0,65.03446,24.53535,24.46,383948.187630902,7214558.13586588,-182.092559087032,-338.1716609597206,-2.3200000000000003,-182.00849812554077,-338.18176504758287,-2.185930735930734,-11.000821342577495,-2.3124057168656975,0.04577922077922092,0.2416964533460515,-0.43743880926955114,0.0722402597402596,11.24123171234815,11.241324928484046,258.1290812148807,-2.424109863474786,0.23333222790440614,999.61,-2.28,79.86,False
HAOS / PANGAEA,HAOS_Flight_03,HAOS_Flight_03_seg00,test,10.1594/PANGAEA.918819,CC BY 4.0,fixed-wing UAV,2020-02-27 17:41:02+00:00,249.0,65.03443,24.53513,24.68,383937.415970711,7214555.41691615,-192.86421927803895,-340.89061069022864,-2.1000000000000014,-192.88816639874506,-340.7138362388964,-2.115238095238093,-10.796903666406536,-2.673106016327125,0.0915584415584414,0.1570711800909521,-0.25714358358514744,0.029025974025973678,11.122887419918767,11.123264246812074,256.0942871853781,-1.4724345228548863,0.47162158550985983,999.58,-2.28,80.44,False
HAOS / PANGAEA,HAOS_Flight_03,HAOS_Flight_03_seg00,test,10.1594/PANGAEA.918819,CC BY 4.0,fixed-wing UAV,2020-02-27 17:41:03+00:00,250.0,65.0344,24.5349,24.83,383926.790347533,7214552.72387405,-203.48984245600877,-343.5836527897045,-1.9500000000000028,-203.60230545835384,-343.5279770802371,-2.0028138528138513,-10.686678982395591,-2.8266928840359924,0.10383116883116827,-0.06957567218110228,-0.061950012132342636,-0.005313852813852993,11.054198312561404,11.054685940589005,255.184212169171,-0.2203603802539478,0.5381586832876525,999.56,-2.27,80.08,False
HAOS / PANGAEA,HAOS_Flight_03,HAOS_Flight_03_seg00,test,10.1594/PANGAEA.918819,CC BY 4.0,fixed-wing UAV,2020-02-27 17:41:04+00:00,251.0,65.03437,24.53468,25.28,383916.108239153,7214549.96346532,-214.17195083602564,-346.3440615199506,-1.5,-214.26152436353624,-346.3672220069684,-1.9075757575757566,-10.93605501076874,-2.7970060405918105,0.08093073593073541,-0.1945343922285261,0.10963681274196801,-0.03035714285714275,11.288070782452914,11.288360898451353,255.65356642487023,0.784298532706447,0.41077968432150375,999.5,-2.28,80.43,False
HAOS / PANGAEA,HAOS_Flight_03,HAOS_Flight_03_seg00,test,10.1594/PANGAEA.918819,CC BY 4.0,fixed-wing UAV,2020-02-27 17:41:05+00:00,252.0,65.03435,24.53445,24.61,383905.27778927,7214547.28473972,-225.0024007190368,-349.02278712019324,-2.1700000000000017,-225.47441547989132,-349.12198916142074,-1.8409523809523805,-11.075747766852643,-2.6074192585520564,0.043116883116882776,0.3372699705438862,0.2867035962433562,-0.047229437229436955,11.378524675229627,11.37860636679287,256.7528092345839,1.059933917588041,0.2171110644635832,999.59,-2.28,79.9,False
HAOS / PANGAEA,HAOS_Flight_03,HAOS_Flight_03_seg00,test,10.1594/PANGAEA.918819,CC BY 4.0,fixed-wing UAV,2020-02-27 17:41:06+00:00,253.0,65.03432,24.53422,24.83,383894.513541429,7214544.69036702,-235.7666485600057,-351.61715982016176,-1.9500000000000028,-236.41301989724153,-351.5820605240725,-1.821341991341991,-10.261515069680968,-2.223598848105098,-0.0135281385281385,0.9749827967533804,0.4202655696348643,-0.04891774891774864,10.499670631147623,10.499679346204625,257.7734342600463,1.1447252646605826,-0.07382182171731232,999.56,-2.27,79.84,False
HAOS / PANGAEA,HAOS_Flight_03,HAOS_Flight_03_seg00,test,10.1594/PANGAEA.918819,CC BY 4.0,fixed-wing UAV,2020-02-27 17:41:07+00:00,254.0,65.03429,24.534,25.06,383883.718153808,7214542.48946441,-246.56203618104337,-353.81806243024766,-1.7200000000000024,-245.99744561925326,-353.56918685763094,-1.8680086580086575,-9.125782173345883,-1.7668881192823278,-0.0547186147186145,0.9249637093116831,0.414972608826389,0.06515151515151524,9.295256526929128,9.295417582239931,259.042259763905,1.4095559090062275,-0.337280575445337,999.53,-2.26,79.64,False
HAOS / PANGAEA,HAOS_Flight_03,HAOS_Flight_03_seg00,test,10.1594/PANGAEA.918819,CC BY 4.0,fixed-wing UAV,2020-02-27 17:41:08+00:00,255.0,65.03428,24.53377,25.06,383872.880997095,7214540.72963391,-257.39919289399404,-355.5778929302469,-1.7200000000000024,-254.6645842439333,-355.1158367626372,-1.93077922077922,-8.411587651057602,-1.3936536304523202,0.11677489177489198,0.49667020590062094,0.2885891226426338,0.17831168831168825,8.526258103828296,8.527057735728468,260.5925460780588,1.3174367450340525,0.784668968975121,999.53,-2.26,79.64,False
HAOS / PANGAEA,HAOS_Flight_03,HAOS_Flight_03_seg00,test,10.1594/PANGAEA.918819,CC BY 4.0,fixed-wing UAV,2020-02-27 17:41:09+00:00,256.0,65.03426999999999,24.533655,25.02,383867.47050759,7214539.988862065,-262.8096823990345,-356.31866477523,-1.7600000000000016,-262.82062092136846,-356.3564941185356,-1.6344588744588735,-8.13244176154464,-1.1897098739970602,0.301904761904762,0.04704849078142104,0.1041852519524582,0.04875541125541116,8.219003503418246,8.224546496583393,261.6771332539731,0.6485656327490497,2.1036729180673133,999.535,-2.245,79.55,True
HAOS / PANGAEA,HAOS_Flight_03,HAOS_Flight_03_seg00,test,10.1594/PANGAEA.918819,CC BY 4.0,fixed-wing UAV,2020-02-27 17:41:10+00:00,257.0,65.03426,24.53354,24.98,383862.060018085,7214539.24809022,-268.22017190401675,-357.0594366202131,-1.8000000000000007,-270.9294677670226,-357.4952565106313,-1.326969696969696,-8.31749066949476,-1.1852831265474038,0.2142857142857143,-0.4127696154179148,-0.08830579488989088,-0.09849567099567103,8.401520524715176,8.40425282190852,261.88967734355685,-0.1746841880108431,1.4610457345759542,999.54,-2.23,79.46,False
HAOS / PANGAEA,HAOS_Flight_03,HAOS_Flight_03_seg00,test,10.1594/PANGAEA.918819,CC BY 4.0,fixed-wing UAV,2020-02-27 17:41:11+00:00,258.0,65.03424,24.53331,25.51,383851.34781363,7214537.73489555,-278.9323763590073,-358.57263129018247,-1.2699999999999996,-279.455602260358,-358.7270603716304,-1.205887445887445,-8.95798099238047,-1.366321463776842,0.10491341991341996,-0.6255461955192914,-0.213408962340651,-0.07186147186147185,9.06158141839641,9.062188732745804,261.32776487795144,-0.7264887912313325,0.6633309718737063,999.47,-2.24,79.93,False
HAOS / PANGAEA,HAOS_Flight_03,HAOS_Flight_03_seg00,test,10.1594/PANGAEA.918819,CC BY 4.0,fixed-wing UAV,2020-02-27 17:41:12+00:00,259.0,65.03422,24.53309,26.48,383840.848374115,7214536.01140842,-289.43181587400613,-360.2961184196174,-0.3000000000000007,-288.8454297517835,-360.227899438185,-1.117142857142856,-9.568583060533342,-1.6121010512287057,0.0705627705627706,-0.8344191587330414,-0.3438702115489036,-0.017435064935065053,9.70343504052551,9.703691601153027,260.4366997610942,-1.1337888038085286,0.41664396826651423,999.34,-2.29,79.92,False
HAOS / PANGAEA,HAOS_Flight_03,HAOS_Flight_03_seg00,test,10.1594/PANGAEA.918819,CC BY 4.0,fixed-wing UAV,2020-02-27 17:41:13+00:00,260.0,65.0342,24.53287,25.88,383830.296204092,7214534.04984603,-299.9839858970372,-362.2576808100566,-0.9000000000000021,-298.59276838142466,-361.9512624740878,-1.0647619047619037,-10.626819309846553,-2.054061886874649,0.07004329004328985,-1.1161473318739183,-0.479879028862328,-0.08283549783549793,10.823514164966877,10.823740801669205,259.0601872703344,-1.365688623218458,0.37077873416936163,999.42,-2.29,79.92,False
HAOS / PANGAEA,HAOS_Flight_03,HAOS_Flight_03_seg00,test,10.1594/PANGAEA.918819,CC BY 4.0,fixed-wing UAV,2020-02-27 17:41:14+00:00,261.0,65.03418,24.53265,24.98,383819.741699876,7214532.04947989,-310.53849011304555,-364.2580469502136,-1.8000000000000007,-310.0990683714766,-364.3360232119343,-0.9770562770562764,-11.800877724281179,-2.571859108953362,-0.09510822510822525,-0.9144692959735892,-0.3995275614859679,-0.17811688311688273,12.077879546499133,12.078254009343624,257.70532251465727,-0.9808970166568701,-0.45117085690998415,999.54,-2.21,79.85,False
HAOS / PANGAEA,HAOS_Flight_03,HAOS_Flight_03_seg00,test,10.1594/PANGAEA.918819,CC BY 4.0,fixed-wing UAV,2020-02-27 17:41:15+00:00,262.0,65.03415,24.53243,25.51,383809.411080994,7214529.6867841,-320.86910899501527,-366.62074274010956,-1.2699999999999996,-322.194523829987,-367.0949806919945,-1.2549783549783542,-12.455757901793731,-2.853117009846585,-0.2861904761904756,-0.5719387962236908,-0.20427327846718413,-0.03453463203463175,12.778348155374891,12.781552588345244,257.0983932370207,-0.3355841577038583,-1.283011337894186,999.47,-2.21,80.05,False
HAOS / PANGAEA,HAOS_Flight_03,HAOS_Flight_03_seg00,test,10.1594/PANGAEA.918819,CC BY 4.0,fixed-wing UAV,2020-02-27 17:41:16+00:00,263.0,65.03413,24.53222,25.66,383799.214748411,7214527.01891337,-331.06544157804456,-369.28861347027123,-1.120000000000001,-335.0105841750641,-370.04225723162745,-1.5494372294372276,-12.94475531672856,-2.98040566588773,-0.16417748917748876,-0.2654270074422982,-0.0569416386986461,0.17120129870129827,13.283429833564373,13.284444376457024,257.03415419924954,0.016170897032644727,-0.7081151779210955,999.45,-2.2,79.99,False
HAOS / PANGAEA,HAOS_Flight_03,HAOS_Flight_03_seg00,test,10.1594/PANGAEA.918819,CC BY 4.0,fixed-wing UAV,2020-02-27 17:41:17+00:00,264.0,65.03408,24.53178,25.66,383778.576600356,7214522.15948901,-351.70358963299077,-374.14803782943636,-1.120000000000001,-348.08403446344414,-373.05579202377,-1.5833333333333317,-12.986611916678328,-2.967000287243877,0.056212121212120936,0.18245718200699912,0.10220258539237648,0.10984848484848447,13.32123041535266,13.321349015076812,257.1307350310859,0.2608930493443246,0.24177182485923723,999.45,-2.2,79.99,False
HAOS / PANGAEA,HAOS_Flight_03,HAOS_Flight_03_seg00,test,10.1594/PANGAEA.918819,CC BY 4.0,fixed-wing UAV,2020-02-27 17:41:18+00:00,265.0,65.03405,24.53156,24.46,383767.869418486,7214519.98924007,-362.4107715029968,-376.3182867700234,-2.3200000000000003,-360.98380800842074,-375.9762578061152,-1.4370129870129857,-12.579840952714562,-2.776000495102977,0.05551948051948019,0.6442554615755256,0.25967007439615486,-0.004296536796536743,12.882491107872204,12.88261074305684,257.5559402979382,0.5257174120307865,0.24692524092818743,999.61,-2.17,79.77,False
HAOS / PANGAEA,HAOS_Flight_03,HAOS_Flight_03_seg00,test,10.1594/PANGAEA.918819,CC BY 4.0,fixed-wing UAV,2020-02-27 17:41:19+00:00,266.0,65.03403,24.53133,25.28,383757.185594622,7214517.94550841,-373.0945953670307,-378.3620184296742,-1.5,-373.24371636887327,-378.60779301397594,-1.4722943722943713,-11.698100993527277,-2.4476601384515675,0.04761904761904745,1.1172805688625829,0.3597107045745531,0.027813852813852902,11.951426986269405,11.95152185212514,258.1821698551475,0.6002930901471755,0.22828705043991693,999.5,-2.2,79.91,False
HAOS / PANGAEA,HAOS_Flight_03,HAOS_Flight_03_seg00,test,10.1594/PANGAEA.918819,CC BY 4.0,fixed-wing UAV,2020-02-27 17:41:20+00:00,267.0,65.03401,24.53111,25.58,383746.737568944,7214515.606801,-383.54262104502413,-380.7007258394733,-1.2000000000000028,-384.3800099954753,-380.87157808301833,-1.3417748917748908,-10.345279814989397,-2.056579085953871,0.111147186147186,0.8400539143459582,0.2629882442579685,0.023430735930735858,10.547716908753756,10.548302502497657,258.75652647823256,0.47953703751115345,0.6037352946398183,999.46,-2.21,79.91,False
HAOS / PANGAEA,HAOS_Flight_03,HAOS_Flight_03_seg00,test,10.1594/PANGAEA.918819,CC BY 4.0,fixed-wing UAV,2020-02-27 17:41:21+00:00,268.0,65.03398,24.53089,25.96,383736.333920648,7214513.54761755,-393.946269341046,-382.75990928988904,-0.8200000000000003,-393.93427599885206,-382.7209511858837,-1.2499999999999993,-10.01799316483536,-1.9216836499356305,0.09448051948051917,-0.07709304485027246,0.04922898147188448,-0.057413419913419916,10.200639935862746,10.201077475917886,259.1412439301698,0.339666244814654,0.5306706494479002,999.41,-2.23,79.89,False
HAOS / PANGAEA,HAOS_Flight_03,HAOS_Flight_03_seg00,test,10.1594/PANGAEA.918819,CC BY 4.0,fixed-wing UAV,2020-02-27 17:41:22+00:00,269.0,65.03396,24.53068,25.43,383725.999270686,7214511.57891828,-404.2809193030116,-384.7286085598171,-1.3500000000000014,-404.415996325146,-384.7149453828896,-1.1528138528138525,-10.499465904689941,-1.9581211230101019,-0.003679653679653838,-0.26685748143933097,0.015342154992652013,-0.08780303030303016,10.68049730191085,10.680497935769479,259.43585896786186,0.3492428288034258,-0.019739588112140008,999.48,-2.17,79.89,False
HAOS / PANGAEA,HAOS_Flight_03,HAOS_Flight_03_seg00,test,10.1594/PANGAEA.918819,CC BY 4.0,fixed-wing UAV,2020-02-27 17:41:23+00:00,270.0,65.03394,24.53045,25.73,383715.436946824,7214509.61223967,-414.8432431649999,-386.6952871698886,-1.0500000000000007,-414.93320780823194,-386.6371934319039,-1.257359307359307,-10.551708127714022,-1.8909993399503264,-0.08112554112554116,-0.06313370949709451,0.04547672635712274,-0.030259740259740264,10.719814500081553,10.720121467109486,259.8397295877767,0.29890052785097,-0.43359541195990003,999.44,-2.18,79.9,False
HAOS / PANGAEA,HAOS_Flight_03,HAOS_Flight_03_seg00,test,10.1594/PANGAEA.918819,CC BY 4.0,fixed-wing UAV,2020-02-27 17:41:24+00:00,271.0,65.03392,24.53023,25.06,383704.675601684,7214507.82338545,-425.60458830499556,-388.48414138983935,-1.7200000000000024,-425.51941258057406,-388.49694406279025,-1.3150649350649348,-10.62573332368413,-1.8671676702958564,-0.06419913419913437,-0.08615757864505724,0.02064975923798329,0.05779220779220773,10.788536683677238,10.788727696252296,260.0336600235638,0.18703715298709975,-0.34094485001776625,999.53,-2.21,80.21,False
HAOS / PANGAEA,HAOS_Flight_03,HAOS_Flight_03_seg00,test,10.1594/PANGAEA.918819,CC BY 4.0,fixed-wing UAV,2020-02-27 17:41:25+00:00,272.0,65.0339,24.53,25.36,383693.97072942,7214506.07709351,-436.3094605689985,-390.23043332993984,-1.4200000000000017,-436.1846744556002,-390.3715287724956,-1.3857575757575757,-10.724023285004137,-1.8496998214743599,0.0344588744588743,-0.10531716272123504,0.032620464198615196,0.10474025974025986,10.882374044613298,10.882428601231537,260.2138038937509,0.2626445086074413,0.18142562151660768,999.49,-2.14,80.05,False
HAOS / PANGAEA,HAOS_Flight_03,HAOS_Flight_03_seg00,test,10.1594/PANGAEA.918819,CC BY 4.0,fixed-wing UAV,2020-02-27 17:41:26+00:00,273.0,65.03388,24.52978,25.81,383683.380927642,7214504.10580042,-446.8992623470258,-392.2017264198512,-0.9700000000000024,-446.96745915058233,-392.19634370573897,-1.2461471861471862,-10.8363676491266,-1.801926741898626,0.14528138528138534,-0.0872989228156058,0.025045159115634874,0.11807359307359336,10.985162894113449,10.98612354250198,260.5589490407787,0.20498426308492412,0.757706102372074,999.43,-2.2,79.68,False
HAOS / PANGAEA,HAOS_Flight_03,HAOS_Flight_03_seg00,test,10.1594/PANGAEA.918819,CC BY 4.0,fixed-wing UAV,2020-02-27 17:41:27+00:00,274.0,65.03386,24.52955,25.66,383672.605376411,7214502.16590473,-457.6748135780217,-394.14162211026996,-1.120000000000001,-457.8574097538534,-393.97538225629285,-1.095194805194805,-10.898621130635348,-1.79960950324309,0.270606060606061,-0.027196184365024578,-0.03286551909613422,0.019783549783549903,11.046200111952261,11.049514222504575,260.6237724199207,-0.14497677341153586,1.403331872134535,999.45,-2.21,80.04,False
HAOS / PANGAEA,HAOS_Flight_03,HAOS_Flight_03_seg00,test,10.1594/PANGAEA.918819,CC BY 4.0,fixed-wing UAV,2020-02-27 17:41:28+00:00,275.0,65.03384,24.52932,25.66,383661.601160999,7214500.40522057,-468.6790289900382,-395.9023062698543,-1.120000000000001,-468.764701411853,-395.79556271222515,-0.7049350649350642,-10.89076001785665,-1.8676577800908944,0.18484848484848515,-0.09213297821440847,-0.10533423045876589,-0.15850108225108234,11.049742049028973,11.051288083858362,260.26899549395563,-0.45231714225707526,0.958397958770466,999.45,-2.21,80.04,False
HAOS / PANGAEA,HAOS_Flight_03,HAOS_Flight_03_seg00,test,10.1594/PANGAEA.918819,CC BY 4.0,fixed-wing UAV,2020-02-27 17:41:29+00:00,276.0,65.03382,24.52909,26.26,383650.490754634,7214498.76831464,-479.78943535499275,-397.5392121998593,-0.5199999999999996,-479.6389297895667,-397.71069781647464,-0.7254978354978348,-11.082887087064165,-2.010277964160622,-0.04639610389610366,-0.09099223695255887,-0.126889536123997,-0.13347402597402605,11.263729563417412,11.263825117439463,259.7191381354066,-0.5574558149702467,-0.23600405976042652,999.37,-2.24,80.0,False
HAOS / PANGAEA,HAOS_Flight_03,HAOS_Flight_03_seg00,test,10.1594/PANGAEA.918819,CC BY 4.0,fixed-wing UAV,2020-02-27 17:41:30+00:00,277.0,65.0338,24.52886,26.26,383639.578119177,7214496.79842557,-490.70207081199624,-399.5091012697667,-0.5199999999999996,-490.93047558598136,-399.8161186405464,-0.7977272727272715,-11.072744491761767,-2.1214368523388885,-0.08209956709956695,0.48289430149411317,-0.008666117110166738,-0.07971320346320368,11.274136991286833,11.274435916586693,259.15408386401515,-0.5259439666777207,-0.41722710588609346,999.37,-2.24,80.0,False
HAOS / PANGAEA,HAOS_Flight_03,HAOS_Flight_03_seg00,test,10.1594/PANGAEA.918819,CC BY 4.0,fixed-wing UAV,2020-02-27 17:41:31+00:00,278.0,65.03378,24.52864,26.26,383629.164849876,7214494.49892156,-501.11534011299955,-401.8086052797735,-0.5199999999999996,-501.78441877309024,-401.9535715211524,-0.8896969696969687,-10.117098484075939,-2.0276101983809554,-0.20582251082251102,1.085829475832341,0.15091120595420193,-0.12033549783549785,10.318279161423678,10.320331765938118,258.66725020205115,-0.35382604341616664,-1.1427484452014538,999.37,-2.22,79.87,False
HAOS / PANGAEA,HAOS_Flight_03,HAOS_Flight_03_seg00,test,10.1594/PANGAEA.918819,CC BY 4.0,fixed-wing UAV,2020-02-27 17:41:32+00:00,279.0,65.03375,24.52842,24.83,383618.699762608,7214492.14905125,-511.5804273810354,-404.15847558993846,-1.9500000000000028,-511.16467255413323,-403.8713390373083,-1.2093722943722935,-8.901085540097085,-1.8196144404304846,-0.32277056277056265,0.9612017580208914,0.1928821921568442,-0.010887445887445724,9.085170361856104,9.09090211915956,258.4464317771828,0.001638200592050643,-2.0347022101736787,999.56,-2.17,80.08,False
HAOS / PANGAEA,HAOS_Flight_03,HAOS_Flight_03_seg00,test,10.1594/PANGAEA.918819,CC BY 4.0,fixed-wing UAV,2020-02-27 17:41:33+00:00,280.0,65.03373,24.52819,25.51,383608.061319891,7214490.01605409,-522.2188700980041,-406.2914727497846,-1.2699999999999996,-519.5865898532844,-405.5928004020134,-1.535238095238094,-8.194694968034156,-1.641845814067267,-0.22759740259740247,0.4572727566375647,0.13721199194472433,0.06906926406926397,8.357552470448184,8.360650924058701,258.6705266032352,0.30179787437833583,-1.559924206002446,999.47,-2.16,80.13,False
HAOS / PANGAEA,HAOS_Flight_03,HAOS_Flight_03_seg00,test,10.1594/PANGAEA.918819,CC BY 4.0,fixed-wing UAV,2020-02-27 17:41:34+00:00,281.0,65.03372,24.52808,25.095,383602.7046636335,7214489.14118024,-527.5755263555329,-407.1663466002792,-1.6850000000000023,-527.5540624902015,-407.15503066544284,-1.6645670995670985,-7.986540026821956,-1.545190456541036,-0.1846320346320347,-0.0080478750297317,0.008109627209904602,0.09137445887445877,8.134644131553312,8.13673915860814,259.05002752593947,0.06525301313577116,-1.3002191854518084,999.5250000000001,-2.14,79.97999999999999,True
HAOS / PANGAEA,HAOS_Flight_03,HAOS_Flight_03_seg00,test,10.1594/PANGAEA.918819,CC BY 4.0,fixed-wing UAV,2020-02-27 17:41:35+00:00,282.0,65.03371,24.52797,24.68,383597.348007376,7214488.26630639,-532.9321826130035,-408.0412204498425,-2.1000000000000014,-535.5596699069283,-408.68318131509545,-1.9045021645021634,-8.21079071809362,-1.6256265596474577,-0.044848484848484915,-0.4348059694049482,-0.1682585333625184,0.09788961038961036,8.37017000590571,8.370290157118616,258.8010326295068,-0.5227677428213374,-0.3069954740450476,999.58,-2.12,79.83,False
HAOS / PANGAEA,HAOS_Flight_03,HAOS_Flight_03_seg00,test,10.1594/PANGAEA.918819,CC BY 4.0,fixed-wing UAV,2020-02-27 17:41:36+00:00,283.0,65.03369,24.52775,25.28,383586.807688124,7214486.1649055,-543.472501865006,-410.1426213402301,-1.5,-543.9756439263888,-410.40628378473775,-1.7542640692640683,-8.856151965631852,-1.8817075232660727,0.011147186147186017,-0.8924703960551312,-0.27940337799360293,-0.016731601731601653,9.05385281752918,9.053859679785194,258.0044920402968,-0.5642257882465149,0.07054305054759892,999.5,-2.2,80.0,False
HAOS / PANGAEA,HAOS_Flight_03,HAOS_Flight_03_seg00,test,10.1594/PANGAEA.918819,CC BY 4.0,fixed-wing UAV,2020-02-27 17:41:37+00:00,284.0,65.03366,24.52753,25.06,383576.396768904,7214483.84351439,-553.8834210850182,-412.46401244960725,-1.7200000000000024,-553.271973838192,-412.4465963616276,-1.8822077922077913,-9.995731510203882,-2.1844333156346636,-0.07831168831168822,-1.0117018806458873,-0.20552850454174632,0.04487012987012989,10.231637079887921,10.231936769500859,257.67258105301374,0.047545869869756084,-0.43852626684711876,999.53,-2.14,79.85,False
HAOS / PANGAEA,HAOS_Flight_03,HAOS_Flight_03_seg00,test,10.1594/PANGAEA.918819,CC BY 4.0,fixed-wing UAV,2020-02-27 17:41:38+00:00,285.0,65.03364,24.52731,24.31,383565.878862539,7214481.45818873,-564.401327450003,-414.849338109605,-2.4700000000000024,-563.9671069467965,-414.7751504160071,-1.9108874458874447,-10.879555726923627,-2.2927645323495653,0.1008874458874458,-0.19235678544023926,0.08676632982175647,0.11865259740259726,11.118520675703078,11.11897838350154,258.0995837800363,0.6819372563261011,0.5198772740932894,999.63,-2.15,80.23,False
HAOS / PANGAEA,HAOS_Flight_03,HAOS_Flight_03_seg00,test,10.1594/PANGAEA.918819,CC BY 4.0,fixed-wing UAV,2020-02-27 17:41:39+00:00,286.0,65.03361,24.52708,25.66,383555.345888514,7214479.0268604,-574.9343014750048,-417.280666439794,-1.120000000000001,-575.0310852920393,-417.03212542632673,-1.6804329004328997,-10.38044508108436,-2.0109006559911506,0.1589935064935063,0.2046947699869861,0.23847580703935023,-0.006699134199134038,10.573427142117835,10.574622473865496,259.03645556566596,1.0308120351438486,0.8614964907920513,999.45,-2.19,80.25,False
HAOS / PANGAEA,HAOS_Flight_03,HAOS_Flight_03_seg00,test,10.1594/PANGAEA.918819,CC BY 4.0,fixed-wing UAV,2020-02-27 17:41:40+00:00,287.0,65.03359,24.52686,24.68,383544.6326096,7214477.11041511,-585.6475803889916,-419.1971117295325,-2.1000000000000014,-584.7279971089653,-418.7969517279894,-1.5929004329004322,-10.470166186949655,-1.8158129182708649,0.08748917748917773,-0.701323779179404,0.05661325085729629,-0.04277597402597372,10.626455502024333,10.626815651580719,260.161207850324,0.9072923309089028,0.47171395617217077,999.58,-2.13,79.75,False
HAOS / PANGAEA,HAOS_Flight_03,HAOS_Flight_03_seg00,test,10.1594/PANGAEA.918819,CC BY 4.0,fixed-wing UAV,2020-02-27 17:41:41+00:00,288.0,65.03357,24.52663,25.21,383533.908629408,7214475.62658099,-596.3715605810285,-420.68094584997743,-1.5700000000000003,-595.9714176659386,-420.66375126286846,-1.5054545454545443,-11.783092639443169,-1.897674154276558,0.07344155844155886,-1.0887477452046426,-0.0719861258305059,-0.08646103896103896,11.934925192287928,11.935151151452391,260.85104022748374,0.515362037500368,0.3525651113511163,999.51,-2.11,79.93,False
HAOS / PANGAEA,HAOS_Flight_03,HAOS_Flight_03_seg00,test,10.1594/PANGAEA.918819,CC BY 4.0,fixed-wing UAV,2020-02-27 17:41:42+00:00,289.0,65.03356,24.52641,26.11,383523.314323692,7214474.15845533,-606.9658662970178,-422.14907150994986,-0.6700000000000017,-608.2941823878516,-422.5923000365425,-1.4460173160173144,-12.64766167735894,-1.9597851699318767,-0.0854329004329002,-0.6442524224481758,-0.07110384007859238,-0.09002164502164522,12.798597728548971,12.798882865222858,261.19193192532475,0.13961717919158922,-0.3824537679185243,999.39,-2.17,79.91,False
HAOS / PANGAEA,HAOS_Flight_03,HAOS_Flight_03_seg00,test,10.1594/PANGAEA.918819,CC BY 4.0,fixed-wing UAV,2020-02-27 17:41:43+00:00,290.0,65.03354,24.52619,24.91,383512.847346549,7214472.52095151,-617.4328434400377,-423.78657532949,-1.870000000000001,-621.2667410206565,-424.5833216027322,-1.6763203463203447,-13.07159748433952,-2.039881834433743,-0.10660173160173159,-0.1946964463641052,-0.09652044590023934,0.00480519480519459,13.229806449492903,13.230235924586701,261.1302745858669,-0.28432083520772145,-0.46166186569020806,999.55,-2.13,79.84,False
HAOS / PANGAEA,HAOS_Flight_03,HAOS_Flight_03_seg00,test,10.1594/PANGAEA.918819,CC BY 4.0,fixed-wing UAV,2020-02-27 17:41:44+00:00,291.0,65.0335,24.52575,24.76,383492.166752745,7214468.78790958,-638.1134372440283,-427.5196172595024,-2.0199999999999996,-634.4373773565306,-426.67206370541,-1.6592207792207776,-13.03705457008715,-2.1528260617323554,-0.07582251082251101,0.2519882882339175,-0.0919415715797669,-0.009015151515151532,13.213608587948423,13.213826129045733,260.6232902549093,-0.582278475808527,-0.32877182280707246,999.57,-2.1,79.95,False
HAOS / PANGAEA,HAOS_Flight_03,HAOS_Flight_03_seg00,test,10.1594/PANGAEA.918819,CC BY 4.0,fixed-wing UAV,2020-02-27 17:41:45+00:00,292.0,65.03348,24.52553,24.98,383481.536179079,7214467.13673155,-648.7440109100426,-429.17079528979957,-1.8000000000000007,-647.3408501608308,-428.8889737261969,-1.8279653679653667,-12.567620907871685,-2.2237649775932766,-0.12463203463203465,0.6859400497949082,0.002024756396778571,0.07308441558441564,12.762845527528098,12.763454042836543,259.96571763424987,-0.5302132580830767,-0.5594882888807077,999.54,-2.12,79.95,False
HAOS / PANGAEA,HAOS_Flight_03,HAOS_Flight_03_seg00,test,10.1594/PANGAEA.918819,CC BY 4.0,fixed-wing UAV,2020-02-27 17:41:46+00:00,293.0,65.03346,24.5253,24.83,383470.936571813,7214465.37148642,-659.3436181760044,-430.9360404200852,-1.9500000000000028,-659.572619172274,-431.11959366059654,-1.908484848484847,-11.665174470497334,-2.148776548938798,0.07034632034632027,1.1482223590251692,0.13335877733742052,0.14332251082251057,11.861430608674995,11.861639207512525,259.56286373874315,-0.3767112122293803,0.3397988099997705,999.56,-2.13,80.19,False
HAOS / PANGAEA,HAOS_Flight_03,HAOS_Flight_03_seg00,test,10.1594/PANGAEA.918819,CC BY 4.0,fixed-wing UAV,2020-02-27 17:41:47+00:00,294.0,65.03344,24.52508,25.21,383460.472251156,7214463.45238936,-669.8079388330225,-432.85513747949153,-1.5700000000000003,-670.6711991018254,-433.1865268240745,-1.6872727272727261,-10.271176189821347,-1.9570474229184356,0.1620129870129865,0.9043937978964038,0.08787577186944873,-0.047424242424242424,10.455959780809442,10.457214884751366,259.21229520979114,-0.4412821136189077,0.8877155035231006,999.51,-2.16,80.25,False
HAOS / PANGAEA,HAOS_Flight_03,HAOS_Flight_03_seg00,test,10.1594/PANGAEA.918819,CC BY 4.0,fixed-wing UAV,2020-02-27 17:41:48+00:00,295.0,65.03341,24.52487,25.06,383450.223406131,7214461.12686487,-680.0567838580464,-435.1806619698182,-1.7200000000000024,-680.1149715519167,-435.0336885064334,-1.584458874458874,-9.856386874704526,-1.9730250051999008,-0.02450216450216458,0.0036830051905099026,-0.06573623458319844,-0.17792207792207748,10.051924686098266,10.051954548795822,258.6802995115053,-0.357016284244783,-0.13966159499813274,999.53,-2.11,79.77,False
HAOS / PANGAEA,HAOS_Flight_03,HAOS_Flight_03_seg00,test,10.1594/PANGAEA.918819,CC BY 4.0,fixed-wing UAV,2020-02-27 17:41:49+00:00,296.0,65.03339,24.52465,25.21,383439.816090568,7214459.08501677,-690.4640994209913,-437.2225100696087,-1.5700000000000003,-690.3839728512345,-437.1325768344743,-1.7362770562770553,-10.263810179440327,-2.0885198920848325,-0.19383116883116847,-0.21796553295249055,-0.017833138979341356,-0.10442640692640681,10.474145060061796,10.47593839525736,258.49826264130155,0.1382161296610475,-1.060176306007008,999.51,-2.13,80.35,False
HAOS / PANGAEA,HAOS_Flight_03,HAOS_Flight_03_seg00,test,10.1594/PANGAEA.918819,CC BY 4.0,fixed-wing UAV,2020-02-27 17:41:50+00:00,297.0,65.03337,24.52443,25.06,383429.579410917,7214457.24523148,-700.700779072009,-439.06229535955936,-1.7200000000000024,-700.6425919107974,-439.2107282906031,-1.9721212121212108,-10.292317940609507,-2.0086912831585835,-0.2333549783549782,-0.05396728776779014,0.11969569262048196,-0.01615800865800865,10.486498427102804,10.489094518000714,258.95673177082745,0.6964799124093889,-1.2747867356370601,999.53,-2.14,80.25,False
HAOS / PANGAEA,HAOS_Flight_03,HAOS_Flight_03_seg00,test,10.1594/PANGAEA.918819,CC BY 4.0,fixed-wing UAV,2020-02-27 17:41:51+00:00,298.0,65.03335,24.52422,24.61,383419.43882201,7214455.13443409,-710.8413679790101,-441.1730927499011,-2.1700000000000017,-710.9686087324535,-441.1499594007915,-2.2029870129870117,-10.371744754975907,-1.8491285068438685,-0.22614718614718576,-0.090202256413221,0.1597516143581572,0.030075757575757645,10.53529142915339,10.537718351094565,259.8912224661203,0.9403558889516718,-1.2297039735779431,999.59,-2.12,79.66,False
HAOS / PANGAEA,HAOS_Flight_03,HAOS_Flight_03_seg00,test,10.1594/PANGAEA.918819,CC BY 4.0,fixed-wing UAV,2020-02-27 17:41:52+00:00,299.0,65.03333,24.524,23.86,383408.993213806,7214453.26431044,-721.2869761830079,-443.04321639984846,-2.9200000000000017,-721.3860814207492,-442.9089853042908,-2.4244155844155824,-10.47272245343595,-1.689188054442269,-0.17320346320346292,-0.11134129104007684,0.1450943882109641,0.10377705627705602,10.608075785455718,10.609489681866778,260.8374435487308,0.868969087301739,-0.9354142941601304,999.69,-2.08,79.91,False
HAOS / PANGAEA,HAOS_Flight_03,HAOS_Flight_03_seg00,test,10.1594/PANGAEA.918819,CC BY 4.0,fixed-wing UAV,2020-02-27 17:41:53+00:00,300.0,65.03331,24.52378,24.23,383398.369733179,7214451.64817377,-731.9104568100302,-444.65935306996107,-2.5500000000000007,-731.9140536393254,-444.528335509676,-2.5493939393939375,-10.59442733705606,-1.5589397304219403,-0.018593073593073717,-0.09041028899048342,0.09824478271865189,0.17202380952380936,10.70850987221139,10.708526013678748,261.6291606407238,0.5933017504698542,-0.09948196221965053,999.64,-2.1,80.0,False
HAOS / PANGAEA,HAOS_Flight_03,HAOS_Flight_03_seg00,test,10.1594/PANGAEA.918819,CC BY 4.0,fixed-wing UAV,2020-02-27 17:41:54+00:00,301.0,65.03329,24.52355,24.61,383387.725396067,7214450.27719262,-742.5547939219978,-446.03033422026783,-2.1700000000000017,-742.5749360948613,-446.0268647651347,-2.46160173160173,-10.653543031416916,-1.4926984890049653,0.1708441558441558,0.013641873592632692,-0.007874447572191912,0.10494588744588729,10.757607907956567,10.758964430971773,262.02404704967046,-0.05243013429717833,0.9098515532915139,999.59,-2.12,80.09,False
HAOS / PANGAEA,HAOS_Flight_03,HAOS_Flight_03_seg00,test,10.1594/PANGAEA.918819,CC BY 4.0,fixed-wing UAV,2020-02-27 17:41:55+00:00,302.0,65.03328,24.52333,24.31,383377.116668857,7214448.79999314,-753.1635211320245,-447.5075337002054,-2.4700000000000024,-753.2211397021592,-447.51373248768596,-2.207705627705626,-10.567143589870795,-1.5746886255663242,0.19129870129870086,0.01352021623949895,-0.16542674721927142,0.016385281385281114,10.683827400161208,10.685539907255691,261.52430037212946,-0.8806991122773326,1.0257969062523624,999.63,-2.11,80.05,False
HAOS / PANGAEA,HAOS_Flight_03,HAOS_Flight_03_seg00,test,10.1594/PANGAEA.918819,CC BY 4.0,fixed-wing UAV,2020-02-27 17:41:56+00:00,303.0,65.03326,24.5231,24.91,383366.427480527,7214447.32821724,-763.8527094619931,-448.9793095998466,-1.870000000000001,-763.7092232746029,-449.17624201626734,-2.079004329004328,-10.626502598937918,-1.823551983443508,0.20361471861471803,0.020843740829178614,-0.24282556492532592,0.07173160173160176,10.781831909353581,10.783754368270433,260.26264882511583,-1.2999026999423176,1.0819012504127792,999.55,-2.11,80.21,False
HAOS / PANGAEA,HAOS_Flight_03,HAOS_Flight_03_seg00,test,10.1594/PANGAEA.918819,CC BY 4.0,fixed-wing UAV,2020-02-27 17:41:57+00:00,304.0,65.03324,24.52288,25.13,383356.079257906,7214445.43694344,-774.2009320830111,-450.8705834001303,-1.6500000000000021,-774.4741449000351,-451.160836454573,-1.80047619047619,-10.525456108212438,-2.060339755416976,0.33476190476190437,0.5290623069535627,-0.11601124198108437,0.1021103896103897,10.725214505717739,10.730437629777178,258.9244949722448,-1.193608868631258,1.787770231691454,999.52,-2.13,80.04,False
HAOS / PANGAEA,HAOS_Flight_03,HAOS_Flight_03_seg00,test,10.1594/PANGAEA.918819,CC BY 4.0,fixed-wing UAV,2020-02-27 17:41:58+00:00,305.0,65.03322,24.52268,25.13,383346.173476043,7214443.08002106,-784.1067139460356,-453.22750577982515,-1.6500000000000021,-784.7601354910278,-453.2969215271013,-1.4094805194805193,-9.568377985030793,-2.055574467405677,0.40783549783549744,1.081652640645018,0.06847845205386704,-0.0335064935064934,9.786687062304182,9.795181134045801,257.8754310878533,-0.9389165985859698,2.3862763978909634,999.52,-2.13,80.04,False
HAOS / PANGAEA,HAOS_Flight_03,HAOS_Flight_03_seg00,test,10.1594/PANGAEA.918819,CC BY 4.0,fixed-wing UAV,2020-02-27 17:41:59+00:00,306.0,65.03319,24.52247,25.06,383336.244153827,7214440.7543966,-794.0360361619969,-455.5531302401796,-1.7200000000000024,-793.6109008700967,-455.2719853893843,-0.984805194805195,-8.362150826922402,-1.923382851309242,0.26774891774891757,0.9685995514518027,0.11472585790255607,-0.1599242424242422,8.580499288789056,8.584675738073349,257.0466617750729,-0.666552652222419,1.7872977024559786,999.53,-2.11,79.63,False
HAOS / PANGAEA,HAOS_Flight_03,HAOS_Flight_03_seg00,test,10.1594/PANGAEA.918819,CC BY 4.0,fixed-wing UAV,2020-02-27 17:42:00+00:00,307.0,65.03317,24.52226,26.78,383326.271477415,7214438.56425703,-804.0087125740247,-457.74326980952173,0.0,-801.4844371448726,-457.1436872297198,-0.8739826839826842,-7.6311788821271875,-1.8261227516005647,0.08798701298701306,0.49560208022629126,0.07539524030727307,-0.17427489177489147,7.8466308333537125,7.8471241324061864,256.54232578340844,-0.28429780748947814,0.6424506674800533,999.3,-2.14,80.21,False
HAOS / PANGAEA,HAOS_Flight_03,HAOS_Flight_03_seg00,test,10.1594/PANGAEA.918819,CC BY 4.0,fixed-wing UAV,2020-02-27 17:42:01+00:00,308.0,65.03315500000001,24.522154999999998,26.22,383321.390255826,7214437.415661805,-808.8899341630167,-458.8918650345877,-0.5600000000000023,-808.873258634351,-458.92423089258546,-0.8088311688311689,-7.37094666646982,-1.7725923706946958,-0.08080086580086537,0.042761310444177525,0.003241837503438205,-0.2420562770562768,7.581090849777992,7.581521433887907,256.47806616009393,-0.05018678052114083,-0.610647384844294,999.375,-2.125,80.315,True
HAOS / PANGAEA,HAOS_Flight_03,HAOS_Flight_03_seg00,test,10.1594/PANGAEA.918819,CC BY 4.0,fixed-wing UAV,2020-02-27 17:42:02+00:00,309.0,65.03314,24.52205,25.66,383316.509034237,7214436.26706658,-813.7711557520088,-460.0404602596536,-1.120000000000001,-816.2263304778122,-460.68887197110917,-1.035584415584415,-7.5456562612388325,-1.8196390765936883,-0.39612554112554055,-0.39851936945362354,-0.10994166886085566,-0.25851731601731587,7.761959467933308,7.772060873807637,256.4419522223662,-0.09345421407531203,-2.921510781655164,999.45,-2.11,80.42,False
HAOS / PANGAEA,HAOS_Flight_03,HAOS_Flight_03_seg00,test,10.1594/PANGAEA.918819,CC BY 4.0,fixed-wing UAV,2020-02-27 17:42:03+00:00,310.0,65.03312,24.52185,24.91,383306.799951062,7214433.85124111,-823.4802389270044,-462.4562857300043,-1.870000000000001,-823.9645711568287,-462.56350904577283,-1.60108225108225,-8.167985405377067,-1.992475708416407,-0.5978354978354972,-0.6348766792145284,-0.18358823061655016,-0.036482683982683894,8.40749338572932,8.42872186713706,256.2911577319433,-0.1869654125256494,-4.067311413652486,999.55,-2.1,79.86,False
HAOS / PANGAEA,HAOS_Flight_03,HAOS_Flight_03_seg00,test,10.1594/PANGAEA.918819,CC BY 4.0,fixed-wing UAV,2020-02-27 17:42:04+00:00,311.0,65.03309,24.52165,24.91,383297.162196055,7214431.44313373,-833.1179939340218,-464.8643931094557,-1.870000000000001,-832.5623012885663,-464.673823387942,-2.2312554112554093,-8.81540961966789,-2.1868155378267886,-0.46909090909090834,-0.931698010539634,-0.21320281137241182,0.22116883116883113,9.082599240251318,9.094704791251091,256.06802139731485,0.07591464798567332,-2.9565402239923353,999.55,-2.12,80.09,False
HAOS / PANGAEA,HAOS_Flight_03,HAOS_Flight_03_seg00,test,10.1594/PANGAEA.918819,CC BY 4.0,fixed-wing UAV,2020-02-27 17:42:05+00:00,312.0,65.03307,24.52144,23.86,383287.377460192,7214429.12582777,-842.9027297970024,-467.18169907014817,-2.9200000000000017,-841.5953903961645,-466.9371401214264,-2.5392640692640667,-10.031381426456335,-2.4188813311612307,-0.1554978354978349,-1.308370783631176,-0.19139742646747493,0.2977380952380949,10.318895300238948,10.320066850274662,256.4429870279146,0.6320556231828416,-0.8633380943346401,999.69,-2.09,80.01,False
HAOS / PANGAEA,HAOS_Flight_03,HAOS_Flight_03_seg00,test,10.1594/PANGAEA.918819,CC BY 4.0,fixed-wing UAV,2020-02-27 17:42:06+00:00,313.0,65.03305,24.52123,23.86,383277.373119502,7214426.86625474,-852.9070704870392,-469.4412720995024,-2.9200000000000017,-852.625064141479,-469.51158605026444,-2.542251082251079,-11.432151186930241,-2.5696103907617385,0.1263852813852815,-1.1056602232349348,-0.0616230324255298,0.16338744588744536,11.71737932820907,11.718060912987783,257.33213264368055,0.9132825629206173,0.6179762736633468,999.69,-2.09,80.01,False
HAOS / PANGAEA,HAOS_Flight_03,HAOS_Flight_03_seg00,test,10.1594/PANGAEA.918819,CC BY 4.0,fixed-wing UAV,2020-02-27 17:42:07+00:00,314.0,65.03302,24.52102,24.76,383267.255888065,7214424.47661245,-863.0243019240443,-471.8309143902734,-2.0199999999999996,-864.459692770025,-472.0763609029499,-2.2864935064935037,-12.242701872926204,-2.5421273960122903,0.1712770562770558,-0.711360190414382,0.08105910475387645,0.0031277056277054793,12.503845842256174,12.505018859518524,258.26955215375585,1.0301262298098859,0.7847856464648582,999.57,-2.11,79.92,False
HAOS / PANGAEA,HAOS_Flight_03,HAOS_Flight_03_seg00,test,10.1594/PANGAEA.918819,CC BY 4.0,fixed-wing UAV,2020-02-27 17:42:08+00:00,315.0,65.033,24.5208,24.53,383256.955546178,7214422.25538503,-873.3246438110364,-474.05214180983603,-2.25,-877.1104678873314,-474.595840842289,-2.1996969696969675,-12.854871567759005,-2.4074921812539856,0.13264069264069245,-0.38090598036217216,0.1884026507286478,-0.0038419913419911467,13.078369226565593,13.079041829573072,259.39238510330034,1.1385573435864416,0.5810733123037577,999.6,-2.15,79.93,False
HAOS / PANGAEA,HAOS_Flight_03,HAOS_Flight_03_seg00,test,10.1594/PANGAEA.918819,CC BY 4.0,fixed-wing UAV,2020-02-27 17:42:09+00:00,316.0,65.03296,24.52037,25.28,383236.260712613,7214418.61634273,-894.0194773760159,-477.6911841100082,-1.5,-890.169435905543,-476.89134526545786,-2.021212121212119,-13.004513833650549,-2.1653220945549947,0.1635930735930735,0.11284386200483709,0.23971428929978345,0.028084415584415434,13.18355034968868,13.184565313900347,260.54666684092876,0.9637225232393111,0.7109398739133649,999.5,-2.1,79.95,False
HAOS / PANGAEA,HAOS_Flight_03,HAOS_Flight_03_seg00,test,10.1594/PANGAEA.918819,CC BY 4.0,fixed-wing UAV,2020-02-27 17:42:10+00:00,317.0,65.03294,24.52015,25.06,383225.887252632,7214416.99802316,-904.3929373570136,-479.3095036800951,-1.7200000000000024,-903.1194955546325,-478.926485031399,-1.8725108225108205,-12.629183843749331,-1.9280636026544187,0.18880952380952332,0.6188982201016415,0.2214820803792179,0.02803030303030285,12.775512272120437,12.776907405604106,261.31983014977897,0.5628896663022263,0.8467137050573657,999.53,-2.1,79.92,False
HAOS / PANGAEA,HAOS_Flight_03,HAOS_Flight_03_seg00,test,10.1594/PANGAEA.918819,CC BY 4.0,fixed-wing UAV,2020-02-27 17:42:11+00:00,318.0,65.03292,24.51992,24.23,383215.194882556,7214415.64448254,-915.0853074330371,-480.66304429993033,-2.5500000000000007,-915.4278035930416,-480.7474724707667,-1.6435930735930722,-11.766717393447266,-1.7223579337965589,0.2196536796536792,1.0838573703159682,0.19600540151199652,-0.031017316017315888,11.892104736730431,11.894133125551932,261.6724461735332,0.16357124196040562,1.0581640654268956,999.64,-2.09,80.07,False
HAOS / PANGAEA,HAOS_Flight_03,HAOS_Flight_03_seg00,test,10.1594/PANGAEA.918819,CC BY 4.0,fixed-wing UAV,2020-02-27 17:42:12+00:00,319.0,65.03291,24.51969,25.21,383204.325192865,7214414.37491453,-925.954997124034,-481.9326123101637,-1.5700000000000003,-926.652930341527,-482.37120089899213,-1.433203463203462,-10.461469103117395,-1.5360527996304256,0.12677489177489154,0.8041500792930663,0.03762626003482694,-0.03069264069264055,10.573636744220616,10.574396714324504,261.64697263369976,-0.44117170090710195,0.6869271561018381,999.51,-2.13,79.8,False
HAOS / PANGAEA,HAOS_Flight_03,HAOS_Flight_03_seg00,test,10.1594/PANGAEA.918819,CC BY 4.0,fixed-wing UAV,2020-02-27 17:42:13+00:00,320.0,65.03289,24.51947,26.03,383193.892321426,7214412.54128623,-936.3878685630043,-483.76624060980976,-0.75,-936.3507417992764,-483.81957807002755,-1.390043290043289,-10.158417234861133,-1.647105413726905,0.1582683982683981,-0.06967570851455207,-0.2074189620895055,0.04660173160173142,10.291083371611183,10.292300318555743,260.790102771719,-1.0372786507446294,0.8810925048329717,999.4,-2.14,79.79,False
HAOS / PANGAEA,HAOS_Flight_03,HAOS_Flight_03_seg00,test,10.1594/PANGAEA.918819,CC BY 4.0,fixed-wing UAV,2020-02-27 17:42:14+00:00,321.0,65.03287,24.51925,26.11,383183.477041718,7214410.50419943,-946.8031482709921,-485.80332740955055,-0.6700000000000017,-946.9697648112493,-485.66541172644594,-1.1166666666666658,-10.600820520146499,-1.9508907238094366,0.21997835497835438,-0.2253129483184182,-0.22273132869938195,-0.12956709956709977,10.77883900596928,10.781083470285525,259.5724153322105,-0.9740553533348871,1.1691502135831957,999.39,-2.15,79.78,False
HAOS / PANGAEA,HAOS_Flight_03,HAOS_Flight_03_seg00,test,10.1594/PANGAEA.918819,CC BY 4.0,fixed-wing UAV,2020-02-27 17:42:15+00:00,322.0,65.03285,24.51903,25.13,383172.700941851,7214408.69349506,-957.5792481380049,-487.6140317795798,-1.6500000000000021,-957.5523828395694,-487.7213595176464,-0.9500865800865803,-10.60904313149797,-2.092568071125669,-0.10086580086580144,-0.04637611238734962,-0.07761128719900512,-0.2666558441558438,10.813447059022337,10.813917477402125,258.8419920650492,-0.35714587328447805,-0.5344287582035772,999.52,-2.1,80.04,False
HAOS / PANGAEA,HAOS_Flight_03,HAOS_Flight_03_seg00,test,10.1594/PANGAEA.918819,CC BY 4.0,fixed-wing UAV,2020-02-27 17:42:16+00:00,323.0,65.03282,24.5188,25.36,383162.028694662,7214406.59150014,-968.2514953270438,-489.7160267001018,-1.4200000000000017,-968.1878510742453,-489.8505478686973,-1.3183982683982687,-10.693572744921198,-2.106113298207447,-0.31333333333333324,-0.0754030471293845,0.00920858396141,-0.08553030303030251,10.899000471410565,10.903503521968776,258.8581235856415,0.12353449920232858,-1.646732115535877,999.49,-2.15,80.02,False
HAOS / PANGAEA,HAOS_Flight_03,HAOS_Flight_03_seg00,test,10.1594/PANGAEA.918819,CC BY 4.0,fixed-wing UAV,2020-02-27 17:42:17+00:00,324.0,65.0328,24.51858,25.81,383151.454788043,7214404.15157766,-978.8254019460292,-492.15594918001443,-0.9700000000000024,-978.9395283294118,-491.9335861140613,-1.5767532467532468,-10.759849225756739,-2.074150903202849,-0.27192640692640646,-0.015334229514849085,0.02508926762112651,0.042326839826840046,10.957940378112808,10.96131384921803,259.08906106345387,0.1447130068030804,-1.4215297726822158,999.43,-2.11,80.05,False
HAOS / PANGAEA,HAOS_Flight_03,HAOS_Flight_03_seg00,test,10.1594/PANGAEA.918819,CC BY 4.0,fixed-wing UAV,2020-02-27 17:42:18+00:00,325.0,65.03278,24.51835,24.83,383140.654198044,7214402.18923302,-989.6259919450385,-494.11829381994903,-1.9500000000000028,-989.7075495257587,-493.998849675103,-1.8622510822510816,-10.724241203950896,-2.055934762965194,-0.22867965367965315,-0.05859923711963688,0.0006976492452963612,0.04683441558441548,10.919533742339318,10.921928013592378,259.1475495992477,0.0609391228267821,-1.199727420378734,999.56,-2.11,80.2,False
HAOS / PANGAEA,HAOS_Flight_03,HAOS_Flight_03_seg00,test,10.1594/PANGAEA.918819,CC BY 4.0,fixed-wing UAV,2020-02-27 17:42:19+00:00,326.0,65.03276,24.51812,24.23,383129.795147169,7214400.33642657,-1000.4850428200443,-495.9711002698168,-2.5500000000000007,-1000.3880107373136,-496.0454556399917,-2.034112554112553,-10.877047699996012,-2.072755604712256,-0.1782575757575755,-0.06988165764767018,-0.008741974158326116,0.05543290043290028,11.072781153118425,11.074215919340276,259.21093930910746,0.02368338974581391,-0.9223088961387943,999.64,-2.09,79.92,False
HAOS / PANGAEA,HAOS_Flight_03,HAOS_Flight_03_seg00,test,10.1594/PANGAEA.918819,CC BY 4.0,fixed-wing UAV,2020-02-27 17:42:20+00:00,327.0,65.03273,24.5179,25.06,383119.175522424,7214398.30613964,-1011.1046675650286,-498.0013872003183,-1.7200000000000024,-1011.4616449257508,-498.1443608845275,-2.2187662337662326,-10.864004519246237,-2.073418711281846,-0.1178138528138526,0.4878043758807564,0.04691572672308553,0.12189935064935054,11.0600930984552,11.060720566509724,259.1949163787393,-0.25664211543414933,-0.6103005805399738,999.53,-2.13,80.02,False
HAOS / PANGAEA,HAOS_Flight_03,HAOS_Flight_03_seg00,test,10.1594/PANGAEA.918819,CC BY 4.0,fixed-wing UAV,2020-02-27 17:42:21+00:00,328.0,65.03271,24.51768,24.09,383108.75049891,7214396.23176403,-1021.5296910789912,-500.07576281018555,-2.6900000000000013,-1022.1160197758061,-500.1922930625554,-2.2697402597402583,-9.9014389482345,-1.9789241512660851,0.06554112554112557,1.1057738803663142,0.09481263605903223,0.16217532467532442,10.097258738988483,10.097471449883704,258.69765507823917,-0.7387744749619929,0.3719006551121228,999.66,-2.05,79.73,False
HAOS / PANGAEA,HAOS_Flight_03,HAOS_Flight_03_seg00,test,10.1594/PANGAEA.918819,CC BY 4.0,fixed-wing UAV,2020-02-27 17:42:22+00:00,329.0,65.03269,24.51746,24.68,383098.480047617,7214394.17075915,-1031.800142372027,-502.13676769007,-2.1000000000000014,-1031.2645228222198,-502.10220918705966,-2.0876839826839815,-8.652456758513608,-1.8837934391637816,0.20653679653679624,0.9685391264635541,0.07120296940433946,0.035876623376623396,8.855150234715634,8.85755853086549,257.71736742881535,-0.841316375997807,1.3361198037405173,999.58,-2.09,79.79,False
HAOS / PANGAEA,HAOS_Flight_03,HAOS_Flight_03_seg00,test,10.1594/PANGAEA.918819,CC BY 4.0,fixed-wing UAV,2020-02-27 17:42:23+00:00,330.0,65.03267,24.51725,25.06,383088.192094538,7214391.86282875,-1042.0880954510067,-504.4446980897337,-1.7200000000000024,-1039.4209332928333,-503.95987994088296,-1.8566666666666658,-7.964360695307391,-1.8365182124574062,0.13729437229437236,0.40195713309987013,0.05977796893809284,-0.1384523809523806,8.173361635804754,8.174514675154036,257.0150223262435,-0.19302268031556122,0.9623516839730399,999.53,-2.12,79.9,False
HAOS / PANGAEA,HAOS_Flight_03,HAOS_Flight_03_seg00,test,10.1594/PANGAEA.918819,CC BY 4.0,fixed-wing UAV,2020-02-27 17:42:24+00:00,331.0,65.032655,24.517139999999998,24.985,383083.067911937,7214390.61300366,-1047.2122780520003,-505.6945231799036,-1.7950000000000017,-1047.1932442128345,-505.77524561197447,-1.8130952380952368,-7.848542492313868,-1.764237501287596,-0.07036796536796497,-0.1340176264768047,0.10503234918877524,-0.18306277056277043,8.044386441152978,8.044694205820127,257.33132206818425,0.9045608454027168,-0.5011798759080115,999.54,-2.135,79.84,True
HAOS / PANGAEA,HAOS_Flight_03,HAOS_Flight_03_seg00,test,10.1594/PANGAEA.918819,CC BY 4.0,fixed-wing UAV,2020-02-27 17:42:25+00:00,332.0,65.03264,24.51703,24.91,383077.943729336,7214389.36317857,-1052.336460652994,-506.94434827007353,-1.870000000000001,-1055.118018277461,-507.48835494345815,-1.9974025974025957,-8.232395948261,-1.6264535140798557,-0.2288311688311685,-0.5923402595958578,0.13020857090023696,-0.08188311688311695,8.391525134467921,8.394644589631861,258.824144017049,1.6084755461099174,-1.5620297348560666,999.55,-2.15,79.78,False
HAOS / PANGAEA,HAOS_Flight_03,HAOS_Flight_03_seg00,test,10.1594/PANGAEA.918819,CC BY 4.0,fixed-wing UAV,2020-02-27 17:42:26+00:00,333.0,65.03262,24.51681,24.98,383067.366847252,7214387.11531378,-1062.9133427370107,-509.1922130603343,-1.8000000000000007,-1063.6580361093565,-509.0281526401342,-2.2707575757575738,-9.033223011505584,-1.503820359487122,-0.23413419913419886,-0.9856458455174106,0.040383466089053854,0.07929653679653653,9.157542991938502,9.160535599647337,260.54827316040405,1.2810005537914961,-1.46458275390388,999.54,-2.14,80.24,False
HAOS / PANGAEA,HAOS_Flight_03,HAOS_Flight_03_seg00,test,10.1594/PANGAEA.918819,CC BY 4.0,fixed-wing UAV,2020-02-27 17:42:27+00:00,334.0,65.0326,24.51658,24.09,383056.447861112,7214385.3791336,-1073.8323288770043,-510.92839324008673,-2.6900000000000013,-1073.1844643004722,-510.4959956624324,-2.4656709956709935,-10.203687639295822,-1.545686581901748,-0.07023809523809543,-0.990984932787228,-0.07661956889774046,0.16912337662337623,10.32009633917191,10.320335355007225,261.386145124632,0.4483218675498496,-0.389946387164964,999.66,-2.05,79.92,False
HAOS / PANGAEA,HAOS_Flight_03,HAOS_Flight_03_seg00,test,10.1594/PANGAEA.918819,CC BY 4.0,fixed-wing UAV,2020-02-27 17:42:28+00:00,335.0,65.03258,24.51635,23.34,383045.58937088,7214384.17595839,-1084.6908191090333,-512.1315684495494,-3.4400000000000013,-1084.0654113879482,-512.1195258039377,-2.4112337662337646,-11.01519287708004,-1.657059497282603,0.1041125541125536,-0.3249704908998865,-0.07304222807613314,0.17933441558441543,11.139134629620441,11.139621165943353,261.44491689550375,-0.12281585415137276,0.5355026623914689,999.76,-2.07,80.32,False
HAOS / PANGAEA,HAOS_Flight_03,HAOS_Flight_03_seg00,test,10.1594/PANGAEA.918819,CC BY 4.0,fixed-wing UAV,2020-02-27 17:42:29+00:00,336.0,65.03257,24.51612,25.06,383034.945953041,7214382.90245247,-1095.3342369479942,-513.4050743700936,-1.7200000000000024,-1095.2148500546323,-513.8101146569976,-2.2574458874458863,-10.853628621095595,-1.6917710380540143,0.2884307359307354,0.48132855425109256,-0.0025690428759617134,0.2097619047619047,10.984686772496694,10.98847285928729,261.1405134163292,-0.41694140604736096,1.504100007677028,999.53,-2.11,79.79,False
HAOS / PANGAEA,HAOS_Flight_03,HAOS_Flight_03_seg00,test,10.1594/PANGAEA.918819,CC BY 4.0,fixed-wing UAV,2020-02-27 17:42:30+00:00,337.0,65.03255,24.51591,25.06,383024.550381994,7214380.9643069,-1105.729807995027,-515.3432199396193,-1.7200000000000024,-1105.7726686301394,-515.5030678800457,-1.8343722943722938,-10.052535768577854,-1.6621975830345264,0.523636363636363,0.31404337802280224,-0.06925172910490573,0.043284632034632176,10.189032151464778,10.202478680443557,260.61103408340904,-0.6442252415873254,2.9419655893006706,999.53,-2.09,79.71,False
HAOS / PANGAEA,HAOS_Flight_03,HAOS_Flight_03_seg00,test,10.1594/PANGAEA.918819,CC BY 4.0,fixed-wing UAV,2020-02-27 17:42:31+00:00,338.0,65.03252,24.51569,25.58,383014.203175863,7214378.8550682,-1116.077014126,-517.4524586396292,-1.2000000000000028,-1115.319921591788,-517.1345098230667,-1.2101731601731602,-10.22554186504999,-1.8302744962638258,0.3749999999999998,-0.6462725529977433,-0.24839121632948036,-0.29383116883116833,10.38805136517739,10.394817755283825,259.85206293315457,-0.692822160671797,2.0674321612205606,999.46,-2.06,80.19,False
HAOS / PANGAEA,HAOS_Flight_03,HAOS_Flight_03_seg00,test,10.1594/PANGAEA.918819,CC BY 4.0,fixed-wing UAV,2020-02-27 17:42:32+00:00,339.0,65.0325,24.51547,25.51,383003.80130724,7214376.83078752,-1126.478882749041,-519.4767393199727,-1.2699999999999996,-1126.2237523602394,-519.1636168725734,-1.0843722943722942,-11.345080874573341,-2.158980015693487,-0.06402597402597365,-0.8920039412371921,-0.26209506852896425,-0.271764069264069,11.54868194898334,11.54885942784497,259.22538976206545,-0.47209117877268847,-0.3176449506201198,999.47,-2.08,79.68,False
HAOS / PANGAEA,HAOS_Flight_03,HAOS_Flight_03_seg00,test,10.1594/PANGAEA.918819,CC BY 4.0,fixed-wing UAV,2020-02-27 17:42:33+00:00,340.0,65.03248,24.51525,26.11,382993.53288803,7214375.0318736,-1136.7473019590252,-521.2756532402709,-0.6700000000000017,-1138.0100833409347,-521.4524698544536,-1.3382251082251075,-12.009549747524375,-2.3544646333217543,-0.1685281385281382,-0.47785099273767173,-0.13508429286247292,-0.05836580086580101,12.23816934217801,12.23932966225281,258.90788057560917,-0.1981891467782243,-0.7889530293951043,999.39,-2.12,79.96,False
HAOS / PANGAEA,HAOS_Flight_03,HAOS_Flight_03_seg00,test,10.1594/PANGAEA.918819,CC BY 4.0,fixed-wing UAV,2020-02-27 17:42:34+00:00,341.0,65.03246,24.51504,25.43,382983.454819378,7214373.4078955,-1146.8253706110409,-522.8996313400567,-1.3500000000000014,-1150.242851855288,-523.8725461392169,-1.4214285714285706,-12.300782860048685,-2.429148601418433,-0.18075757575757567,-0.16189288682767256,-0.010337962210570595,-0.04871212121212143,12.53834207133625,12.539644939113483,258.829011468509,0.0958032929608803,-0.8259408424987436,999.48,-2.11,79.38,False
HAOS / PANGAEA,HAOS_Flight_03,HAOS_Flight_03_seg00,test,10.1594/PANGAEA.918819,CC BY 4.0,fixed-wing UAV,2020-02-27 17:42:35+00:00,342.0,65.03242,24.51463,24.09,382964.049760801,7214369.3841932,-1166.230429187999,-526.9233336402103,-2.6900000000000013,-1162.611649061032,-526.3107670572905,-1.6997402597402589,-12.33333552117972,-2.3751405577428955,-0.26595238095238105,0.13514085137524035,0.03987116467413898,-0.014415584415584437,12.559954528063733,12.562769934053671,259.09948716153093,0.060456146847652714,-1.2130356181754793,999.66,-2.03,79.68,False
HAOS / PANGAEA,HAOS_Flight_03,HAOS_Flight_03_seg00,test,10.1594/PANGAEA.918819,CC BY 4.0,fixed-wing UAV,2020-02-27 17:42:36+00:00,343.0,65.0324,24.51443,25.13,382954.559692569,7214367.0239012,-1175.7204974199994,-529.2836256399751,-1.6500000000000021,-1174.9095228976475,-528.6228272547027,-1.9533333333333327,-12.030501157298204,-2.349406272070155,-0.20958874458874455,0.6952908079699114,-0.1096658447608263,0.07608225108225125,12.257759498660267,12.25955118953603,258.9499237622043,-1.218868937002404,-0.9795738318297023,999.52,-2.11,79.76,False
HAOS / PANGAEA,HAOS_Flight_03,HAOS_Flight_03_seg00,test,10.1594/PANGAEA.918819,CC BY 4.0,fixed-wing UAV,2020-02-27 17:42:37+00:00,344.0,65.03237,24.51423,25.13,382944.82938835,7214364.78408895,-1185.4508016390027,-531.5234378902242,-1.6500000000000021,-1186.6726513756284,-531.0095796014308,-2.118917748917748,-10.942753905239897,-2.594472247264548,-0.11378787878787855,1.7106206256935934,-0.38134750887121527,0.14251082251082248,11.246117075349561,11.24669271180768,256.66174928752616,-4.41199333200342,-0.579697215292773,999.52,-2.12,79.72,False
HAOS / PANGAEA,HAOS_Flight_03,HAOS_Flight_03_seg00,test,10.1594/PANGAEA.918819,CC BY 4.0,fixed-wing UAV,2020-02-27 17:42:38+00:00,345.0,65.03235,24.51402,24.38,382934.840435283,7214362.76588167,-1195.4397547059925,-533.5416451701894,-2.400000000000002,-1196.7950307081273,-533.8117717492318,-2.18090909090909,-8.609259905911017,-3.1121012898125855,0.07543290043290041,2.34113047851838,-0.7556450393815055,0.14107142857142835,9.154481447115403,9.154792225280039,250.12593709819748,-9.95972522480888,0.47210637137077116,999.62,-2.07,80.0,False
HAOS / PANGAEA,HAOS_Flight_03,HAOS_Flight_03_seg00,test,10.1594/PANGAEA.918819,CC BY 4.0,fixed-wing UAV,2020-02-27 17:42:39+00:00,346.0,65.03232,24.51383,24.65,382925.673002812,7214359.95011365,-1204.6071871769964,-536.3574131894857,-2.1300000000000026,-1203.8911711874505,-537.233782181056,-1.9680519480519472,-6.260492948203137,-4.105762326027559,0.16835497835497815,2.401090670033909,-1.1453271828948175,-0.002803030303030307,7.48672533437206,7.488618005417645,236.74229883790838,-17.477654201832994,1.288200631921363,999.58,-2.06,79.81,False
HAOS / PANGAEA,HAOS_Flight_03,HAOS_Flight_03_seg00,test,10.1594/PANGAEA.918819,CC BY 4.0,fixed-wing UAV,2020-02-27 17:42:40+00:00,347.0,65.03227,24.5137,24.91,382919.54484615,7214354.82906647,-1210.735343839042,-541.4784603696316,-1.870000000000001,-1209.3160166045336,-542.0232964012869,-1.8441991341991335,-3.8070785658431987,-5.4027556556022205,0.06982683982683979,2.8545070353904407,-1.2253140201943324,-0.019004329004328857,6.609358204897393,6.609727049448009,215.17062869453147,-25.967142974941925,0.6052984653536828,999.55,-2.05,79.63,False
HAOS / PANGAEA,HAOS_Flight_03,HAOS_Flight_03_seg00,test,10.1594/PANGAEA.918819,CC BY 4.0,fixed-wing UAV,2020-02-27 17:42:41+00:00,348.0,65.03221,24.51367,24.61,382917.913897459,7214348.13189524,-1212.3662925300305,-548.1756315995008,-2.1700000000000017,-1211.5053283191369,-548.0392934922604,-1.8283982683982676,-0.5514788774222552,-6.556390366416224,0.13034632034632043,3.0645880612157157,-0.9987699917419377,0.013290043290043352,6.579542810034629,6.58083381892494,184.80801288802454,-26.295836948185233,1.1349295004490252,999.59,-2.08,79.44,False
HAOS / PANGAEA,HAOS_Flight_03,HAOS_Flight_03_seg00,test,10.1594/PANGAEA.918819,CC BY 4.0,fixed-wing UAV,2020-02-27 17:42:42+00:00,349.0,65.03215,24.51371,25.88,382919.650477586,7214340.86855737,-1210.6297124029952,-555.4389694696292,-0.9000000000000021,-1210.4189743593781,-555.1360771341193,-1.5835064935064926,2.3220975565882327,-7.400295639086096,0.0964069264069265,2.3618409923042236,-0.6140227097346553,-0.11359307359307375,7.7560629579825955,7.756662098070855,162.57895479816102,-16.498933125063886,0.7121429494156544,999.42,-2.07,79.69,False
HAOS / PANGAEA,HAOS_Flight_03,HAOS_Flight_03_seg00,test,10.1594/PANGAEA.918819,CC BY 4.0,fixed-wing UAV,2020-02-27 17:42:43+00:00,350.0,65.03208,24.51381,25.36,382923.64450343,7214333.25231595,-1206.6356865590205,-563.0552108902484,-1.4200000000000017,-1206.8611332059604,-562.8398847704326,-1.6355844155844146,4.172203107186192,-7.784435785885535,-0.09683982683982706,1.2665002565653367,-0.25772226839808354,-0.12283549783549785,8.832028038462596,8.832558928433583,151.81014663789676,-7.050857304720342,-0.6282012473037579,999.49,-2.05,79.8,False
HAOS / PANGAEA,HAOS_Flight_03,HAOS_Flight_03_seg00,test,10.1594/PANGAEA.918819,CC BY 4.0,fixed-wing UAV,2020-02-27 17:42:44+00:00,351.0,65.03202,24.51392,24.23,382928.673382311,7214325.63985888,-1201.6068076780066,-570.6676679598168,-2.5500000000000007,-1202.0745681450057,-570.7049487058904,-1.7771861471861468,4.855098069718906,-7.915740175882263,-0.1492640692640692,0.3025553657626574,-0.21496623207499965,-0.04617965367965321,9.286060510176789,9.287260067481586,148.47724018872032,-0.995790562230807,-0.9208926382992145,999.64,-2.02,79.75,False
HAOS / PANGAEA,HAOS_Flight_03,HAOS_Flight_03_seg00,test,10.1594/PANGAEA.918819,CC BY 4.0,fixed-wing UAV,2020-02-27 17:42:45+00:00,352.0,65.03195,24.51403,25.43,382933.696829547,7214317.60004083,-1196.5833604420186,-578.7074860101566,-1.3500000000000014,-1197.1509370665226,-578.6713651221971,-1.934112554112553,4.777313838711507,-8.214368250035534,-0.18919913419913348,-0.301686004176986,-0.2355519262297605,0.034848484848484906,9.502556143519296,9.50443946653973,149.81856551343515,2.3199731857227435,-1.1406278067879487,999.48,-2.1,79.47,False
HAOS / PANGAEA,HAOS_Flight_03,HAOS_Flight_03_seg00,test,10.1594/PANGAEA.918819,CC BY 4.0,fixed-wing UAV,2020-02-27 17:42:46+00:00,353.0,65.03187,24.51413,24.31,382937.887163676,7214309.5854354,-1192.393026313046,-586.7220914401114,-2.4700000000000024,-1192.5199404675827,-587.1336852059615,-2.1555844155844137,4.251726061364934,-8.386844028341784,-0.0795670995670994,-0.6751880509821149,0.20153498080421173,0.11288961038960998,9.402995653334209,9.40333229126545,153.1171865601658,3.2468138779280458,-0.48481891897717466,999.63,-2.06,79.6,False
HAOS / PANGAEA,HAOS_Flight_03,HAOS_Flight_03_seg00,test,10.1594/PANGAEA.918819,CC BY 4.0,fixed-wing UAV,2020-02-27 17:42:47+00:00,354.0,65.0318,24.51421,24.61,382941.545021508,7214301.36723556,-1188.7351684810128,-594.9402912799269,-2.1700000000000017,-1188.6474849437927,-595.4450531788807,-2.093246753246752,3.426937736747277,-7.8112982884271105,0.03658008658008649,-0.7997811406446544,0.7152742684800444,0.05338744588744593,8.529963845311823,8.530042280379451,156.31219326929124,3.006459109299555,0.24570698835827467,999.59,-2.08,79.79,False
HAOS / PANGAEA,HAOS_Flight_03,HAOS_Flight_03_seg00,test,10.1594/PANGAEA.918819,CC BY 4.0,fixed-wing UAV,2020-02-27 17:42:48+00:00,355.0,65.03173,24.51429,24.76,382944.695904607,7214293.04126402,-1185.5842853820068,-603.2662628199905,-2.0199999999999996,-1185.6660649940882,-602.7562817828157,-2.0824242424242407,2.6521637800756253,-6.956295491381695,0.02720779220779246,-0.6756890762276271,0.683460873838925,0.015411255411255542,7.444731001168701,7.444780718309919,159.13010477876492,2.917729706712519,0.20939436533114592,999.57,-2.04,79.9,False
HAOS / PANGAEA,HAOS_Flight_03,HAOS_Flight_03_seg00,test,10.1594/PANGAEA.918819,CC BY 4.0,fixed-wing UAV,2020-02-27 17:42:49+00:00,356.0,65.03166,24.51435,24.91,382947.45590372,7214284.79738817,-1182.824286269024,-611.5101386699826,-1.870000000000001,-1183.3431573836415,-609.3576441616441,-2.038831168831167,2.075559584292023,-6.444376540749261,0.06740259740259757,-0.5364780067695847,0.3297872285155563,-0.011634199134199275,6.770371968134829,6.770707473893883,162.14765268271628,3.3953020072924556,0.5703906370598519,999.55,-2.08,79.4,False
HAOS / PANGAEA,HAOS_Flight_03,HAOS_Flight_03_seg00,test,10.1594/PANGAEA.918819,CC BY 4.0,fixed-wing UAV,2020-02-27 17:42:50+00:00,357.0,65.03162,24.51438,24.72,382948.568230238,7214280.649340104,-1181.7119597510318,-615.6581867355853,-2.0600000000000023,-1181.5149458255041,-615.6450348643142,-1.9476190476190456,1.579207766536456,-6.296721034350583,0.003939393939393909,-0.4760936151529904,-0.03180520896682992,-0.09923160173160184,6.491732661957217,6.491733857233116,165.92070879334983,4.029388887134015,0.034768933136102194,999.575,-2.05,79.53,True
HAOS / PANGAEA,HAOS_Flight_03,HAOS_Flight_03_seg00,test,10.1594/PANGAEA.918819,CC BY 4.0,fixed-wing UAV,2020-02-27 17:42:51+00:00,358.0,65.03158,24.51441,24.53,382949.680556756,7214276.50129204,-1180.5996332330396,-619.8062348002568,-2.25,-1180.1847418505686,-621.9510862303453,-2.030952380952379,1.123372353986042,-6.50798695868292,-0.1310606060606061,-0.4037726313258645,-0.41893732020520247,-0.04769480519480518,6.6042304396566225,6.605530757066239,170.20643045698432,3.9531496240521227,-1.136882506451894,999.6,-2.02,79.66,False
HAOS / PANGAEA,HAOS_Flight_03,HAOS_Flight_03_seg00,test,10.1594/PANGAEA.918819,CC BY 4.0,fixed-wing UAV,2020-02-27 17:42:52+00:00,359.0,65.03151,24.51444,25.36,382951.149914412,7214268.10116756,-1179.1302755770157,-628.2063592802733,-1.4200000000000017,-1179.268201117532,-628.66100878168,-2.209740259740258,0.7716625038847269,-7.1345956747609875,-0.09145021645021645,-0.2513109553015056,-0.8178192891888045,0.12357142857142855,7.176205018129,7.176787693969261,173.82700804145406,2.7173048976373475,-0.7301112236304306,999.49,-2.11,79.96,False
HAOS / PANGAEA,HAOS_Flight_03,HAOS_Flight_03_seg00,test,10.1594/PANGAEA.918819,CC BY 4.0,fixed-wing UAV,2020-02-27 17:42:53+00:00,360.0,65.03143,24.51447,24.01,382951.923347348,7214259.60951364,-1178.3568426410202,-636.6980131994933,-2.7699999999999996,-1178.6414168427991,-636.2202775798672,-2.213852813852812,0.6207504433830309,-8.14362553706053,0.11608225108225101,-0.09188897597431378,-0.8652968271615009,0.14174242424242411,8.167249720733695,8.168074625628794,175.64104025225902,1.189522439059819,0.8142980170833777,999.67,-2.05,79.45,False
HAOS / PANGAEA,HAOS_Flight_03,HAOS_Flight_03_seg00,test,10.1594/PANGAEA.918819,CC BY 4.0,fixed-wing UAV,2020-02-27 17:42:54+00:00,361.0,65.03136,24.51448,24.61,382952.239843643,7214251.06377753,-1178.0403463460389,-645.2437493102625,-2.1700000000000017,-1178.026700230766,-644.9482598558011,-1.9775757575757558,0.5878845519360993,-8.86518932908399,0.19203463203463178,-0.07200652329424884,-0.1398576907581628,0.0030627705627703783,8.884660381067457,8.8867354741103,176.20605291957372,0.5598178297220295,1.2382083890303186,999.59,-2.06,79.66,False
HAOS / PANGAEA,HAOS_Flight_03,HAOS_Flight_03_seg00,test,10.1594/PANGAEA.918819,CC BY 4.0,fixed-wing UAV,2020-02-27 17:42:55+00:00,362.0,65.03128,24.5145,24.61,382952.587140724,7214242.39969852,-1177.6930492650135,-653.9078283198178,-2.1700000000000017,-1177.465647738927,-653.9506562380352,-1.8297835497835484,0.4767373967945332,-8.423340918576855,0.12220779220779177,-0.07047575252585148,0.20396873205433508,-0.007629870129870264,8.436821129790154,8.437706176476514,176.76067591170306,0.3844503494666539,0.8298743044864776,999.59,-2.06,79.66,False
HAOS / PANGAEA,HAOS_Flight_03,HAOS_Flight_03_seg00,test,10.1594/PANGAEA.918819,CC BY 4.0,fixed-wing UAV,2020-02-27 17:42:56+00:00,363.0,65.0312,24.51451,25.66,382953.056659497,7214233.58623706,-1177.2235304920468,-662.7212897799909,-1.120000000000001,-1177.073225437177,-661.7949416929548,-1.7331601731601722,0.4469330468843964,-8.45725186497532,0.17677489177489125,-0.005247141077518336,-0.5546147989782639,-0.021655844155844095,8.469052972796066,8.470897686691057,176.97495361850702,0.21959417895749353,1.1957635292544513,999.45,-2.07,79.66,False
HAOS / PANGAEA,HAOS_Flight_03,HAOS_Flight_03_seg00,test,10.1594/PANGAEA.918819,CC BY 4.0,fixed-wing UAV,2020-02-27 17:42:57+00:00,364.0,65.03112,24.51454,25.66,382953.932500553,7214225.1145391,-1176.347689435992,-671.1929877400398,-1.120000000000001,-1176.5717816451581,-670.8651599679858,-1.476233766233766,0.4662431146394965,-9.532570516533383,0.07889610389610358,0.03435145377346771,-0.9187682962551094,-0.1345670995670994,9.543965805399257,9.544291900913354,177.19986426961805,0.07883198098419636,0.4736302392276838,999.45,-2.07,79.66,False
HAOS / PANGAEA,HAOS_Flight_03,HAOS_Flight_03_seg00,test,10.1594/PANGAEA.918819,CC BY 4.0,fixed-wing UAV,2020-02-27 17:42:58+00:00,365.0,65.03105,24.51456,24.83,382954.755587926,7214216.76494912,-1175.5246020630002,-679.5425777202472,-1.9500000000000028,-1176.140739207898,-680.8600827260216,-1.575367965367965,0.5156359544313318,-10.294788457485538,-0.09235930735930753,0.2812435774084179,-0.5683753862321623,-0.06827922077922072,10.307693719832763,10.308107491850075,177.13261758047543,-1.3536339831296107,-0.5133696287906324,999.56,-2.04,79.14,False
HAOS / PANGAEA,HAOS_Flight_03,HAOS_Flight_03_seg00,test,10.1594/PANGAEA.918819,CC BY 4.0,fixed-wing UAV,2020-02-27 17:42:59+00:00,366.0,65.03097,24.51458,25.13,382955.059839119,7214208.28964043,-1175.2203508699895,-688.017886409536,-1.6500000000000021,-1175.5405097362955,-691.4547368829569,-1.660952380952381,1.0287302694563323,-10.669321288997708,-0.05766233766233786,0.89254087960893,-0.10093391232402382,0.10912337662337668,10.7188013665314,10.718956464149862,174.49259630335882,-4.747765204670884,-0.3082225896558691,999.52,-2.05,79.57,False
HAOS / PANGAEA,HAOS_Flight_03,HAOS_Flight_03_seg00,test,10.1594/PANGAEA.918819,CC BY 4.0,fixed-wing UAV,2020-02-27 17:43:00+00:00,367.0,65.03082,24.51462,25.06,382956.572998423,7214191.46350603,-1173.7071915660053,-704.8440208099782,-1.7200000000000024,-1174.0832786689853,-702.198725304017,-1.6906926406926408,2.300717713649192,-10.496656282133586,0.12588744588744583,1.6943232133789934,0.6156596342883631,0.2164502164502164,10.745840828113622,10.746578188064595,167.63708717113366,-9.787070608240073,0.671188929800604,999.53,-2.05,80.09,False
HAOS / PANGAEA,HAOS_Flight_03,HAOS_Flight_03_seg00,test,10.1594/PANGAEA.918819,CC BY 4.0,fixed-wing UAV,2020-02-27 17:43:01+00:00,368.0,65.03075,24.51467,25.06,382958.498013073,7214183.04769122,-1171.7821769160219,-713.2598356194794,-1.7200000000000024,-1170.939074308997,-712.4480494472241,-1.4091774891774893,4.417376696214319,-9.438002020420981,0.3752380952380949,2.4361473507061646,1.6845386276330032,0.13952380952380933,10.420609339848024,10.427363168214953,154.91845508687868,-16.409558444806635,2.0622857186295316,999.53,-2.05,80.09,False
HAOS / PANGAEA,HAOS_Flight_03,HAOS_Flight_03_seg00,test,10.1594/PANGAEA.918819,CC BY 4.0,fixed-wing UAV,2020-02-27 17:43:02+00:00,369.0,65.03068,24.51479,25.81,382963.984047382,7214175.49820053,-1166.296142606996,-720.8093263097107,-0.9700000000000024,-1165.2485252765566,-721.074729344859,-0.940216450216451,7.173012415061521,-7.127579026867579,0.4049350649350645,2.787765188226331,2.969380271528337,-0.04219696969696962,10.112096216456274,10.120200704417046,134.8179702815204,-22.809801635228926,2.293162574117601,999.43,-2.08,80.3,False
HAOS / PANGAEA,HAOS_Flight_03,HAOS_Flight_03_seg00,test,10.1594/PANGAEA.918819,CC BY 4.0,fixed-wing UAV,2020-02-27 17:43:03+00:00,370.0,65.03063,24.51499,26.48,382973.068476429,7214169.88315825,-1157.211713560042,-726.4243685901165,-0.3000000000000007,-1156.593049478874,-726.7032075009593,-0.5993073593073603,9.99290707266698,-3.4992414773643077,0.2908441558441557,2.5939850641775593,3.557142450411675,-0.0939177489177487,10.587864878239829,10.591858807728377,109.29885181642084,-22.378174603721817,1.5734950579077607,999.34,-2.09,79.65,False
HAOS / PANGAEA,HAOS_Flight_03,HAOS_Flight_03_seg00,test,10.1594/PANGAEA.918819,CC BY 4.0,fixed-wing UAV,2020-02-27 17:43:04+00:00,371.0,65.03062,24.51524,26.63,382984.910191225,7214167.25472529,-1145.3699987640139,-729.0528015494347,-0.15000000000000213,-1145.2627111312227,-728.0732122995876,-0.3585281385281396,12.36098254341664,-0.013294126044229415,0.21709956709956707,1.9291658994242766,3.242540585951531,-0.06562770562770556,12.360989692271334,12.362896035900043,90.06162107407675,-15.731829946643813,1.0061985707974745,999.32,-2.07,79.91,False
HAOS / PANGAEA,HAOS_Flight_03,HAOS_Flight_03_seg00,test,10.1594/PANGAEA.918819,CC BY 4.0,fixed-wing UAV,2020-02-27 17:43:05+00:00,372.0,65.03063,24.51554,26.63,382998.733725027,7214168.65790132,-1131.5464649620117,-727.6496255202219,-0.15000000000000213,-1131.8710843920408,-726.7297957530477,-0.1651082251082262,13.851238871515534,2.985839694538754,0.15958874458874456,1.0472578978622096,2.930553078203957,-0.04696969696969698,14.169405667044268,14.170304355399908,77.83519192313321,-11.043435367063008,0.6452899386674373,999.32,-2.07,79.91,False
HAOS / PANGAEA,HAOS_Flight_03,HAOS_Flight_03_seg00,test,10.1594/PANGAEA.918819,CC BY 4.0,fixed-wing UAV,2020-02-27 17:43:06+00:00,373.0,65.03068,24.51584,26.48,383013.258172759,7214173.76648361,-1117.022017230047,-722.5410432303324,-0.3000000000000007,-1117.5602333881916,-722.1015329105101,-0.03935064935065048,14.455498339141059,5.847812030363684,0.12316017316017311,0.36694509589165136,2.330685752665744,-0.02974025974025965,15.593535127589771,15.594021489135796,67.97475033995073,-7.751958609479314,0.4525215958103856,999.34,-2.04,79.37,False
HAOS / PANGAEA,HAOS_Flight_03,HAOS_Flight_03_seg00,test,10.1594/PANGAEA.918819,CC BY 4.0,fixed-wing UAV,2020-02-27 17:43:07+00:00,374.0,65.03076,24.51614,26.48,383027.762718914,7214181.37247994,-1102.5174710749998,-714.9350469000638,-0.3000000000000007,-1102.9600877137586,-715.0341716923203,0.08121212121212003,14.585129063298837,7.647211199870242,0.10010822510822526,0.19764609856326842,1.2153558969664289,-0.060146103896103725,16.468328055042665,16.468632322850603,62.331274704174575,-3.556043094171031,0.3482872168764024,999.34,-2.07,79.59,False
HAOS / PANGAEA,HAOS_Flight_03,HAOS_Flight_03_seg00,test,10.1594/PANGAEA.918819,CC BY 4.0,fixed-wing UAV,2020-02-27 17:43:08+00:00,375.0,65.03084,24.51643,27.16,383041.906971961,7214189.98051434,-1088.3732180279912,-706.3270124997944,0.379999999999999,-1088.389975261594,-706.8071105107696,0.16086580086580002,14.850790536267596,8.278523824296542,0.002867965367965651,0.1654358584048623,0.07607397856796183,-0.13409090909090896,17.002350903964448,17.00235114584939,60.86266415160867,0.03215690776442616,0.009664681710416108,999.25,-2.08,79.64,False
HAOS / PANGAEA,HAOS_Flight_03,HAOS_Flight_03_seg00,test,10.1594/PANGAEA.918819,CC BY 4.0,fixed-wing UAV,2020-02-27 17:43:09+00:00,376.0,65.03092,24.51673,27.23,383056.205269213,7214198.34171235,-1074.074920776009,-697.9658144898713,0.4499999999999993,-1073.2585066412234,-698.4771240437273,0.08694805194805133,14.916000780108561,7.799359157006165,-0.16807359307359265,-0.5264192088353639,-0.9193954487286646,-0.21732142857142825,16.832025502956412,16.832864618503404,62.39558851970344,2.0590471753636703,-0.5720991505961103,999.24,-2.13,79.25,False
HAOS / PANGAEA,HAOS_Flight_03,HAOS_Flight_03_seg00,test,10.1594/PANGAEA.918819,CC BY 4.0,fixed-wing UAV,2020-02-27 17:43:10+00:00,377.0,65.03099,24.51703,26.71,383070.798428525,7214205.43518315,-1059.4817614640342,-690.8723436901346,-0.07000000000000028,-1058.5579737013768,-691.2083921967572,-0.17528138528138526,13.797952118596868,6.439732926839213,-0.43177489177489087,-1.292966026182114,-1.4483592340418454,-0.23242424242424212,15.226741044495007,15.232861595684382,64.98075850233602,2.9604094931366722,-1.6242642742679405,999.31,-2.13,79.26,False
HAOS / PANGAEA,HAOS_Flight_03,HAOS_Flight_03_seg00,test,10.1594/PANGAEA.918819,CC BY 4.0,fixed-wing UAV,2020-02-27 17:43:11+00:00,378.0,65.03104,24.51734,25.96,383085.432288194,7214211.06030927,-1044.8479017950012,-685.2472175695002,-0.8200000000000003,-1045.6626024040297,-685.5976581900488,-0.7766017316017304,12.330068727744333,4.9026406889224745,-0.6329220779220769,-1.156962970625898,-1.3909804824380672,-0.05638528138528151,13.26900450507034,13.28409089521365,68.31640750597677,3.676033867761587,-2.7308980556482116,999.41,-2.11,79.74,False
HAOS / PANGAEA,HAOS_Flight_03,HAOS_Flight_03_seg00,test,10.1594/PANGAEA.918819,CC BY 4.0,fixed-wing UAV,2020-02-27 17:43:12+00:00,379.0,65.03109,24.51765,25.28,383100.169558189,7214215.78053707,-1030.1106318000238,-680.5269897701219,-1.5,-1033.8978362458881,-681.4031108189123,-1.441125541125539,11.484026177345072,3.6577719619630784,-0.5445454545454539,-0.5576844568315664,-1.052472007461887,0.15260822510822475,12.052474972704573,12.064770313592225,72.3328262378592,3.8380494749461285,-2.5869335775003326,999.5,-2.04,79.83,False
HAOS / PANGAEA,HAOS_Flight_03,HAOS_Flight_03_seg00,test,10.1594/PANGAEA.918819,CC BY 4.0,fixed-wing UAV,2020-02-27 17:43:13+00:00,380.0,65.03111000000001,24.517805,24.755000000000003,383107.5894733995,7214217.738418485,-1022.69071658951,-678.569108354859,-2.0249999999999986,-1022.6945500493396,-678.2821142661227,-1.8656926406926382,11.2146998140812,2.7976966739987006,-0.3277056277056274,0.03623612795576037,-0.6533139545603603,0.17804112554112522,11.558399482612474,11.563044131113841,75.99250645586903,3.083710964079589,-1.6240242262492377,999.5699999999999,-2.05,79.78,True
HAOS / PANGAEA,HAOS_Flight_03,HAOS_Flight_03_seg00,test,10.1594/PANGAEA.918819,CC BY 4.0,fixed-wing UAV,2020-02-27 17:43:14+00:00,381.0,65.03113,24.51796,24.23,383115.00938861,7214219.6962999,-1015.2708013789961,-676.6112269395962,-2.5500000000000007,-1011.4684366177257,-675.8077174709149,-2.096536796536794,11.556498433256593,2.3511440528423577,-0.18846320346320344,0.6550447159651753,-0.25368181264403233,0.11819264069264046,11.793241047103127,11.794746829590608,78.50024816601837,1.8223271627866513,-0.9155436609553753,999.64,-2.06,79.73,False
HAOS / PANGAEA,HAOS_Flight_03,HAOS_Flight_03_seg00,test,10.1594/PANGAEA.918819,CC BY 4.0,fixed-wing UAV,2020-02-27 17:43:15+00:00,382.0,65.03116,24.51827,24.91,383129.900974598,7214222.7621859,-1000.3792153910035,-673.5453409403563,-1.870000000000001,-999.5815531828264,-673.579826160438,-2.242619047619045,12.52478924601155,2.290333048710636,-0.09132034632034647,1.2754709120349617,0.10272152509816124,0.13923160173160143,12.732477022599442,12.732804503983983,79.63716078144233,0.6139703881733835,-0.41093187944433374,999.55,-2.08,79.42,False
HAOS / PANGAEA,HAOS_Flight_03,HAOS_Flight_03_seg00,test,10.1594/PANGAEA.918819,CC BY 4.0,fixed-wing UAV,2020-02-27 17:43:16+00:00,383.0,65.03119,24.51859,24.91,383144.800057856,7214225.20259516,-985.4801321330015,-671.1049316795543,-1.870000000000001,-986.4188581257026,-671.2270513734936,-2.2791774891774867,14.107440257326516,2.55658710303868,0.08999999999999941,1.3674690551118829,0.25164820337408855,0.13215367965367947,14.33722456507746,14.337507043745806,79.72818894236514,-0.005766944919654715,0.3596618300577939,999.55,-2.08,79.42,False
HAOS / PANGAEA,HAOS_Flight_03,HAOS_Flight_03_seg00,test,10.1594/PANGAEA.918819,CC BY 4.0,fixed-wing UAV,2020-02-27 17:43:17+00:00,384.0,65.03122,24.5189,24.46,383159.582125543,7214227.67980148,-970.6980644460418,-668.6277253599837,-2.3200000000000003,-971.3666726681734,-668.4666519543606,-2.0626190476190462,15.259727356235317,2.793629455458813,0.17298701298701247,0.17124629858423646,0.07352064205713305,-0.01789502164502138,15.513337633180154,15.514302079942421,79.62562689160302,-0.16293934832748055,0.6388705782614315,999.61,-2.08,79.78,False
HAOS / PANGAEA,HAOS_Flight_03,HAOS_Flight_03_seg00,test,10.1594/PANGAEA.918819,CC BY 4.0,fixed-wing UAV,2020-02-27 17:43:18+00:00,385.0,65.03125,24.51921,24.38,383174.370138578,7214230.48682038,-955.9100514110178,-665.8207064596936,-2.400000000000002,-955.899403413232,-665.639792462576,-1.9332034632034618,14.449932854494989,2.7036283871529463,0.05420995670995665,-0.3818401383479113,-0.04956370895610007,-0.07334415584415566,14.700685900842618,14.700785852281484,79.40231024571017,-0.07775024840151552,0.21128181837271098,999.62,-2.06,79.82,False
HAOS / PANGAEA,HAOS_Flight_03,HAOS_Flight_03_seg00,test,10.1594/PANGAEA.918819,CC BY 4.0,fixed-wing UAV,2020-02-27 17:43:19+00:00,386.0,65.03128,24.51952,24.98,383189.12631284,7214233.53321584,-941.153877149045,-662.7743109995499,-1.8000000000000007,-942.4668069591834,-663.0593951800547,-1.954199134199133,14.496047079539494,2.694502037546613,0.026298701298701155,0.9245972704518692,0.05977811303407066,0.03466991341991332,14.744345430115517,14.744368883891177,79.47012639479999,0.3854713789191605,0.10219531279446198,999.54,-2.09,79.83,False
HAOS / PANGAEA,HAOS_Flight_03,HAOS_Flight_03_seg00,test,10.1594/PANGAEA.918819,CC BY 4.0,fixed-wing UAV,2020-02-27 17:43:20+00:00,387.0,65.03131,24.51983,25.58,383203.78976221,7214236.22780444,-926.4904277790338,-660.0797223998234,-1.2000000000000028,-926.907309254153,-660.2507883874828,-1.8806060606060595,16.299127395398727,2.8231846132210876,0.1235497835497833,1.487212900259692,0.05410435234978195,0.05262987012987003,16.541823515313105,16.542284901451215,80.1732530035485,0.7079114907265258,0.4279304227422958,999.46,-2.14,79.87,False
HAOS / PANGAEA,HAOS_Flight_03,HAOS_Flight_03_seg00,test,10.1594/PANGAEA.918819,CC BY 4.0,fixed-wing UAV,2020-02-27 17:43:21+00:00,388.0,65.03134,24.52014,24.68,383218.44699493,7214238.81171278,-911.8331950590364,-657.495814059861,-2.1000000000000014,-909.8685521683859,-657.4130259536125,-1.7070995670995663,17.470472880058878,2.802710742246177,0.1315584415584412,0.8588516710670149,-0.0076281916606149025,-0.05560606060606055,17.693857978337423,17.694347057213502,80.88594937625305,0.4842226543534635,0.42600119042350654,999.58,-2.07,79.9,False
HAOS / PANGAEA,HAOS_Flight_03,HAOS_Flight_03_seg00,test,10.1594/PANGAEA.918819,CC BY 4.0,fixed-wing UAV,2020-02-27 17:43:22+00:00,389.0,65.03137,24.52044,24.91,383232.990930711,7214241.15126498,-897.2892592780408,-655.1562618594617,-1.870000000000001,-891.9663634940352,-654.6453669029904,-1.617489177489177,18.016830737532757,2.807928229899858,0.012337662337662203,0.24113710896588714,0.06310618922191225,-0.08870129870129839,18.234326167127033,18.234330341065053,81.14169831225541,-0.0759529793478992,0.03876731537275211,999.55,-2.09,79.95,False
HAOS / PANGAEA,HAOS_Flight_03,HAOS_Flight_03_seg00,test,10.1594/PANGAEA.918819,CC BY 4.0,fixed-wing UAV,2020-02-27 17:43:23+00:00,390.0,65.03141,24.52105,25.13,383261.832604383,7214244.99277408,-868.4475856060162,-651.3147527603433,-1.6500000000000021,-873.8348906933204,-651.7971694938128,-1.682424242424242,17.952747097990652,2.9289231206900013,-0.045844155844155576,-0.3594421370038674,0.1097290576123271,0.021114718614718808,18.190099477774282,18.19015724775213,80.73404341755725,-0.5343667541263826,-0.14440113904011692,999.52,-2.1,79.87,False
HAOS / PANGAEA,HAOS_Flight_03,HAOS_Flight_03_seg00,test,10.1594/PANGAEA.918819,CC BY 4.0,fixed-wing UAV,2020-02-27 17:43:24+00:00,391.0,65.03144,24.52135,25.36,383276.16694507,7214247.47651969,-854.11324491899,-648.8310071500018,-1.4200000000000017,-856.060869298054,-648.7875206616104,-1.7091774891774882,17.297946463525022,3.027386345124512,0.05456709956709982,-0.9494699961373385,0.04277841516687886,-0.03244588744588739,17.560866149983156,17.56095092829484,80.07296480400265,-0.6844187622420759,0.17803532106038059,999.49,-2.12,79.78,False
HAOS / PANGAEA,HAOS_Flight_03,HAOS_Flight_03_seg00,test,10.1594/PANGAEA.918819,CC BY 4.0,fixed-wing UAV,2020-02-27 17:43:25+00:00,392.0,65.03147,24.52166,25.13,383290.625432781,7214250.30741118,-839.6547572080162,-646.0001156600192,-1.6500000000000021,-839.2389977662704,-645.7423968035638,-1.5732900432900423,16.053807105715975,3.014479951023759,-0.11073593073593035,-1.5427343188810028,-0.06288433013872918,-0.09865800865800856,16.334375162909076,16.334750515664968,79.3652058930731,-0.8059445284323219,-0.3884203841272152,999.52,-2.1,79.54,False
HAOS / PANGAEA,HAOS_Flight_03,HAOS_Flight_03_seg00,test,10.1594/PANGAEA.918819,CC BY 4.0,fixed-wing UAV,2020-02-27 17:43:26+00:00,393.0,65.0315,24.52196,24.91,383304.958688904,7214253.68677001,-825.3215010850108,-642.6207568300888,-1.870000000000001,-823.953255086622,-642.7585607595629,-1.930649350649349,14.212477825763017,2.9016176848470536,-0.1427489177489173,-1.1271235070126409,-0.056025693272601984,0.0430844155844155,14.505651006998018,14.506353380169019,78.46107574713801,-0.6214809799166388,-0.5638248502776527,999.55,-2.09,80.25,False
HAOS / PANGAEA,HAOS_Flight_03,HAOS_Flight_03_seg00,test,10.1594/PANGAEA.918819,CC BY 4.0,fixed-wing UAV,2020-02-27 17:43:27+00:00,394.0,65.03153,24.52226,24.98,383319.44929715,7214256.61113524,-810.8308928390034,-639.6963916001841,-1.8000000000000007,-810.8140421147443,-639.9391614338697,-1.8587878787878769,13.799560091690694,2.902428564478555,-0.02456709956709935,0.12365047642811078,0.025052464911851757,0.1089610389610387,14.101487520686728,14.101508920624935,78.12224393323982,0.000730350670038412,-0.09981852580687639,999.54,-2.06,80.09,False
HAOS / PANGAEA,HAOS_Flight_03,HAOS_Flight_03_seg00,test,10.1594/PANGAEA.918819,CC BY 4.0,fixed-wing UAV,2020-02-27 17:43:28+00:00,395.0,65.03156,24.52257,24.76,383333.94852067,7214259.23917058,-796.3316693190136,-637.068356259726,-2.0199999999999996,-796.3541349032406,-636.9537036306058,-1.9797835497835476,14.459778778619238,2.951722614670757,0.07517316017316011,0.33256292138014487,-0.016520130890569362,0.11778138528138493,14.757976443962976,14.758167898644347,78.46253644847809,0.3287714854340592,0.29184675667888,999.57,-2.08,80.25,False
HAOS / PANGAEA,HAOS_Flight_03,HAOS_Flight_03_seg00,test,10.1594/PANGAEA.918819,CC BY 4.0,fixed-wing UAV,2020-02-27 17:43:29+00:00,396.0,65.03159,24.52287,24.09,383348.425188134,7214262.06583133,-781.8550018550013,-634.2416955102235,-2.6900000000000013,-781.8944845575058,-634.0357162045282,-1.7084415584415567,14.464685934450983,2.8693883026974163,0.21099567099567051,0.003610697451364331,-0.04410597041362507,0.013311688311688108,14.746542930936759,14.748052331990817,78.77978690410794,0.1706992446167139,0.8197403706770133,999.66,-2.04,79.88,False
HAOS / PANGAEA,HAOS_Flight_03,HAOS_Flight_03_seg00,test,10.1594/PANGAEA.918819,CC BY 4.0,fixed-wing UAV,2020-02-27 17:43:30+00:00,397.0,65.03163,24.52318,26.48,383362.875181587,7214265.13645735,-767.4050084020128,-631.171069489792,-0.3000000000000007,-767.4247630343386,-631.214927025211,-1.5577922077922066,14.467000173521967,2.863510673843507,0.10179653679653633,0.009485871575606097,0.022710962793496492,-0.07602813852813844,14.747670575379026,14.74802189904816,78.80393493771152,-0.07923476178723454,0.3954807147290463,999.34,-2.12,79.69,False
HAOS / PANGAEA,HAOS_Flight_03,HAOS_Flight_03_seg00,test,10.1594/PANGAEA.918819,CC BY 4.0,fixed-wing UAV,2020-02-27 17:43:31+00:00,398.0,65.03166,24.52348,24.61,383377.280808892,7214268.15501157,-752.9993810970336,-628.1525152698159,-2.1700000000000017,-752.9604842104619,-628.3086948568412,-1.504848484848484,14.483657677602196,2.9148102282844093,0.058939393939393625,0.02802307705763951,0.005226048247806148,-0.0480303030303027,14.774046784441845,14.774164350007563,78.62131738053347,0.0012174120945752146,0.228573839931607,999.59,-2.06,79.69,False
HAOS / PANGAEA,HAOS_Flight_03,HAOS_Flight_03_seg00,test,10.1594/PANGAEA.918819,CC BY 4.0,fixed-wing UAV,2020-02-27 17:43:32+00:00,399.0,65.03169,24.52379,26.18,383391.808032674,7214270.88128427,-738.4721573150018,-625.4262425694615,-0.6000000000000014,-738.4574476791342,-625.3853065686421,-1.4399134199134194,14.523046327637246,2.8739627703391193,0.0057359307359309275,0.03013424693909883,-0.0570038620470541,-0.08852813852813812,14.80467955208734,14.804680663252903,78.80636976190067,0.23918220288552972,0.02219869772578689,999.38,-2.14,79.98,False
HAOS / PANGAEA,HAOS_Flight_03,HAOS_Flight_03_seg00,test,10.1594/PANGAEA.918819,CC BY 4.0,fixed-wing UAV,2020-02-27 17:43:33+00:00,400.0,65.03172,24.52409,24.68,383406.311534116,7214273.65507384,-723.9686558730318,-622.6524529997259,-2.1000000000000014,-723.9143915551874,-622.5607693161629,-1.4933766233766221,14.543926171480393,2.800802504190301,-0.11811688311688262,0.17180198143293524,-0.01432602414234907,0.015519480519480378,14.811154011384494,14.811624986713248,79.09968178630453,0.17944074925123138,-0.45691614729227736,999.58,-2.1,79.88,False
HAOS / PANGAEA,HAOS_Flight_03,HAOS_Flight_03_seg00,test,10.1594/PANGAEA.918819,CC BY 4.0,fixed-wing UAV,2020-02-27 17:43:34+00:00,401.0,65.03175,24.5244,24.98,383420.913365603,7214276.64706853,-709.3668243860011,-619.6604583095759,-1.8000000000000007,-709.3695953361735,-619.7837015602615,-1.6761471861471846,14.866650290503117,2.845310722054421,0.03677489177489168,0.20320765140581898,0.03710877381007549,0.10428571428571409,15.136481888640908,15.136526561857556,79.16525126040312,0.007479872364852669,0.13920288482443624,999.54,-2.08,79.68,False
HAOS / PANGAEA,HAOS_Flight_03,HAOS_Flight_03_seg00,test,10.1594/PANGAEA.918819,CC BY 4.0,fixed-wing UAV,2020-02-27 17:43:35+00:00,402.0,65.03178,24.52471,25.28,383435.522504538,7214279.28868339,-694.7576854510116,-617.0188434496522,-1.5,-694.1810909741812,-616.8701478720541,-1.4198268398268388,14.950341474292031,2.875020051810452,0.09045454545454557,-0.5539859174477897,-0.10458906978729487,-0.03572510822510794,15.224271755859084,15.224540469946605,79.11464153103424,-0.005775063621911864,0.34041711762738197,999.5,-2.11,79.7,False
HAOS / PANGAEA,HAOS_Flight_03,HAOS_Flight_03_seg00,test,10.1594/PANGAEA.918819,CC BY 4.0,fixed-wing UAV,2020-02-27 17:43:36+00:00,403.0,65.03181,24.52501,25.28,383449.986146684,7214281.96217308,-680.2940433050389,-614.3453537598252,-1.5,-679.4689123875894,-614.0336614566406,-1.4952380952380935,13.758678455607537,2.6361325824798314,-0.03467532467532419,-1.393431259015017,-0.3087834102934153,-0.10945887445887448,14.00894099627844,14.00898391088205,79.1537011331593,0.18565344433702602,-0.14181983493556885,999.5,-2.1,80.16,False
HAOS / PANGAEA,HAOS_Flight_03,HAOS_Flight_03_seg00,test,10.1594/PANGAEA.918819,CC BY 4.0,fixed-wing UAV,2020-02-27 17:43:37+00:00,404.0,65.03184,24.52531,25.81,383464.347402397,7214284.90389959,-665.9327875919989,-611.4036272503436,-0.9700000000000024,-666.6637340629661,-611.5978827070944,-1.4891774891774872,12.163478956261997,2.2574532312236215,-0.1284632034632034,-1.271890251196055,-0.3121285255941757,-0.054177489177489435,12.371188924698806,12.371855891709798,79.48594841970828,0.3380045687129024,-0.5949415928280247,999.43,-2.15,79.27,False
HAOS / PANGAEA,HAOS_Flight_03,HAOS_Flight_03_seg00,test,10.1594/PANGAEA.918819,CC BY 4.0,fixed-wing UAV,2020-02-27 17:43:38+00:00,405.0,65.03187,24.52562,25.21,383478.808020608,7214287.61858489,-651.4721693810425,-608.6889419499785,-1.5700000000000003,-655.1419544750654,-609.5187549941934,-1.7521645021645003,11.214897953215427,2.01187553129148,-0.14303030303030306,-0.6158825278621123,-0.15860279199560523,0.057132034632034645,11.393927297224822,11.394825006204785,79.82971027058511,0.22477537857975038,-0.7192078786558921,999.51,-2.11,79.73,False
HAOS / PANGAEA,HAOS_Flight_03,HAOS_Flight_03_seg00,test,10.1594/PANGAEA.918819,CC BY 4.0,fixed-wing UAV,2020-02-27 17:43:39+00:00,406.0,65.03188,24.52577,24.720000000000002,383486.0445639065,7214288.782843545,-644.2356260825181,-607.5246832948178,-2.0599999999999987,-644.2339381565353,-607.5741316445115,-1.7752380952380933,10.931713900537773,1.940247647232411,-0.0141991341991341,0.0343470467315683,-0.013178239844648942,0.05862554112554108,11.10256410635857,11.102573186032762,79.93549917686778,0.0951984006833027,-0.07327586771933159,999.575,-2.0999999999999996,79.61,True
HAOS / PANGAEA,HAOS_Flight_03,HAOS_Flight_03_seg00,test,10.1594/PANGAEA.918819,CC BY 4.0,fixed-wing UAV,2020-02-27 17:43:40+00:00,407.0,65.03189,24.52592,24.23,383493.281107205,7214289.9471022,-636.9990827839938,-606.3604246396571,-2.5500000000000007,-633.2785266739899,-605.6382596997286,-1.7805627705627685,11.283592046678564,1.9855190516021821,-0.0257792207792209,0.6414820918777195,0.10490969179534204,0.0651298701298697,11.456951399920616,11.456980402722479,80.02010707195171,0.04069040883478675,-0.12892068801900552,999.64,-2.09,79.49,False
HAOS / PANGAEA,HAOS_Flight_03,HAOS_Flight_03_seg00,test,10.1594/PANGAEA.918819,CC BY 4.0,fixed-wing UAV,2020-02-27 17:43:41+00:00,408.0,65.03192,24.52623,25.13,383507.775072785,7214292.33879055,-622.5051172040403,-603.9687362900004,-1.6500000000000021,-621.6667540631781,-603.6030935413071,-1.826796536796535,12.214678084293212,2.150067030823095,0.11606060606060531,1.2086825695045604,0.22615959867937363,0.11792207792207765,12.402465437966168,12.403008465861195,80.01687999453736,-0.054634257531121666,0.5361505607149067,999.52,-2.1,79.69,False
HAOS / PANGAEA,HAOS_Flight_03,HAOS_Flight_03_seg00,test,10.1594/PANGAEA.918819,CC BY 4.0,fixed-wing UAV,2020-02-27 17:43:42+00:00,409.0,65.03195,24.52654,26.03,383522.300728527,7214295.14439397,-607.9794614620041,-601.1631328696385,-0.75,-608.8491705054034,-601.3381256380824,-1.5484415584415578,13.700957185687685,2.4378382489609294,0.2100649350649344,1.2586479491720013,0.2657884177620815,-0.05317099567099515,13.916151879458054,13.917737258947223,79.91083855688947,-0.16670430455093205,0.8648166726609987,999.4,-2.05,79.46,False
HAOS / PANGAEA,HAOS_Flight_03,HAOS_Flight_03_seg00,test,10.1594/PANGAEA.918819,CC BY 4.0,fixed-wing UAV,2020-02-27 17:43:43+00:00,410.0,65.03198,24.52684,25.06,383536.741818516,7214297.91500404,-593.5383714730269,-598.3925227997825,-1.7200000000000024,-594.2648396918028,-598.7274170433852,-1.4066666666666663,14.731973982637214,2.681643866347258,0.009718614718615015,0.05426285703498479,0.08609108470716365,-0.19858225108225036,14.974053267269277,14.974056421106798,79.6834713854355,-0.30680440951266386,0.03718669340654196,999.53,-2.11,79.7,False
HAOS / PANGAEA,HAOS_Flight_03,HAOS_Flight_03_seg00,test,10.1594/PANGAEA.918819,CC BY 4.0,fixed-wing UAV,2020-02-27 17:43:44+00:00,411.0,65.03201,24.52714,25.06,383551.011557588,7214300.42198825,-579.2686324010137,-595.8855385901406,-1.7200000000000024,-579.385222540129,-595.9748379053879,-1.5290043290043278,13.809482899757654,2.6100204183752567,-0.18709956709956632,-0.4762040299498267,-0.020430611821439015,-0.11244588744588735,14.053968284546356,14.055213651561603,79.29722973786414,-0.2661847459403899,-0.7627299333470247,999.53,-2.09,79.52,False
HAOS / PANGAEA,HAOS_Flight_03,HAOS_Flight_03_seg00,test,10.1594/PANGAEA.918819,CC BY 4.0,fixed-wing UAV,2020-02-27 17:43:45+00:00,412.0,65.03203,24.52744,25.51,383565.013918279,7214302.80988248,-565.2662717100466,-593.4976443601772,-1.2699999999999996,-566.6458738922875,-593.5073762066347,-1.780865800865799,13.77956592273756,2.64078264270438,-0.21517316017315968,0.9045323655250854,0.1759629380763954,0.0706493506493503,14.030330359085596,14.03198024064807,79.15110189355471,-0.017723388176447585,-0.8786355845464509,999.47,-2.13,79.48,False
HAOS / PANGAEA,HAOS_Flight_03,HAOS_Flight_03_seg00,test,10.1594/PANGAEA.918819,CC BY 4.0,fixed-wing UAV,2020-02-27 17:43:46+00:00,413.0,65.03206,24.52773,24.46,383578.873993209,7214305.52356589,-551.4061967800371,-590.7839609496295,-2.3200000000000003,-551.8260906946539,-590.6932726199791,-1.9593506493506472,15.618547630807825,2.9619462945280475,-0.04580086580086573,1.5830351328800418,0.2853480330769287,0.10358225108225072,15.896922845238985,15.896988823887034,79.26178296151124,0.058833629513486384,-0.16507528362691354,999.61,-2.13,79.93,False
HAOS / PANGAEA,HAOS_Flight_03,HAOS_Flight_03_seg00,test,10.1594/PANGAEA.918819,CC BY 4.0,fixed-wing UAV,2020-02-27 17:43:47+00:00,414.0,65.0321,24.52802,24.46,383592.813859012,7214308.54820963,-537.4663309770403,-587.7593172099441,-2.3200000000000003,-535.4087786306718,-587.5834836175786,-1.8724675324675304,16.945636188497645,3.2114787088582375,-0.008008658008658243,1.0450838145714414,0.1958431277940349,0.0273701298701296,17.24726590884395,17.247267768228504,79.26876915258168,0.007338388566375864,-0.0266049281611224,999.61,-2.07,79.84,False
HAOS / PANGAEA,HAOS_Flight_03,HAOS_Flight_03_seg00,test,10.1594/PANGAEA.918819,CC BY 4.0,fixed-wing UAV,2020-02-27 17:43:48+00:00,415.0,65.03213,24.52831,25.28,383606.805245023,7214311.2747298,-523.4749449660303,-585.0327970394865,-1.5,-517.9348183176586,-584.2703152022626,-1.9753679653679637,17.708715259950708,3.3536325501161173,0.00893939393939347,0.43982116678725447,0.08309873521176314,0.11567099567099559,18.023469350799513,18.023471567707855,79.27645973864401,0.0007901777620666158,0.028417919556059486,999.5,-2.12,79.77,False
HAOS / PANGAEA,HAOS_Flight_03,HAOS_Flight_03_seg00,test,10.1594/PANGAEA.918819,CC BY 4.0,fixed-wing UAV,2020-02-27 17:43:49+00:00,416.0,65.03218,24.52892,25.06,383635.571067998,7214316.32507895,-494.7091219910071,-579.9824478896335,-1.7200000000000024,-499.9913481107704,-580.8762185173464,-1.8545887445887435,17.825278522072153,3.377676179281764,0.22333333333333294,-0.22630528322889631,-0.025153720355291398,0.1344480519480521,18.14247091113926,18.143845472757754,79.27034950810582,-0.056724507253187485,0.7052738953773297,999.53,-2.15,79.51,False
HAOS / PANGAEA,HAOS_Flight_03,HAOS_Flight_03_seg00,test,10.1594/PANGAEA.918819,CC BY 4.0,fixed-wing UAV,2020-02-27 17:43:50+00:00,417.0,65.03221,24.52923,25.06,383650.109002381,7214319.0397871,-480.17118760803714,-577.2677397402003,-1.7200000000000024,-482.2842612735143,-577.5149628436991,-1.5287012987012978,17.256104693492915,3.3033251094055345,0.27783549783549766,-0.8961551683109263,-0.09760793023619385,-0.08149350649350617,17.569436700452787,17.571633348527246,79.16301072413762,-0.248665853404503,0.9059752434081184,999.53,-2.15,79.51,False
HAOS / PANGAEA,HAOS_Flight_03,HAOS_Flight_03_seg00,test,10.1594/PANGAEA.918819,CC BY 4.0,fixed-wing UAV,2020-02-27 17:43:51+00:00,418.0,65.03224,24.52953,24.91,383664.491649428,7214321.84341033,-465.7885405610432,-574.4641165100038,-1.870000000000001,-465.47913872378456,-574.2695682985353,-1.2989177489177481,16.0329681854503,3.182460318809376,0.06034632034632059,-1.5475891182450994,-0.1834058759581012,-0.18999999999999956,16.345767724902302,16.345879119669185,78.77301780129682,-0.43912162965847706,0.2115271558059562,999.55,-2.14,79.18,False
HAOS / PANGAEA,HAOS_Flight_03,HAOS_Flight_03_seg00,test,10.1594/PANGAEA.918819,CC BY 4.0,fixed-wing UAV,2020-02-27 17:43:52+00:00,419.0,65.03227,24.52983,26.03,383678.79460597,7214324.85837457,-451.485584019043,-571.449152270332,-0.75,-450.2183249026137,-571.1500422060803,-1.4080086580086566,14.160926457002716,2.936513357489332,-0.10216450216450146,-1.1584163187218337,-0.1938539862348989,-0.08630952380952361,14.46219031887469,14.462551172073871,78.28476746482067,-0.1448778695080101,-0.4047448755762702,999.4,-2.15,80.19,False
HAOS / PANGAEA,HAOS_Flight_03,HAOS_Flight_03_seg00,test,10.1594/PANGAEA.918819,CC BY 4.0,fixed-wing UAV,2020-02-27 17:43:53+00:00,420.0,65.0323,24.53013,25.51,383692.967753887,7214327.95924576,-437.31243610201636,-568.3482810799032,-1.2699999999999996,-437.1572858097791,-568.3965415835567,-1.503246753246751,13.716135548006633,2.7947523463395783,-0.11227272727272664,0.10219213575831532,-0.11000100162695503,-0.03735930735930765,13.997964675218387,13.998414917909493,78.4832620622808,0.5034617148285224,-0.4595393430684191,999.47,-2.12,79.9,False
HAOS / PANGAEA,HAOS_Flight_03,HAOS_Flight_03_seg00,test,10.1594/PANGAEA.918819,CC BY 4.0,fixed-wing UAV,2020-02-27 17:43:54+00:00,421.0,65.03234,24.53043,25.28,383707.416250482,7214330.84114948,-422.8639395069913,-565.4663773598149,-1.5,-422.7860538066004,-565.5605375134012,-1.6325541125541099,14.365310728519347,2.716511354235422,-0.17688311688311675,0.3137556094144571,-0.15205178716320233,-0.05598484848484897,14.619903770702562,14.620973767216782,79.29169089447771,0.8330235299781672,-0.6931756707137418,999.5,-2.14,79.06,False
HAOS / PANGAEA,HAOS_Flight_03,HAOS_Flight_03_seg00,test,10.1594/PANGAEA.918819,CC BY 4.0,fixed-wing UAV,2020-02-27 17:43:55+00:00,422.0,65.03237,24.53074,24.23,383721.894441727,7214333.60438514,-408.3857482619933,-562.7031416995451,-2.5500000000000007,-408.42666435274043,-562.9635188750858,-1.8570129870129846,14.343646766835548,2.4906487720131736,-0.22424242424242458,-0.030382877602491476,-0.17056110716686135,0.05348484848484819,14.558280594812102,14.56000750487831,80.14930912223713,0.6399511006249214,-0.8824619406311625,999.64,-2.09,79.72,False
HAOS / PANGAEA,HAOS_Flight_03,HAOS_Flight_03_seg00,test,10.1594/PANGAEA.918819,CC BY 4.0,fixed-wing UAV,2020-02-27 17:43:56+00:00,423.0,65.03239,24.53104,24.76,383736.309073743,7214335.81944172,-393.9711162460153,-560.488085119985,-2.0199999999999996,-394.0987602729293,-560.5792399693748,-2.081038961038959,14.304544973314364,2.3753891399016993,-0.06991341991342037,0.1044703220474048,0.003811083922499847,0.18778679653679647,14.500430354287289,14.500598896108402,80.57159309572756,0.05478343207212962,-0.276247859888353,999.57,-2.1,79.9,False
HAOS / PANGAEA,HAOS_Flight_03,HAOS_Flight_03_seg00,test,10.1594/PANGAEA.918819,CC BY 4.0,fixed-wing UAV,2020-02-27 17:43:57+00:00,424.0,65.03241,24.53134,24.98,383750.52433596,7214337.98089396,-379.7558540290338,-558.3266328796744,-1.8000000000000007,-379.8175744061117,-558.2127405952824,-1.9968398268398253,14.552587410930357,2.4982709398581733,0.15133116883116837,0.14215545278432273,0.14460450996952545,0.1613203463203462,14.76547181913631,14.76624729456907,80.25887598638138,-0.46117656902725895,0.58720329529977,999.54,-2.08,79.22,False
HAOS / PANGAEA,HAOS_Flight_03,HAOS_Flight_03_seg00,test,10.1594/PANGAEA.918819,CC BY 4.0,fixed-wing UAV,2020-02-27 17:43:58+00:00,425.0,65.03244,24.53164,24.83,383764.569054176,7214340.26899618,-365.71113581303507,-556.0385306598619,-1.9500000000000028,-364.9935854510686,-555.5826980896585,-1.7783766233766223,14.58885587888301,2.66459815984075,0.252727272727272,-0.5590686253458017,0.05297853540855613,-0.011520562770562737,14.830198893077803,14.83235214936007,79.64923995767305,-0.6147149007447916,0.9763054909562648,999.56,-2.08,79.56,False
HAOS / PANGAEA,HAOS_Flight_03,HAOS_Flight_03_seg00,test,10.1594/PANGAEA.918819,CC BY 4.0,fixed-wing UAV,2020-02-27 17:43:59+00:00,426.0,65.03247,24.53194,25.36,383778.749202674,7214343.07627766,-351.5309873149963,-553.2312491796911,-1.4200000000000017,-350.6398626483457,-552.8835442756009,-1.4913852813852813,13.434450160238754,2.6042280106752855,0.1282900432900429,-1.3262475888846978,-0.13012724262821962,-0.13910173160173117,13.684533409638957,13.685134744485792,79.02944618489181,-0.5189720650613434,0.5371219089180607,999.49,-2.12,79.33,False
HAOS / PANGAEA,HAOS_Flight_03,HAOS_Flight_03_seg00,test,10.1594/PANGAEA.918819,CC BY 4.0,fixed-wing UAV,2020-02-27 17:44:00+00:00,427.0,65.0325,24.53223,25.36,383792.938887127,7214346.26119088,-337.34130286204163,-550.046335959807,-1.4200000000000017,-338.1246851305911,-550.3742420683079,-1.5217965367965365,11.936360701113614,2.404343674584311,-0.02547619047619032,-1.175518223396324,-0.1905026412417783,-0.07796536796536752,12.176106737894631,12.176133389910126,78.61129582755035,-0.18594156893769206,-0.11988036026153928,999.49,-2.12,79.33,False
HAOS / PANGAEA,HAOS_Flight_03,HAOS_Flight_03_seg00,test,10.1594/PANGAEA.918819,CC BY 4.0,fixed-wing UAV,2020-02-27 17:44:01+00:00,428.0,65.03254,24.53253,25.43,383807.106750293,7214349.17082005,-323.1734396960237,-547.1367067899555,-1.3500000000000014,-326.76714124611846,-548.0748569264323,-1.542337662337662,11.083413713446106,2.223222728191729,-0.027640692640692133,-0.5606663345918719,-0.16585623698804852,-0.053441558441558346,11.304192976172756,11.30422676924181,78.65756304701642,0.26993641753915115,-0.14009773879893272,999.48,-2.14,79.54,False
HAOS / PANGAEA,HAOS_Flight_03,HAOS_Flight_03_seg00,test,10.1594/PANGAEA.918819,CC BY 4.0,fixed-wing UAV,2020-02-27 17:44:02+00:00,429.0,65.03255,24.53268,25.095,383814.2897874495,7214350.374095514,-315.9904025394935,-545.9334313254803,-1.6850000000000023,-315.9578577036989,-545.9277966119245,-1.5770779220779207,10.81502803192987,2.072631200608214,-0.132359307359307,0.015481047882673238,-0.12619569909242045,-0.0662121212121215,11.011840510339928,11.012635942925208,79.15116866262866,0.6435575737346532,-0.6886464168748195,999.5250000000001,-2.125,79.45500000000001,True
HAOS / PANGAEA,HAOS_Flight_03,HAOS_Flight_03_seg00,test,10.1594/PANGAEA.918819,CC BY 4.0,fixed-wing UAV,2020-02-27 17:44:03+00:00,430.0,65.03256,24.53283,24.76,383821.472824606,7214351.57737098,-308.80736538302153,-544.7301558600739,-2.0199999999999996,-305.1370851822587,-543.9295945252159,-1.807056277056276,11.114375809211452,1.970831330006888,-0.16006493506493513,0.5870370156547011,-0.010703793669449624,0.1062229437229435,11.287759997436225,11.288894832673337,79.94467819448573,0.5700304759205637,-0.8124225344608552,999.57,-2.11,79.37,False
HAOS / PANGAEA,HAOS_Flight_03,HAOS_Flight_03_seg00,test,10.1594/PANGAEA.918819,CC BY 4.0,fixed-wing UAV,2020-02-27 17:44:04+00:00,431.0,65.03259,24.53314,25.13,383835.84089053,7214354.13584596,-294.4392994590453,-542.1716808797792,-1.6500000000000021,-293.729106085276,-541.9861339519107,-1.897207792207791,11.989102063239272,2.0512236132693147,0.08008658008657998,1.1733713854501389,0.19407738361897486,0.17761904761904757,12.163309031443779,12.16357268464787,80.29122961446978,0.05774401221879484,0.37724575728103943,999.52,-2.12,79.55,False
HAOS / PANGAEA,HAOS_Flight_03,HAOS_Flight_03_seg00,test,10.1594/PANGAEA.918819,CC BY 4.0,fixed-wing UAV,2020-02-27 17:44:05+00:00,432.0,65.03262,24.53344,24.98,383850.072365212,7214356.818972,-280.20782477699686,-539.4885548399761,-1.8000000000000007,-281.15888105578017,-539.8271472986772,-1.646883116883116,13.46111858011173,2.3589860972448378,0.19517316017316,0.9543892001910024,0.21987221830676162,0.02116883116883128,13.666255113776549,13.667648715023212,80.06016621892331,-0.22633392980918476,0.8182079209891742,999.54,-2.1,79.47,False
HAOS / PANGAEA,HAOS_Flight_03,HAOS_Flight_03_seg00,test,10.1594/PANGAEA.918819,CC BY 4.0,fixed-wing UAV,2020-02-27 17:44:06+00:00,433.0,65.03264,24.53373,24.83,383864.185661309,7214359.19644193,-266.094528680027,-537.1110849101096,-1.9500000000000028,-266.8068689250525,-537.268161757421,-1.506861471861471,13.897880463621277,2.490968049882838,0.12242424242424255,0.38266592870122906,0.1445732972427436,-0.05417207792207768,14.119348540447717,14.119879280708325,79.83856175485141,-0.3023048484722036,0.49678047162427436,999.56,-2.08,79.39,False
HAOS / PANGAEA,HAOS_Flight_03,HAOS_Flight_03_seg00,test,10.1594/PANGAEA.918819,CC BY 4.0,fixed-wing UAV,2020-02-27 17:44:07+00:00,434.0,65.03267,24.53403,25.73,383878.18533233,7214361.55744196,-252.09485765901627,-534.7500848798081,-1.0500000000000007,-253.36312012853762,-534.8452111989116,-1.4020346320346309,14.226450437514188,2.648132691730325,0.08682900432900464,0.9721238662844556,0.3020018525603234,-0.002207792207792214,14.470815416003983,14.471075913008379,79.4555565219789,-0.4464134988922972,0.34378683168623997,999.44,-2.12,79.39,False
HAOS / PANGAEA,HAOS_Flight_03,HAOS_Flight_03_seg00,test,10.1594/PANGAEA.918819,CC BY 4.0,fixed-wing UAV,2020-02-27 17:44:08+00:00,435.0,65.0327,24.53433,26.26,383892.269878015,7214364.33987121,-238.0103119740379,-531.9676556298509,-0.5199999999999996,-238.35396805002415,-531.9718963739604,-1.3332034632034617,15.842128196190188,3.0949717550034848,0.11800865800865812,1.4869535066140998,0.40078851557439066,0.01688852813852798,16.141619371946348,16.14205073688466,78.94573475706682,-0.39817828118563575,0.4188723223066472,999.37,-2.12,79.18,False
HAOS / PANGAEA,HAOS_Flight_03,HAOS_Flight_03_seg00,test,10.1594/PANGAEA.918819,CC BY 4.0,fixed-wing UAV,2020-02-27 17:44:09+00:00,436.0,65.03273,24.53463,24.76,383906.56869829,7214367.18863037,-223.71149169903947,-529.1188964694738,-2.0199999999999996,-221.67886373615724,-528.6552676889046,-1.1660173160173146,17.200357450742388,3.4497097228791063,0.1206060606060606,1.040309823795596,0.2319860934497342,-0.04388528138528153,17.54288441521051,17.543298989280515,78.65919995960763,-0.08846871326329774,0.39389813136352503,999.57,-2.11,79.09,False
HAOS / PANGAEA,HAOS_Flight_03,HAOS_Flight_03_seg00,test,10.1594/PANGAEA.918819,CC BY 4.0,fixed-wing UAV,2020-02-27 17:44:10+00:00,437.0,65.03276,24.53493,25.51,383920.92134648,7214370.10686078,-209.3588435089914,-526.2006660597399,-1.2699999999999996,-203.95325314853937,-525.0724769282021,-1.0919913419913405,17.92274784378138,3.558943941902953,0.030238095238095064,0.3836598120206105,-0.012551153036383766,-0.06935064935064955,18.272683772598317,18.27270879196025,78.76879733054022,0.2748774391318369,0.09481440590525991,999.47,-2.11,79.26,False
HAOS / PANGAEA,HAOS_Flight_03,HAOS_Flight_03_seg00,test,10.1594/PANGAEA.918819,CC BY 4.0,fixed-wing UAV,2020-02-27 17:44:11+00:00,438.0,65.03283,24.53554,25.88,383949.830193866,7214376.07736516,-180.44999612303218,-520.2301616799086,-0.9000000000000021,-185.83336804859448,-521.5373798050987,-1.1055411255411245,17.96767707478361,3.4246074168063387,-0.018095238095238497,-0.29260260821697415,-0.1772283127327796,-0.0027272727272726893,18.291127778869992,18.291136729590953,79.20895483787132,0.3797184584154263,-0.05668214920615657,999.42,-2.12,79.1,False
HAOS / PANGAEA,HAOS_Flight_03,HAOS_Flight_03_seg00,test,10.1594/PANGAEA.918819,CC BY 4.0,fixed-wing UAV,2020-02-27 17:44:12+00:00,439.0,65.03286,24.53584,25.96,383964.32541039,7214378.73021097,-165.95477959903656,-517.5773158697411,-0.8200000000000003,-168.01789899897216,-518.2232620945895,-1.1281818181818175,17.337542627347432,3.204487316437394,0.024783549783549685,-0.9514934096636694,-0.23743165735436378,0.02385281385281418,17.631197444198094,17.631214862868564,79.52823424737107,0.1932424472477122,0.08053859490790893,999.41,-2.15,78.99,False
HAOS / PANGAEA,HAOS_Flight_03,HAOS_Flight_03_seg00,test,10.1594/PANGAEA.918819,CC BY 4.0,fixed-wing UAV,2020-02-27 17:44:13+00:00,440.0,65.03288,24.53615,25.66,383978.724467305,7214381.05300294,-151.55572268401738,-515.2545239003375,-1.120000000000001,-151.15828279389962,-515.1284051722239,-1.0559740259740251,16.06469025545627,2.949744102097611,0.029610389610389865,-1.5891793821920714,-0.30734017196824936,-0.05281385281385259,16.333256358473385,16.333283198634135,79.59543973236674,0.05328470046410303,0.10387080558661815,999.45,-2.09,79.49,False
HAOS / PANGAEA,HAOS_Flight_03,HAOS_Flight_03_seg00,test,10.1594/PANGAEA.918819,CC BY 4.0,fixed-wing UAV,2020-02-27 17:44:14+00:00,441.0,65.03291,24.53645,25.73,383993.068179228,7214383.35838896,-137.21201076102443,-512.9491378795356,-1.0500000000000007,-135.88851848805962,-512.3237738903942,-1.0689610389610378,14.159183862963289,2.589806972500895,-0.0808441558441555,-1.1793425068360897,-0.2145922027278857,-0.05474025974025998,14.394081694224688,14.394308722462098,79.63480364829928,-0.007904322433711895,-0.32179754998183524,999.44,-2.15,78.95,False
HAOS / PANGAEA,HAOS_Flight_03,HAOS_Flight_03_seg00,test,10.1594/PANGAEA.918819,CC BY 4.0,fixed-wing UAV,2020-02-27 17:44:15+00:00,442.0,65.03294,24.53675,25.21,384007.398320072,7214386.20740544,-122.88186991703697,-510.10012140031904,-1.5700000000000003,-122.83991506797304,-509.9487912272221,-1.2176623376623361,13.70600524178409,2.5205596966418398,-0.07987012987013009,0.10269133228027982,0.04147657027340301,0.05116883116883075,13.935845897258917,13.936074774117483,79.57963108749931,-0.08753847043192299,-0.3283741281052654,999.51,-2.1,79.19,False
HAOS / PANGAEA,HAOS_Flight_03,HAOS_Flight_03_seg00,test,10.1594/PANGAEA.918819,CC BY 4.0,fixed-wing UAV,2020-02-27 17:44:16+00:00,443.0,65.03297,24.53705,25.51,384021.810667567,7214389.24805306,-108.46952242200496,-507.0594737799838,-1.2699999999999996,-108.47650800449144,-507.28265449711057,-1.228701298701298,14.364566527523849,2.6727601130477012,0.02149350649350601,0.32422147467345397,0.07813445905134131,0.05252164502164497,14.61110598639122,14.611121795275636,79.45972670743544,-0.07143097258847733,0.0842842644402483,999.47,-2.15,79.22,False
HAOS / PANGAEA,HAOS_Flight_03,HAOS_Flight_03_seg00,test,10.1594/PANGAEA.918819,CC BY 4.0,fixed-wing UAV,2020-02-27 17:44:17+00:00,444.0,65.033,24.53735,26.18,384036.145448783,7214391.98324161,-94.13474120601313,-504.324285229668,-0.6000000000000014,-94.11078201292534,-504.6032710011267,-1.174675324675324,14.354448191130999,2.6768286147445224,0.025173160173159848,-0.021788066765285663,0.0041106106457249325,-0.029610389610389587,14.601903790416477,14.601925489214503,79.43676914232236,-0.031565734504082905,0.09877577792277055,999.38,-2.2,78.96,False
HAOS / PANGAEA,HAOS_Flight_03,HAOS_Flight_03_seg00,test,10.1594/PANGAEA.918819,CC BY 4.0,fixed-wing UAV,2020-02-27 17:44:18+00:00,445.0,65.03303,24.53766,25.06,384050.514035115,7214394.36746597,-79.76615487399977,-501.9400608697906,-1.7200000000000024,-79.76761162222944,-501.9289972676215,-1.1783549783549783,14.320990393993277,2.680981334339151,-0.037727272727273164,-0.003201078892963949,0.08384837351691488,-0.07376623376623359,14.569777856231118,14.569826702024637,79.39659523842727,-0.32517752257910854,-0.14836250009342541,999.53,-2.16,79.21,False
HAOS / PANGAEA,HAOS_Flight_03,HAOS_Flight_03_seg00,test,10.1594/PANGAEA.918819,CC BY 4.0,fixed-wing UAV,2020-02-27 17:44:19+00:00,446.0,65.03305,24.53796,25.81,384064.880952273,7214396.77491475,-65.39923771604663,-499.532612089999,-0.9700000000000024,-65.46880122493879,-499.2413083324484,-1.2501298701298704,14.34804603334507,2.844525361778352,-0.12235930735930733,0.0744829501642883,0.192036648970344,-0.07897186147186103,14.62729467498312,14.627806442145964,78.78641409716414,-0.6781597793363453,-0.47927580139625037,999.43,-2.2,79.15,False
HAOS / PANGAEA,HAOS_Flight_03,HAOS_Flight_03_seg00,test,10.1594/PANGAEA.918819,CC BY 4.0,fixed-wing UAV,2020-02-27 17:44:20+00:00,447.0,65.03308,24.53826,25.43,384079.090046737,7214399.55949141,-51.19014325202443,-496.7480354299769,-1.3500000000000014,-51.0715195555393,-496.2399465440648,-1.423073593073593,14.469956294321854,3.065054632279839,-0.19567099567099522,0.06894693296591647,-0.0016742828967437617,0.03266233766233784,14.791017377396484,14.792311590721432,78.04027567975459,0.05841473991611523,-0.7579240830639447,999.48,-2.19,78.97,False
HAOS / PANGAEA,HAOS_Flight_03,HAOS_Flight_03_seg00,test,10.1594/PANGAEA.918819,CC BY 4.0,fixed-wing UAV,2020-02-27 17:44:21+00:00,448.0,65.03311,24.53856,25.13,384093.279769148,7214402.55304451,-37.00042084103916,-493.7544823298231,-1.6500000000000021,-36.52888863629508,-493.1111990678887,-1.6414718614718609,14.485939899276904,2.8411767959848646,-0.05703463203463166,-0.15182721247650655,-0.7451511765467274,0.08637987012987008,14.761935521858419,14.76204570175681,78.90324357699637,2.808330547871437,-0.22136849443573992,999.52,-2.18,78.81,False
HAOS / PANGAEA,HAOS_Flight_03,HAOS_Flight_03_seg00,test,10.1594/PANGAEA.918819,CC BY 4.0,fixed-wing UAV,2020-02-27 17:44:22+00:00,449.0,65.03314,24.53886,24.91,384107.501784249,7214405.46642714,-22.778405740042217,-490.84109969995916,-1.870000000000001,-22.09963975698549,-490.5575929520951,-1.5371428571428563,14.16630186936884,1.5747522791863844,-0.02291125541125505,-0.7768982640655064,-1.6581841445088656,-0.01700216450216452,14.253559323722824,14.253577737554538,83.65693677549746,6.600571280873482,-0.09209749494976346,999.55,-2.19,79.53,False
HAOS / PANGAEA,HAOS_Flight_03,HAOS_Flight_03_seg00,test,10.1594/PANGAEA.918819,CC BY 4.0,fixed-wing UAV,2020-02-27 17:44:23+00:00,450.0,65.03317,24.53916,25.21,384121.798042992,7214407.7162648,-8.482146997004747,-488.59126203972846,-1.5700000000000003,-8.196284897557398,-489.96169450951595,-1.687294372294371,12.93214337114589,-0.4751914930328667,-0.0910389610389607,-1.745364135628522,-1.9471188376051032,0.00969155844155839,12.94087087977171,12.941191105124384,92.10438613874334,9.300609119313036,-0.4030688690691021,999.51,-2.25,79.52,False
HAOS / PANGAEA,HAOS_Flight_03,HAOS_Flight_03_seg00,test,10.1594/PANGAEA.918819,CC BY 4.0,fixed-wing UAV,2020-02-27 17:44:24+00:00,451.0,65.03316,24.53943,25.06,384134.551936439,7214406.53402627,4.271746449987404,-489.7735005700961,-1.7200000000000024,3.7646469853062943,-491.5079759381608,-1.7192207792207777,10.675573598111797,-2.319485396023822,-0.0035281385281382693,-2.552037454437127,-1.725454229485507,0.05106060606060586,10.924645721993434,10.924646291703494,102.25815501412353,12.265635663386208,-0.01850379822981283,999.53,-2.2,79.13,False
HAOS / PANGAEA,HAOS_Flight_03,HAOS_Flight_03_seg00,test,10.1594/PANGAEA.918819,CC BY 4.0,fixed-wing UAV,2020-02-27 17:44:25+00:00,452.0,65.03313,24.53965,25.51,384144.536411102,7214401.89553964,14.256221112969797,-494.41198719944805,-1.2699999999999996,13.154862298666195,-494.6006653015636,-1.6943506493506475,7.828068462271637,-3.926099952003881,0.011082251082251027,-3.039804949955955,-1.538074966108823,-0.0019696969696972877,8.757449210993844,8.757456223095023,116.63565746551575,18.65886233183227,0.07250580166366474,999.47,-2.2,79.08,False
HAOS / PANGAEA,HAOS_Flight_03,HAOS_Flight_03_seg00,test,10.1594/PANGAEA.918819,CC BY 4.0,fixed-wing UAV,2020-02-27 17:44:26+00:00,453.0,65.03306,24.53979,24.68,384150.961224588,7214394.57828293,20.681034598965198,-501.7292439099401,-2.1000000000000014,19.42078390984957,-499.3601758421686,-1.6970562770562756,4.595963698199887,-5.395635328241468,-0.007467532467532845,-3.1820608867984688,-1.1962073670974434,-0.014004329004328908,7.087719161376147,7.08772309522457,139.57587967778807,25.159780437422203,-0.06036609601916395,999.58,-2.21,79.02,False
HAOS / PANGAEA,HAOS_Flight_03,HAOS_Flight_03_seg00,test,10.1594/PANGAEA.918819,CC BY 4.0,fixed-wing UAV,2020-02-27 17:44:27+00:00,454.0,65.03302500000001,24.53981,24.945,384151.84058133897,7214390.3117739,21.560391349950805,-505.9957529399544,-1.8350000000000009,22.34678969506597,-505.39193595804653,-1.7092857142857132,1.4639466886746995,-6.3185146861987675,-0.01692640692640679,-2.834302802355788,-0.6990345623293877,0.004199134199134369,6.485889896304988,6.485911982924419,166.95521834036015,24.698174872051336,-0.1495260470076126,999.5450000000001,-2.21,79.155,True
HAOS / PANGAEA,HAOS_Flight_03,HAOS_Flight_03_seg00,test,10.1594/PANGAEA.918819,CC BY 4.0,fixed-wing UAV,2020-02-27 17:44:28+00:00,455.0,65.03299,24.53983,25.21,384152.71993809,7214386.04526487,22.43974810099462,-510.2622619699687,-1.5700000000000003,22.348677287198967,-511.9972052145661,-1.7309090909090892,-1.0726419065116897,-6.7937044529002435,0.0009307359307358931,-2.076343309690426,-0.4826579412397223,-0.021536796536796743,6.8778616482858705,6.877861711261066,188.97222942189075,16.65290514118376,0.007753462205818058,999.51,-2.21,79.29,False
HAOS / PANGAEA,HAOS_Flight_03,HAOS_Flight_03_seg00,test,10.1594/PANGAEA.918819,CC BY 4.0,fixed-wing UAV,2020-02-27 17:44:29+00:00,456.0,65.03291,24.5398,25.06,384150.857008646,7214377.53618014,20.576818656991236,-518.7713466994464,-1.7200000000000024,20.20150588204259,-518.979344863847,-1.7074242424242414,-2.688739930706152,-7.283830568678212,-0.060000000000000275,-1.1181620711006364,-0.6714930093849176,-0.06431818181818177,7.764245627759653,7.764477456222337,200.26102862272768,6.578990384387564,-0.4427575461241752,999.53,-2.21,79.15,False
HAOS / PANGAEA,HAOS_Flight_03,HAOS_Flight_03_seg00,test,10.1594/PANGAEA.918819,CC BY 4.0,fixed-wing UAV,2020-02-27 17:44:30+00:00,457.0,65.03283,24.53973,25.13,384147.3038682,7214369.22891225,17.02367821097141,-527.0786145897582,-1.6500000000000021,16.971197425786663,-526.5648663519225,-1.8509090909090897,-3.3089660487129624,-8.136690471670079,-0.12770562770562766,-0.3838580212750107,-0.8012720253590402,-0.05465367965367951,8.783791216969,8.784719510072557,202.13021019066588,0.49654072923783443,-0.8329521759096267,999.52,-2.25,79.1,False
HAOS / PANGAEA,HAOS_Flight_03,HAOS_Flight_03_seg00,test,10.1594/PANGAEA.918819,CC BY 4.0,fixed-wing UAV,2020-02-27 17:44:31+00:00,458.0,65.03276,24.53965,24.76,384143.290976613,7214360.81149512,13.010786623985041,-535.4960317201912,-2.0199999999999996,13.583573784616664,-535.2527258071872,-1.9628354978354967,-3.4564559732561735,-8.886374619396292,-0.1693073593073593,0.04584758948262291,-0.42504817194171096,0.02653138528138549,9.534922221565779,9.53642526071612,201.25411008120335,-1.2164180381232959,-1.0172686865194418,999.57,-2.24,78.99,False
HAOS / PANGAEA,HAOS_Flight_03,HAOS_Flight_03_seg00,test,10.1594/PANGAEA.918819,CC BY 4.0,fixed-wing UAV,2020-02-27 17:44:32+00:00,459.0,65.03268,24.53959,24.83,384139.771868915,7214352.09239986,9.491678925987799,-544.2151269800961,-1.9500000000000028,10.058285479274316,-544.3376155907151,-2.1895238095238083,-3.2172708697477166,-8.9867868155535,-0.07464285714285668,0.44244483530009093,0.1571784758379806,0.13311688311688313,9.54532184462805,9.54561368763978,199.69737411441926,-2.2775524935898996,-0.44803450153826746,999.56,-2.22,78.96,False
HAOS / PANGAEA,HAOS_Flight_03,HAOS_Flight_03_seg00,test,10.1594/PANGAEA.918819,CC BY 4.0,fixed-wing UAV,2020-02-27 17:44:33+00:00,460.0,65.0326,24.53954,23.86,384137.414606647,7214343.04861308,7.13441665796563,-553.2589137600735,-2.9200000000000017,7.149032045121231,-553.2262994382942,-2.11212121212121,-2.5715663026559916,-8.572017667720331,0.09692640692640697,0.7147413098780071,-0.006341438483474349,0.117808441558441,8.94943797926246,8.949962841991299,196.69900509402353,-4.230784112177082,0.6205145988183111,999.69,-2.22,79.13,False
HAOS / PANGAEA,HAOS_Flight_03,HAOS_Flight_03_seg00,test,10.1594/PANGAEA.918819,CC BY 4.0,fixed-wing UAV,2020-02-27 17:44:34+00:00,461.0,65.03251,24.53951,25.28,384135.543634458,7214333.95219594,5.263444468961097,-562.3553309002891,-1.5,4.915152873962333,-561.4816509261558,-1.9956709956709944,-1.7877882499917024,-8.99946969252045,0.16097402597402533,0.9088316705791986,-0.8377713598986247,0.042662337662337624,9.175327872801196,9.176739846505447,191.2358058900651,-6.245695496701149,1.0051069900878429,999.5,-2.25,78.91,False
HAOS / PANGAEA,HAOS_Flight_03,HAOS_Flight_03_seg00,test,10.1594/PANGAEA.918819,CC BY 4.0,fixed-wing UAV,2020-02-27 17:44:35+00:00,462.0,65.03243,24.53949,24.61,384133.969466507,7214324.84734107,3.6892765180091374,-571.4601857699454,-2.1700000000000017,3.5734555451378265,-571.2252388233351,-1.7901731601731594,-0.7539029614975945,-10.24756038751758,0.18225108225108222,1.1270611189831525,-1.0425015273010274,-0.03846320346320309,10.275254915143192,10.27687107188545,184.20761410062124,-6.822435755282712,1.0161424788289064,999.59,-2.22,79.5,False
HAOS / PANGAEA,HAOS_Flight_03,HAOS_Flight_03_seg00,test,10.1594/PANGAEA.918819,CC BY 4.0,fixed-wing UAV,2020-02-27 17:44:36+00:00,463.0,65.03235,24.53948,25.81,384133.236118322,7214315.58713762,2.9559283329872414,-580.7203892199323,-0.9700000000000024,3.4073469509671437,-581.976771701191,-1.63116883116883,0.4663339879746027,-11.084472747122504,0.08404761904761915,1.097935248201221,-0.6556917234128434,-0.060519480519480584,11.094277960734615,11.094596318582726,177.59093437949969,-5.659237086408917,0.4340509354764102,999.43,-2.23,79.52,False
HAOS / PANGAEA,HAOS_Flight_03,HAOS_Flight_03_seg00,test,10.1594/PANGAEA.918819,CC BY 4.0,fixed-wing UAV,2020-02-27 17:44:37+00:00,464.0,65.03227,24.53949,25.13,384133.38421885,7214306.39868294,3.104028860980179,-589.908843900077,-1.6500000000000021,4.506123521087032,-593.3941843175801,-1.6220779220779211,1.4419675349048475,-11.558943834343268,0.06121212121212105,0.542022474241282,-0.2156856287022606,0.09309523809523795,11.648538661017604,11.648699492261146,172.8891399278034,-2.6292826642022695,0.3010818799100301,999.52,-2.21,78.86,False
HAOS / PANGAEA,HAOS_Flight_03,HAOS_Flight_03_seg00,test,10.1594/PANGAEA.918819,CC BY 4.0,fixed-wing UAV,2020-02-27 17:44:38+00:00,465.0,65.0321,24.53955,25.21,384135.670151834,7214288.16290694,5.389961845008656,-608.1446198998019,-1.5700000000000003,6.291282020776839,-605.0946593698775,-1.5087445887445878,1.5503789364571667,-11.515844004527025,0.27023809523809506,-0.5302363681287932,0.44414520846757455,0.15191558441558445,11.61973915297633,11.622881166532203,172.33236905109516,2.5316531761514507,1.3322770377025797,999.51,-2.23,79.11,False
HAOS / PANGAEA,HAOS_Flight_03,HAOS_Flight_03_seg00,test,10.1594/PANGAEA.918819,CC BY 4.0,fixed-wing UAV,2020-02-27 17:44:39+00:00,466.0,65.03202,24.53962,25.21,384138.397382459,7214279.14695457,8.11719247000292,-617.1605722699314,-1.5700000000000003,7.606881394001365,-616.4258723266341,-1.081601731601731,0.3814947986472612,-10.670653417408118,0.36504329004328995,-1.7822112971445565,1.3933219169619235,0.06025974025974018,10.677470797704785,10.683709058161595,177.9524462801063,10.329917531788166,1.9580757549526642,999.51,-2.26,78.93,False
HAOS / PANGAEA,HAOS_Flight_03,HAOS_Flight_03_seg00,test,10.1594/PANGAEA.918819,CC BY 4.0,fixed-wing UAV,2020-02-27 17:44:40+00:00,467.0,65.03194,24.53964,25.43,384139.033582038,7214270.27659721,8.75339204899501,-626.030929629691,-1.3500000000000014,7.054271618071361,-626.4359662046937,-0.7786580086580079,-2.0140436578319463,-8.729200170603178,0.3907575757575754,-2.8047789988070524,2.5489132976455835,0.023755411255410863,8.958532663004117,8.967050739073777,192.99220411467147,22.60964868306366,2.4975716661325604,999.48,-2.27,79.25,False
HAOS / PANGAEA,HAOS_Flight_03,HAOS_Flight_03_seg00,test,10.1594/PANGAEA.918819,CC BY 4.0,fixed-wing UAV,2020-02-27 17:44:41+00:00,468.0,65.03188,24.53956,27.53,384135.030975275,7214262.76201602,4.750785285956226,-633.5455108201131,0.75,3.5787940783374728,-633.8842726678405,-0.3000865800865801,-5.228063198966844,-5.5728268221169515,0.4125541125541117,-3.241863513496666,2.9985526095192654,-0.07654761904761918,7.641272381069631,7.652401224287894,223.17174364623364,29.592410416651955,3.0904122937122493,999.2,-2.28,79.1,False
HAOS / PANGAEA,HAOS_Flight_03,HAOS_Flight_03_seg00,test,10.1594/PANGAEA.918819,CC BY 4.0,fixed-wing UAV,2020-02-27 17:44:42+00:00,469.0,65.03183,24.5394,26.93,384127.183027143,7214257.76781392,-3.0971628460101783,-638.5397129198536,0.14999999999999858,-3.401854779862327,-637.5816198489276,0.046450216450215354,-8.497770684825278,-2.7320949515646475,0.23766233766233705,-2.8775852838709,2.5240449347750484,-0.22716450216450174,8.926166558844894,8.929329920155489,252.17702494797538,22.04648138900562,1.5251600363942994,999.28,-2.23,79.13,False
HAOS / PANGAEA,HAOS_Flight_03,HAOS_Flight_03_seg00,test,10.1594/PANGAEA.918819,CC BY 4.0,fixed-wing UAV,2020-02-27 17:44:43+00:00,470.0,65.03181,24.53917,26.71,384116.582643592,7214255.96113189,-13.697546397044789,-640.3463949495926,-0.07000000000000028,-13.416747291313083,-639.3484625709698,0.17523809523809397,-10.983233766708643,-0.5247369525668546,-0.04177489177489181,-1.923374792292762,2.136302347152906,-0.24696969696969667,10.995761585427273,10.995840940334709,267.2647064242449,12.468156727695058,-0.2176760067005338,999.31,-2.27,79.47,False
HAOS / PANGAEA,HAOS_Flight_03,HAOS_Flight_03_seg00,test,10.1594/PANGAEA.918819,CC BY 4.0,fixed-wing UAV,2020-02-27 17:44:44+00:00,471.0,65.03182,24.53892,26.63,384104.604933151,7214257.43232246,-25.67525683803251,-638.8752043796703,-0.15000000000000213,-25.368322313279613,-638.6310937540613,-0.03709956709956827,-12.344520269410802,1.5405097427411647,-0.25627705627705627,-0.933910268265274,1.606801024754077,-0.12817099567099552,12.440271337449781,12.442910788033025,277.1133384033655,7.276489216866595,-1.1801605187624207,999.32,-2.26,79.18,False
HAOS / PANGAEA,HAOS_Flight_03,HAOS_Flight_03_seg00,test,10.1594/PANGAEA.918819,CC BY 4.0,fixed-wing UAV,2020-02-27 17:44:45+00:00,472.0,65.03184,24.53864,26.56,384091.814415589,7214260.51246068,-38.4657744000433,-635.7950661601499,-0.22000000000000242,-38.10578783013469,-636.2674430854875,-0.33731601731601857,-12.851054303239192,2.6888650969412993,-0.29811688311688284,-0.29753415479583634,0.6709087715086639,-0.019816017316017037,13.129340890324682,13.13272499865702,281.81768485797807,2.7222128134140124,-1.3007434874918904,999.33,-2.24,78.89,False
HAOS / PANGAEA,HAOS_Flight_03,HAOS_Flight_03_seg00,test,10.1594/PANGAEA.918819,CC BY 4.0,fixed-wing UAV,2020-02-27 17:44:46+00:00,473.0,65.03186,24.53837,26.03,384078.944412546,7214263.72024421,-51.33577744301874,-632.5872826296836,-0.75,-51.070430919757996,-633.2533635601787,-0.633333333333334,-12.939588579002475,2.8823272857584925,-0.29590909090909034,0.015068954787329503,-0.20533282746606574,-0.002056277056276895,13.256725205573177,13.260027351637019,282.55776403019354,-0.8708710258927487,-1.278711506376226,999.4,-2.24,79.15,False
HAOS / PANGAEA,HAOS_Flight_03,HAOS_Flight_03_seg00,test,10.1594/PANGAEA.918819,CC BY 4.0,fixed-wing UAV,2020-02-27 17:44:47+00:00,474.0,65.03188,24.5381,25.81,384066.275604803,7214266.02593453,-64.00458518601954,-630.281592309475,-0.9700000000000024,-63.98496498813964,-630.5027885139705,-0.9291341991341993,-12.820916393664533,2.278199442009168,-0.3022294372294366,0.19985026910974568,-0.8116733554944062,0.033008658008657876,13.021754485126298,13.02526132189427,280.0759428061926,-3.412294896519007,-1.329572205527578,999.43,-2.24,79.7,False
HAOS / PANGAEA,HAOS_Flight_03,HAOS_Flight_03_seg00,test,10.1594/PANGAEA.918819,CC BY 4.0,fixed-wing UAV,2020-02-27 17:44:48+00:00,475.0,65.03189,24.53783,26.11,384053.716564988,7214267.62295307,-76.56362500099931,-628.6845737695694,-0.6700000000000017,-76.71226370708706,-628.6969646761604,-1.2377922077922072,-12.539888040782984,1.25898057476968,-0.2298917748917746,0.21956387708932112,-1.0752085676120657,0.043024891774891494,12.602929189796296,12.605025759243112,275.73317423715554,-4.74233047508636,-1.0450243440832727,999.39,-2.26,79.24,False
HAOS / PANGAEA,HAOS_Flight_03,HAOS_Flight_03_seg00,test,10.1594/PANGAEA.918819,CC BY 4.0,fixed-wing UAV,2020-02-27 17:44:49+00:00,476.0,65.03189,24.53756,24.53,384041.183037388,7214268.4846869,-89.0971526009962,-627.8228399399668,-2.25,-89.0647410697056,-627.9848273644311,-1.3889177489177484,-12.38178863948589,0.12778230678503633,-0.21617965367965364,0.2577597241489258,-1.0669979724430334,-0.03637445887445884,12.382447990233157,12.384334938683393,270.59128185601986,-4.947630767815889,-1.000199925852297,999.6,-2.24,79.3,False
HAOS / PANGAEA,HAOS_Flight_03,HAOS_Flight_03_seg00,test,10.1594/PANGAEA.918819,CC BY 4.0,fixed-wing UAV,2020-02-27 17:44:50+00:00,477.0,65.03189,24.53731,25.36,384029.02578512,7214268.25376898,-101.254404869047,-628.0537578603253,-1.4200000000000017,-101.47584098605884,-628.4414000625903,-1.6701515151515145,-12.024368592485132,-0.8750153701163867,-0.30264069264069227,0.8284766186299386,-0.8206528111792011,-0.006607142857142589,12.056164064323394,12.059961995575476,265.83791270152375,-4.312000591141462,-1.437969280331794,999.49,-2.28,78.77,False
HAOS / PANGAEA,HAOS_Flight_03,HAOS_Flight_03_seg00,test,10.1594/PANGAEA.918819,CC BY 4.0,fixed-wing UAV,2020-02-27 17:44:51+00:00,478.0,65.03187,24.53706,25.06,384017.583414356,7214266.78469063,-112.69677563302685,-629.5228362102062,-1.7200000000000024,-113.11347825467587,-629.7348581046639,-1.994199134199133,-10.724835402226013,-1.5135233155733658,-0.22939393939393882,1.4265820965417433,-0.520169131204824,0.17458874458874452,10.831105540600396,10.833534456079201,261.9672806737369,-3.817128204164852,-1.2132962674819103,999.53,-2.22,79.12,False
HAOS / PANGAEA,HAOS_Flight_03,HAOS_Flight_03_seg00,test,10.1594/PANGAEA.918819,CC BY 4.0,fixed-wing UAV,2020-02-27 17:44:52+00:00,479.0,65.03185,24.53684,25.06,384006.836036834,7214264.68360903,-123.44415315502556,-631.6239178096876,-1.7200000000000024,-122.92551179051087,-631.4684466937371,-2.128939393939392,-9.171204399401645,-1.9153536325260347,0.046536796536796765,1.2516971887671957,-0.32802622601113285,0.15946969696969693,9.369075177051082,9.369190751962876,258.20365629319406,-3.3750972786548794,0.28458946647753025,999.53,-2.22,79.18,False
HAOS / PANGAEA,HAOS_Flight_03,HAOS_Flight_03_seg00,test,10.1594/PANGAEA.918819,CC BY 4.0,fixed-wing UAV,2020-02-27 17:44:53+00:00,480.0,65.03182,24.53662,23.94,383996.211558215,7214261.99536149,-134.06863177398918,-634.3121653497219,-2.84,-131.45588705347916,-633.565565369716,-1.9011255411255394,-8.221441024691622,-2.1695757675956315,0.08954545454545504,0.6247357216700635,-0.17002527143208113,0.022045454545454646,8.502890775131748,8.503362271610586,255.21708611642714,-2.0479451260634893,0.6033697360415866,999.68,-2.18,79.58,False
HAOS / PANGAEA,HAOS_Flight_03,HAOS_Flight_03_seg00,test,10.1594/PANGAEA.918819,CC BY 4.0,fixed-wing UAV,2020-02-27 17:44:54+00:00,481.0,65.031805,24.53651,24.725,383990.983056496,7214260.408209935,-139.29713349300437,-635.8993169050664,-2.0549999999999997,-139.3683938398941,-635.8075982289283,-1.949848484848482,-7.921732956061518,-2.255404175390197,0.09062770562770606,0.017219440098681815,-0.080916672482374,0.038235930735930346,8.236546668447808,8.237045247086241,254.10776604106704,-0.5562133367424263,0.6304068574604577,999.575,-2.205,79.475,True
HAOS / PANGAEA,HAOS_Flight_03,HAOS_Flight_03_seg00,test,10.1594/PANGAEA.918819,CC BY 4.0,fixed-wing UAV,2020-02-27 17:44:55+00:00,482.0,65.03179,24.5364,25.51,383985.754554777,7214258.82105838,-144.52563521201955,-637.4864684594795,-1.2699999999999996,-147.2993529656022,-638.0763737204963,-1.7198701298701273,-8.187002144494258,-2.3314091125603795,0.16601731601731573,-0.4906351663362045,-0.11386785293663593,0.015454545454545054,8.512489210805683,8.514107957578455,254.1046594429423,0.15394832884274282,1.1172860922920633,999.47,-2.23,79.37,False
HAOS / PANGAEA,HAOS_Flight_03,HAOS_Flight_03_seg00,test,10.1594/PANGAEA.918819,CC BY 4.0,fixed-wing UAV,2020-02-27 17:44:56+00:00,483.0,65.03176,24.53617,25.51,383975.178441751,7214255.84018241,-155.10174823802663,-640.4673444302753,-1.2699999999999996,-155.74239812888263,-640.4704164540491,-1.6178138528138506,-8.903003288733927,-2.483139881263469,0.12153679653679617,-0.9283403426728611,-0.18477120354282306,-0.11360389610389604,9.242805376568755,9.243604406401255,254.41566269875256,0.42171649104806713,0.7533583052680911,999.47,-2.23,79.37,False
HAOS / PANGAEA,HAOS_Flight_03,HAOS_Flight_03_seg00,test,10.1594/PANGAEA.918819,CC BY 4.0,fixed-wing UAV,2020-02-27 17:44:57+00:00,484.0,65.03173,24.53595,24.91,383964.499770649,7214253.19297897,-165.78041934000794,-643.1145478701219,-1.870000000000001,-165.10535954307005,-643.0426534830233,-1.476796536796535,-10.04368282983998,-2.7009515196460256,-0.06119047619047635,-0.7362893333095357,-0.1355237471628925,-0.19786796536796514,10.400514597744701,10.4006946004715,254.94809242503845,0.35903881676839194,-0.3370905879417047,999.55,-2.21,78.71,False
HAOS / PANGAEA,HAOS_Flight_03,HAOS_Flight_03_seg00,test,10.1594/PANGAEA.918819,CC BY 4.0,fixed-wing UAV,2020-02-27 17:44:58+00:00,485.0,65.0317,24.53573,25.36,383953.892061512,7214250.45112581,-176.3881284770323,-645.8564010299742,-1.4200000000000017,-175.8297637885626,-645.8723194933411,-1.7401948051948033,-10.375581955352999,-2.754187375589254,-0.2741991341991341,-0.2509551908619514,-0.0009064951022139667,-0.08805735930735914,10.734907964770912,10.738409294550918,255.13374033228934,0.3384013933968466,-1.4631739605698821,999.49,-2.22,79.22,False
HAOS / PANGAEA,HAOS_Flight_03,HAOS_Flight_03_seg00,test,10.1594/PANGAEA.918819,CC BY 4.0,fixed-wing UAV,2020-02-27 17:44:59+00:00,486.0,65.03167,24.53551,24.46,383943.445227897,7214247.53392014,-186.83496209199075,-648.7736066998914,-2.3200000000000003,-185.85652345377605,-648.5510282342018,-2.025194805194803,-10.545593211563883,-2.7027645098504536,-0.23730519480519463,-0.6411079486273934,0.02293361485345713,0.08372294372294364,10.886435237463612,10.889021348816016,255.62489521183215,0.893701152871731,-1.248749742420077,999.61,-2.18,79.37,False
HAOS / PANGAEA,HAOS_Flight_03,HAOS_Flight_03_seg00,test,10.1594/PANGAEA.918819,CC BY 4.0,fixed-wing UAV,2020-02-27 17:45:00+00:00,487.0,65.03164,24.53529,24.76,383932.990454809,7214244.92973939,-197.28973518003477,-651.3777874503285,-2.0199999999999996,-196.92095021169035,-651.277848513042,-2.2148051948051926,-11.657797852607786,-2.7083201458823396,-0.10675324675324682,-1.056832501754407,0.06105853290216601,0.0989339826839824,11.968260056702428,11.968736150511097,256.9211426380328,1.4264875458856632,-0.5110474083266173,999.57,-2.16,78.52,False
HAOS / PANGAEA,HAOS_Flight_03,HAOS_Flight_03_seg00,test,10.1594/PANGAEA.918819,CC BY 4.0,fixed-wing UAV,2020-02-27 17:45:01+00:00,488.0,65.03162,24.53507,24.31,383922.56598912,7214242.60016758,-207.714200869028,-653.7073592599481,-2.4700000000000024,-209.17211915899162,-653.9676685259665,-2.238701298701297,-12.659258215072697,-2.5806474440461216,-0.039437229437229826,-0.7781475339658357,0.16411886070517312,0.10272727272727256,12.919619181165803,12.919679372237262,258.4778703036035,1.4341960086658552,-0.17489523125030546,999.63,-2.16,79.81,False
HAOS / PANGAEA,HAOS_Flight_03,HAOS_Flight_03_seg00,test,10.1594/PANGAEA.918819,CC BY 4.0,fixed-wing UAV,2020-02-27 17:45:02+00:00,489.0,65.0316,24.53485,24.61,383912.144928208,7214240.31846584,-218.13526178098982,-655.9890609998256,-2.1700000000000017,-222.23946664183575,-656.4391434011343,-2.293679653679652,-13.214092920539457,-2.3800824244719934,0.09870129870129829,-0.28773975555995435,0.15850980508696466,0.15200216450216436,13.42672871774549,13.427091494672135,259.7895346553645,0.9081779379773172,0.4211797306817798,999.59,-2.15,79.07,False
HAOS / PANGAEA,HAOS_Flight_03,HAOS_Flight_03_seg00,test,10.1594/PANGAEA.918819,CC BY 4.0,fixed-wing UAV,2020-02-27 17:45:03+00:00,490.0,65.03156,24.5344,24.61,383890.966834177,7214236.67754267,-239.3133558120462,-659.6299841701984,-2.1700000000000017,-235.60030500007053,-658.7278333749105,-2.0412987012987003,-13.234737726192606,-2.2636278338721922,0.2645670995670989,0.23451270399569069,0.0766197737544303,0.0959523809523809,13.426924206659795,13.429530498180496,260.2942261795581,0.14983950797846446,1.1288227014563086,999.59,-2.15,79.07,False
HAOS / PANGAEA,HAOS_Flight_03,HAOS_Flight_03_seg00,test,10.1594/PANGAEA.918819,CC BY 4.0,fixed-wing UAV,2020-02-27 17:45:04+00:00,491.0,65.03154,24.53417,25.06,383879.91837876,7214235.32367686,-250.3618112290278,-660.9838499799371,-1.7200000000000024,-248.70894209422096,-660.9663990688787,-1.7645454545454544,-12.745067512548076,-2.2268428769631328,0.2906060606060601,0.7320076118553942,0.03736765050726376,0.011796536796536972,12.938144190651526,12.94140745748123,260.08921367132143,-0.4143305725735264,1.2867147938216905,999.53,-2.18,79.14,False
HAOS / PANGAEA,HAOS_Flight_03,HAOS_Flight_03_seg00,test,10.1594/PANGAEA.918819,CC BY 4.0,fixed-wing UAV,2020-02-27 17:45:05+00:00,492.0,65.03152,24.53395,25.13,383869.221956206,7214233.5403537,-261.0582337829983,-662.7671731403098,-1.6500000000000021,-261.0904400251667,-663.1815191288367,-1.46008658008658,-11.770722502481817,-2.1888925328576647,0.28816017316017284,1.2101884896430306,0.06520524528778537,-0.08044372294372282,11.972516809377712,11.975984094688318,259.46556503441104,-0.7835496177325108,1.3787556128224303,999.52,-2.17,79.15,False
HAOS / PANGAEA,HAOS_Flight_03,HAOS_Flight_03_seg00,test,10.1594/PANGAEA.918819,CC BY 4.0,fixed-wing UAV,2020-02-27 17:45:06+00:00,493.0,65.0315,24.53373,25.81,383858.998472571,7214231.22088996,-271.2817174179945,-665.0866368794814,-0.9700000000000024,-272.2503870991846,-665.344184134594,-1.1882251082251087,-10.324690533262014,-2.096432386387562,0.12971861471861446,0.9053633308928255,0.043002249081354194,-0.1591666666666665,10.535381500369358,10.536180060977006,258.5221144358564,-0.6937637555712998,0.7054280470984214,999.43,-2.19,79.15,False
HAOS / PANGAEA,HAOS_Flight_03,HAOS_Flight_03_seg00,test,10.1594/PANGAEA.918819,CC BY 4.0,fixed-wing UAV,2020-02-27 17:45:07+00:00,494.0,65.03147,24.53351,25.81,383848.696829784,7214228.81515956,-281.583360204997,-667.4923672797158,-0.9700000000000024,-281.7398210916907,-667.3743839016118,-1.2006493506493512,-9.959995840696166,-2.1028880346949563,-0.030173160173160185,-0.08351324497949975,0.018394069333936613,-0.08627705627705612,10.179570483726126,10.179615201604774,258.07803752326845,0.18565304291204432,-0.16982933340070464,999.43,-2.2,79.09,False
HAOS / PANGAEA,HAOS_Flight_03,HAOS_Flight_03_seg00,test,10.1594/PANGAEA.918819,CC BY 4.0,fixed-wing UAV,2020-02-27 17:45:08+00:00,495.0,65.03145,24.53329,25.43,383838.185395613,7214226.58989298,-292.09479437599657,-669.7176338601857,-1.3500000000000014,-292.1703787805769,-669.5499602039839,-1.248571428571429,-10.491717023221014,-2.059644247719689,-0.04283549783549778,-0.3183560642621188,0.12953829603546296,-0.044274891774891745,10.691971778980266,10.692057585066834,258.89342052168047,1.0257011280215098,-0.2295442000029033,999.48,-2.14,78.94,False
HAOS / PANGAEA,HAOS_Flight_03,HAOS_Flight_03_seg00,test,10.1594/PANGAEA.918819,CC BY 4.0,fixed-wing UAV,2020-02-27 17:45:09+00:00,496.0,65.03143,24.53307,25.58,383827.637847754,7214224.59564698,-302.6423422350199,-671.7118798596784,-1.2000000000000028,-302.72325513813274,-671.4936723970512,-1.2863203463203468,-10.596707969220404,-1.8438114426240304,-0.11872294372294367,-0.06188306744556371,0.16054100334417853,-0.1253354978354977,10.755922109279638,10.756577316147398,260.12943977931144,0.9027372707303697,-0.6324002073313905,999.46,-2.2,78.86,False
HAOS / PANGAEA,HAOS_Flight_03,HAOS_Flight_03_seg00,test,10.1594/PANGAEA.918819,CC BY 4.0,fixed-wing UAV,2020-02-27 17:45:10+00:00,497.0,65.03141,24.53284,24.61,383816.909957753,7214222.97448357,-313.37023223598953,-673.3330432698131,-2.1700000000000017,-313.36379471901773,-673.237583089232,-1.4860173160173165,-10.615483158112141,-1.7385622410313317,-0.29350649350649316,-0.08348964566025074,-0.00654205782799977,-0.0558874458874456,10.756908540380103,10.760912015616189,260.6988950631412,0.04126601665691181,-1.5629501578508505,999.59,-2.11,79.02,False
HAOS / PANGAEA,HAOS_Flight_03,HAOS_Flight_03_seg00,test,10.1594/PANGAEA.918819,CC BY 4.0,fixed-wing UAV,2020-02-27 17:45:11+00:00,498.0,65.03139,24.53262,25.58,383806.24010342,7214221.50335955,-324.0400865690317,-674.8041672902182,-1.2000000000000028,-323.954221454357,-674.9707968791139,-1.873333333333333,-10.763687260540905,-1.85689555828003,-0.23049783549783487,-0.054265161858694455,-0.1534115698529206,0.13363636363636378,10.922683944758754,10.92511573436455,260.2119718126253,-0.7485979570085518,-1.2089147098003108,999.46,-2.19,78.93,False
HAOS / PANGAEA,HAOS_Flight_03,HAOS_Flight_03_seg00,test,10.1594/PANGAEA.918819,CC BY 4.0,fixed-wing UAV,2020-02-27 17:45:12+00:00,499.0,65.03137,24.5324,25.13,383795.726485834,7214219.7344612,-334.55370415502694,-676.5730656394735,-1.6500000000000021,-334.89116924009954,-676.951374205792,-1.9470129870129862,-10.72401348182953,-2.045385380737173,-0.02623376623376561,0.48376445008067037,-0.10033315647436325,0.12493506493506484,10.91732872612137,10.917360245255521,259.2016991491241,-1.0369079074653484,-0.1376784770918592,999.52,-2.17,78.97,False
HAOS / PANGAEA,HAOS_Flight_03,HAOS_Flight_03_seg00,test,10.1594/PANGAEA.918819,CC BY 4.0,fixed-wing UAV,2020-02-27 17:45:13+00:00,500.0,65.03135,24.53218,24.38,383785.483756238,7214217.47946967,-344.7964337510057,-678.8280571699142,-2.400000000000002,-345.4022484180161,-679.0615676405882,-1.9258008658008643,-9.796158360379565,-2.0575618712287564,0.019372294372294818,1.0535631805448702,0.04554683429662987,-0.04507575757575766,10.009909064300675,10.009927809997336,258.1381559976946,-0.9900459900820822,0.11088505541284707,999.62,-2.1,78.78,False
HAOS / PANGAEA,HAOS_Flight_03,HAOS_Flight_03_seg00,test,10.1594/PANGAEA.918819,CC BY 4.0,fixed-wing UAV,2020-02-27 17:45:14+00:00,501.0,65.03132,24.53197,24.01,383775.311105724,7214214.99141952,-354.9690842650016,-681.3161073196679,-2.7699999999999996,-354.4834859608587,-681.0664979482495,-1.9082683982683966,-8.61688712073979,-1.9542917121439132,-0.11638528138528093,0.9389550620659008,0.09162924231384295,-0.05070346320346336,8.83572293294248,8.836489420660717,257.22160716895996,-0.7276738259165572,-0.7546637491400818,999.67,-2.12,78.7,False
HAOS / PANGAEA,HAOS_Flight_03,HAOS_Flight_03_seg00,test,10.1594/PANGAEA.918819,CC BY 4.0,fixed-wing UAV,2020-02-27 17:45:15+00:00,502.0,65.0313,24.53175,25.73,383765.109308234,7214212.5783897,-365.17088175500976,-683.7291371403262,-1.0500000000000007,-362.63602265949567,-682.9701510648761,-2.158571428571426,-7.918248236247763,-1.8743033866010705,-0.0820346320346319,0.46648630220684595,0.05049596279070556,0.12324675324675288,8.13705526071103,8.137468770859774,256.6828083458615,-0.3909537413672496,-0.5776142358965694,999.44,-2.17,79.26,False
HAOS / PANGAEA,HAOS_Flight_03,HAOS_Flight_03_seg00,test,10.1594/PANGAEA.918819,CC BY 4.0,fixed-wing UAV,2020-02-27 17:45:16+00:00,503.0,65.03128500000001,24.531644999999997,24.98,383759.96550687146,7214211.469224365,-370.3146831175545,-684.838302474469,-1.8000000000000007,-370.3199824333542,-684.8151047214517,-2.0723376623376604,-7.683914516326098,-1.853299786562502,0.13010822510822484,0.014194863728576479,-0.02156656206429375,0.03207792207792193,7.904255967077455,7.905326719580941,256.4396996862255,-0.17116699858187803,0.9430336064936549,999.54,-2.1399999999999997,79.14500000000001,True
HAOS / PANGAEA,HAOS_Flight_03,HAOS_Flight_03_seg00,test,10.1594/PANGAEA.918819,CC BY 4.0,fixed-wing UAV,2020-02-27 17:45:17+00:00,504.0,65.03127,24.53154,24.23,383754.821705509,7214210.36005903,-375.4584844800411,-685.947467809543,-2.5500000000000007,-378.00385169214786,-686.6767506380011,-1.8983549783549765,-7.88985850879061,-1.917436510729658,-0.01787878787878805,-0.4249116321038713,-0.09906592425886629,-0.16559523809523813,8.119509225403633,8.119528909516285,256.34047434869774,0.02169992865596339,-0.12616248152803267,999.64,-2.11,79.03,False
HAOS / PANGAEA,HAOS_Flight_03,HAOS_Flight_03_seg00,test,10.1594/PANGAEA.918819,CC BY 4.0,fixed-wing UAV,2020-02-27 17:45:18+00:00,505.0,65.03125,24.53132,24.38,383744.670762686,7214207.9765679,-385.6094273030176,-688.3309589400887,-2.400000000000002,-386.0996994509354,-688.649977742911,-2.1080952380952365,-8.53373778053384,-2.0514316350802346,-0.20108225108225142,-0.8816034681372571,-0.13878130678742195,-0.049859307359307325,8.776847512650463,8.77915066119832,256.4830995435374,0.4244675143549555,-1.3124472253933614,999.62,-2.09,79.01,False
HAOS / PANGAEA,HAOS_Flight_03,HAOS_Flight_03_seg00,test,10.1594/PANGAEA.918819,CC BY 4.0,fixed-wing UAV,2020-02-27 17:45:19+00:00,506.0,65.03122,24.53111,25.13,383734.619806116,7214205.34244925,-395.66038387303706,-690.9650775901973,-1.6500000000000021,-395.07132725321554,-690.7796139081615,-2.3005194805194793,-9.653065445065124,-2.194999124304502,-0.1175974025974027,-0.9851891224781895,-0.0702337470455916,0.13408008658008674,9.89947946320451,9.900177917164193,257.1894093774076,0.8650491020195101,-0.6805931531718221,999.52,-2.12,79.45,False
HAOS / PANGAEA,HAOS_Flight_03,HAOS_Flight_03_seg00,test,10.1594/PANGAEA.918819,CC BY 4.0,fixed-wing UAV,2020-02-27 17:45:20+00:00,507.0,65.0312,24.5309,24.61,383724.472297172,7214202.92598327,-405.80789281701436,-693.3815435701981,-2.1700000000000017,-405.40583034106567,-693.03997599152,-2.343290043290042,-10.50411602549022,-2.191899129171418,0.06707792207792207,-0.3955359157974385,0.10073784807724451,0.08995670995671001,10.730371627740713,10.730581285142625,258.21319774757643,1.0021255098081272,0.35816390203365517,999.59,-2.11,79.05,False
HAOS / PANGAEA,HAOS_Flight_03,HAOS_Flight_03_seg00,test,10.1594/PANGAEA.918819,CC BY 4.0,fixed-wing UAV,2020-02-27 17:45:21+00:00,508.0,65.03117,24.53069,23.79,383714.297583512,7214200.91878369,-415.9826064770459,-695.388743150048,-2.990000000000002,-416.079559304196,-695.1634121665044,-2.166363636363635,-10.444137276660001,-1.993523428150013,0.062316017316017325,0.3868310257427794,0.23539848685732068,-0.042857142857142705,10.632691997434232,10.632874606535905,259.1936603970239,0.8780961130210863,0.3357949153126071,999.7,-2.07,78.91,False
HAOS / PANGAEA,HAOS_Flight_03,HAOS_Flight_03_seg00,test,10.1594/PANGAEA.918819,CC BY 4.0,fixed-wing UAV,2020-02-27 17:45:22+00:00,509.0,65.03116,24.53047,25.13,383703.95052066,7214199.29584891,-426.32966932904674,-697.0116779301316,-1.6500000000000021,-426.29410489438567,-697.02702284782,-2.218658008658007,-9.73045397400466,-1.7211021554567765,-0.01863636363636334,0.210077281448946,0.12406388355427111,0.02867965367965375,9.881494176982601,9.881511750931162,259.9693899736186,0.46445682514838255,-0.10805893285928943,999.52,-2.17,79.27,False
HAOS / PANGAEA,HAOS_Flight_03,HAOS_Flight_03_seg00,test,10.1594/PANGAEA.918819,CC BY 4.0,fixed-wing UAV,2020-02-27 17:45:23+00:00,510.0,65.03114,24.53025,24.16,383693.629889788,7214197.78257571,-436.6503002010286,-698.5249511301517,-2.620000000000001,-435.5404672522053,-698.6056164774179,-2.203636363636362,-10.02398271376211,-1.7453956610414707,0.11967532467532482,-0.8219086643139235,-0.18396819628736694,0.11810606060606044,10.174803951889391,10.175507733903018,260.12257404732065,-0.1882745333675782,0.6738778332737035,999.65,-2.07,79.1,False
HAOS / PANGAEA,HAOS_Flight_03,HAOS_Flight_03_seg00,test,10.1594/PANGAEA.918819,CC BY 4.0,fixed-wing UAV,2020-02-27 17:45:24+00:00,511.0,65.03112,24.53004,25.36,383683.557344511,7214195.84298933,-446.72284547804156,-700.464537509717,-1.4200000000000017,-446.3420703219099,-700.517814169903,-1.9793073593073576,-11.374271302632508,-2.0890385480315103,0.21757575757575753,-1.1493120545925564,-0.32883886610017043,-0.02416666666666678,11.564520297922046,11.566566860193895,259.59284090688345,-0.5787612089497469,1.0778399573251682,999.49,-2.15,78.92,False
HAOS / PANGAEA,HAOS_Flight_03,HAOS_Flight_03_seg00,test,10.1594/PANGAEA.918819,CC BY 4.0,fixed-wing UAV,2020-02-27 17:45:25+00:00,512.0,65.03109,24.52983,24.46,383673.510463203,7214193.69929623,-456.7697267860058,-702.6082306094468,-2.3200000000000003,-458.2890098574703,-702.783693573481,-1.7684848484848468,-12.322606822947222,-2.4030733932418116,0.07134199134199126,-0.7474154319843649,-0.2593657690417217,-0.10696969696969705,12.554736183857155,12.55493888180985,258.96505162942117,-0.5240182189824141,0.32557840722956327,999.61,-2.07,79.23,False
HAOS / PANGAEA,HAOS_Flight_03,HAOS_Flight_03_seg00,test,10.1594/PANGAEA.918819,CC BY 4.0,fixed-wing UAV,2020-02-27 17:45:26+00:00,513.0,65.03107,24.52961,25.21,383663.298685713,7214191.6951673,-466.9815042760456,-704.6123595396057,-1.5700000000000003,-470.98728396780433,-705.3239609563866,-1.836623376623375,-12.869102166601238,-2.6077700861149538,0.0036363636363634377,-0.33295405690142843,-0.11985864439776606,-0.09411255411255404,13.130660889553758,13.130661393075261,258.5448044689186,-0.23304990728068367,0.015867311292599797,999.51,-2.1,79.47,False
HAOS / PANGAEA,HAOS_Flight_03,HAOS_Flight_03_seg00,test,10.1594/PANGAEA.918819,CC BY 4.0,fixed-wing UAV,2020-02-27 17:45:27+00:00,514.0,65.03103,24.52917,25.06,383642.428758017,7214187.62560613,-487.85143197199795,-708.6819207100198,-1.7200000000000024,-484.0272141906728,-707.9992337457109,-1.76121212121212,-12.988514936750079,-2.6427906820373437,-0.11688311688311681,0.11433572042986384,0.03678208615158951,-0.054675324675324544,13.254654384450895,13.255169727855453,258.49895181485977,0.05929656089892094,-0.5052365395212088,999.53,-2.11,79.34,False
HAOS / PANGAEA,HAOS_Flight_03,HAOS_Flight_03_seg00,test,10.1594/PANGAEA.918819,CC BY 4.0,fixed-wing UAV,2020-02-27 17:45:28+00:00,515.0,65.03101,24.52895,24.91,383631.844111138,7214185.43615569,-498.4360788509948,-710.8713711500168,-1.870000000000001,-496.9643138413045,-710.6095423204613,-2.0703896103896087,-12.64043072574151,-2.5342059138117747,-0.10571428571428565,0.5899376097271585,0.1563954966201777,0.027413419913419723,12.891962168183266,12.8923955902723,258.66339759071644,0.16960854404448017,-0.46981573281564354,999.55,-2.13,79.2,False
HAOS / PANGAEA,HAOS_Flight_03,HAOS_Flight_03_seg00,test,10.1594/PANGAEA.918819,CC BY 4.0,fixed-wing UAV,2020-02-27 17:45:29+00:00,516.0,65.03098,24.52873,24.61,383621.168724119,7214183.29457856,-509.1114658699953,-713.0129482802004,-2.1700000000000017,-509.3080756421558,-713.0676455733344,-1.9726406926406912,-11.808639717295762,-2.3299996887969883,-0.062056277056277365,1.0680723067592908,0.2706135381416175,0.0054004329004329055,12.036314657015618,12.036474629400882,258.8381689029487,0.2967817906319781,-0.2954003251843376,999.59,-2.1,79.3,False
HAOS / PANGAEA,HAOS_Flight_03,HAOS_Flight_03_seg00,test,10.1594/PANGAEA.918819,CC BY 4.0,fixed-wing UAV,2020-02-27 17:45:30+00:00,517.0,65.03096,24.5285,24.53,383610.645502057,7214181.14808893,-519.6346879320336,-715.1594379097223,-2.25,-520.581593275896,-715.2695416980553,-2.1945021645021634,-10.504286112222928,-1.9929788375285398,-0.09491341991341984,0.7962998238897114,0.25556317979294363,0.08974025974026006,10.691678604142387,10.692099884099276,259.2569611719804,0.5333089451757081,-0.5086194351954668,999.6,-2.07,79.26,False
HAOS / PANGAEA,HAOS_Flight_03,HAOS_Flight_03_seg00,test,10.1594/PANGAEA.918819,CC BY 4.0,fixed-wing UAV,2020-02-27 17:45:31+00:00,518.0,65.03094,24.52828,24.31,383600.079562643,7214179.18993433,-530.2006273459992,-717.117592509836,-2.4700000000000024,-530.3166478666017,-717.0536032483915,-2.162467532467531,-10.216040069516339,-1.818873329211101,0.11742424242424276,-0.08146386820132534,0.06707553872112726,0.15551948051948045,10.3766938323186,10.377358206325335,259.90478679330016,0.42907540923810855,0.6483400640480306,999.63,-2.14,79.39,False
HAOS / PANGAEA,HAOS_Flight_03,HAOS_Flight_03_seg00,test,10.1594/PANGAEA.918819,CC BY 4.0,fixed-wing UAV,2020-02-27 17:45:32+00:00,519.0,65.03092,24.52806,25.43,383589.35612631,7214177.27724666,-540.9240636790055,-719.0302801802754,-1.3500000000000014,-541.0136734149287,-718.9072883564775,-1.9596536796536779,-10.667213848625579,-1.8588277600862853,0.21612554112554105,-0.1802528174377187,-0.08046211431695838,0.0016558441558439108,10.827958807364237,10.830115520321264,260.1151119904566,-0.25357319569203934,1.143469188679499,999.48,-2.16,79.09,False
HAOS / PANGAEA,HAOS_Flight_03,HAOS_Flight_03_seg00,test,10.1594/PANGAEA.918819,CC BY 4.0,fixed-wing UAV,2020-02-27 17:45:33+00:00,520.0,65.0309,24.52783,24.38,383578.576550868,7214175.48816307,-551.7036391210277,-720.8193637700751,-2.400000000000002,-551.6510755638528,-720.771258768564,-1.7302164502164488,-10.576545704391776,-1.9797975578450178,0.12073593073593059,0.11666352072299446,-0.21215834843550851,-0.07247835497835492,10.760247088572699,10.760924429253645,259.3976404019161,-1.2290169078630009,0.6428633951186306,999.62,-2.07,79.35,False
HAOS / PANGAEA,HAOS_Flight_03,HAOS_Flight_03_seg00,test,10.1594/PANGAEA.918819,CC BY 4.0,fixed-wing UAV,2020-02-27 17:45:34+00:00,521.0,65.03088,24.5276,25.51,383567.939402413,7214173.61634868,-562.3407875760458,-722.6911781597883,-1.2699999999999996,-562.1667648237122,-722.8668834721675,-1.7181818181818167,-10.43388680717959,-2.2831444569573023,0.07116883116883121,0.12813054050553774,-0.3003402918716347,0.016201298701298605,10.680765071677738,10.681002177647054,257.6570781747306,-1.7180052138052258,0.38177165068623187,999.47,-2.09,79.49,False
HAOS / PANGAEA,HAOS_Flight_03,HAOS_Flight_03_seg00,test,10.1594/PANGAEA.918819,CC BY 4.0,fixed-wing UAV,2020-02-27 17:45:35+00:00,522.0,65.03085,24.52739,25.51,383557.582613968,7214171.36391208,-572.6975760210189,-724.9436147594824,-1.2699999999999996,-572.518849178212,-725.3375476824787,-1.5878787878787863,-10.3202846233807,-2.580478141588287,0.1531385281385278,0.060484463421744294,-0.1918735492156145,0.06930735930735893,10.63800461302791,10.63910680252828,255.96162997430565,-1.0779913805027883,0.8247397563196402,999.47,-2.17,79.36,False
HAOS / PANGAEA,HAOS_Flight_03,HAOS_Flight_03_seg00,test,10.1594/PANGAEA.918819,CC BY 4.0,fixed-wing UAV,2020-02-27 17:45:36+00:00,523.0,65.03082,24.52718,25.06,383547.499044139,7214168.54249472,-582.7811458500219,-727.765032120049,-1.7200000000000024,-582.8073340704736,-728.0278397553441,-1.411904761904761,-10.312917880336101,-2.6668915553885313,0.20978354978354907,-0.030067738301028157,0.010985862855818596,0.03032467532467506,10.652163431658318,10.654228968466864,255.501095413725,0.09620525901424692,1.128236389895933,999.53,-2.1,79.29,False
HAOS / PANGAEA,HAOS_Flight_03,HAOS_Flight_03_seg00,test,10.1594/PANGAEA.918819,CC BY 4.0,fixed-wing UAV,2020-02-27 17:45:37+00:00,524.0,65.03079,24.52696,24.91,383537.378807053,7214165.29808935,-592.9013829359901,-731.0094374902546,-1.870000000000001,-593.1446849388842,-730.6713307932557,-1.1683116883116882,-10.380420099982757,-2.55850641587665,0.21378787878787792,-0.21152044794945368,0.149695056226534,-0.02140692640692629,10.691074620084176,10.693211949144404,256.1540404923341,1.031515519522893,1.1455827675708472,999.55,-2.08,79.21,False
HAOS / PANGAEA,HAOS_Flight_03,HAOS_Flight_03_seg00,test,10.1594/PANGAEA.918819,CC BY 4.0,fixed-wing UAV,2020-02-27 17:45:38+00:00,525.0,65.03076,24.52674,26.33,383526.906271923,7214162.58478048,-603.3739180660341,-733.7227463601157,-0.45000000000000284,-603.5681742704392,-733.1448525870974,-0.9843290043290053,-10.735958776235009,-2.3675014429354633,0.1669696969696965,-0.28451548594608767,0.23870885585333212,-0.050735930735930135,10.993901669894951,10.995169521522856,257.56412645277084,1.5422462536292685,0.8701117932978992,999.36,-2.15,79.47,False
HAOS / PANGAEA,HAOS_Flight_03,HAOS_Flight_03_seg00,test,10.1594/PANGAEA.918819,CC BY 4.0,fixed-wing UAV,2020-02-27 17:45:39+00:00,526.0,65.03075,24.52651,26.33,383516.0210633,7214160.89175116,-614.259126688994,-735.4157756799832,-0.45000000000000284,-614.6166024913542,-735.4063336791266,-0.8343722943722952,-10.949451071874932,-2.0810887041699857,0.11231601731601765,0.2793273211022722,0.33888156811030967,-0.0538311688311684,11.14546584804812,11.146031753846422,259.2385329995927,1.5045223326405515,0.5773662607512464,999.36,-2.11,79.28,False
HAOS / PANGAEA,HAOS_Flight_03,HAOS_Flight_03_seg00,test,10.1594/PANGAEA.918819,CC BY 4.0,fixed-wing UAV,2020-02-27 17:45:40+00:00,527.0,65.03073,24.52629,25.66,383505.285707957,7214159.49943837,-624.9944820320234,-736.8080884702504,-1.120000000000001,-625.467076414189,-737.3070299954373,-0.75969696969697,-10.177304134030464,-1.689738306714844,0.0593073593073597,0.9586047960841029,0.3182796842582434,-0.12937229437229422,10.316624204735438,10.316794673957661,260.5731711180519,0.8375412166097638,0.3293736287102826,999.45,-2.12,79.55,False
HAOS / PANGAEA,HAOS_Flight_03,HAOS_Flight_03_seg00,test,10.1594/PANGAEA.918819,CC BY 4.0,fixed-wing UAV,2020-02-27 17:45:41+00:00,528.0,65.03071,24.52607,26.41,383494.7867813,7214157.51615744,-635.4934086890426,-738.7913693999872,-0.370000000000001,-634.9712107594152,-738.7858102925563,-0.7157575757575758,-9.032241479706727,-1.444529335653499,-0.1464285714285708,0.92975761653463,0.10949386621817325,-0.13658008658008633,9.147024169056202,9.148196132343736,260.9136154328122,-0.3002796064334763,-0.9171313454688441,999.35,-2.15,79.71,False
HAOS / PANGAEA,HAOS_Flight_03,HAOS_Flight_03_seg00,test,10.1594/PANGAEA.918819,CC BY 4.0,fixed-wing UAV,2020-02-27 17:45:42+00:00,529.0,65.03069,24.52584,25.28,383484.077944112,7214155.62803452,-646.202245877008,-740.6794923199341,-1.5,-643.5315593736025,-740.1960886667443,-1.0525541125541116,-8.317788900961204,-1.4707505742784974,-0.21385281385281296,0.47061082472697535,-0.047383783333799556,0.029621212121211882,8.446817119642992,8.449523801888878,259.972611905185,-0.8426363338403721,-1.4502796214389728,999.5,-2.1,79.28,False
HAOS / PANGAEA,HAOS_Flight_03,HAOS_Flight_03_seg00,test,10.1594/PANGAEA.918819,CC BY 4.0,fixed-wing UAV,2020-02-27 17:45:43+00:00,530.0,65.030675,24.525724999999998,25.62,383478.6962773435,7214154.594590316,-651.5839126455248,-741.7129365243018,-1.1600000000000001,-651.6067885613376,-741.7273114411133,-1.1434632034632017,-8.091019830252776,-1.539296902321098,-0.08718614718614703,-0.011299139050464646,-0.01935517428611888,-0.003354978354978888,8.236142109448998,8.236603564048725,259.22834276513146,-0.11554071693370675,-0.6064989674269251,999.4549999999999,-2.13,79.275,True
HAOS / PANGAEA,HAOS_Flight_03,HAOS_Flight_03_seg00,test,10.1594/PANGAEA.918819,CC BY 4.0,fixed-wing UAV,2020-02-27 17:45:44+00:00,531.0,65.03066,24.52561,25.96,383473.314610575,7214153.56114611,-656.9655794140417,-742.7463807296008,-0.8200000000000003,-659.713599034108,-743.2746824713865,-1.2269264069264056,-8.340387179062134,-1.5094609228507352,-0.22056277056277074,-0.4453889538160638,0.002833249897122414,-0.047337662337662456,8.475879339294384,8.478748640574016,259.74153047131756,0.5409619654025157,-1.4906376088068074,999.41,-2.16,79.27,False
HAOS / PANGAEA,HAOS_Flight_03,HAOS_Flight_03_seg00,test,10.1594/PANGAEA.918819,CC BY 4.0,fixed-wing UAV,2020-02-27 17:45:45+00:00,532.0,65.03064,24.52539,24.91,383462.561752302,7214151.50336743,-667.7184376870282,-744.8041594102979,-1.870000000000001,-668.2875629194618,-744.7462332868148,-1.5845887445887432,-8.981797737884904,-1.5336304025268532,-0.18186147186147195,-0.8362763471656365,-0.10904018242351299,0.11119047619047617,9.111789770172985,9.113604468637899,260.3102666959365,0.23477396399457667,-1.1434099962163946,999.55,-2.08,79.39,False
HAOS / PANGAEA,HAOS_Flight_03,HAOS_Flight_03_seg00,test,10.1594/PANGAEA.918819,CC BY 4.0,fixed-wing UAV,2020-02-27 17:45:46+00:00,533.0,65.03062,24.52516,25.51,383451.918587047,7214149.66220297,-678.3616029419936,-746.6453238697723,-1.2699999999999996,-677.6771945098778,-746.3419432764402,-1.5906493506493495,-10.012939873393407,-1.7275412876977612,0.0018181818181816078,-0.8743176286777725,-0.19480413251994833,0.06685064935064938,10.160874165586936,10.160874328259215,260.2110783993067,-0.23581065894849693,0.010252478454086663,999.47,-2.09,79.44,False
HAOS / PANGAEA,HAOS_Flight_03,HAOS_Flight_03_seg00,test,10.1594/PANGAEA.918819,CC BY 4.0,fixed-wing UAV,2020-02-27 17:45:47+00:00,534.0,65.0306,24.52494,24.83,383441.415866562,7214148.12211904,-688.8643234270276,-748.1854077996686,-1.9500000000000028,-688.3134426662486,-748.2013158622103,-1.58095238095238,-10.730432995240449,-1.9232386675667499,-0.04816017316017318,-0.25573597259545977,-0.12102204348255441,-0.051623376623376516,10.901423725264918,10.901530105450686,259.8386453780395,-0.405526676523821,-0.25311893024413656,999.56,-2.15,79.21,False
HAOS / PANGAEA,HAOS_Flight_03,HAOS_Flight_03_seg00,test,10.1594/PANGAEA.918819,CC BY 4.0,fixed-wing UAV,2020-02-27 17:45:48+00:00,535.0,65.03059,24.52472,24.61,383431.062620589,7214146.40843889,-699.2175694000325,-749.899087949656,-2.1700000000000017,-699.1380605003587,-750.1884206115737,-1.686969696969696,-10.524411818584326,-1.96958537466287,-0.10142857142857142,0.4830908705235686,0.03227590165079164,-0.053127705627705635,10.707124295311198,10.70760470088177,259.4000250462591,-0.3081575384850277,-0.5427465936904396,999.59,-2.07,79.45,False
HAOS / PANGAEA,HAOS_Flight_03,HAOS_Flight_03_seg00,test,10.1594/PANGAEA.918819,CC BY 4.0,fixed-wing UAV,2020-02-27 17:45:49+00:00,536.0,65.03056,24.52451,25.73,383420.917062627,7214144.2249383,-709.3631273620413,-752.0825885394588,-1.0500000000000007,-709.3622663034173,-752.1404866115361,-1.7838095238095228,-9.764251254193312,-1.8586868642651666,-0.15441558441558445,0.20980468800149765,0.009689451993551756,0.011893939393939512,9.93958346282215,9.94078284578825,259.2223303010694,-0.16184366969774655,-0.8900422886235073,999.44,-2.08,79.56,False
HAOS / PANGAEA,HAOS_Flight_03,HAOS_Flight_03_seg00,test,10.1594/PANGAEA.918819,CC BY 4.0,fixed-wing UAV,2020-02-27 17:45:50+00:00,537.0,65.03054,24.5243,25.36,383410.778954637,7214141.99499677,-719.5012353520142,-754.312530069612,-1.4200000000000017,-718.6665630087454,-753.9057943401041,-1.9958008658008648,-10.104802442581331,-1.9502064706757665,-0.0776406926406924,-0.85053101837903,-0.21473137724208868,0.06104978354978369,10.291274832685367,10.291567701716634,259.07633770686357,-0.2543265670594311,-0.4322496176778857,999.49,-2.12,78.96,False
HAOS / PANGAEA,HAOS_Flight_03,HAOS_Flight_03_seg00,test,10.1594/PANGAEA.918819,CC BY 4.0,fixed-wing UAV,2020-02-27 17:45:51+00:00,538.0,65.03052,24.52408,24.09,383400.503075187,7214139.96135596,-729.7771148020402,-756.3461708799005,-2.6900000000000013,-729.57187118858,-756.0408995528876,-1.9390909090909076,-11.465313290951372,-2.288149618749344,-0.032316017316017076,-1.1327802940629965,-0.29351268181460455,-0.01132034632034623,11.691408706287234,11.691453368269666,258.71367716695056,-0.333637565840534,-0.1583698537950012,999.66,-2.04,78.94,False
HAOS / PANGAEA,HAOS_Flight_03,HAOS_Flight_03_seg00,test,10.1594/PANGAEA.918819,CC BY 4.0,fixed-wing UAV,2020-02-27 17:45:52+00:00,539.0,65.0305,24.52386,24.31,383390.159322263,7214138.1751572,-740.1208677260438,-758.1323696402833,-2.4700000000000024,-741.5971895906481,-758.4820935776028,-2.060432900432899,-12.370363030707324,-2.5372318343049756,-0.10028138528138486,-0.6836196787918993,-0.1908219539080278,0.06412337662337664,12.627882914111181,12.628281088443313,258.40906257518253,-0.2331625812498744,-0.4549914979623866,999.63,-2.05,78.69,False
HAOS / PANGAEA,HAOS_Flight_03,HAOS_Flight_03_seg00,test,10.1594/PANGAEA.918819,CC BY 4.0,fixed-wing UAV,2020-02-27 17:45:53+00:00,540.0,65.03048,24.52364,24.98,383379.60209743,7214136.375164,-750.6780925590429,-759.9323628395796,-1.8000000000000007,-754.3125972499946,-761.1153632214975,-2.1396536796536774,-12.83255264853517,-2.6697935265653996,0.0959307359307362,-0.22592560057466926,-0.07561659696710876,0.22167748917748886,13.107334013899147,13.107685060986693,258.2473520044508,-0.1254328843294851,0.41933227243306176,999.54,-2.11,79.17,False
HAOS / PANGAEA,HAOS_Flight_03,HAOS_Flight_03_seg00,test,10.1594/PANGAEA.918819,CC BY 4.0,fixed-wing UAV,2020-02-27 17:45:54+00:00,541.0,65.03043,24.52321,25.28,383359.11975582,7214131.79906856,-771.1604341689963,-764.5084582800046,-1.5,-767.2622948877184,-763.8216806307336,-1.8685714285714266,-12.822214231856663,-2.688465028239193,0.34307359307359286,0.24340868662025628,0.027476491878275056,0.11746753246753228,13.101031334047434,13.105522557531124,258.15819680652356,-0.10296649595540928,1.5000481357626791,999.5,-2.12,79.44,False
HAOS / PANGAEA,HAOS_Flight_03,HAOS_Flight_03_seg00,test,10.1594/PANGAEA.918819,CC BY 4.0,fixed-wing UAV,2020-02-27 17:45:55+00:00,542.0,65.0304,24.523,24.76,383349.037812375,7214129.1934289,-781.2423776140204,-767.1140979398042,-2.0199999999999996,-779.9570257137079,-766.4922932779759,-1.4535064935064916,-12.345735275294658,-2.6148405428088495,0.33086580086580075,0.6928777305809888,0.11840182908773045,-0.16463203463203469,12.619610554687167,12.623947192940657,258.04141901254,-0.1288518495268203,1.5018587087506232,999.57,-2.04,79.26,False
HAOS / PANGAEA,HAOS_Flight_03,HAOS_Flight_03_seg00,test,10.1594/PANGAEA.918819,CC BY 4.0,fixed-wing UAV,2020-02-27 17:45:56+00:00,543.0,65.03038,24.52278,25.66,383338.686150871,7214127.05141624,-791.5940391180338,-769.2561106001958,-1.120000000000001,-791.9537654383078,-769.0513617163513,-1.206839826839825,-11.436458770694685,-2.451661370063732,0.013809523809523494,1.1019821670852252,0.22587805189235155,-0.2702489177489178,11.696291407418942,11.696299559698785,257.9004931074699,-0.04066410894929214,0.0676476873014639,999.45,-2.11,79.04,False
HAOS / PANGAEA,HAOS_Flight_03,HAOS_Flight_03_seg00,test,10.1594/PANGAEA.918819,CC BY 4.0,fixed-wing UAV,2020-02-27 17:45:57+00:00,544.0,65.03036,24.52256,25.66,383328.306086619,7214125.25313136,-801.9741033700411,-771.0543954800814,-1.120000000000001,-802.8299432550973,-771.3956160181034,-1.4258874458874446,-10.141770941124207,-2.1630844390241464,-0.20963203463203484,0.7805269094880032,0.18236036756627527,-0.06775974025974019,10.369881971969585,10.372000660553574,257.9600907946414,0.08346096478852784,-1.1581033521103792,999.45,-2.11,79.04,False
HAOS / PANGAEA,HAOS_Flight_03,HAOS_Flight_03_seg00,test,10.1594/PANGAEA.918819,CC BY 4.0,fixed-wing UAV,2020-02-27 17:45:58+00:00,545.0,65.03034,24.52235,25.51,383318.06812498,7214123.21727818,-812.2120650089928,-773.0902486601844,-1.2699999999999996,-812.2373073205562,-773.3775305943996,-1.6261038961038947,-9.875404951718679,-2.0869406349311816,-0.12170995670995688,-0.08030323197493772,-0.03834614616988574,0.039199134199134344,10.093510002677798,10.094243779883618,258.06741503704694,-0.11277603054487964,-0.6908527250198028,999.47,-2.11,79.47,False
HAOS / PANGAEA,HAOS_Flight_03,HAOS_Flight_03_seg00,test,10.1594/PANGAEA.918819,CC BY 4.0,fixed-wing UAV,2020-02-27 17:45:59+00:00,546.0,65.03031,24.52213,25.13,383307.768466868,7214120.80136527,-822.5117231210461,-775.5061615696177,-1.6500000000000021,-822.5807531585347,-775.5694972879658,-1.6693073593073584,-10.302377405074083,-2.239776731363918,-0.13123376623376615,-0.1747588377535294,-0.10248514398975317,0.02003246753246768,10.543034667634373,10.543851398058496,257.73453873355163,-0.35070306702643406,-0.7131488108129718,999.52,-2.13,79.2,False
HAOS / PANGAEA,HAOS_Flight_03,HAOS_Flight_03_seg00,test,10.1594/PANGAEA.918819,CC BY 4.0,fixed-wing UAV,2020-02-27 17:46:00+00:00,547.0,65.03029,24.52191,23.86,383297.4199457,7214118.30496667,-832.8602442890406,-778.002560169436,-2.9200000000000017,-832.8420621307043,-777.8570840571274,-1.888571428571427,-10.224922627225737,-2.291910922910688,-0.08164502164502152,0.06762202142058982,0.0011808176522833946,0.12116883116883093,10.478640103148415,10.478958169630681,257.3660089029941,-0.07271415203587181,-0.44641484513542096,999.69,-2.05,79.08,False
HAOS / PANGAEA,HAOS_Flight_03,HAOS_Flight_03_seg00,test,10.1594/PANGAEA.918819,CC BY 4.0,fixed-wing UAV,2020-02-27 17:46:01+00:00,548.0,65.03026,24.5217,25.21,383287.101889365,7214116.0556129,-843.1783006240148,-780.2519139396027,-1.5700000000000003,-843.0305984129861,-780.1533191337871,-1.8325974025974014,-10.167133362232903,-2.237415096059351,0.1111038961038957,-0.06893803130861897,0.08901754978060694,0.1555952380952378,10.410409555704502,10.411002410586267,257.5891104294799,0.5522889410997242,0.6114593887482043,999.51,-2.12,79.4,False
HAOS / PANGAEA,HAOS_Flight_03,HAOS_Flight_03_seg00,test,10.1594/PANGAEA.918819,CC BY 4.0,fixed-wing UAV,2020-02-27 17:46:02+00:00,549.0,65.03024,24.52148,25.58,383277.081813529,7214114.02562747,-853.1983764600009,-782.2818993702531,-1.2000000000000028,-853.1763288551701,-782.3319142492461,-1.6663636363636356,-10.362798689842975,-2.113875823349474,0.22954545454545405,-0.13024678976103132,0.15450078163206626,0.09555194805194794,10.576202895309484,10.578693624377973,258.4705867851935,0.9666884395683041,1.2433499369308194,999.46,-2.1,79.32,False
HAOS / PANGAEA,HAOS_Flight_03,HAOS_Flight_03_seg00,test,10.1594/PANGAEA.918819,CC BY 4.0,fixed-wing UAV,2020-02-27 17:46:03+00:00,550.0,65.03022,24.52127,25.21,383267.04733139,7214112.00259893,-863.2328585990472,-784.3049279097468,-1.5700000000000003,-863.7561957926721,-784.3810707804861,-1.3735064935064933,-10.427626941754966,-1.9284135327952185,0.3022077922077916,0.3679946871551465,0.23278219049024074,-0.04716450216450219,10.604441634988698,10.608746954261509,259.5224873086165,0.906695624485632,1.6323863520982762,999.51,-2.13,79.25,False
HAOS / PANGAEA,HAOS_Flight_03,HAOS_Flight_03_seg00,test,10.1594/PANGAEA.918819,CC BY 4.0,fixed-wing UAV,2020-02-27 17:46:04+00:00,551.0,65.0302,24.52106,25.81,383256.950227776,7214110.1995893,-873.3299622129998,-786.1079375399277,-0.9700000000000024,-874.0315827386801,-786.1887413148365,-1.0619480519480524,-9.626809315532682,-1.6483114423689926,0.13521645021644968,0.9169668633240917,0.30311436464529606,-0.14405844155844139,9.766902692700045,9.767838640000177,260.2839780341648,0.8654207015640075,0.7931723343414036,999.43,-2.08,79.24,False
HAOS / PANGAEA,HAOS_Flight_03,HAOS_Flight_03_seg00,test,10.1594/PANGAEA.918819,CC BY 4.0,fixed-wing UAV,2020-02-27 17:46:05+00:00,552.0,65.03018,24.52085,25.58,383246.718860404,7214108.49458355,-883.5613295850344,-787.8129432899877,-1.2000000000000028,-883.0098144237375,-787.6776936652241,-1.103073593073594,-8.593693215106782,-1.3221848035046264,0.01409090909090882,0.7932899935765931,0.322292018970046,-0.02165584415584393,8.694810850731079,8.694822268667135,261.25332871174453,1.3000680534234816,0.09285410890131413,999.46,-2.08,79.25,False
HAOS / PANGAEA,HAOS_Flight_03,HAOS_Flight_03_seg00,test,10.1594/PANGAEA.918819,CC BY 4.0,fixed-wing UAV,2020-02-27 17:46:06+00:00,553.0,65.03016,24.52063,25.81,383236.415319993,7214107.07367027,-893.8648699960322,-789.2338565699756,-0.9700000000000024,-891.2189691688936,-788.8331109218458,-1.0337662337662348,-8.040229328379496,-1.0037274044289006,0.09190476190476182,0.36293559689016774,0.24541283700744998,-0.003982683982683588,8.102638851345615,8.103160052756959,262.88411414101176,1.357426790517189,0.6498536178525817,999.43,-2.08,79.25,False
HAOS / PANGAEA,HAOS_Flight_03,HAOS_Flight_03_seg00,test,10.1594/PANGAEA.918819,CC BY 4.0,fixed-wing UAV,2020-02-27 17:46:07+00:00,554.0,65.03015500000001,24.520519999999998,25.81,383231.240251409,7214106.53493337,-899.039938580012,-789.7725934702903,-0.9700000000000024,-899.0902730804964,-789.6851484740819,-0.9192640692640703,-7.867822021326447,-0.8313591294897265,0.006125541125541645,0.003359062128225787,0.04252492834095278,-0.03585497835497803,7.9116231812097375,7.911625552546668,263.9681822927789,0.2960638537504782,0.04436100855144062,999.43,-2.08,79.17,True
HAOS / PANGAEA,HAOS_Flight_03,HAOS_Flight_03_seg00,test,10.1594/PANGAEA.918819,CC BY 4.0,fixed-wing UAV,2020-02-27 17:46:08+00:00,555.0,65.03015,24.52041,25.81,383226.065182825,7214105.99619647,-904.2150071639917,-790.3113303696737,-0.9700000000000024,-906.9546132115465,-790.4958291808252,-1.0215151515151515,-8.033511204123045,-0.9186775477469951,0.020194805194805765,-0.36515415334127965,-0.18624303128584074,0.09084415584415564,8.085868580647656,8.085893799306406,263.4762418485127,-0.9692458242198381,0.14309838063507,999.43,-2.08,79.09,False
HAOS / PANGAEA,HAOS_Flight_03,HAOS_Flight_03_seg00,test,10.1594/PANGAEA.918819,CC BY 4.0,fixed-wing UAV,2020-02-27 17:46:09+00:00,556.0,65.03014,24.52019,25.96,383215.563313773,7214105.07363842,-914.716876216,-791.2338884202763,-0.8200000000000003,-915.1572954887425,-791.5225035695759,-0.8788744588744588,-8.598130328009006,-1.203845192061408,0.18781385281385293,-0.7875749621129842,-0.32783037573767615,0.006753246753246567,8.68199794885242,8.684029158586839,262.0296906443392,-1.39061710423198,1.2392611751219744,999.41,-2.09,79.35,False
HAOS / PANGAEA,HAOS_Flight_03,HAOS_Flight_03_seg00,test,10.1594/PANGAEA.918819,CC BY 4.0,fixed-wing UAV,2020-02-27 17:46:10+00:00,557.0,65.03012,24.51997,25.85,383205.265993793,7214103.73881779,-925.0141961960471,-792.5687090503052,-0.9299999999999997,-924.1508738675645,-792.903519564948,-0.6458874458874456,-9.608661128349013,-1.5743382992223474,0.0337012987012989,-0.8811845635095779,-0.31441442897238403,-0.1937121212121211,9.736781283352505,9.736839607253362,260.69500764004874,-1.0305009850658031,0.1983134274624534,999.42,-2.06,79.38,False
HAOS / PANGAEA,HAOS_Flight_03,HAOS_Flight_03_seg00,test,10.1594/PANGAEA.918819,CC BY 4.0,fixed-wing UAV,2020-02-27 17:46:11+00:00,558.0,65.0301,24.51976,25.73,383195.442338815,7214101.60991661,-934.8378511740011,-794.6976102301851,-1.0500000000000007,-934.3746177454406,-794.6711801680206,-0.811471861471861,-10.360499455028162,-1.832674050006176,-0.1996103896103893,-0.11626230483750533,-0.10669363607058813,-0.11251082251082245,10.521342268513314,10.523235597421797,259.9686886742076,-0.4954720872248073,-1.0868823296685575,999.44,-2.03,79.42,False
HAOS / PANGAEA,HAOS_Flight_03,HAOS_Flight_03_seg00,test,10.1594/PANGAEA.918819,CC BY 4.0,fixed-wing UAV,2020-02-27 17:46:12+00:00,559.0,65.03008,24.51956,26.63,383185.566824492,7214099.38547478,-944.7133654970094,-796.9220520602539,-0.15000000000000213,-944.8718727776209,-796.5688676649604,-1.0451082251082242,-9.841185738024024,-1.7877255713635236,-0.191320346320346,0.20508568370061653,-0.03068029476042966,0.03706709956709944,10.002244720501217,10.004074316182914,259.7040634655991,-0.3729760159344405,-1.0958052023904847,999.32,-2.13,78.93,False
HAOS / PANGAEA,HAOS_Flight_03,HAOS_Flight_03_seg00,test,10.1594/PANGAEA.918819,CC BY 4.0,fixed-wing UAV,2020-02-27 17:46:13+00:00,560.0,65.03006,24.51934,25.96,383175.42882826,7214097.58980889,-954.85136172903,-798.7177179502323,-0.8200000000000003,-954.0569892214886,-798.2466313107476,-1.194112554112553,-9.950328087626929,-1.8940346395270353,-0.1254761904761904,-0.7156602181674145,-0.22897196930102837,0.07771645021645013,10.128987919192404,10.12976507829881,259.22273664233876,-0.4854130864702234,-0.7097341298455687,999.41,-2.11,79.14,False
HAOS / PANGAEA,HAOS_Flight_03,HAOS_Flight_03_seg00,test,10.1594/PANGAEA.918819,CC BY 4.0,fixed-wing UAV,2020-02-27 17:46:14+00:00,561.0,65.03004,24.51913,24.16,383165.305739541,7214095.91719216,-964.9744504480041,-800.3903346797451,-2.620000000000001,-964.7725289528747,-800.3569369440145,-1.296060606060605,-11.272506174358853,-2.2456695099655803,-0.035887445887445746,-1.088251164617958,-0.31318594988442783,0.07049783549783556,11.494017008815826,11.49407303386053,258.7332372926587,-0.48188963296998266,-0.17889241886814586,999.65,-2.07,79.25,False
HAOS / PANGAEA,HAOS_Flight_03,HAOS_Flight_03_seg00,test,10.1594/PANGAEA.918819,CC BY 4.0,fixed-wing UAV,2020-02-27 17:46:15+00:00,562.0,65.03002,24.51891,25.51,383154.939245811,7214094.24424203,-975.340944177995,-802.0632848097011,-1.2699999999999996,-976.6020015702063,-802.7379703306788,-1.2658874458874445,-12.126830416862845,-2.520406539295891,0.01551948051948071,-0.6089046408727938,-0.2631183419511558,0.11666666666666636,12.385978567827225,12.385988290683589,258.25895737639877,-0.6228924559494823,0.0717908773853262,999.47,-2.07,79.51,False
HAOS / PANGAEA,HAOS_Flight_03,HAOS_Flight_03_seg00,test,10.1594/PANGAEA.918819,CC BY 4.0,fixed-wing UAV,2020-02-27 17:46:16+00:00,563.0,65.03,24.51869,26.03,383144.672808863,7214092.00059562,-985.6073811260285,-804.306931219995,-0.75,-989.0261897866004,-805.3977500226063,-1.2650216450216436,-12.49031545610444,-2.771906193867892,0.19744588744588698,-0.1563147062415453,-0.19267254905651043,0.15167748917748877,12.794195720740113,12.795719167716754,257.48745238075975,-0.7035025263849419,0.8841445229123746,999.4,-2.08,79.35,False
HAOS / PANGAEA,HAOS_Flight_03,HAOS_Flight_03_seg00,test,10.1594/PANGAEA.918819,CC BY 4.0,fixed-wing UAV,2020-02-27 17:46:17+00:00,564.0,65.02994,24.51828,25.88,383125.097876009,7214086.86635428,-1005.1823139800108,-809.4411725597456,-0.9000000000000021,-1001.5826324824152,-808.2817827184145,-0.8709956709956705,-12.439459829345935,-2.905751637408912,0.31887445887445826,0.24277805926965357,-0.04078949254216013,-0.11216450216450202,12.774331819090023,12.778311091249043,256.8519523236289,-0.4291546551161368,1.4299274205369394,999.42,-2.07,79.46,False
HAOS / PANGAEA,HAOS_Flight_03,HAOS_Flight_03_seg00,test,10.1594/PANGAEA.918819,CC BY 4.0,fixed-wing UAV,2020-02-27 17:46:18+00:00,565.0,65.02992,24.51807,26.26,383115.093703435,7214084.65600884,-1015.186486554041,-811.6515180002898,-0.5199999999999996,-1013.9051094452923,-811.2092532974241,-0.6272727272727271,-12.004759337565133,-2.853485178952212,-0.026883116883117064,0.6197319788016955,0.1415952758125627,-0.22658008658008638,12.339231111352003,12.339260396041999,256.62914307052745,-0.015370045716439596,-0.12482841812579537,999.37,-2.13,79.55,False
HAOS / PANGAEA,HAOS_Flight_03,HAOS_Flight_03_seg00,test,10.1594/PANGAEA.918819,CC BY 4.0,fixed-wing UAV,2020-02-27 17:46:19+00:00,566.0,65.0299,24.51786,25.88,383105.052158775,7214082.37934056,-1025.2280312140356,-813.9281862797216,-0.9000000000000021,-1025.5921511575455,-813.988753076319,-0.9247619047619047,-11.199995871742544,-2.6225610857837864,-0.1342857142857145,0.9976789834711326,0.27797202267919374,0.02738095238095234,11.502944587179297,11.50372838816958,256.82121223219605,0.22160923294946072,-0.6688422366247786,999.42,-2.13,79.23,False
HAOS / PANGAEA,HAOS_Flight_03,HAOS_Flight_03_seg00,test,10.1594/PANGAEA.918819,CC BY 4.0,fixed-wing UAV,2020-02-27 17:46:20+00:00,567.0,65.02987,24.51765,26.18,383094.925477841,7214080.12746945,-1035.3547121480224,-816.1800573896617,-0.6000000000000014,-1036.3051011887774,-816.4543754689917,-0.8958441558441561,-10.009401370622868,-2.2975411335938247,0.027878787878787614,0.7429416711198655,0.1564399452126395,0.13543290043290035,10.26970355262422,10.269741393316393,257.0723615364264,-0.09791584460275223,0.15553837084235153,999.38,-2.11,79.72,False
HAOS / PANGAEA,HAOS_Flight_03,HAOS_Flight_03_seg00,test,10.1594/PANGAEA.918819,CC BY 4.0,fixed-wing UAV,2020-02-27 17:46:21+00:00,568.0,65.02985,24.51743,25.21,383084.663190159,7214077.81826896,-1045.616999830003,-818.4892578795552,-1.5700000000000003,-1045.6109538987912,-818.5838353435066,-0.8690043290043294,-9.714112529502813,-2.3096811953585075,0.1365800865800862,-0.05167685735750638,-0.0624431723111627,0.09237012987012985,9.984919101326573,9.98585317236772,256.6253805429905,-0.2716343526705709,0.7836793108271131,999.51,-2.04,79.53,False
HAOS / PANGAEA,HAOS_Flight_03,HAOS_Flight_03_seg00,test,10.1594/PANGAEA.918819,CC BY 4.0,fixed-wing UAV,2020-02-27 17:46:22+00:00,569.0,65.02982,24.51722,25.81,383074.444453813,7214075.42283385,-1055.835736175999,-820.8846929902211,-0.9700000000000024,-1055.733326247783,-821.0737378597087,-0.6226839826839837,-10.11275508533788,-2.42242747821615,0.21261904761904732,-0.1900720235166773,0.04443959909031037,-0.03270562770562749,10.398844661944125,10.401018082988523,256.5290928310852,0.48342301903828516,1.1713298241487244,999.43,-2.08,79.79,False
HAOS / PANGAEA,HAOS_Flight_03,HAOS_Flight_03_seg00,test,10.1594/PANGAEA.918819,CC BY 4.0,fixed-wing UAV,2020-02-27 17:46:23+00:00,570.0,65.0298,24.51701,27.08,383064.322632502,7214072.88340084,-1065.9575574870105,-823.4241260001436,0.29999999999999716,-1065.836464069467,-823.4286902999389,-0.4437662337662348,-10.094256576536168,-2.2208019971778867,0.07116883116883121,0.017825778193639508,0.23200677590770624,-0.10103896103896094,10.335665307255889,10.335910329823054,257.5922265810671,1.2364851623378708,0.3945183105063707,999.26,-2.15,79.24,False
HAOS / PANGAEA,HAOS_Flight_03,HAOS_Flight_03_seg00,test,10.1594/PANGAEA.918819,CC BY 4.0,fixed-wing UAV,2020-02-27 17:46:24+00:00,571.0,65.02977,24.5168,26.18,383054.415847043,7214070.46059874,-1075.8643429460353,-825.8469281001016,-0.6000000000000014,-1075.9218394008553,-825.5153418540644,-0.4803463203463213,-10.077103528950602,-1.9584139264007376,0.010541125541125435,0.010693107243753275,0.23998243517536366,-0.10506493506493492,10.265641754917665,10.265647166917276,259.002063155761,1.3012623319047973,0.05883332060210645,999.38,-2.08,79.5,False
HAOS / PANGAEA,HAOS_Flight_03,HAOS_Flight_03_seg00,test,10.1594/PANGAEA.918819,CC BY 4.0,fixed-wing UAV,2020-02-27 17:46:25+00:00,572.0,65.02975,24.51659,26.93,383044.486007722,7214068.54797581,-1085.79418226704,-827.7595510296524,0.14999999999999858,-1085.9906711273682,-827.3455181527404,-0.42268398268398394,-10.072870362048661,-1.7408371268271594,-0.13896103896103862,0.005137180945609998,0.1655489724740562,-0.202911255411255,10.222193073542398,10.223137551805086,260.19475124487667,0.9077165438410055,-0.7788339154802182,999.28,-2.12,79.36,False
HAOS / PANGAEA,HAOS_Flight_03,HAOS_Flight_03_seg00,test,10.1594/PANGAEA.918819,CC BY 4.0,fixed-wing UAV,2020-02-27 17:46:26+00:00,573.0,65.02974,24.51637,25.43,383034.190947797,7214067.47490547,-1096.0892421920435,-828.8326213695109,-1.3500000000000014,-1096.0675801249527,-828.9970161077188,-0.7582683982683985,-10.066829167059382,-1.6273159814526252,-0.39528138528138457,0.012925679483259955,0.035577503951202516,-0.04253246753246767,10.197509832417353,10.205168012129862,260.817496243443,0.1848394328383414,-2.219818619673308,999.48,-2.05,79.5,False
HAOS / PANGAEA,HAOS_Flight_03,HAOS_Flight_03_seg00,test,10.1594/PANGAEA.918819,CC BY 4.0,fixed-wing UAV,2020-02-27 17:46:27+00:00,574.0,65.02972,24.51616,25.43,383024.064010402,7214066.07454342,-1106.2161795870052,-830.2329834196717,-1.3500000000000014,-1106.124329461487,-830.6001501156456,-1.213246753246753,-10.047019003082141,-1.6696821189247544,-0.22402597402597396,-0.08395890836936815,-0.1344389864415234,0.2048106060606057,10.184813656937996,10.18727720559272,260.56443011055336,-0.6568422376447773,-1.2600793446773915,999.48,-2.05,79.5,False
HAOS / PANGAEA,HAOS_Flight_03,HAOS_Flight_03_seg00,test,10.1594/PANGAEA.918819,CC BY 4.0,fixed-wing UAV,2020-02-27 17:46:28+00:00,575.0,65.0297,24.51595,25.88,383014.045190369,7214064.10996578,-1116.2349996200064,-832.1975610600784,-0.9000000000000021,-1116.161618131117,-832.3363803455683,-1.2063203463203465,-10.234746983798118,-1.896193954335672,0.01433982683982682,-0.097158185095509,-0.23441569045090205,0.17992424242424246,10.408919124233016,10.408929001845369,259.5038117681534,-1.179500043340335,0.07893336736333978,999.42,-2.07,79.24,False
HAOS / PANGAEA,HAOS_Flight_03,HAOS_Flight_03_seg00,test,10.1594/PANGAEA.918819,CC BY 4.0,fixed-wing UAV,2020-02-27 17:46:29+00:00,576.0,65.02968,24.51574,25.21,383004.12236278,7214061.9647222,-1126.157827209041,-834.3428046396002,-1.5700000000000003,-1126.5938234290832,-834.392538024317,-1.1845670995670994,-10.24133537327316,-2.1385134998265585,0.13582251082251096,0.40814221301502585,-0.08303726866972738,0.030005411255411285,10.46222682877773,10.463108427768615,258.2054300238727,-0.9271961988645884,0.7437823339533427,999.51,-2.06,79.21,False
HAOS / PANGAEA,HAOS_Flight_03,HAOS_Flight_03_seg00,test,10.1594/PANGAEA.918819,CC BY 4.0,fixed-wing UAV,2020-02-27 17:46:30+00:00,577.0,65.02965,24.51553,25.58,382994.320518241,7214059.72160524,-1135.9596717480454,-836.5859215995297,-1.2000000000000028,-1136.6442888776633,-836.6134073452214,-0.9346753246753245,-9.418462557768066,-2.062268491675127,0.07435064935064939,0.8845495919243831,0.21883075734402269,-0.18309523809523803,9.641596770443938,9.641883441677454,257.64941937042425,0.22149782556240846,0.4418245311885836,999.46,-2.05,79.23,False
HAOS / PANGAEA,HAOS_Flight_03,HAOS_Flight_03_seg00,test,10.1594/PANGAEA.918819,CC BY 4.0,fixed-wing UAV,2020-02-27 17:46:31+00:00,578.0,65.02963,24.51532,26.41,382984.370693992,7214057.5034165,-1145.9094959970098,-838.8041103398427,-0.370000000000001,-1145.4307485446193,-838.5170750076672,-1.0358658008658006,-8.472236189424393,-1.700851985138513,-0.2303679653679651,0.6922266582693055,0.2825428460789112,-0.19045454545454532,8.641277887253828,8.644348033496208,258.6484256749975,0.8971397901690208,-1.527087402119624,999.35,-2.08,79.55,False
HAOS / PANGAEA,HAOS_Flight_03,HAOS_Flight_03_seg00,test,10.1594/PANGAEA.918819,CC BY 4.0,fixed-wing UAV,2020-02-27 17:46:32+00:00,579.0,65.02961,24.51511,25.73,382974.407071238,7214055.47544385,-1155.873118751042,-840.8320829896256,-1.0500000000000007,-1153.588761256512,-840.0151113154984,-1.3954112554112548,-8.034009241229455,-1.4971827995173044,-0.30655844155844125,0.3843369250023443,-0.052134972209785246,-0.01809523809523811,8.172322853591307,8.178070609955718,259.4436989507623,-0.9181063796522893,-2.1482598766463425,999.44,-2.02,79.41,False
HAOS / PANGAEA,HAOS_Flight_03,HAOS_Flight_03_seg00,test,10.1594/PANGAEA.918819,CC BY 4.0,fixed-wing UAV,2020-02-27 17:46:33+00:00,580.0,65.0296,24.51501,25.055,382969.454122348,7214054.37137447,-1160.8260676410282,-841.9361523697153,-1.7250000000000014,-1161.4987670270782,-841.5114406067019,-1.648982683982683,-7.703562339419705,-1.8051219295580836,-0.26655844155844133,0.5045328157953008,-0.6212413708933582,0.10422077922077899,7.912227113644874,7.916715941642921,256.81221291569295,-5.374520174600246,-1.9295325271039505,999.53,-2.04,79.35,True
HAOS / PANGAEA,HAOS_Flight_03,HAOS_Flight_03_seg00,test,10.1594/PANGAEA.918819,CC BY 4.0,fixed-wing UAV,2020-02-27 17:46:34+00:00,581.0,65.02959,24.51491,24.38,382964.501173458,7214053.26730509,-1165.7790165310143,-843.0402217498049,-2.400000000000002,-1168.9958859353515,-843.6253551746146,-1.9285281385281374,-7.024943609638854,-2.7396655413040207,-0.09811688311688327,0.9619773390631963,-1.1827623776172516,0.22072510822510788,7.540265247112625,7.540903587738474,248.6946586015618,-11.313481250234396,-0.7455130366646824,999.62,-2.06,79.29,False
HAOS / PANGAEA,HAOS_Flight_03,HAOS_Flight_03_seg00,test,10.1594/PANGAEA.918819,CC BY 4.0,fixed-wing UAV,2020-02-27 17:46:35+00:00,582.0,65.02956,24.5147,24.38,382954.891790422,7214050.31295246,-1175.3883995669894,-845.9945743801072,-2.400000000000002,-1175.548654246356,-846.9907716893099,-1.8452164502164496,-5.779607661293312,-4.170646684792587,0.17489177489177443,1.4712386829483535,-1.5329160540771625,0.1817748917748918,7.127282686119005,7.129428141216976,234.18525041522412,-16.789752928633824,1.4056619487633095,999.62,-2.06,79.29,False
HAOS / PANGAEA,HAOS_Flight_03,HAOS_Flight_03_seg00,test,10.1594/PANGAEA.918819,CC BY 4.0,fixed-wing UAV,2020-02-27 17:46:36+00:00,583.0,65.02951,24.51456,25.36,382947.911065311,7214044.89940858,-1182.3691246780218,-851.408118260093,-1.4200000000000017,-1180.555101257938,-851.9666485441998,-1.5787445887445886,-4.082466243742147,-5.805497649458346,0.26543290043290035,2.0738041199438157,-1.5223972113748516,0.07861471861471875,7.0972060410530915,7.10216785311307,215.11515274429416,-20.72022461897667,2.141842869990955,999.49,-2.02,79.13,False
HAOS / PANGAEA,HAOS_Flight_03,HAOS_Flight_03_seg00,test,10.1594/PANGAEA.918819,CC BY 4.0,fixed-wing UAV,2020-02-27 17:46:37+00:00,584.0,65.02944,24.51451,25.88,382945.059008162,7214037.63795397,-1185.2211818270152,-858.6695728702471,-0.9000000000000021,-1183.7135867338402,-858.6017669882266,-1.314350649350649,-1.6319994214056806,-7.21544110754229,0.33212121212121193,2.803314801364195,-1.120624891748406,-0.08051406926406934,7.3977031900367285,7.405154757830551,192.7448011772708,-22.920344230659563,2.570578163195933,999.42,-2.11,79.09,False
HAOS / PANGAEA,HAOS_Flight_03,HAOS_Flight_03_seg00,test,10.1594/PANGAEA.918819,CC BY 4.0,fixed-wing UAV,2020-02-27 17:46:38+00:00,585.0,65.02937,24.51453,26.41,382945.965074272,7214029.45655815,-1184.3151157170068,-866.8509686896577,-0.370000000000001,-1183.8191001007494,-866.3975307592843,-0.9145021645021647,1.524163358986243,-8.046747432955158,0.10440476190476167,2.7121517788694973,-0.3479667279014791,-0.3112554112554109,8.189824063717527,8.190489518273926,169.27446428297503,-19.17772641036357,0.7303732232127179,999.35,-2.08,79.52,False
HAOS / PANGAEA,HAOS_Flight_03,HAOS_Flight_03_seg00,test,10.1594/PANGAEA.918819,CC BY 4.0,fixed-wing UAV,2020-02-27 17:46:39+00:00,586.0,65.02929,24.51462,25.06,382949.777586908,7214021.29220877,-1180.5026030809968,-875.015318069607,-1.7200000000000024,-1180.6652600158677,-874.6952618541369,-1.1055411255411256,3.792304136333314,-7.911374563345248,-0.29038961038960986,1.7522985159987456,-0.0418148590534031,-0.2456331168831163,8.773335633839444,8.7781401372853,154.38934835654368,-10.505938899676813,-1.8957472746786144,999.53,-2.02,79.53,False
HAOS / PANGAEA,HAOS_Flight_03,HAOS_Flight_03_seg00,test,10.1594/PANGAEA.918819,CC BY 4.0,fixed-wing UAV,2020-02-27 17:46:40+00:00,587.0,65.02922,24.51474,25.28,382954.879979765,7214013.15274657,-1175.4002102240338,-883.1547802696005,-1.5,-1176.2344918280828,-882.2202798859748,-1.4952813852813844,5.028760390983734,-8.130377151061964,-0.3868614718614709,0.9726711326781583,-0.6615951018593478,-0.04006493506493497,9.559888267570773,9.56771265699635,148.26258648362142,-3.121489263793876,-2.3173327442948835,999.5,-2.04,79.09,False
HAOS / PANGAEA,HAOS_Flight_03,HAOS_Flight_03_seg00,test,10.1594/PANGAEA.918819,CC BY 4.0,fixed-wing UAV,2020-02-27 17:46:41+00:00,588.0,65.02915,24.51486,25.58,382960.276807561,7214005.07210044,-1170.0033824280254,-891.2354263998568,-1.2000000000000028,-1170.6077392339002,-890.9560161562608,-1.8792640692640674,5.737646401689631,-9.234564767063944,-0.3705194805194798,0.3099352215277804,-1.020746741646434,0.07148268398268365,10.871879904962192,10.878191823706969,148.14636982895593,1.3465884645489794,-1.9519153312541384,999.46,-2.08,79.46,False
HAOS / PANGAEA,HAOS_Flight_03,HAOS_Flight_03_seg00,test,10.1594/PANGAEA.918819,CC BY 4.0,fixed-wing UAV,2020-02-27 17:46:42+00:00,589.0,65.02908,24.51497,23.64,382965.109058988,7213996.75085756,-1165.1711310010287,-899.556669279933,-3.1400000000000006,-1164.7591990247035,-900.6894094201027,-2.236320346320344,5.648630834039295,-10.171870634354832,-0.2438961038961036,-0.33091305132575144,-0.8191051835292456,0.14721861471861442,11.635032552653628,11.637588573703976,150.95576341271936,3.4143473415308034,-1.2008708221441944,999.72,-2.01,79.03,False
HAOS / PANGAEA,HAOS_Flight_03,HAOS_Flight_03_seg00,test,10.1594/PANGAEA.918819,CC BY 4.0,fixed-wing UAV,2020-02-27 17:46:43+00:00,590.0,65.02901,24.51507,24.76,382969.481556014,7213988.42540033,-1160.798633975035,-907.8821265101433,-2.0199999999999996,-1159.3104775658217,-911.2997574249705,-2.3670562770562746,5.075820299038128,-10.872775134122435,-0.07608225108225097,-0.7085218429051565,-0.5069098697453569,0.15687229437229422,11.999216258794515,11.99945745999578,154.97506451201752,4.16121238286823,-0.3632848489764653,999.57,-2.05,79.29,False
HAOS / PANGAEA,HAOS_Flight_03,HAOS_Flight_03_seg00,test,10.1594/PANGAEA.918819,CC BY 4.0,fixed-wing UAV,2020-02-27 17:46:44+00:00,591.0,65.02885,24.51525,24.46,382977.410788398,7213970.93425197,-1152.869401591015,-925.3732748702168,-2.3200000000000003,-1154.6075584266273,-922.4349596883476,-2.388484848484846,4.231587148228982,-11.185690373845546,0.06984848484848483,-0.907990321249315,-0.0705415748454925,0.19912337662337642,11.959347763678318,11.959551736726306,159.27818817845582,4.268718424253053,0.334631784475061,999.61,-2.07,79.48,False
HAOS / PANGAEA,HAOS_Flight_03,HAOS_Flight_03_seg00,test,10.1594/PANGAEA.918819,CC BY 4.0,fixed-wing UAV,2020-02-27 17:46:45+00:00,592.0,65.02877,24.51531,24.31,382980.168242584,7213961.51955449,-1150.1119474050356,-934.7879723496735,-2.4700000000000024,-1150.8473032693637,-933.6711381726616,-2.227359307359305,3.259839656539498,-11.01385828381342,0.3221645021645019,-0.9956200541232647,0.4391703962497786,0.12551948051948025,11.486149436703016,11.490666597231336,163.51250136052363,4.229530551431355,1.6066157088310968,999.63,-2.05,79.1,False
HAOS / PANGAEA,HAOS_Flight_03,HAOS_Flight_03_seg00,test,10.1594/PANGAEA.918819,CC BY 4.0,fixed-wing UAV,2020-02-27 17:46:46+00:00,593.0,65.02868,24.51537,24.76,382982.207248196,7213951.88335339,-1148.0729417930124,-944.4241734500974,-2.0199999999999996,-1148.0878791135483,-944.4626762559744,-1.7441558441558422,2.2403470399824528,-10.307349581345989,0.32088744588744533,-1.028938065747866,0.9768688756441861,-0.1001406926406927,10.548014517037387,10.552894342528008,167.73724928131855,4.46523299927395,1.742491698525521,999.57,-2.07,79.51,False
HAOS / PANGAEA,HAOS_Flight_03,HAOS_Flight_03_seg00,test,10.1594/PANGAEA.918819,CC BY 4.0,fixed-wing UAV,2020-02-27 17:46:47+00:00,594.0,65.0286,24.5154,25.66,382983.46327695,7213942.65444556,-1146.816913039016,-953.6530812801793,-1.120000000000001,-1146.3666091893988,-954.2858373353536,-1.5855844155844143,1.201963525043766,-9.060120532525048,0.12188311688311648,-0.750636415269355,0.8748678785478887,-0.10629870129870111,9.139502195383377,9.140314867311668,172.44296735907153,3.663338180164893,0.7640431720410839,999.45,-2.05,79.22,False
HAOS / PANGAEA,HAOS_Flight_03,HAOS_Flight_03_seg00,test,10.1594/PANGAEA.918819,CC BY 4.0,fixed-wing UAV,2020-02-27 17:46:48+00:00,595.0,65.02852,24.51543,25.36,382984.436444625,7213933.63255274,-1145.8437453639926,-962.6749740997329,-1.4200000000000017,-1145.6839520634608,-962.5829173210245,-1.5003896103896093,0.7390742094437428,-8.557613824250211,0.1082900432900431,-0.2680714589711215,0.16290313531590073,-0.08461038961038947,8.589469427855438,8.590152023424206,175.06392564164832,1.5988905895507606,0.7223069831137199,999.49,-2.01,79.66,False
HAOS / PANGAEA,HAOS_Flight_03,HAOS_Flight_03_seg00,test,10.1594/PANGAEA.918819,CC BY 4.0,fixed-wing UAV,2020-02-27 17:46:49+00:00,596.0,65.02844,24.51546,25.51,382985.379811128,7213924.94124985,-1144.900378860999,-971.366276989691,-1.2699999999999996,-1144.8884607705113,-971.401064983854,-1.3690043290043281,0.6658206071015229,-8.734314261893246,-0.047337662337662456,-0.10594536640473962,-0.04715584041005627,-0.13901515151515142,8.759655398835779,8.759783305574881,175.64074853817306,0.7246050731738981,-0.30962654788018873,999.47,-2.05,79.58,False
HAOS / PANGAEA,HAOS_Flight_03,HAOS_Flight_03_seg00,test,10.1594/PANGAEA.918819,CC BY 4.0,fixed-wing UAV,2020-02-27 17:46:50+00:00,597.0,65.02837,24.51548,25.06,382986.319851205,7213916.37256406,-1143.9603387840325,-979.9349627802148,-1.7200000000000024,-1144.3523108492577,-980.051545844811,-1.5950649350649342,0.5271834766342636,-8.651925505070324,-0.16974025974025975,0.0720994993706654,0.04023006878026081,-0.05611471861471856,8.667971929080213,8.669633736156289,176.51313578799613,-0.49408887848897504,-1.1218492306405932,999.53,-2.05,79.36,False
HAOS / PANGAEA,HAOS_Flight_03,HAOS_Flight_03_seg00,test,10.1594/PANGAEA.918819,CC BY 4.0,fixed-wing UAV,2020-02-27 17:46:51+00:00,598.0,65.02829,24.51551,24.61,382987.073617171,7213907.84734906,-1143.206572818046,-988.460177780129,-2.1700000000000017,-1143.8340938172428,-988.7049159939946,-1.7084848484848476,0.8100196058428537,-8.653854124332724,-0.15956709956709958,0.668232983560415,0.08499034647257986,-0.05532467532467522,8.691681250890435,8.69314584177354,174.6525707811951,-4.452614430817959,-1.0517521491901698,999.59,-2.05,79.14,False
HAOS / PANGAEA,HAOS_Flight_03,HAOS_Flight_03_seg00,test,10.1594/PANGAEA.918819,CC BY 4.0,fixed-wing UAV,2020-02-27 17:46:52+00:00,599.0,65.02822,24.51553,25.43,382987.898208816,7213899.40959542,-1142.3819811730064,-996.8979314202443,-1.3500000000000014,-1142.732271637572,-997.3592540934765,-1.9141991341991333,1.8636494437550937,-8.481944812125164,-0.2803896103896102,1.5022250150504988,0.46390175917773036,-0.014448051948051766,8.684271820086337,8.688797119208164,167.60790692636022,-10.46441521428603,-1.8492698898206577,999.48,-2.04,79.4,False
HAOS / PANGAEA,HAOS_Flight_03,HAOS_Flight_03_seg00,test,10.1594/PANGAEA.918819,CC BY 4.0,fixed-wing UAV,2020-02-27 17:46:53+00:00,600.0,65.02814,24.51557,24.31,382989.601978882,7213891.1513328,-1140.6782111070352,-1005.1561940396205,-2.4700000000000024,-1140.1067949297326,-1005.668805618245,-2.269264069264068,3.8144696359438512,-7.726050605977264,-0.1884632034632031,2.2868499830370865,1.189037008680799,0.16535714285714265,8.616381872320845,8.618442721786742,153.72374035262305,-17.065538681846306,-1.2530113931526976,999.63,-2.05,78.92,False
HAOS / PANGAEA,HAOS_Flight_03,HAOS_Flight_03_seg00,test,10.1594/PANGAEA.918819,CC BY 4.0,fixed-wing UAV,2020-02-27 17:46:54+00:00,601.0,65.02808,24.51567,25.13,382993.982339128,7213883.51467928,-1136.2978508610395,-1012.7928475597873,-1.6500000000000021,-1135.1033323656843,-1012.811355305431,-2.2911255411255396,6.437349409829267,-6.103870794763566,0.050324675324675106,2.8853998258206275,2.1389488199417315,0.1672294372294369,8.871116395550045,8.871259137030288,133.4768295626676,-21.969163526443985,0.3250279269196283,999.52,-2.05,79.46,False
HAOS / PANGAEA,HAOS_Flight_03,HAOS_Flight_03_seg00,test,10.1594/PANGAEA.918819,CC BY 4.0,fixed-wing UAV,2020-02-27 17:46:55+00:00,602.0,65.02803,24.51585,23.71,383002.166400263,7213877.6645579,-1128.1137897259905,-1018.6429689396173,-3.0700000000000003,-1127.232096110074,-1017.8765472077721,-2.1686147186147178,9.585269287585106,-3.448152966093801,0.14599567099567068,2.8594972465934347,2.8983619637601237,0.1311904761904762,10.186616032476328,10.187662191545872,109.78541329973507,-21.01474013399911,0.8211130245772977,999.71,-2.05,79.13,False
HAOS / PANGAEA,HAOS_Flight_03,HAOS_Flight_03_seg00,test,10.1594/PANGAEA.918819,CC BY 4.0,fixed-wing UAV,2020-02-27 17:46:56+00:00,603.0,65.02801,24.5161,24.38,383013.674972055,7213875.23067319,-1116.605217934004,-1021.0768536496907,-2.400000000000002,-1115.932793790514,-1019.7076612376186,-1.9991341991341982,12.156343903016136,-0.3071468672433184,0.3127056277056275,1.5477395319788911,2.8454567575474528,0.1314935064935065,12.160223529460918,12.164243548040861,91.44734929466938,-14.907609797557571,1.4730621417303886,999.62,-2.05,79.12,False
HAOS / PANGAEA,HAOS_Flight_03,HAOS_Flight_03_seg00,test,10.1594/PANGAEA.918819,CC BY 4.0,fixed-wing UAV,2020-02-27 17:46:57+00:00,604.0,65.02803,24.51638,25.88,383026.920202676,7213876.75896728,-1103.3599873130443,-1019.5485595595092,-0.9000000000000021,-1102.9194083040418,-1018.4908409422587,-1.5432034632034628,12.680748351542888,2.2427605490011047,0.40898268398268367,-0.13383116365162095,2.185840375092482,0.0779004329004328,12.877552315378626,12.884045190510282,79.97019370461993,-10.161008558571126,1.8190652438502655,999.42,-2.04,79.25,False
HAOS / PANGAEA,HAOS_Flight_03,HAOS_Flight_03_seg00,test,10.1594/PANGAEA.918819,CC BY 4.0,fixed-wing UAV,2020-02-27 17:46:58+00:00,605.0,65.02807,24.51667,25.81,383040.911763234,7213881.30683858,-1089.3684267550125,-1015.0006882594898,-0.9700000000000024,-1090.5712970874283,-1015.2221401396164,-1.1811688311688309,11.888681575712894,4.064533882941646,0.4685064935064931,-0.7925976058251649,1.5086598567920078,-0.061937229437229346,12.564282124111823,12.57301410278115,71.12533217752713,-7.66723415607481,2.1354991358245092,999.43,-2.05,78.96,False
HAOS / PANGAEA,HAOS_Flight_03,HAOS_Flight_03_seg00,test,10.1594/PANGAEA.918819,CC BY 4.0,fixed-wing UAV,2020-02-27 17:46:59+00:00,606.0,65.02814,24.51696,25.96,383055.064831535,7213888.12567159,-1075.2153584540356,-1008.18185525015,-0.8200000000000003,-1079.142045152616,-1010.3617731763754,-0.6061904761904766,11.095553139892559,5.26008026258512,0.285108225108225,-0.562736818147755,0.8865611411488601,-0.2840692640692637,12.279240361236406,12.282549839061982,64.6357253924703,-4.7997351159496295,1.3300955868995123,999.41,-2.07,79.38,False
HAOS / PANGAEA,HAOS_Flight_03,HAOS_Flight_03_seg00,test,10.1594/PANGAEA.918819,CC BY 4.0,fixed-wing UAV,2020-02-27 17:47:00+00:00,607.0,65.028175,24.517105,26.11,383062.075920996,7213892.058422765,-1068.204268992995,-1004.2491040751338,-0.6700000000000017,-1068.3801908076432,-1004.7019796144461,-0.6109523809523809,10.763207939417384,5.837656165239366,-0.09963203463203424,0.013506320873545974,0.41589676547152976,-0.1849567099567099,12.24438135026407,12.244786694467956,61.52586194562787,-1.6727111949575175,-0.4662031460580077,999.39,-2.07,79.32499999999999,True
HAOS / PANGAEA,HAOS_Flight_03,HAOS_Flight_03_seg00,test,10.1594/PANGAEA.918819,CC BY 4.0,fixed-wing UAV,2020-02-27 17:47:01+00:00,608.0,65.02821,24.51725,26.26,383069.087010457,7213895.99117394,-1061.1931795320124,-1000.3163529001176,-0.5199999999999996,-1057.6156292737812,-998.6864608458967,-0.8054545454545451,11.12256578163965,6.09187379352818,-0.08480519480519483,0.7055373318449369,0.15437391073365347,0.09126623376623333,12.681577026662602,12.681860581328067,61.29030300255528,0.8431977074081648,-0.3831469307190698,999.37,-2.07,79.27,False
HAOS / PANGAEA,HAOS_Flight_03,HAOS_Flight_03_seg00,test,10.1594/PANGAEA.918819,CC BY 4.0,fixed-wing UAV,2020-02-27 17:47:02+00:00,609.0,65.02828,24.51755,26.18,383083.163575015,7213903.41887479,-1047.1166149740457,-992.8886520499364,-0.6000000000000014,-1046.135059244364,-992.5182320273898,-0.7805627705627706,12.174282603107258,6.146403986706673,0.08290043290043242,1.3684840599404993,0.05302199305259592,0.0790367965367964,13.637867827051402,13.638119787928936,63.2122573604442,2.307865103226418,0.3482792532851785,999.38,-2.08,78.39,False
HAOS / PANGAEA,HAOS_Flight_03,HAOS_Flight_03_seg00,test,10.1594/PANGAEA.918819,CC BY 4.0,fixed-wing UAV,2020-02-27 17:47:03+00:00,610.0,65.02835,24.51785,25.36,383097.70357702,7213910.24110017,-1032.5766129690455,-986.0664266701788,-1.4200000000000017,-1033.2670640675667,-986.3936528724834,-0.6396536796536803,13.85953390152065,6.1979177796333715,0.07326839826839798,1.136299577607332,-0.12118226589811343,-0.07229437229437213,15.182254930361815,15.182431723168738,65.90603320900811,2.2796356188012754,0.2765028925269873,999.49,-2.07,79.55,False
HAOS / PANGAEA,HAOS_Flight_03,HAOS_Flight_03_seg00,test,10.1594/PANGAEA.918819,CC BY 4.0,fixed-wing UAV,2020-02-27 17:47:04+00:00,611.0,65.02842,24.51816,26.11,383112.584556654,7213916.92070578,-1017.695633335039,-979.3868210595101,-0.6700000000000017,-1018.4159914413226,-980.122396468123,-0.6340259740259746,14.446881758321922,5.904039454910446,-0.06168831168831185,0.4900641531202723,-0.5268929300837328,-0.08119047619047598,15.606731702187808,15.60685361858286,67.77152859804676,2.487610212711191,-0.22647031841868143,999.39,-2.09,79.15,False
HAOS / PANGAEA,HAOS_Flight_03,HAOS_Flight_03_seg00,test,10.1594/PANGAEA.918819,CC BY 4.0,fixed-wing UAV,2020-02-27 17:47:05+00:00,612.0,65.02847,24.51847,26.56,383127.387858677,7213922.30183298,-1002.8923313120031,-974.005693860352,-0.22000000000000242,-1004.3733005509229,-974.5855739626625,-0.763030303030304,14.839662207761194,5.144131919465906,-0.08911255411255398,0.9683722048823142,-0.7288936042162106,0.020454545454545697,15.705975539434785,15.706228340776926,70.8812536344305,3.5225092060441066,-0.32508126936589166,999.33,-2.07,79.11,False
HAOS / PANGAEA,HAOS_Flight_03,HAOS_Flight_03_seg00,test,10.1594/PANGAEA.918819,CC BY 4.0,fixed-wing UAV,2020-02-27 17:47:06+00:00,613.0,65.02851,24.51878,26.48,383142.036510049,7213926.26937047,-988.243679940002,-970.038156369701,-0.3000000000000007,-988.7366670258002,-969.8341326291912,-0.8122510822510826,16.38362616808655,4.446252246478025,-0.020779220779220453,1.3691880872130753,-0.6596477920818984,-0.009231601731601702,16.976229423959882,16.97624214103161,74.81654701013497,3.4215030186206006,-0.0701310654982684,999.34,-2.07,79.43,False
HAOS / PANGAEA,HAOS_Flight_03,HAOS_Flight_03_seg00,test,10.1594/PANGAEA.918819,CC BY 4.0,fixed-wing UAV,2020-02-27 17:47:07+00:00,614.0,65.02855,24.51908,25.36,383156.60050167,7213930.0873641,-973.67968831904,-966.2201627399772,-1.4200000000000017,-971.6060482147498,-965.6930694697064,-0.8045887445887449,17.578038382187344,3.824836335302109,-0.10757575757575738,0.8927333674909335,-0.5523224246105656,-0.06111471861471865,17.989352583055865,17.989674229988623,77.72425967167169,2.381118609588753,-0.3426228592462769,999.49,-2.03,78.88,False
HAOS / PANGAEA,HAOS_Flight_03,HAOS_Flight_03_seg00,test,10.1594/PANGAEA.918819,CC BY 4.0,fixed-wing UAV,2020-02-27 17:47:08+00:00,615.0,65.02859,24.51939,25.36,383171.220507241,7213933.64710166,-959.0596827479894,-962.660425179638,-1.4200000000000017,-953.5805902614255,-962.184459958587,-1.0274025974025973,18.169092903068417,3.341607397256894,-0.14300865800865775,0.27859470846487966,-0.3860755338669719,0.03747835497835486,18.47382680761442,18.47438032503387,79.57878422931248,1.3603855564922127,-0.44352634442477074,999.49,-2.03,78.88,False
HAOS / PANGAEA,HAOS_Flight_03,HAOS_Flight_03_seg00,test,10.1594/PANGAEA.918819,CC BY 4.0,fixed-wing UAV,2020-02-27 17:47:09+00:00,616.0,65.02864,24.52001,25.96,383200.444704981,7213938.39144156,-929.8354850080214,-957.9160852795467,-0.8200000000000003,-935.2678624086129,-959.0098546751926,-1.0906060606060604,18.135227799117104,3.0526852675681653,-0.03261904761904766,-0.3507047940923371,-0.28323906930808107,0.08346320346320332,18.390360917303866,18.39038984554066,80.44503078465613,0.6969776084073704,-0.10162561837757658,999.41,-2.08,78.98,False
HAOS / PANGAEA,HAOS_Flight_03,HAOS_Flight_03_seg00,test,10.1594/PANGAEA.918819,CC BY 4.0,fixed-wing UAV,2020-02-27 17:47:10+00:00,617.0,65.02866,24.52031,25.88,383215.000481511,7213940.22662577,-915.2797084780177,-956.0809010695666,-0.9000000000000021,-917.3101346631913,-956.0790894234507,-1.0926406926406926,17.467683314883743,2.7751292586407317,0.023917748917748893,-0.9898504820173457,-0.29464784595569427,-0.0020346320346318336,17.686755010211222,17.686771182156033,80.9727394461272,0.4426527537711749,0.07748087381236289,999.42,-2.1,79.17,False
HAOS / PANGAEA,HAOS_Flight_03,HAOS_Flight_03_seg00,test,10.1594/PANGAEA.918819,CC BY 4.0,fixed-wing UAV,2020-02-27 17:47:11+00:00,618.0,65.02869,24.52062,25.66,383229.593675328,7213942.41626522,-900.6865146610071,-953.8912616195157,-1.120000000000001,-900.3324957788454,-953.4595961579112,-1.0427705627705626,16.155526835082412,2.4633895756567767,-0.036688311688311326,-1.6331404255236635,-0.2950603702827266,-0.050833333333333175,16.34225613312074,16.342297315638856,81.33033629219847,0.14019961856481689,-0.12862862193429828,999.45,-2.05,79.2,False
HAOS / PANGAEA,HAOS_Flight_03,HAOS_Flight_03_seg00,test,10.1594/PANGAEA.918819,CC BY 4.0,fixed-wing UAV,2020-02-27 17:47:12+00:00,619.0,65.02871,24.52092,25.88,383243.940571737,7213944.98421242,-886.3396182520082,-951.3233144199476,-0.9000000000000021,-884.9990809930265,-951.1523102721371,-1.1660173160173153,14.201402463836416,2.1850085180752785,-0.07774891774891746,-1.2137248524180677,-0.13228704807048075,-0.028376623376623278,14.368510506100504,14.36872085671274,81.25313868325685,-0.21503342123682478,-0.3100280554799642,999.42,-2.06,79.21,False
HAOS / PANGAEA,HAOS_Flight_03,HAOS_Flight_03_seg00,test,10.1594/PANGAEA.918819,CC BY 4.0,fixed-wing UAV,2020-02-27 17:47:13+00:00,620.0,65.02874,24.52123,25.21,383258.306206244,7213947.39844165,-871.9739837450325,-948.9090851899236,-1.5700000000000003,-871.9296908511726,-949.0895791217606,-1.1982683982683975,13.728077130246277,2.1988154795158152,-0.09344155844155788,0.09817891624203412,0.08343098846410157,-0.021320346320346184,13.903053305189808,13.903367309101533,80.90026944972482,-0.26522643136507523,-0.38507558032087047,999.51,-2.07,79.11,False
HAOS / PANGAEA,HAOS_Flight_03,HAOS_Flight_03_seg00,test,10.1594/PANGAEA.918819,CC BY 4.0,fixed-wing UAV,2020-02-27 17:47:14+00:00,621.0,65.02877,24.52153,25.28,383272.772735499,7213949.71351396,-857.507454489998,-946.5940128797665,-1.5,-857.5429267325339,-946.7546793131055,-1.352900432900431,14.397760296320484,2.3518704950034817,-0.12038961038960982,0.35393308480510655,0.07949981537595363,-0.05660173160173182,14.588584454139834,14.58908119224306,80.72268582052669,-0.08822630461171145,-0.47281215107167185,999.5,-2.12,79.04,False
HAOS / PANGAEA,HAOS_Flight_03,HAOS_Flight_03_seg00,test,10.1594/PANGAEA.918819,CC BY 4.0,fixed-wing UAV,2020-02-27 17:47:15+00:00,622.0,65.02879,24.52183,25.51,383287.119369441,7213951.76630193,-843.1608205480152,-944.5412249099463,-1.2699999999999996,-843.1341702585316,-944.3858381317536,-1.4390476190476171,14.43594329985649,2.3578151102677225,-0.20664502164502152,0.039067848225556645,0.009982951915787908,0.002922077922077493,14.627226362194518,14.62868597023837,80.7238168405014,-0.013882160201860741,-0.8093878985932134,999.47,-2.12,79.19,False
HAOS / PANGAEA,HAOS_Flight_03,HAOS_Flight_03_seg00,test,10.1594/PANGAEA.918819,CC BY 4.0,fixed-wing UAV,2020-02-27 17:47:16+00:00,623.0,65.02882,24.52214,25.73,383301.551095835,7213954.11868572,-828.7290941540268,-942.1888411203399,-1.0500000000000007,-828.671040132821,-942.03904909257,-1.766190476190474,14.475895992771598,2.3718363988350575,-0.11454545454545484,0.18882145605971346,0.09566118083171204,0.1513095238095234,14.668918593283543,14.669365813065562,80.69492150012297,-0.24385422169362578,-0.44739751442823256,999.44,-2.07,79.16,False
HAOS / PANGAEA,HAOS_Flight_03,HAOS_Flight_03_seg00,test,10.1594/PANGAEA.918819,CC BY 4.0,fixed-wing UAV,2020-02-27 17:47:17+00:00,624.0,65.02884,24.52244,24.46,383316.086261073,7213956.69397933,-814.1939289160073,-939.6135475095361,-2.3200000000000003,-814.1823782729884,-939.6421653340835,-1.6681385281385268,14.813586211975917,2.5491374719311466,0.09597402597402527,0.21909406135767995,0.18886339354924075,0.11767316017316004,15.031315255507302,15.03162164651932,80.23610839711415,-0.5703447843797015,0.3658250668085541,999.61,-2.05,79.22,False
HAOS / PANGAEA,HAOS_Flight_03,HAOS_Flight_03_seg00,test,10.1594/PANGAEA.918819,CC BY 4.0,fixed-wing UAV,2020-02-27 17:47:18+00:00,625.0,65.02887,24.52275,25.13,383330.616604875,7213959.48014325,-799.6635851140018,-936.8273835899308,-1.6500000000000021,-799.0438677088691,-936.9407741487078,-1.5742424242424236,14.914084115486958,2.749563185933539,0.12080086580086524,-0.5451187345269659,0.06159791267313608,0.06329004329004351,15.165421283870138,15.165902398685006,79.55423193136357,-0.627677769527622,0.45638253372052295,999.52,-2.06,78.96,False
HAOS / PANGAEA,HAOS_Flight_03,HAOS_Flight_03_seg00,test,10.1594/PANGAEA.918819,CC BY 4.0,fixed-wing UAV,2020-02-27 17:47:19+00:00,626.0,65.0289,24.52305,24.68,383345.068507017,7213961.83830157,-785.2116829720326,-934.4692252697423,-2.1000000000000014,-784.3542100420145,-934.1430389622165,-1.4265367965367963,13.723348742921985,2.6723332972774188,0.22255411255411228,-1.4063572154278745,-0.13755809421675735,0.09156926406926424,13.981118194607898,13.98288941187088,78.9807528580589,-0.5552881711031972,0.9119681507024735,999.58,-2.01,78.97,False
HAOS / PANGAEA,HAOS_Flight_03,HAOS_Flight_03_seg00,test,10.1594/PANGAEA.918819,CC BY 4.0,fixed-wing UAV,2020-02-27 17:47:20+00:00,627.0,65.02893,24.52336,26.63,383359.503968524,7213964.62085054,-770.7762214650284,-931.6866763001308,-0.15000000000000213,-771.5971702230252,-931.5961075541529,-1.129134199134199,12.101369684631209,2.4744469975000243,0.30393939393939373,-1.3046913449295232,-0.16121938581042627,-0.009707792207791999,12.351762472924587,12.35550142012603,78.44365558915717,-0.45966031562803805,1.4095908161832233,999.32,-2.12,78.82,False
HAOS / PANGAEA,HAOS_Flight_03,HAOS_Flight_03_seg00,test,10.1594/PANGAEA.918819,CC BY 4.0,fixed-wing UAV,2020-02-27 17:47:21+00:00,628.0,65.02897,24.52366,25.88,383373.824830586,7213967.87982866,-756.455359403044,-928.4276981800795,-0.9000000000000021,-760.1514706727521,-929.1941449672164,-0.8186580086580089,11.113966053062938,2.349894525656566,0.20313852813852828,-0.6534358241749771,-0.11673656508457952,-0.1642748917748915,11.359676303061901,11.361492462346678,78.06143222680282,-0.08592654341899283,1.0244781281312,999.42,-2.07,79.02,False
HAOS / PANGAEA,HAOS_Flight_03,HAOS_Flight_03_seg00,test,10.1594/PANGAEA.918819,CC BY 4.0,fixed-wing UAV,2020-02-27 17:47:22+00:00,629.0,65.02898499999999,24.523809999999997,25.92,383380.91836107953,7213969.44074752,-749.3618289094884,-926.866779319942,-0.8599999999999994,-749.3692381168993,-926.8963185028398,-0.7228571428571424,10.794498036281254,2.2409738673308652,-0.02461038961038925,0.01193078994043617,-0.12301278464872212,-0.26444805194805177,11.024661070950875,11.024688539846215,78.27180250231919,0.620886784243023,-0.1279013572904779,999.415,-2.0999999999999996,79.13499999999999,True
HAOS / PANGAEA,HAOS_Flight_03,HAOS_Flight_03_seg00,test,10.1594/PANGAEA.918819,CC BY 4.0,fixed-wing UAV,2020-02-27 17:47:23+00:00,630.0,65.029,24.52396,25.96,383388.011891573,7213971.00166638,-742.268298415991,-925.3058604598045,-0.8200000000000003,-738.5624746001896,-924.7121972325547,-0.8678787878787874,11.13782763294381,2.103868956359122,-0.32575757575757525,0.6691605013390358,-0.09951344498804815,-0.19040043290043274,11.334790203911952,11.33947031235859,79.30320579528887,1.0874376707061808,-1.6462058572782743,999.41,-2.13,79.25,False
HAOS / PANGAEA,HAOS_Flight_03,HAOS_Flight_03_seg00,test,10.1594/PANGAEA.918819,CC BY 4.0,fixed-wing UAV,2020-02-27 17:47:24+00:00,631.0,65.02903,24.52426,25.36,383402.374362108,7213973.72536853,-727.9058278810116,-922.5821583103389,-1.4200000000000017,-727.0935828510117,-922.6885805901215,-1.374372294372293,12.132819038959326,2.041946977354769,-0.4054112554112547,1.3113034113285096,0.088401380123031,0.018365800865800752,12.30344851212302,12.310126058512818,80.44667784373155,0.6430343560378153,-1.8872718870242424,999.49,-2.04,79.58,False
HAOS / PANGAEA,HAOS_Flight_03,HAOS_Flight_03_seg00,test,10.1594/PANGAEA.918819,CC BY 4.0,fixed-wing UAV,2020-02-27 17:47:25+00:00,632.0,65.02905,24.52456,25.51,383416.806392445,7213976.0051106,-713.4737975440221,-920.3024162398651,-1.2699999999999996,-714.296836522271,-920.6283032778451,-1.6787012987012968,13.76043445560083,2.280671716605184,-0.28902597402597374,1.424928226216963,0.29066311338615947,0.07275974025973994,13.94815471257074,13.951148909658697,80.58927450736451,-0.18888272872743678,-1.1870816798705508,999.47,-2.06,79.07,False
HAOS / PANGAEA,HAOS_Flight_03,HAOS_Flight_03_seg00,test,10.1594/PANGAEA.918819,CC BY 4.0,fixed-wing UAV,2020-02-27 17:47:26+00:00,633.0,65.02908,24.52487,24.38,383431.404342979,7213978.04014361,-698.8758470100001,-918.2673832299188,-2.400000000000002,-699.57271393981,-918.1272371569112,-1.9524242424242404,14.982675491393252,2.623273204127088,-0.25989177489177484,0.5853320004875968,0.24435853845446331,0.09858225108225116,15.210592598051111,15.212812722128135,80.06891238627668,-0.5484829704631979,-0.9788739608991939,999.62,-2.07,79.16,False
HAOS / PANGAEA,HAOS_Flight_03,HAOS_Flight_03_seg00,test,10.1594/PANGAEA.918819,CC BY 4.0,fixed-wing UAV,2020-02-27 17:47:27+00:00,634.0,65.0291,24.52518,24.53,383445.93389581,7213980.55760286,-684.3462941790349,-915.7499239798635,-2.25,-684.3314855394844,-915.381756869591,-2.1984848484848465,14.931098456576024,2.7693887935141106,-0.09186147186147142,-0.5104227160461505,0.04043827761870489,0.15681818181818197,15.185756991655321,15.186034832688255,79.49230856643811,-0.5151662381085759,-0.3465886121292081,999.6,-2.04,79.23,False
HAOS / PANGAEA,HAOS_Flight_03,HAOS_Flight_03_seg00,test,10.1594/PANGAEA.918819,CC BY 4.0,fixed-wing UAV,2020-02-27 17:47:28+00:00,635.0,65.02914,24.52548,24.53,383460.561559109,7213983.57271669,-669.718630880001,-912.7348101502284,-2.25,-669.710517026658,-912.588459569883,-2.1361471861471832,13.96183005930095,2.7041497593644976,0.053744588744589095,-0.2795484580957748,0.05284868588657332,0.13491341991341954,14.221291239752833,14.221392794191784,79.03857991005952,-0.40243505405260227,0.21652910380359866,999.6,-2.07,78.96,False
HAOS / PANGAEA,HAOS_Flight_03,HAOS_Flight_03_seg00,test,10.1594/PANGAEA.918819,CC BY 4.0,fixed-wing UAV,2020-02-27 17:47:29+00:00,636.0,65.02917,24.52579,24.98,383475.131225067,7213986.91724455,-655.148964922002,-909.3902822900563,-1.8000000000000007,-656.4078254208825,-909.973457350862,-2.0909956709956683,14.372001540384474,2.8750861652872572,0.17796536796536766,1.1168188203834575,0.26876261198256657,0.10425324675324632,14.65675778385656,14.657838190089114,78.6874384583329,-0.17864670315446932,0.6956629542341283,999.54,-2.06,79.19,False
HAOS / PANGAEA,HAOS_Flight_03,HAOS_Flight_03_seg00,test,10.1594/PANGAEA.918819,CC BY 4.0,fixed-wing UAV,2020-02-27 17:47:30+00:00,637.0,65.0292,24.5261,24.76,383489.839229139,7213989.82583151,-640.4409608500428,-906.4816953297704,-2.0199999999999996,-640.966513945889,-906.8382872393084,-1.780216450216448,16.195467700067866,3.2416749833296308,0.26225108225108174,1.5049411590927093,0.23528170977616014,0.008333333333333304,16.516707623539464,16.518789494137533,78.68128650375058,0.20878169399696933,0.9096617801443759,999.57,-2.1,78.76,False
HAOS / PANGAEA,HAOS_Flight_03,HAOS_Flight_03_seg00,test,10.1594/PANGAEA.918819,CC BY 4.0,fixed-wing UAV,2020-02-27 17:47:31+00:00,638.0,65.02923,24.52641,25.51,383504.305498814,7213992.3235152,-625.9746911750408,-903.9840116398409,-1.2699999999999996,-624.0168900207468,-903.4901073842027,-1.5664935064935048,17.381883858569893,3.3456495848395775,0.19463203463203427,0.8769598701490224,0.02559680576860046,-0.06449134199134188,17.70093945578454,17.702009469160693,79.10500184632684,0.461611777493512,0.6299747413757213,999.47,-2.08,78.73,False
HAOS / PANGAEA,HAOS_Flight_03,HAOS_Flight_03_seg00,test,10.1594/PANGAEA.918819,CC BY 4.0,fixed-wing UAV,2020-02-27 17:47:32+00:00,639.0,65.02926,24.52671,25.06,383518.726583164,7213994.78421701,-611.5536068250076,-901.5233098296449,-1.7200000000000024,-606.2027462287492,-900.1469880696293,-1.3909523809523794,17.94938744036591,3.2928685948668317,0.13326839826839798,0.2728933671559446,-0.06965003180462759,-0.033690476190476215,18.248931285623982,18.2494178957413,79.60451005873762,0.3774519965209342,0.4184125036157711,999.53,-2.04,79.12,False
HAOS / PANGAEA,HAOS_Flight_03,HAOS_Flight_03_seg00,test,10.1594/PANGAEA.918819,CC BY 4.0,fixed-wing UAV,2020-02-27 17:47:33+00:00,640.0,65.02932,24.52732,25.73,383547.528749719,7214000.67934808,-582.7514402700472,-895.628178759478,-1.0500000000000007,-588.118115140015,-896.904370194469,-1.2999567099567089,17.927670592881782,3.2063495212303224,0.12725108225108184,-0.30359799360374495,-0.10833223458095631,-0.04323593073593068,18.212140185578743,18.212584741796157,79.85990583936871,0.1684191077557143,0.4003280905869449,999.44,-2.12,78.74,False
HAOS / PANGAEA,HAOS_Flight_03,HAOS_Flight_03_seg00,test,10.1594/PANGAEA.918819,CC BY 4.0,fixed-wing UAV,2020-02-27 17:47:34+00:00,641.0,65.02935,24.52762,25.62,383561.898182205,7214003.12978331,-568.3820077840355,-893.1777435299009,-1.1600000000000001,-570.3474050429857,-893.7342890271686,-1.1364502164502157,17.34219145315842,3.076204125704919,0.046796536796536614,-0.883316113937866,-0.1970148958100708,-0.08683982683982672,17.612911066061876,17.612973233865457,79.94134827424904,0.1342111183693057,0.1522313792963544,999.46,-2.08,78.89,False
HAOS / PANGAEA,HAOS_Flight_03,HAOS_Flight_03_seg00,test,10.1594/PANGAEA.918819,CC BY 4.0,fixed-wing UAV,2020-02-27 17:47:35+00:00,642.0,65.02937,24.52792,25.51,383576.348551655,7214005.40945596,-553.9316383340047,-890.8980708802119,-1.2699999999999996,-553.4337322336982,-890.7519619430592,-1.2063636363636356,16.16103836500605,2.8123197296101807,-0.0464285714285716,-1.504991330099216,-0.33152532152979575,-0.0718290043290043,16.403911219485188,16.403976923569388,80.12832807610732,0.25062308772632513,-0.1621658428152481,999.47,-2.04,79.03,False
HAOS / PANGAEA,HAOS_Flight_03,HAOS_Flight_03_seg00,test,10.1594/PANGAEA.918819,CC BY 4.0,fixed-wing UAV,2020-02-27 17:47:36+00:00,643.0,65.0294,24.52823,25.58,383590.891023527,7214007.81689045,-539.3891664620023,-888.4906363897026,-1.2000000000000028,-538.0253283129736,-888.1096495679483,-1.229307359307359,14.332208792959989,2.4131534826453276,-0.09686147186147198,-1.1211796271226149,-0.21299765970820772,0.007034632034632116,14.53394367044963,14.534266433519583,80.44259444970169,0.07151655943789392,-0.38184208622026866,999.46,-2.07,78.73,False
HAOS / PANGAEA,HAOS_Flight_03,HAOS_Flight_03_seg00,test,10.1594/PANGAEA.918819,CC BY 4.0,fixed-wing UAV,2020-02-27 17:47:37+00:00,644.0,65.02943,24.52854,25.66,383605.546192973,7214010.41096267,-524.7339970160392,-885.8965641697869,-1.120000000000001,-524.7693146477782,-885.9256549777685,-1.4000865800865796,13.91867911076082,2.3863244101937653,-0.032359307359307365,0.12026319210332304,0.12177069452539513,0.04252164502164513,14.121762368026742,14.121799442839748,80.27136119498311,-0.38724289760801806,-0.13129016381228356,999.45,-2.12,78.83,False
HAOS / PANGAEA,HAOS_Flight_03,HAOS_Flight_03_seg00,test,10.1594/PANGAEA.918819,CC BY 4.0,fixed-wing UAV,2020-02-27 17:47:38+00:00,645.0,65.02946,24.52885,25.06,383620.156201705,7214012.97229134,-510.12398828403093,-883.3352354997769,-1.7200000000000024,-510.1879700914519,-883.3370007475608,-1.2940259740259736,14.572735177166635,2.656694871696118,-0.011818181818181728,0.30644021950057265,0.20349118669989252,0.017175324675324732,14.812921325151441,14.812926039596222,79.66810865448565,-0.5761173118832181,-0.04571223873838092,999.53,-2.04,78.76,False
HAOS / PANGAEA,HAOS_Flight_03,HAOS_Flight_03_seg00,test,10.1594/PANGAEA.918819,CC BY 4.0,fixed-wing UAV,2020-02-27 17:47:39+00:00,646.0,65.02949,24.52915,25.36,383634.643628274,7214015.67915288,-495.6365617150441,-880.6283739600331,-1.4200000000000017,-495.6238442934449,-880.6122652343763,-1.423722943722943,14.531559549761965,2.7933067835935503,0.0019913419913420993,-0.05670168557766431,0.12854685640010644,0.07744588744588732,14.79759391710517,14.797594051094618,79.11912657121667,-0.5307717445361412,0.007710408301612409,999.49,-2.07,78.64,False
HAOS / PANGAEA,HAOS_Flight_03,HAOS_Flight_03_seg00,test,10.1594/PANGAEA.918819,CC BY 4.0,fixed-wing UAV,2020-02-27 17:47:40+00:00,647.0,65.02952,24.52945,25.51,383649.109027085,7214018.49146954,-481.17116290400736,-877.8160573001951,-1.2699999999999996,-481.124850991928,-877.7503871803737,-1.2900432900432894,14.459331806011306,2.9137885844963307,0.1430735930735929,-0.07515502452889677,0.09062872541611,0.0010822510822510178,14.749997972592109,14.750691856469183,78.60656516541337,-0.40259223763382784,0.5557462432391768,999.47,-2.08,78.96,False
HAOS / PANGAEA,HAOS_Flight_03,HAOS_Flight_03_seg00,test,10.1594/PANGAEA.918819,CC BY 4.0,fixed-wing UAV,2020-02-27 17:47:41+00:00,648.0,65.02955,24.52976,25.96,383663.5931213,7214021.40653281,-466.68706868903246,-874.9009940298274,-0.8200000000000003,-466.7051806814223,-874.7846880653836,-1.1375757575757572,14.381249500704172,2.9745642344257703,0.004155844155844135,-0.07681133107030291,0.0007814720265173491,-0.17458874458874435,14.685651827080369,14.68565241510467,78.31394209594902,-0.06255465927068561,0.016213943166538194,999.41,-2.11,78.51,False
HAOS / PANGAEA,HAOS_Flight_03,HAOS_Flight_03_seg00,test,10.1594/PANGAEA.918819,CC BY 4.0,fixed-wing UAV,2020-02-27 17:47:42+00:00,649.0,65.02958,24.53006,24.83,383677.975572406,7214024.4649683,-452.304617582995,-871.8425585394725,-1.9500000000000028,-452.36235199051964,-871.8012587115221,-1.2817316017316012,14.3057091438707,2.9153515285493654,-0.2061038961038958,-0.07593356496485626,-0.12331543249896981,-0.10374458874458864,14.599746184233508,14.601200891023659,78.481455846872,0.4167433495034912,-0.808787966264909,999.56,-2.03,78.72,False
HAOS / PANGAEA,HAOS_Flight_03,HAOS_Flight_03_seg00,test,10.1594/PANGAEA.918819,CC BY 4.0,fixed-wing UAV,2020-02-27 17:47:43+00:00,650.0,65.02961,24.53036,26.33,383692.1869801,7214027.51130703,-438.0932098890189,-868.7962198099121,-0.45000000000000284,-438.0937623936809,-868.9539850082849,-1.5497835497835488,14.22938237077446,2.7279333694278307,-0.20333333333333314,0.08522029092738137,-0.18774128311164873,0.07119047619047603,14.488510728219959,14.4899374590158,79.147428794956,0.7835870986720528,-0.8040424090036213,999.36,-2.12,78.52,False
HAOS / PANGAEA,HAOS_Flight_03,HAOS_Flight_03_seg00,test,10.1594/PANGAEA.918819,CC BY 4.0,fixed-wing UAV,2020-02-27 17:47:44+00:00,651.0,65.02964,24.53066,24.98,383706.382185046,7214030.17784148,-423.89800494303927,-866.129685360007,-1.8000000000000007,-423.9035872489707,-866.3453919726664,-1.6883982683982675,14.476149725725463,2.539868962326068,-0.06372294372294374,0.15373677216304316,-0.19026771619382998,0.1580627705627704,14.697273394320755,14.69741153540192,80.04863004421611,0.839842191387051,-0.24841565900836926,999.54,-2.06,78.9,False
HAOS / PANGAEA,HAOS_Flight_03,HAOS_Flight_03_seg00,test,10.1594/PANGAEA.918819,CC BY 4.0,fixed-wing UAV,2020-02-27 17:47:45+00:00,652.0,65.02967,24.53096,24.01,383720.485546087,7214032.41699534,-409.7946439020452,-863.8905314998701,-2.7699999999999996,-409.14146294222996,-863.8742470836328,-1.6772294372294363,14.536855915100546,2.3473979370401707,0.11279220779220767,-0.5395029488430367,-0.25909002974339046,0.09509740259740251,14.72516407281135,14.725596050868461,80.8271131777301,0.6849645275799524,0.4388671697850214,999.67,-2.03,78.92,False
HAOS / PANGAEA,HAOS_Flight_03,HAOS_Flight_03_seg00,test,10.1594/PANGAEA.918819,CC BY 4.0,fixed-wing UAV,2020-02-27 17:47:46+00:00,653.0,65.02969,24.53125,25.36,383734.588054679,7214034.43236334,-395.69213531003334,-861.8751635001972,-1.4200000000000017,-394.82987541876963,-861.6505960985861,-1.4628138528138521,13.39714382803939,2.021688902839287,0.1264718614718613,-1.3310262531786492,-0.2848407390559373,-0.00951298701298714,13.54882610298905,13.549416367533386,81.41855909937601,0.32932845008837835,0.5348133764856989,999.49,-2.11,78.47,False
HAOS / PANGAEA,HAOS_Flight_03,HAOS_Flight_03_seg00,test,10.1594/PANGAEA.918819,CC BY 4.0,fixed-wing UAV,2020-02-27 17:47:47+00:00,654.0,65.02971,24.53155,25.88,383748.695092039,7214036.4761775,-381.5850979500101,-859.8313493402675,-0.9000000000000021,-382.3471752861512,-859.8308692779542,-1.4242857142857137,11.874803408743247,1.777716458928296,0.09376623376623339,-1.2091116221373,-0.11193845084525833,0.005584415584415359,12.007132538813954,12.0074986533932,81.48577007790686,-0.3591392925446798,0.4474257473487015,999.42,-2.13,78.48,False
HAOS / PANGAEA,HAOS_Flight_03,HAOS_Flight_03_seg00,test,10.1594/PANGAEA.918819,CC BY 4.0,fixed-wing UAV,2020-02-27 17:47:48+00:00,655.0,65.02974,24.53185,25.88,383762.790332054,7214038.78099233,-367.4898579349974,-857.5265345098451,-0.9000000000000021,-371.08026860128314,-858.0951631807295,-1.2752813852813853,10.97892058376479,1.7978120011487704,0.137640692640692,-0.5807140151615187,0.08274419440331826,-0.049350649350649145,11.1251438272091,11.12599524251019,80.70028051428665,-0.8831892412806035,0.7088293474948627,999.42,-2.13,78.46,False
HAOS / PANGAEA,HAOS_Flight_03,HAOS_Flight_03_seg00,test,10.1594/PANGAEA.918819,CC BY 4.0,fixed-wing UAV,2020-02-27 17:47:49+00:00,656.0,65.02975,24.532,25.58,383769.88867357303,7214040.042110385,-360.39151641598437,-856.2654164545238,-1.2000000000000028,-360.3893341186216,-856.2352452756567,-1.1490043290043297,10.71337537842021,1.9432048477349326,-0.004935064935064903,0.03259065680667561,0.14223522623268536,-0.0914935064935059,10.888179695394493,10.888180813802958,79.71939159534566,-0.6888132445922401,-0.025969297067991084,999.46,-2.0999999999999996,78.595,True
HAOS / PANGAEA,HAOS_Flight_03,HAOS_Flight_03_seg00,test,10.1594/PANGAEA.918819,CC BY 4.0,fixed-wing UAV,2020-02-27 17:47:50+00:00,657.0,65.02976,24.53215,25.28,383776.987015092,7214041.30322844,-353.29317489702953,-855.0042984001338,-1.5,-349.6535178444427,-854.2087534852596,-1.2851515151515152,11.044101897378141,2.082282453614141,-0.0453463203463198,0.6147824286491357,0.13337615480975273,0.036017316017316114,11.238687064613053,11.238778546847062,79.32265402510217,-0.10149518304325199,-0.23117813123820477,999.5,-2.07,78.73,False
HAOS / PANGAEA,HAOS_Flight_03,HAOS_Flight_03_seg00,test,10.1594/PANGAEA.918819,CC BY 4.0,fixed-wing UAV,2020-02-27 17:47:51+00:00,658.0,65.0298,24.53245,24.83,383791.178747814,7214044.21002078,-339.1014421750442,-852.097506060265,-1.9500000000000028,-338.3011303238653,-852.0706803684284,-1.2396969696969693,11.942940235718481,2.209957157354438,0.06709956709956733,1.1879627764860174,0.17561403385894891,0.07705627705627688,12.145687799020914,12.145873145360545,79.51640122925915,0.19967107336512038,0.31653068592958095,999.56,-2.08,78.61,False
HAOS / PANGAEA,HAOS_Flight_03,HAOS_Flight_03_seg00,test,10.1594/PANGAEA.918819,CC BY 4.0,fixed-wing UAV,2020-02-27 17:47:52+00:00,659.0,65.02983,24.53275,26.11,383805.413002066,7214046.940082,-324.8671879229951,-849.3674448402599,-0.6700000000000017,-325.76763737300575,-849.7888391705508,-1.1509523809523805,13.420027450350176,2.433510521332039,0.10876623376623396,1.284301881021051,0.22001623898313483,0.008874458874458757,13.638882293853333,13.639315976954038,79.72199617183242,0.06735128532676357,0.4569079717851728,999.39,-2.13,78.6,False
HAOS / PANGAEA,HAOS_Flight_03,HAOS_Flight_03_seg00,test,10.1594/PANGAEA.918819,CC BY 4.0,fixed-wing UAV,2020-02-27 17:47:53+00:00,660.0,65.02985,24.53305,25.96,383819.596136262,7214049.31211707,-310.6840537270182,-846.9954097699374,-0.8200000000000003,-311.46107542316497,-847.2036593257643,-1.0221645021645014,14.511543997760583,2.6499896353207077,0.08484848484848484,0.49140615087603123,0.11842486143385145,-0.09648268398268406,14.75152040524123,14.751764420964344,79.65110379991268,-0.1128281346896321,0.32955290950704397,999.41,-2.14,78.72,False
HAOS / PANGAEA,HAOS_Flight_03,HAOS_Flight_03_seg00,test,10.1594/PANGAEA.918819,CC BY 4.0,fixed-wing UAV,2020-02-27 17:47:54+00:00,661.0,65.02988,24.53334,25.96,383833.560545646,7214051.56034803,-296.7196443430148,-844.7471788097173,-0.8200000000000003,-296.7445493774846,-844.4888598999094,-0.9812554112554108,14.402839752102238,2.670360244199742,-0.08419913419913416,-0.531528494408434,-0.06615318553278371,-0.19862554112554098,14.64829740135484,14.64853938973913,79.49633990245314,-0.12733694206590662,-0.32933533269418613,999.41,-2.09,78.56,False
HAOS / PANGAEA,HAOS_Flight_03,HAOS_Flight_03_seg00,test,10.1594/PANGAEA.918819,CC BY 4.0,fixed-wing UAV,2020-02-27 17:47:55+00:00,662.0,65.02991,24.53363,25.36,383847.533676355,7214054.21011253,-282.746513634047,-842.0974143100902,-1.4200000000000017,-282.6553959189605,-841.8629388373648,-1.1905627705627697,13.448487008943715,2.5176832642551403,-0.3124025974025971,-0.20761748778650713,-0.011817954214535575,-0.1397510822510823,13.682124537104546,13.685690601197376,79.39642991578086,-0.10556337383218722,-1.308001597769687,999.49,-2.09,78.17,False
HAOS / PANGAEA,HAOS_Flight_03,HAOS_Flight_03_seg00,test,10.1594/PANGAEA.918819,CC BY 4.0,fixed-wing UAV,2020-02-27 17:47:56+00:00,663.0,65.02994,24.53393,25.28,383861.689619159,7214057.17396164,-268.59057083004154,-839.1335651995614,-1.5,-269.84757535959716,-839.4534933713991,-1.606060606060605,13.987604776529224,2.6467243357706707,-0.36370129870129875,1.3019381674820778,0.2509296320346266,0.0030952380952379843,14.235808269780254,14.240453494486083,79.28521315478878,-0.024806027303809864,-1.4634938109403293,999.5,-2.1,78.43,False
HAOS / PANGAEA,HAOS_Flight_03,HAOS_Flight_03_seg00,test,10.1594/PANGAEA.918819,CC BY 4.0,fixed-wing UAV,2020-02-27 17:47:57+00:00,664.0,65.02997,24.53423,24.83,383876.053496584,7214060.07744167,-254.22669340501307,-836.2300851698965,-1.9500000000000028,-254.68018636590205,-836.5694901658235,-1.9179653679653672,16.05236334390787,3.0195425283243935,-0.30621212121212116,1.7369165100872692,0.2829930040858528,0.08559523809523834,16.333891330763674,16.336761364125202,79.34681786117324,0.1447973553007138,-1.0740004872799516,999.56,-2.09,78.35,False
HAOS / PANGAEA,HAOS_Flight_03,HAOS_Flight_03_seg00,test,10.1594/PANGAEA.918819,CC BY 4.0,fixed-wing UAV,2020-02-27 17:47:58+00:00,665.0,65.03,24.53454,24.38,383890.470258361,7214062.63110705,-239.8099316279986,-833.6764197899029,-2.400000000000002,-237.74284867178142,-833.4144083147503,-2.2184848484848474,17.461437796703763,3.2127103439423763,-0.19251082251082208,1.0465005758755552,0.1505287867755385,0.11215367965367984,17.754529497630433,17.755573156026614,79.5748078653902,0.14140392433466356,-0.6212288198906407,999.62,-2.04,78.52,False
HAOS / PANGAEA,HAOS_Flight_03,HAOS_Flight_03_seg00,test,10.1594/PANGAEA.918819,CC BY 4.0,fixed-wing UAV,2020-02-27 17:47:59+00:00,666.0,65.03002,24.53484,24.68,383904.981714148,7214065.00612067,-225.29847584100207,-831.3014061702415,-2.1000000000000014,-219.75731077249452,-830.1440694779387,-2.3029870129870114,18.14536449565898,3.3206001018754705,-0.08190476190476148,0.3257896490021466,0.08052531311898292,0.13629870129870114,18.446697203480543,18.446879034322297,79.62962570984257,-0.06295342739676763,-0.25439601948164325,999.58,-2.1,78.5,False
HAOS / PANGAEA,HAOS_Flight_03,HAOS_Flight_03_seg00,test,10.1594/PANGAEA.918819,CC BY 4.0,fixed-wing UAV,2020-02-27 17:48:00+00:00,667.0,65.03008,24.53546,24.31,383934.337100396,7214070.46144223,-195.94308959302725,-825.8460846096277,-2.4700000000000024,-201.45211968046345,-826.7732081109993,-2.3822943722943704,18.113017094708056,3.373760970180342,0.0800865800865802,-0.3708551217487752,0.015220042891627372,0.16364718614718587,18.424539379780935,18.424713436507187,79.44890101059667,-0.2642170496257539,0.24904797026617684,999.63,-2.05,78.33,False
HAOS / PANGAEA,HAOS_Flight_03,HAOS_Flight_03_seg00,test,10.1594/PANGAEA.918819,CC BY 4.0,fixed-wing UAV,2020-02-27 17:48:01+00:00,668.0,65.03011,24.53577,24.46,383948.920821919,7214073.17809505,-181.35936807002872,-823.1294317897409,-2.3200000000000003,-183.5312765830784,-823.396547537578,-2.142813852813851,17.40365425216143,3.3510401876587252,0.24538961038961027,-1.0247515137130279,-0.0734145206185417,0.08333333333333309,17.723336358261683,17.725035055789526,79.10119161059106,-0.4038129636161288,0.793241769597473,999.61,-2.08,78.23,False
HAOS / PANGAEA,HAOS_Flight_03,HAOS_Flight_03_seg00,test,10.1594/PANGAEA.918819,CC BY 4.0,fixed-wing UAV,2020-02-27 17:48:02+00:00,669.0,65.03014,24.53607,24.98,383963.245445641,7214076.18503102,-167.03474434802774,-820.1224958198145,-1.8000000000000007,-166.6448111761406,-820.0711277356819,-1.8915151515151498,16.063514067282,3.2269319289432588,0.2467532467532464,-1.6466877265390139,-0.22234370189246988,0.001136363636363491,16.384430837346784,16.386288811948344,78.6412750833644,-0.3699358120403541,0.8628222139655197,999.54,-2.06,78.31,False
HAOS / PANGAEA,HAOS_Flight_03,HAOS_Flight_03_seg00,test,10.1594/PANGAEA.918819,CC BY 4.0,fixed-wing UAV,2020-02-27 17:48:03+00:00,670.0,65.03017,24.53637,24.98,383977.505501617,7214079.24664744,-152.77468837203924,-817.0608794,-1.8000000000000007,-151.4042484485144,-816.9426836796915,-1.6493073593073582,14.110278799083403,2.9063527838737855,0.24766233766233725,-1.2146567930243748,-0.23161855522843666,-0.01158008658008658,14.406486535314343,14.40861516335591,78.36131998651035,-0.050024879084420444,0.9848764333183767,999.54,-2.06,78.31,False
HAOS / PANGAEA,HAOS_Flight_03,HAOS_Flight_03_seg00,test,10.1594/PANGAEA.918819,CC BY 4.0,fixed-wing UAV,2020-02-27 17:48:04+00:00,671.0,65.0302,24.53667,25.88,383991.742764679,7214081.92659771,-138.5374253100017,-814.3809291301295,-0.9000000000000021,-138.4242535779738,-814.2584221679343,-1.3961904761904753,13.63420048123325,2.7636948184863854,0.22359307359307323,0.08537110866448927,-0.08593434348270534,-0.02338744588744579,13.91148560766209,13.913282347266165,78.54122532519557,0.399534626826919,0.9208101018543918,999.42,-2.12,78.35,False
HAOS / PANGAEA,HAOS_Flight_03,HAOS_Flight_03_seg00,test,10.1594/PANGAEA.918819,CC BY 4.0,fixed-wing UAV,2020-02-27 17:48:05+00:00,672.0,65.03024,24.53697,25.36,384006.078442456,7214084.85811869,-124.20174753299216,-811.449408150278,-1.4200000000000017,-124.13584748604791,-811.4152940427188,-1.2021212121212117,14.281021016412382,2.734484096908375,0.20088744588744567,0.3044224107178479,-0.11294477814163884,-0.024480519480519297,14.540459571397905,14.541847211182358,79.16038924016419,0.6779593824898018,0.7915341677792682,999.49,-2.07,78.54,False
HAOS / PANGAEA,HAOS_Flight_03,HAOS_Flight_03_seg00,test,10.1594/PANGAEA.918819,CC BY 4.0,fixed-wing UAV,2020-02-27 17:48:06+00:00,673.0,65.03027,24.53728,25.73,384020.514845847,7214087.67735201,-109.7653441420407,-808.6301748296246,-1.0500000000000007,-109.86221154514902,-808.7894539741176,-0.994415584415584,14.243045302668946,2.5378052622031078,0.17463203463203464,0.1215224458375701,-0.1383662345361074,-0.02191558441558425,14.4673700112614,14.468423942857958,79.89714409017517,0.617523948279969,0.6915695550921112,999.44,-2.08,78.33,False
HAOS / PANGAEA,HAOS_Flight_03,HAOS_Flight_03_seg00,test,10.1594/PANGAEA.918819,CC BY 4.0,fixed-wing UAV,2020-02-27 17:48:07+00:00,674.0,65.03029,24.53758,25.73,384034.768000845,7214090.12039531,-95.5121891440358,-806.1871315296739,-1.0500000000000007,-95.64975688071002,-806.3396835183125,-0.8528571428571424,14.524065908087522,2.45775162783616,0.15705627705627717,0.18454766368747144,-0.07530660326264638,0.03030303030303022,14.730547632949751,14.731384871788677,80.39543713672413,0.41219304604704105,0.6108612584119466,999.44,-2.09,78.32,False
HAOS / PANGAEA,HAOS_Flight_03,HAOS_Flight_03_seg00,test,10.1594/PANGAEA.918819,CC BY 4.0,fixed-wing UAV,2020-02-27 17:48:08+00:00,675.0,65.03032,24.53787,26.26,384048.802407784,7214092.33833205,-81.47778220503824,-803.9691947903484,-0.5199999999999996,-80.81407972897398,-803.8739507184453,-0.6803030303030296,14.61214063004389,2.387192055677815,0.23523809523809508,-0.5280881470375594,-0.15159114011169095,-0.013896103896104128,14.805854912934636,14.80772354767342,80.72153018226925,0.2577506447031213,0.9102490989635998,999.37,-2.12,78.29,False
HAOS / PANGAEA,HAOS_Flight_03,HAOS_Flight_03_seg00,test,10.1594/PANGAEA.918819,CC BY 4.0,fixed-wing UAV,2020-02-27 17:48:09+00:00,676.0,65.03034,24.53817,26.48,384062.91405899,7214094.4303936,-67.36613099899841,-801.877133239992,-0.3000000000000007,-66.42547562062224,-801.5652994069569,-0.38238095238095227,13.467889614012403,2.154569347612778,0.12926406926406891,-1.3191838323298466,-0.21224490505673543,-0.1457359307359308,13.639142925011663,13.639755457063679,80.91093842613037,-0.015242732582409466,0.5430006794186604,999.34,-2.13,78.27,False
HAOS / PANGAEA,HAOS_Flight_03,HAOS_Flight_03_seg00,test,10.1594/PANGAEA.918819,CC BY 4.0,fixed-wing UAV,2020-02-27 17:48:10+00:00,677.0,65.03037,24.53847,26.18,384077.072001847,7214096.81208935,-53.2081881420454,-799.4954374898225,-0.6000000000000014,-53.87830050094917,-799.5648120232197,-0.4217748917748918,11.973772965384196,1.9627022455643441,-0.056233766233766525,-1.1652638996980613,-0.09558277867341758,-0.042889610389610436,12.133566628626093,12.133696937363057,80.69104471710443,-0.454437431759513,-0.2655389385424303,999.38,-2.1,78.28,False
HAOS / PANGAEA,HAOS_Flight_03,HAOS_Flight_03_seg00,test,10.1594/PANGAEA.918819,CC BY 4.0,fixed-wing UAV,2020-02-27 17:48:11+00:00,678.0,65.03039,24.53877,26.78,384091.491069129,7214099.32345034,-38.78912085999036,-796.984076499939,0.0,-42.477929689853845,-797.6398949158282,-0.4948484848484853,11.13736181461628,1.963403790265943,0.04348484848484804,-0.5376627114713592,0.05924717833499926,0.02584415584415592,11.30910176067505,11.309185362586966,80.00206356261134,-0.7511186670336095,0.2203080372689005,999.3,-2.12,78.27,False
HAOS / PANGAEA,HAOS_Flight_03,HAOS_Flight_03_seg00,test,10.1594/PANGAEA.918819,CC BY 4.0,fixed-wing UAV,2020-02-27 17:48:12+00:00,679.0,65.030405,24.538919999999997,26.22,384098.70304687,7214100.700939789,-31.577143119007815,-795.6065870504826,-0.5600000000000023,-31.603576871716612,-795.6380044426878,-0.3348051948051957,10.898447542441478,2.0811966022343427,-0.004545454545454686,0.05886538100177763,0.19247526709730778,-0.08020562770562753,11.095383640618312,11.095384571688243,79.18880738303722,-0.8938195732599516,-0.02347240575801867,999.375,-2.125,78.41499999999999,True
HAOS / PANGAEA,HAOS_Flight_03,HAOS_Flight_03_seg00,test,10.1594/PANGAEA.918819,CC BY 4.0,fixed-wing UAV,2020-02-27 17:48:13+00:00,680.0,65.03042,24.53907,25.66,384105.915024611,7214102.07842924,-24.365165378025267,-794.229097600095,-1.120000000000001,-20.68103460497089,-793.4775017113595,-0.5039393939393947,11.255092576619836,2.3483543244605585,-0.11692640692640702,0.6790864500940961,0.3432804243518319,-0.02635281385281385,11.497472632778717,11.498067173491911,78.21442441609145,-0.9568783856735773,-0.5826635905175962,999.45,-2.13,78.56,False
HAOS / PANGAEA,HAOS_Flight_03,HAOS_Flight_03_seg00,test,10.1594/PANGAEA.918819,CC BY 4.0,fixed-wing UAV,2020-02-27 17:48:14+00:00,681.0,65.03046,24.53938,26.56,384120.369137179,7214105.00687976,-9.911052810028195,-791.3006470799446,-0.22000000000000242,-9.09339171847694,-790.9412957937667,-0.5686580086580098,12.25662044262967,2.7677574509380065,-0.057251082251082386,1.327384257824555,0.338034050316395,0.11162337662337665,12.565238795260134,12.565369221329284,77.27505061169006,-0.24066019871247474,-0.26105534005773845,999.33,-2.11,78.16,False
HAOS / PANGAEA,HAOS_Flight_03,HAOS_Flight_03_seg00,test,10.1594/PANGAEA.918819,CC BY 4.0,fixed-wing UAV,2020-02-27 17:48:15+00:00,682.0,65.03049,24.53968,27.16,384134.767212019,7214107.9863297,4.487022029992659,-788.3211971400306,0.379999999999999,3.8322062802884482,-787.9419868094835,-0.6184415584415595,13.909861092268946,3.0244224250933485,0.10632034632034629,1.3516173165855196,-0.14364948603770245,0.1102056277056278,14.23486447464903,14.235261522981117,77.7331040186665,1.6552607066419718,0.4279347975257457,999.25,-2.18,78.49,False
HAOS / PANGAEA,HAOS_Flight_03,HAOS_Flight_03_seg00,test,10.1594/PANGAEA.918819,CC BY 4.0,fixed-wing UAV,2020-02-27 17:48:16+00:00,683.0,65.03052,24.53998,25.06,384149.142992851,7214110.86029617,18.86280286195688,-785.4472306696698,-1.7200000000000024,18.72633046606095,-784.89245094358,-0.3560173160173172,14.959855075800709,2.4804584788626016,0.16316017316017323,0.11397981530650814,-1.1329440438033487,-0.043484848484848335,15.164100308106697,15.164978054597615,80.585572024974,4.597879448076159,0.6164578437443284,999.53,-2.13,77.83,False
HAOS / PANGAEA,HAOS_Flight_03,HAOS_Flight_03_seg00,test,10.1594/PANGAEA.918819,CC BY 4.0,fixed-wing UAV,2020-02-27 17:48:17+00:00,684.0,65.03055,24.54028,26.63,384163.398435654,7214113.64620616,33.11824566498399,-782.6613206798211,-0.15000000000000213,33.75191643188987,-782.9810698517583,-0.292121212121213,14.137820722881962,0.7585343374866511,0.019350649350649618,-1.3454868150049704,-1.8998035290167365,-0.09379870129870133,14.158154863311001,14.158168087048805,86.92886291481881,7.7756434817449644,0.07830892224135202,999.32,-2.16,78.3,False
HAOS / PANGAEA,HAOS_Flight_03,HAOS_Flight_03_seg00,test,10.1594/PANGAEA.918819,CC BY 4.0,fixed-wing UAV,2020-02-27 17:48:18+00:00,685.0,65.03056,24.54058,26.78,384177.16219278,7214114.22443019,46.88200279098237,-782.0830966494977,0.0,47.001971911824874,-783.3753822686067,-0.31731601731601794,12.268881445790768,-1.3191485791708715,-0.024437229437229424,-2.3908310346348802,-2.497983668962064,0.02612554112554094,12.339595005704098,12.339619203321474,96.13685898846393,13.718527675218695,-0.11346792813405274,999.3,-2.16,78.3,False
HAOS / PANGAEA,HAOS_Flight_03,HAOS_Flight_03_seg00,test,10.1594/PANGAEA.918819,CC BY 4.0,fixed-wing UAV,2020-02-27 17:48:19+00:00,686.0,65.03053,24.54083,26.93,384188.999183155,7214111.04784327,58.718993165995926,-785.2596835698932,0.14999999999999858,58.289679323471404,-785.6193670101001,-0.34099567099567185,9.356158653612201,-4.237433000437477,0.0716017316017315,-3.4608402409465633,-3.2248288865808092,-0.030530303030302935,10.27100497442967,10.271254548141986,114.3659182652562,24.661923524918166,0.39941666671773923,999.28,-2.17,78.29,False
HAOS / PANGAEA,HAOS_Flight_03,HAOS_Flight_03_seg00,test,10.1594/PANGAEA.918819,CC BY 4.0,fixed-wing UAV,2020-02-27 17:48:20+00:00,687.0,65.03048,24.54101,25.96,384197.125339061,7214104.33814505,66.84514907200355,-791.9693817896768,-0.8200000000000003,65.71428921904928,-791.8502482694817,-0.17411255411255494,5.347200963897642,-7.76880635233249,-0.0854978354978353,-3.99368717529064,-2.952135805442765,-0.1468722943722942,9.431166963231513,9.431554493731365,145.46070603830026,28.973776359553398,-0.5193981786545784,999.41,-2.12,78.49,False
HAOS / PANGAEA,HAOS_Flight_03,HAOS_Flight_03_seg00,test,10.1594/PANGAEA.918819,CC BY 4.0,fixed-wing UAV,2020-02-27 17:48:21+00:00,688.0,65.0304,24.54109,26.56,384200.817509845,7214095.75266199,70.53731985599734,-800.5548648498952,-0.22000000000000242,68.98408125126669,-801.156979714765,-0.5119913419913424,1.368784303030921,-10.141704611323007,-0.22214285714285695,-3.6347883929870974,-1.704262513042437,-0.06251082251082246,10.233657356563889,10.236068109412606,172.313470984363,22.149026004835306,-1.2435289921139194,999.33,-2.16,78.51,False
HAOS / PANGAEA,HAOS_Flight_03,HAOS_Flight_03_seg00,test,10.1594/PANGAEA.918819,CC BY 4.0,fixed-wing UAV,2020-02-27 17:48:22+00:00,689.0,65.03032,24.54109,25.88,384200.226693358,7214086.92072718,69.94650336896302,-809.38679965958,-0.9000000000000021,68.45185782511112,-812.1336574921277,-0.6183982683982688,-1.9223758220765532,-11.177331378417364,-0.21051948051948022,-2.652754590240324,-0.5295524703856813,-0.02608225108225097,11.341440188276703,11.34339384822444,189.75875804797087,13.525733169592693,-1.06340046162839,999.42,-2.17,78.2,False
HAOS / PANGAEA,HAOS_Flight_03,HAOS_Flight_03_seg00,test,10.1594/PANGAEA.918819,CC BY 4.0,fixed-wing UAV,2020-02-27 17:48:23+00:00,690.0,65.03016,24.54096,26.03,384193.729749684,7214069.1911503,63.44955969497096,-827.1163765396923,-0.75,65.13932960711358,-823.5116424715998,-0.9330303030303029,-3.936724877449727,-11.20080955209437,-0.2743073593073589,-1.2658172663927019,0.23775153303748198,-0.047251082251082155,11.872486571187185,11.875655009741157,199.3649373235484,6.418953517835652,-1.3235524149611666,999.4,-2.16,77.96,False
HAOS / PANGAEA,HAOS_Flight_03,HAOS_Flight_03_seg00,test,10.1594/PANGAEA.918819,CC BY 4.0,fixed-wing UAV,2020-02-27 17:48:24+00:00,691.0,65.03008,24.54089,25.66,384190.082382561,7214060.46973336,59.80219257198041,-835.8377934796736,-1.120000000000001,60.578408070211665,-834.5352765963164,-1.1670129870129866,-4.454010354861957,-10.7018283123424,-0.3050216450216445,0.11536211844878075,0.6152801014960971,-0.011082251082251221,11.591692605830733,11.595705052820316,202.5966650836422,0.5127303389721695,-1.5073226599153806,999.45,-2.17,78.17,False
HAOS / PANGAEA,HAOS_Flight_03,HAOS_Flight_03_seg00,test,10.1594/PANGAEA.918819,CC BY 4.0,fixed-wing UAV,2020-02-27 17:48:25+00:00,692.0,65.03,24.54082,25.66,384186.270545797,7214051.71802293,55.99035580799682,-844.5895039094612,-1.120000000000001,56.23130889738967,-844.9152990962846,-1.543073593073592,-3.7060006405521655,-9.970249349102176,-0.29647186147186133,1.1338816376420482,0.8636733832671837,0.04522727272727234,10.63674352567765,10.640874418753846,200.3903980014927,-4.452839397160782,-1.59655909843836,999.45,-2.2,78.12,False
HAOS / PANGAEA,HAOS_Flight_03,HAOS_Flight_03_seg00,test,10.1594/PANGAEA.918819,CC BY 4.0,fixed-wing UAV,2020-02-27 17:48:26+00:00,693.0,65.02992,24.54076,24.31,384183.15691323,7214042.7924428,52.876723241002765,-853.5150840403512,-2.4700000000000024,53.166406789107334,-854.4757752945208,-1.7599567099567093,-2.1862470795778606,-8.974481545808032,-0.21456709956709985,1.41236534135167,0.5503671447115721,0.0867532467532467,9.236936467737106,9.239428247961467,193.69098628932062,-7.3580728770006365,-1.3306986305840778,999.63,-2.16,78.56,False
HAOS / PANGAEA,HAOS_Flight_03,HAOS_Flight_03_seg00,test,10.1594/PANGAEA.918819,CC BY 4.0,fixed-wing UAV,2020-02-27 17:48:27+00:00,694.0,65.02984,24.54074,24.91,384181.725674292,7214033.55684195,51.44548430299619,-862.7506848899648,-1.870000000000001,51.858814738233946,-862.8642621879006,-1.9722077922077916,-0.8812699578488257,-8.869515059679031,-0.12296536796536794,1.1225516091878696,-0.20151332617447792,0.09577922077922102,8.913188774646255,8.914036942609048,185.67425224749144,-7.025293791161434,-0.790396104520596,999.55,-2.17,78.22,False
HAOS / PANGAEA,HAOS_Flight_03,HAOS_Flight_03_seg00,test,10.1594/PANGAEA.918819,CC BY 4.0,fixed-wing UAV,2020-02-27 17:48:28+00:00,695.0,65.02975,24.54075,24.83,384181.64159476,7214024.06978356,51.361404770985246,-872.2377432798967,-1.9500000000000028,51.40386687340968,-872.2148054138788,-2.005887445887445,0.05885613879787854,-9.377508198156988,-0.023008658008657812,0.9341540194841738,-0.25329586156968276,0.08269480519480532,9.377692895993968,9.377721122421965,179.64039870699776,-5.841869262332383,-0.1405778975101787,999.56,-2.17,77.86,False
HAOS / PANGAEA,HAOS_Flight_03,HAOS_Flight_03_seg00,test,10.1594/PANGAEA.918819,CC BY 4.0,fixed-wing UAV,2020-02-27 17:48:29+00:00,696.0,65.02967,24.54077,24.83,384182.498942569,7214014.57853348,52.21875257999636,-881.7289933599532,-1.9500000000000028,51.9765270158297,-881.6192785842146,-2.0182251082251073,0.9870380811195218,-9.376106782818397,0.0424242424242427,0.8802810647615971,0.04843019101528512,-0.009891774891774785,9.42791719185066,9.428012642796917,173.99051372282668,-5.366119749015978,0.2578208510245266,999.56,-2.14,78.33,False
HAOS / PANGAEA,HAOS_Flight_03,HAOS_Flight_03_seg00,test,10.1594/PANGAEA.918819,CC BY 4.0,fixed-wing UAV,2020-02-27 17:48:30+00:00,697.0,65.02958,24.54081,24.91,384183.884102675,7214005.28303256,53.603912685997784,-891.0244942801073,-1.870000000000001,53.37794303564873,-890.9670189795156,-1.9210389610389598,1.8194182683210727,-9.280647816126418,-0.04279220779220738,0.798174694485823,0.08719898241946566,-0.03678571428571431,9.457309697904183,9.457406509985718,168.9081592089658,-4.836322369690441,-0.25924879787030697,999.55,-2.18,78.43,False
HAOS / PANGAEA,HAOS_Flight_03,HAOS_Flight_03_seg00,test,10.1594/PANGAEA.918819,CC BY 4.0,fixed-wing UAV,2020-02-27 17:48:31+00:00,698.0,65.0295,24.54085,24.91,384185.52572471,7213996.10047764,55.24553472100524,-900.2070492003113,-1.870000000000001,55.61536355247185,-900.1805742164674,-2.103809523809522,2.583387470091168,-9.201708817979465,-0.031147186147185923,0.5517340753789028,0.039230956905640824,0.12727272727272693,9.557475398425312,9.557526151610048,164.3178689834458,-3.264773309840165,-0.18672253055395635,999.55,-2.18,78.43,False
HAOS / PANGAEA,HAOS_Flight_03,HAOS_Flight_03_seg00,test,10.1594/PANGAEA.918819,CC BY 4.0,fixed-wing UAV,2020-02-27 17:48:32+00:00,699.0,65.02942,24.54091,24.61,384187.808744749,7213987.07366668,57.52855475997785,-909.2338601602241,-2.1700000000000017,58.54471797583106,-909.3704366154745,-1.9833333333333316,2.9228864190788784,-9.202185902315136,0.21175324675324647,-0.12496519687521612,0.02721513692665667,0.14811688311688265,9.655231245268194,9.657552994268979,162.37861258928547,0.6856399965576546,1.2563782659644196,999.59,-2.19,77.93,False
HAOS / PANGAEA,HAOS_Flight_03,HAOS_Flight_03_seg00,test,10.1594/PANGAEA.918819,CC BY 4.0,fixed-wing UAV,2020-02-27 17:48:33+00:00,700.0,65.02934,24.54098,24.76,384190.912664571,7213978.13727209,60.63247458200203,-918.1702547501773,-2.0199999999999996,61.461136390629605,-918.5849460210977,-1.680303030303029,2.3334570763407356,-9.147278544126152,0.26508658008657937,-1.1693766558999172,0.24572919786595548,0.056623376623376354,9.44021857220241,9.443939727989443,165.6891489765611,6.892465377982607,1.6084746263397323,999.57,-2.2,78.24,False
HAOS / PANGAEA,HAOS_Flight_03,HAOS_Flight_03_seg00,test,10.1594/PANGAEA.918819,CC BY 4.0,fixed-wing UAV,2020-02-27 17:48:34+00:00,701.0,65.02926,24.54106,25.06,384194.127150919,7213969.25614585,63.846960929979105,-927.0513809900731,-1.7200000000000024,63.211632128512534,-927.6649937037269,-1.4531601731601729,0.5841331072790439,-8.710727506583225,0.3249999999999992,-2.41917471775308,0.8731744572473872,0.027786796536796665,8.730291242619863,8.736338488232075,176.16354334525067,16.504786088161463,2.1319487606600407,999.53,-2.19,78.23,False
HAOS / PANGAEA,HAOS_Flight_03,HAOS_Flight_03_seg00,test,10.1594/PANGAEA.918819,CC BY 4.0,fixed-wing UAV,2020-02-27 17:48:35+00:00,702.0,65.02919,24.54107,26.33,384194.434981359,7213960.45950627,64.15479136997601,-935.8480205703527,-0.45000000000000284,62.62940260518769,-936.0064010342642,-1.0303030303030307,-2.5048923591654244,-7.400929629631378,0.3206601731601727,-3.2939306705002878,1.7294468793249393,-0.11651515151515113,7.813337642375438,7.819914837158527,198.69872115288402,26.329126669761365,2.3501058028820743,999.36,-2.23,78.22,False
HAOS / PANGAEA,HAOS_Flight_03,HAOS_Flight_03_seg00,test,10.1594/PANGAEA.918819,CC BY 4.0,fixed-wing UAV,2020-02-27 17:48:36+00:00,703.0,65.02912,24.54099,26.18,384190.232169366,7213953.13390654,59.95197937695775,-943.1736202994362,-0.6000000000000014,58.201847410181685,-942.4668529629896,-0.8118398268398275,-6.003728233721532,-5.251833747933347,0.09196969696969692,-2.8671219137765434,2.2754441004214527,-0.18684523809523754,7.976622745267366,7.977152928550222,228.8217966847734,26.11000219151215,0.6605855837274095,999.38,-2.2,78.07,False
HAOS / PANGAEA,HAOS_Flight_03,HAOS_Flight_03_seg00,test,10.1594/PANGAEA.918819,CC BY 4.0,fixed-wing UAV,2020-02-27 17:48:37+00:00,704.0,65.02907,24.54081,25.58,384181.89317778,7213948.35809893,51.61298779095523,-947.9494279101491,-1.2000000000000028,50.62194613774463,-946.5100685301309,-0.8463636363636369,-8.239136186718511,-2.8500414287884723,-0.05303030303030237,-1.6187457157421328,2.360962349403451,-0.16224025974025924,8.7181478106938,8.718309094207694,250.91872553590835,18.9481742997986,-0.3485115351514986,999.46,-2.2,78.09,False
HAOS / PANGAEA,HAOS_Flight_03,HAOS_Flight_03_seg00,test,10.1594/PANGAEA.918819,CC BY 4.0,fixed-wing UAV,2020-02-27 17:48:38+00:00,705.0,65.02906,24.54058,26.26,384171.026571641,7213947.30882028,40.74638165195938,-948.9987065596506,-0.5199999999999996,41.72357503674466,-948.1669358205666,-0.9179004329004322,-9.241219665205797,-0.5299090491264451,-0.23251082251082156,-0.7229041154219207,2.0958902029737487,-0.13809523809523816,9.256400191269414,9.259319941740705,266.7181452843706,13.484373966695413,-1.4389058105306942,999.37,-2.26,78.14,False
HAOS / PANGAEA,HAOS_Flight_03,HAOS_Flight_03_seg00,test,10.1594/PANGAEA.918819,CC BY 4.0,fixed-wing UAV,2020-02-27 17:48:39+00:00,706.0,65.02908,24.54032,24.98,384158.668255645,7213949.67513784,28.388065656006802,-946.6323889996856,-1.8000000000000007,32.139506807333035,-947.5698866283838,-1.31138528138528,-9.684944417562352,1.3417389771590251,-0.3292207792207787,-0.3122386979230871,1.476000754508334,0.0024458874458871405,9.777444034823207,9.782985136223537,277.88747346929915,8.537763791322552,-1.9285037297659107,999.54,-2.21,77.99,False
HAOS / PANGAEA,HAOS_Flight_03,HAOS_Flight_03_seg00,test,10.1594/PANGAEA.918819,CC BY 4.0,fixed-wing UAV,2020-02-27 17:48:40+00:00,707.0,65.02909,24.54018,25.245,384152.248208096,7213951.462662805,21.968018106999807,-944.8448640350252,-1.5350000000000001,22.353686201619958,-945.4834578662485,-1.5763419913419896,-9.865697061051971,2.422092459890223,-0.22761904761904728,-0.26185094772930206,0.6988822509045178,0.0345129870129868,10.15866676216454,10.161216502739501,283.7936728670157,3.567009975892964,-1.2835767950984667,999.505,-2.235,78.19,True
HAOS / PANGAEA,HAOS_Flight_03,HAOS_Flight_03_seg00,test,10.1594/PANGAEA.918819,CC BY 4.0,fixed-wing UAV,2020-02-27 17:48:41+00:00,708.0,65.0291,24.54004,25.51,384145.828160547,7213953.25018777,15.547970557992812,-943.0573390694335,-1.2699999999999996,12.408112685229094,-942.7257017086033,-1.7666233766233745,-10.208646313020957,2.739503478968061,-0.2601948051948051,-0.5443824179762435,0.05151593993275583,0.0444588744588742,10.569831543389633,10.573033632420017,285.0214934210851,-0.4065512297765021,-1.4101505660701052,999.47,-2.26,78.39,False
HAOS / PANGAEA,HAOS_Flight_03,HAOS_Flight_03_seg00,test,10.1594/PANGAEA.918819,CC BY 4.0,fixed-wing UAV,2020-02-27 17:48:42+00:00,709.0,65.02913,24.53977,24.31,384132.941140439,7213956.25531023,2.660950449993834,-940.0522166099399,-2.4700000000000024,1.9363935755780428,-940.0044509083124,-2.0967316017316,-10.954461897004458,2.5251243397557346,-0.13870129870129888,-0.9714378783504785,-0.3100851955975088,0.16656926406926403,11.241729777225094,11.242585398137333,282.9805704074627,-2.5640573520337204,-0.7068837243676257,999.63,-2.17,78.08,False
HAOS / PANGAEA,HAOS_Flight_03,HAOS_Flight_03_seg00,test,10.1594/PANGAEA.918819,CC BY 4.0,fixed-wing UAV,2020-02-27 17:48:43+00:00,710.0,65.02914,24.53949,24.68,384120.08281678,7213958.60099594,-10.197373208997305,-937.7065308997408,-2.1000000000000014,-9.500811108779823,-937.6754530290918,-2.0440259740259723,-12.151522069721914,2.119333087773043,0.07294372294372298,-0.9541656096866911,-0.5452945971009058,0.10034632034632046,12.334952831197546,12.335168508560603,279.89337871701764,-3.308450705217597,0.33881919183496323,999.58,-2.18,78.26,False
HAOS / PANGAEA,HAOS_Flight_03,HAOS_Flight_03_seg00,test,10.1594/PANGAEA.918819,CC BY 4.0,fixed-wing UAV,2020-02-27 17:48:44+00:00,711.0,65.02916,24.53922,24.76,384107.359737632,7213960.69148268,-22.920452357036993,-935.6160441599786,-2.0199999999999996,-22.366650563865782,-935.7657847327663,-1.9508441558441538,-12.86279311637784,1.434535145553923,0.06199134199134204,0.16582517601495184,-0.8424478246259639,0.043327922077921965,12.942539852693773,12.942688312906576,276.3636689970275,-3.894214653193984,0.274429527870689,999.57,-2.2,78.37,False
HAOS / PANGAEA,HAOS_Flight_03,HAOS_Flight_03_seg00,test,10.1594/PANGAEA.918819,CC BY 4.0,fixed-wing UAV,2020-02-27 17:48:45+00:00,712.0,65.02916,24.53896,24.61,384094.858656973,7213961.92301897,-35.421533016022295,-934.3845078703016,-2.1700000000000017,-35.2263973415355,-934.806382737984,-1.9200432900432882,-11.81987171769201,0.4344374385211154,0.1595995670995669,0.7459021521440796,-1.0750301288958326,-0.013441558441558588,11.82785286138969,11.828929593691164,272.1049494106297,-4.982143499022104,0.77307578859084,999.59,-2.15,78.45,False
HAOS / PANGAEA,HAOS_Flight_03,HAOS_Flight_03_seg00,test,10.1594/PANGAEA.918819,CC BY 4.0,fixed-wing UAV,2020-02-27 17:48:46+00:00,713.0,65.02916,24.5387,25.51,384083.010376844,7213961.71034891,-47.26981314504519,-934.5971779301763,-1.2699999999999996,-46.0063939992498,-934.8969098557241,-1.63164502164502,-11.370988812089681,-0.7155251122377422,0.035108225108224866,-0.2662481475509697,-1.1421319794935982,-0.2037175324675326,11.393478957320786,11.393533048988,266.3993819989833,-5.310987643605452,0.17655246178578418,999.47,-2.23,78.32,False
HAOS / PANGAEA,HAOS_Flight_03,HAOS_Flight_03_seg00,test,10.1594/PANGAEA.918819,CC BY 4.0,fixed-wing UAV,2020-02-27 17:48:47+00:00,714.0,65.02914,24.53847,25.36,384071.879513734,7213960.07504093,-58.40067625499796,-936.2324859099463,-1.4200000000000017,-57.968374965714865,-936.2374329624595,-1.8498268398268385,-12.35236801279395,-1.849826520466081,-0.2478354978354983,-0.802623711852835,-0.9759872434842691,-0.09609307359307362,12.490110234874422,12.492568835643938,261.4829741234188,-4.007869531527532,-1.136744559017543,999.49,-2.23,78.22,False
HAOS / PANGAEA,HAOS_Flight_03,HAOS_Flight_03_seg00,test,10.1594/PANGAEA.918819,CC BY 4.0,fixed-wing UAV,2020-02-27 17:48:48+00:00,715.0,65.02911,24.53825,24.38,384061.230511414,7213957.64046885,-69.0496785750147,-938.6670579900965,-2.400000000000002,-70.7111300248377,-938.5965628966562,-2.1273160173160166,-12.976236235795351,-2.6674995992062804,-0.15707792207792237,-0.474877645500845,-0.6008220216243672,0.06464285714285739,13.247575663453823,13.248506875589351,258.38364293592826,-2.2014673228058577,-0.6793303533857444,999.62,-2.15,78.64,False
HAOS / PANGAEA,HAOS_Flight_03,HAOS_Flight_03_seg00,test,10.1594/PANGAEA.918819,CC BY 4.0,fixed-wing UAV,2020-02-27 17:48:49+00:00,716.0,65.02909,24.53802,24.83,384050.560166002,7213955.28786378,-79.72002398699988,-941.019663060084,-1.9500000000000028,-83.92084743730557,-941.572432160872,-2.1639826839826832,-13.30212330379564,-3.0514705637148154,-0.11854978354978352,-0.17159008050982116,-0.17703888424290426,0.03403679653679681,13.647635582422364,13.648150462307365,257.0800394778071,-0.5825766142574185,-0.49768557979075384,999.56,-2.22,78.49,False
HAOS / PANGAEA,HAOS_Flight_03,HAOS_Flight_03_seg00,test,10.1594/PANGAEA.918819,CC BY 4.0,fixed-wing UAV,2020-02-27 17:48:50+00:00,717.0,65.02904,24.53757,23.49,384028.880195279,7213950.99913942,-101.39999470999464,-945.3083874201402,-3.2900000000000027,-97.31537663242898,-944.6995040240859,-2.3644155844155836,-13.319416396814994,-3.021577367692089,-0.08900432900432875,0.17025724572527778,0.1692832354113989,0.10151515151515178,13.657846936493803,13.65813694144537,257.2184897074134,0.5492165569056804,-0.37337511886139474,999.74,-2.14,78.43,False
HAOS / PANGAEA,HAOS_Flight_03,HAOS_Flight_03_seg00,test,10.1594/PANGAEA.918819,CC BY 4.0,fixed-wing UAV,2020-02-27 17:48:51+00:00,718.0,65.02902,24.53734,24.61,384018.229714774,7213948.45010048,-112.05047521501547,-947.8574263602495,-2.1700000000000017,-110.55968023093556,-947.6155868962562,-2.3419913419913407,-12.961608812345084,-2.7129040928920176,0.08448051948052004,0.6006238355800413,0.35733549088615746,0.0792207792207793,13.242475283023639,13.24274475249235,258.1784725916184,1.0016089542951643,0.3655141090045552,999.59,-2.17,78.03,False
HAOS / PANGAEA,HAOS_Flight_03,HAOS_Flight_03_seg00,test,10.1594/PANGAEA.918819,CC BY 4.0,fixed-wing UAV,2020-02-27 17:48:52+00:00,719.0,65.02899,24.53711,25.43,384007.44309783,7213945.97735364,-122.8370921590249,-950.3301731999964,-1.3500000000000014,-123.23859425711915,-950.1253122098699,-2.1954545454545435,-12.118168725654911,-2.306906385919774,0.06943722943722985,1.1223527824482034,0.41666577796320325,-0.017965367965368073,12.335794677962106,12.335990104797835,259.22170761600375,0.936969878087376,0.32251008334964226,999.48,-2.21,78.38,False
HAOS / PANGAEA,HAOS_Flight_03,HAOS_Flight_03_seg00,test,10.1594/PANGAEA.918819,CC BY 4.0,fixed-wing UAV,2020-02-27 17:48:53+00:00,720.0,65.02897,24.53689,24.23,383996.599837472,7213944.02099481,-133.6803525169962,-952.2865320295095,-2.5500000000000007,-134.79601768224538,-952.2293996680958,-2.203116883116881,-10.716903247448677,-1.879572536965611,0.0485497835497839,0.8808229248593307,0.3209264355870971,-0.05007575757575766,10.88047830460092,10.880586621059274,260.05241234779317,0.8224067837439104,0.25565780791155895,999.64,-2.14,78.19,False
HAOS / PANGAEA,HAOS_Flight_03,HAOS_Flight_03_seg00,test,10.1594/PANGAEA.918819,CC BY 4.0,fixed-wing UAV,2020-02-27 17:48:54+00:00,721.0,65.02895,24.53665,24.61,383985.594141032,7213942.46991789,-144.68604895699536,-953.8376089502126,-2.1700000000000017,-144.6724007520165,-953.8844572838011,-2.0983549783549758,-10.35652287593625,-1.6650535147455798,-0.030714285714285472,-0.026187023902554785,0.0960388235733376,-0.04331168831168852,10.489517114088592,10.48956208114068,260.86652118349156,0.5210128580948239,-0.16776691374117383,999.59,-2.15,77.97,False
HAOS / PANGAEA,HAOS_Flight_03,HAOS_Flight_03_seg00,test,10.1594/PANGAEA.918819,CC BY 4.0,fixed-wing UAV,2020-02-27 17:48:55+00:00,722.0,65.02893,24.53642,24.53,383974.613748893,7213940.97445078,-155.66644109599292,-955.3330760598183,-2.25,-155.50906343411788,-955.5595066975869,-2.264545454545452,-10.769277295253787,-1.687494889818936,-0.03807359307359315,-0.12152589902556343,-0.06969866158794957,0.11054112554112516,10.900686788695184,10.90075327964647,261.0944380639828,-0.26391084334224035,-0.20012017274842092,999.6,-2.14,78.38,False
HAOS / PANGAEA,HAOS_Flight_03,HAOS_Flight_03_seg00,test,10.1594/PANGAEA.918819,CC BY 4.0,fixed-wing UAV,2020-02-27 17:48:56+00:00,723.0,65.02891,24.5362,24.46,383964.020150674,7213939.07272495,-166.2600393150351,-957.2348018903285,-2.3200000000000003,-166.21095534252407,-957.259447063439,-2.174502164502162,-10.599574673987377,-1.804450837921479,0.19036796536796485,0.18717775015945648,-0.16229161040683948,0.11207792207792178,10.752070781756887,10.753755904712943,260.33869949680707,-1.0246694406893377,1.0143293960979993,999.61,-2.15,78.63,False
HAOS / PANGAEA,HAOS_Flight_03,HAOS_Flight_03_seg00,test,10.1594/PANGAEA.918819,CC BY 4.0,fixed-wing UAV,2020-02-27 17:48:57+00:00,724.0,65.02889,24.53598,24.8,383953.633045088,7213937.08868765,-176.64714490104234,-959.218839189969,-1.9800000000000004,-176.70821278209263,-959.1684083734299,-1.8838095238095223,-10.394921794934874,-2.012078110632615,0.1860822510822504,0.18387706225684752,-0.171981853846205,-0.027489177489177452,10.58786368660359,10.589498762938065,259.04509918260413,-1.0985212476671335,1.0068726239878467,999.57,-2.17,78.44,False
HAOS / PANGAEA,HAOS_Flight_03,HAOS_Flight_03_seg00,test,10.1594/PANGAEA.918819,CC BY 4.0,fixed-wing UAV,2020-02-27 17:48:58+00:00,725.0,65.02887,24.53576,25.13,383943.183328558,7213935.2030629,-187.0968614310259,-961.104463939555,-1.6500000000000021,-187.00079893239382,-961.2836032847042,-1.8023376623376612,-10.231820549473682,-2.148414545613889,0.13538961038960995,0.11306671836649684,-0.07547391016134952,0.026580086580086704,10.45494317614578,10.45581977479713,258.1416570014728,-0.5268170128005895,0.7419284403038755,999.52,-2.2,78.25,False
HAOS / PANGAEA,HAOS_Flight_03,HAOS_Flight_03_seg00,test,10.1594/PANGAEA.918819,CC BY 4.0,fixed-wing UAV,2020-02-27 17:48:59+00:00,726.0,65.02885,24.53555,25.58,383933.061003888,7213932.87399971,-197.21918610099237,-963.4335271297023,-1.2000000000000028,-197.17185388104,-963.4652374646577,-1.6130303030303024,-10.16878835820188,-2.163025930955314,0.2392424242424238,0.02354228944321335,0.01937445436578855,0.04445887445887459,10.396294428876434,10.399046821196862,257.99146515700295,0.07780078564468741,1.3182737721535651,999.46,-2.2,78.64,False
HAOS / PANGAEA,HAOS_Flight_03,HAOS_Flight_03_seg00,test,10.1594/PANGAEA.918819,CC BY 4.0,fixed-wing UAV,2020-02-27 17:49:00+00:00,727.0,65.02882,24.53534,25.06,383923.03764762,7213930.51645555,-207.24254236900015,-965.7910712901503,-1.7200000000000024,-207.33837564879758,-965.6096551466148,-1.3238528138528136,-10.184735970587255,-2.109665636882312,0.22430735930735912,-0.13508698235941097,0.02192547058217542,-0.05096861471861447,10.400939183074572,10.403357615763067,258.2972585727622,0.266537915079657,1.2354531532615856,999.53,-2.14,78.6,False
HAOS / PANGAEA,HAOS_Flight_03,HAOS_Flight_03_seg00,test,10.1594/PANGAEA.918819,CC BY 4.0,fixed-wing UAV,2020-02-27 17:49:01+00:00,728.0,65.0288,24.53512,25.28,383912.846410314,7213928.44984075,-217.43377967498964,-967.8576860902831,-1.5,-217.5413258222145,-967.6845687384223,-1.1644155844155841,-10.438962322920702,-2.119174989790963,0.13730519480519487,-0.17788445336791625,-0.004147325108249333,-0.07091991341991341,10.651893588311587,10.652778498271426,258.52454098716225,0.17064326724324475,0.7385139951521097,999.5,-2.19,78.52,False
HAOS / PANGAEA,HAOS_Flight_03,HAOS_Flight_03_seg00,test,10.1594/PANGAEA.918819,CC BY 4.0,fixed-wing UAV,2020-02-27 17:49:02+00:00,729.0,65.02878,24.53491,25.96,383902.570242678,7213926.59473012,-227.70994731102837,-969.7127967197448,-0.8200000000000003,-228.21630029463898,-969.8480051261968,-1.0492424242424239,-10.540504877323087,-2.1179602870988106,0.0824675324675323,0.3491515762525239,0.08219318870587244,-0.050211038961039234,10.751185927450026,10.75150220855257,258.63854510724866,0.0639407433169291,0.4394816462788245,999.41,-2.19,78.19,False
HAOS / PANGAEA,HAOS_Flight_03,HAOS_Flight_03_seg00,test,10.1594/PANGAEA.918819,CC BY 4.0,fixed-wing UAV,2020-02-27 17:49:03+00:00,730.0,65.02876,24.53469,26.18,383892.218182996,7213924.6064117,-238.06200699304463,-971.7011151397601,-0.6000000000000014,-238.62233557686068,-971.9204893126199,-0.9994805194805195,-9.740659170415654,-1.9547886123792182,0.03688311688311641,0.9747701711008645,0.14042863659199156,-0.11260822510822521,9.934869883057857,9.934938346945142,258.65242247379615,-0.35447736468313407,0.21270909926074916,999.38,-2.18,78.19,False
HAOS / PANGAEA,HAOS_Flight_03,HAOS_Flight_03_seg00,test,10.1594/PANGAEA.918819,CC BY 4.0,fixed-wing UAV,2020-02-27 17:49:04+00:00,731.0,65.02874,24.53447,25.58,383881.930751006,7213922.57466647,-248.34943898301572,-973.7328603696078,-1.2000000000000028,-247.6976186354703,-973.7575823509552,-0.975476190476191,-8.590964535121358,-1.8371030139148274,-0.14274891774891812,0.9462354741955323,0.03755058332353656,-0.17287878787878758,8.78519317530627,8.786352848649226,257.9295903778824,-1.0606925885877994,-0.9309062030821103,999.46,-2.11,78.45,False
HAOS / PANGAEA,HAOS_Flight_03,HAOS_Flight_03_seg00,test,10.1594/PANGAEA.918819,CC BY 4.0,fixed-wing UAV,2020-02-27 17:49:05+00:00,732.0,65.02871,24.53426,25.58,383871.870386553,7213920.1144345,-258.4098034360213,-976.1930923396721,-1.2000000000000028,-255.8042646471034,-975.5946953404496,-1.2849783549783558,-7.848188222024589,-1.879687445732145,-0.30887445887445875,0.5047227117938888,-0.05266408703201364,-0.048138528138527786,8.070147660481096,8.07605638249966,256.5310372966205,-1.150003463179513,-2.19185197326328,999.46,-2.11,78.45,False
HAOS / PANGAEA,HAOS_Flight_03,HAOS_Flight_03_seg00,test,10.1594/PANGAEA.918819,CC BY 4.0,fixed-wing UAV,2020-02-27 17:49:06+00:00,733.0,65.028695,24.534155,25.244999999999997,383866.872902391,7213918.814510016,-263.4072875980055,-977.4930168241262,-1.5350000000000037,-263.39399507951947,-977.5169572424195,-1.5932251082251085,-7.581519111533581,-1.9424311879788547,-0.2390259740259737,0.013415146265501221,-0.05416834237072976,0.13544372294372314,7.826395783410259,7.830044979107141,255.62958345152336,-0.3962035474761539,-1.7493267901984426,999.505,-2.12,78.32,True
HAOS / PANGAEA,HAOS_Flight_03,HAOS_Flight_03_seg00,test,10.1594/PANGAEA.918819,CC BY 4.0,fixed-wing UAV,2020-02-27 17:49:07+00:00,734.0,65.02868,24.53405,24.91,383861.875418229,7213917.51458553,-268.40477175998967,-978.7929413095117,-1.870000000000001,-270.96730287017056,-979.4795577164073,-1.7630303030303032,-7.821357929493587,-1.9880241304736046,-0.03798701298701246,-0.5051707406478485,-0.035062520280973786,0.13506493506493517,8.070060706376225,8.070150111227994,255.73863020166823,0.5935728920260919,-0.26969802641955654,999.55,-2.13,78.19,False
HAOS / PANGAEA,HAOS_Flight_03,HAOS_Flight_03_seg00,test,10.1594/PANGAEA.918819,CC BY 4.0,fixed-wing UAV,2020-02-27 17:49:08+00:00,735.0,65.02866,24.53384,24.61,383851.843844743,7213914.82907649,-278.4363452460384,-981.4784503495321,-2.1700000000000017,-279.03671093850664,-981.4930055033667,-1.6691991341991335,-8.591860592829278,-2.0125562285408023,0.031103896103896633,-0.7838349414864751,0.005170734448995518,0.0229653679653678,8.824423551691693,8.824478368266528,256.81672923557556,1.1833020913159191,0.20195252216743445,999.59,-2.1,78.42,False
HAOS / PANGAEA,HAOS_Flight_03,HAOS_Flight_03_seg00,test,10.1594/PANGAEA.918819,CC BY 4.0,fixed-wing UAV,2020-02-27 17:49:09+00:00,736.0,65.02863,24.53363,25.43,383841.594494817,7213912.49088658,-288.6856951719965,-983.816640259698,-1.3500000000000014,-288.1510240558291,-983.5046701734889,-1.70082251082251,-9.389027812466537,-1.9776826615756136,0.007943722943723142,-1.029900128027549,-0.02915804483620832,0.06701298701298675,9.5950545581131,9.595057846407242,258.10523438430005,1.0906008486034529,0.04743502932193797,999.48,-2.1,78.49,False
HAOS / PANGAEA,HAOS_Flight_03,HAOS_Flight_03_seg00,test,10.1594/PANGAEA.918819,CC BY 4.0,fixed-wing UAV,2020-02-27 17:49:10+00:00,737.0,65.02861,24.5334,25.36,383831.12739536,7213910.52478164,-299.15279462904437,-985.7827452002093,-1.4200000000000017,-297.8147665634397,-985.4483708265179,-1.6533116883116872,-10.651660848884376,-2.070872318213219,0.16512987012987013,-1.3093116464128514,-0.11087569501449934,0.08958333333333324,10.85110091179683,10.852357295629698,258.9979309327825,0.7574981140768615,0.871848345981218,999.49,-2.09,78.1,False
HAOS / PANGAEA,HAOS_Flight_03,HAOS_Flight_03_seg00,test,10.1594/PANGAEA.918819,CC BY 4.0,fixed-wing UAV,2020-02-27 17:49:11+00:00,738.0,65.02859,24.53318,25.51,383820.544746473,7213908.62469048,-309.7354435159941,-987.6828363602981,-1.2699999999999996,-309.45434575359786,-987.6464148099153,-1.3705627705627696,-12.00765110529224,-2.1994340516046123,0.18711038961038962,-1.050500242479984,-0.07804741359672107,-0.11301948051948035,12.20742377464565,12.208857666124377,259.6202306124538,0.5482627984406859,0.87813746725064,999.47,-2.09,78.34,False
HAOS / PANGAEA,HAOS_Flight_03,HAOS_Flight_03_seg00,test,10.1594/PANGAEA.918819,CC BY 4.0,fixed-wing UAV,2020-02-27 17:49:12+00:00,739.0,65.02857,24.53295,24.83,383809.723627961,7213906.93184317,-320.5565620280104,-989.3756836699322,-1.9500000000000028,-321.8300687740242,-989.8472389297272,-1.279090909090908,-12.752661333844344,-2.226967145406661,-0.06090909090909058,-0.6414813878446779,-0.01359310437970862,-0.1901677489177488,12.945646131516545,12.945789418950266,260.09445652966383,0.4345710774759526,-0.26957388272415145,999.56,-2.09,78.35,False
HAOS / PANGAEA,HAOS_Flight_03,HAOS_Flight_03_seg00,test,10.1594/PANGAEA.918819,CC BY 4.0,fixed-wing UAV,2020-02-27 17:49:13+00:00,740.0,65.02855,24.53273,25.51,383799.054502852,7213905.0518258,-331.22568713699,-991.2557010399178,-1.2699999999999996,-334.95966842128655,-992.1003491007286,-1.4923809523809508,-13.290613880981596,-2.2266202603640295,-0.19322510822510797,-0.3118408750093238,0.057585063232238554,-0.016320346320346624,13.475839681340982,13.477224902020922,260.4893727674057,0.46699577151170063,-0.8214868115544194,999.47,-2.12,78.38,False
HAOS / PANGAEA,HAOS_Flight_03,HAOS_Flight_03_seg00,test,10.1594/PANGAEA.918819,CC BY 4.0,fixed-wing UAV,2020-02-27 17:49:14+00:00,741.0,65.02851,24.53229,26.03,383778.206758332,7213901.05900733,-352.07343165704515,-995.2485195100307,-0.75,-348.4112965359874,-994.3004794504552,-1.6655411255411239,-13.376343083862992,-2.111797018942184,-0.09354978354978383,0.15726278173505648,0.15256443275723086,0.17895021645021614,13.542017609884518,13.542340732252478,261.02844807268724,0.543756267881133,-0.39579940487055315,999.4,-2.17,78.37,False
HAOS / PANGAEA,HAOS_Flight_03,HAOS_Flight_03_seg00,test,10.1594/PANGAEA.918819,CC BY 4.0,fixed-wing UAV,2020-02-27 17:49:15+00:00,742.0,65.02849,24.53206,24.68,383767.331469152,7213899.50429806,-362.94872083701193,-996.8032287796959,-2.1000000000000014,-361.71235458901253,-996.323943138613,-1.6794805194805185,-12.976088317511483,-1.9214913948495678,0.1646753246753243,0.6558491996476619,0.2071548540727406,0.19704545454545447,13.11758351238287,13.118617120981002,261.57688530316796,0.48132371499101845,0.7192411221954603,999.58,-2.07,78.21,False
HAOS / PANGAEA,HAOS_Flight_03,HAOS_Flight_03_seg00,test,10.1594/PANGAEA.918819,CC BY 4.0,fixed-wing UAV,2020-02-27 17:49:16+00:00,743.0,65.02848,24.53183,24.68,383756.207155359,7213898.26066035,-374.07303463004064,-998.0468664895743,-2.1000000000000014,-374.36347317101036,-998.1434622401543,-1.3361904761904753,-12.064644684567668,-1.6974873107967028,0.3005411255411251,1.1826073242228006,0.23787436929123373,0.04076839826839829,12.183477111858613,12.187183411409062,261.9910955026693,0.332140927608232,1.4130815370116234,999.58,-2.07,78.21,False
HAOS / PANGAEA,HAOS_Flight_03,HAOS_Flight_03_seg00,test,10.1594/PANGAEA.918819,CC BY 4.0,fixed-wing UAV,2020-02-27 17:49:17+00:00,744.0,65.02846,24.53159,25.43,383745.227989249,7213896.92493877,-385.05220074002864,-999.382588069886,-1.3500000000000014,-385.84164395814787,-999.7189177602064,-1.0783982683982682,-10.610873669065882,-1.4457426562671003,0.24621212121212088,0.9901096356454389,0.12069147058011254,-0.022673160173159956,10.708912729545698,10.711742727383703,262.2411671583844,-0.10366399441316823,1.317074002822743,999.48,-2.11,78.35,False
HAOS / PANGAEA,HAOS_Flight_03,HAOS_Flight_03_seg00,test,10.1594/PANGAEA.918819,CC BY 4.0,fixed-wing UAV,2020-02-27 17:49:18+00:00,745.0,65.02844,24.53137,26.48,383734.560494723,7213895.43172411,-395.71969526604516,-1000.8758027302101,-0.3000000000000007,-395.5852205091421,-1001.0349475526885,-0.8437662337662335,-10.08442541327679,-1.4561043696364777,0.2551948051948052,0.147337478364733,-0.0975493750650287,-0.0729978354978354,10.189007598938044,10.192202913983591,261.7837675138429,-0.6393173708804434,1.4347353158544713,999.34,-2.11,78.35,False
HAOS / PANGAEA,HAOS_Flight_03,HAOS_Flight_03_seg00,test,10.1594/PANGAEA.918819,CC BY 4.0,fixed-wing UAV,2020-02-27 17:49:19+00:00,746.0,65.02842,24.53115,26.93,383724.156822641,7213893.66062216,-406.1233673480456,-1002.6469046799466,0.14999999999999858,-406.01049478470145,-1002.6311264994794,-0.5680086580086579,-10.316198712336416,-1.6408414063971577,0.10021645021645009,-0.03349091587867292,-0.1361320484742521,-0.2571536796536796,10.445875568537035,10.446356289647262,260.96253241662356,-0.7231175564809056,0.5496718239222635,999.28,-2.16,78.35,False
HAOS / PANGAEA,HAOS_Flight_03,HAOS_Flight_03_seg00,test,10.1594/PANGAEA.918819,CC BY 4.0,fixed-wing UAV,2020-02-27 17:49:20+00:00,747.0,65.0284,24.53094,25.96,383714.112217797,7213891.81918657,-416.1679721919936,-1004.4883402697742,-0.8200000000000003,-416.21761793381495,-1004.3166303654829,-0.6433333333333333,-10.151407245034136,-1.7283684665849819,-0.25911255411255396,0.10989358294033025,-0.08214738334675076,-0.31008658008657985,10.297491277530508,10.30075074577167,260.3375324008811,-0.549666488630874,-1.4414116259546554,999.41,-2.1,78.53,False
HAOS / PANGAEA,HAOS_Flight_03,HAOS_Flight_03_seg00,test,10.1594/PANGAEA.918819,CC BY 4.0,fixed-wing UAV,2020-02-27 17:49:21+00:00,748.0,65.02838,24.53073,25.28,383704.045943944,7213890.17284344,-426.2342460450018,-1006.1346833994612,-1.5,-426.3133092747697,-1006.0878634326493,-1.0862337662337658,-10.096411546455755,-1.8051361730906592,-0.5199567099567096,-0.009329899153371457,-0.03812995424902965,-0.16093073593073565,10.25651221024016,10.269683427400988,259.8631994393618,-0.19982561723267298,-2.902140838734285,999.5,-2.1,78.36,False
HAOS / PANGAEA,HAOS_Flight_03,HAOS_Flight_03_seg00,test,10.1594/PANGAEA.918819,CC BY 4.0,fixed-wing UAV,2020-02-27 17:49:22+00:00,749.0,65.02837,24.53051,25.06,383693.843261539,7213888.59433592,-436.4369284500135,-1007.7131909197196,-1.7200000000000024,-436.41044102672646,-1007.9269027116642,-1.6832467532467525,-10.170067043340879,-1.8046283750830412,-0.5809740259740253,-0.263856394874594,0.02725596352505022,0.06353354978354991,10.328937372169664,10.3452635566746,259.93788116641576,0.38989322516567454,-3.219336190137069,999.53,-2.11,78.14,False
HAOS / PANGAEA,HAOS_Flight_03,HAOS_Flight_03_seg00,test,10.1594/PANGAEA.918819,CC BY 4.0,fixed-wing UAV,2020-02-27 17:49:23+00:00,750.0,65.02835,24.5303,24.83,383683.605133267,7213886.73669525,-446.67505672201514,-1009.5708315903321,-1.9500000000000028,-446.6534433614515,-1009.6971201828154,-2.2481818181818163,-10.624124336204943,-1.7506242460405588,-0.3928896103896098,-0.38747107163104033,0.06060887618062338,0.21528138528138507,10.767390731368822,10.774556390307644,260.64298588969314,0.6590955241315383,-2.089729481673878,999.56,-2.11,78.05,False
HAOS / PANGAEA,HAOS_Flight_03,HAOS_Flight_03_seg00,test,10.1594/PANGAEA.918819,CC BY 4.0,fixed-wing UAV,2020-02-27 17:49:24+00:00,751.0,65.02832,24.53008,24.23,383673.246478465,7213884.72606736,-457.03371152404,-1011.5814594803378,-2.5500000000000007,-457.65868969913635,-1011.4281512037453,-2.469025974025972,-10.94500918660296,-1.6834106227217944,-0.1504112554112551,0.1751307404011868,0.13036605801724477,0.16267857142857145,11.073711998219737,11.074733448949015,261.25607221467885,0.5528163554182647,-0.7781853285236449,999.64,-2.08,78.37,False
HAOS / PANGAEA,HAOS_Flight_03,HAOS_Flight_03_seg00,test,10.1594/PANGAEA.918819,CC BY 4.0,fixed-wing UAV,2020-02-27 17:49:25+00:00,752.0,65.02831,24.52985,24.09,383662.580155365,7213883.05078456,-467.70003462402383,-1013.2567422799766,-2.6900000000000013,-468.5434617346574,-1013.063941428259,-2.5490043290043265,-10.27386285540257,-1.4898921300060692,-0.06753246753246689,0.8543255398739404,0.20660577346956188,0.12823593073593065,10.38133115408013,10.381550807314179,261.74861860052965,0.45681732014031523,-0.3727143209017476,999.66,-2.13,78.35,False
HAOS / PANGAEA,HAOS_Flight_03,HAOS_Flight_03_seg00,test,10.1594/PANGAEA.918819,CC BY 4.0,fixed-wing UAV,2020-02-27 17:49:26+00:00,753.0,65.02829,24.52962,23.94,383651.501668906,7213881.87691076,-478.7785210830043,-1014.4306160798296,-2.84,-478.2064154099415,-1014.4079354637574,-2.604090909090906,-9.236358106855079,-1.2701990757826707,0.10606060606060619,0.864415040636004,0.13336774947333652,0.19112554112554053,9.323288945977524,9.323892192767172,262.1697068549595,0.05263083516426084,0.6517617356061479,999.68,-2.06,78.15,False
HAOS / PANGAEA,HAOS_Flight_03,HAOS_Flight_03_seg00,test,10.1594/PANGAEA.918819,CC BY 4.0,fixed-wing UAV,2020-02-27 17:49:27+00:00,754.0,65.02828,24.52938,24.68,383640.356636354,7213880.49317373,-489.923553635017,-1015.8143531102687,-2.1000000000000014,-487.01617794836756,-1015.6043395798243,-2.336883116883114,-8.545032774130561,-1.2231566310593962,0.3147186147186142,0.5256713374185153,-0.04959232975463124,0.10817099567099525,8.632131675030799,8.637866927750185,261.8538802708582,-0.8337703779604986,2.0880201628017616,999.58,-2.09,78.43,False
HAOS / PANGAEA,HAOS_Flight_03,HAOS_Flight_03_seg00,test,10.1594/PANGAEA.918819,CC BY 4.0,fixed-wing UAV,2020-02-27 17:49:28+00:00,755.0,65.028265,24.52927,24.795,383634.9387183995,7213879.51076452,-495.34147158951964,-1016.796762320213,-1.9849999999999994,-495.2964809582026,-1016.8542487258762,-1.9746536796536776,-8.185015432018048,-1.3693837352919331,0.3224025974025967,0.15546127353864847,-0.19793977049275213,0.004632034632034432,8.298776381904483,8.305036596648302,260.5021660990385,-1.4888926405964134,2.224788621344765,999.565,-2.075,78.38,True
HAOS / PANGAEA,HAOS_Flight_03,HAOS_Flight_03_seg00,test,10.1594/PANGAEA.918819,CC BY 4.0,fixed-wing UAV,2020-02-27 17:49:29+00:00,756.0,65.02825,24.52916,24.91,383629.520800445,7213878.52835531,-500.75938954402227,-1017.7791715301573,-1.870000000000001,-503.38620881240365,-1018.3431070504082,-1.6920779220779207,-8.234110227053264,-1.6190361720449005,0.32398268398268304,-0.30351823174261483,-0.23368353950510823,-0.060833333333333295,8.391772718422072,8.398024418705486,258.8760949896654,-1.1510689300673456,2.210930462772677,999.55,-2.06,78.33,False
HAOS / PANGAEA,HAOS_Flight_03,HAOS_Flight_03_seg00,test,10.1594/PANGAEA.918819,CC BY 4.0,fixed-wing UAV,2020-02-27 17:49:30+00:00,757.0,65.02823,24.52894,25.88,383619.067645137,7213876.27485578,-511.2125448519946,-1020.0326710594818,-0.9000000000000021,-511.76470141230914,-1020.092321069966,-1.3266883116883115,-8.792051895503278,-1.8367508143021496,0.2007359307359301,-0.821691125311176,-0.19030091905005975,-0.06866883116883088,8.981861170551591,8.984104017705427,258.2000282389038,-0.1603015216042093,1.2802922570439044,999.42,-2.13,78.52,False
HAOS / PANGAEA,HAOS_Flight_03,HAOS_Flight_03_seg00,test,10.1594/PANGAEA.918819,CC BY 4.0,fixed-wing UAV,2020-02-27 17:49:31+00:00,758.0,65.02821,24.52872,25.36,383608.736327924,7213874.08210651,-521.5438620650093,-1022.2254203297198,-1.4200000000000017,-520.9703126034102,-1022.0166086790125,-1.2906060606060605,-9.877492477675617,-1.99963801014502,0.18664502164502128,-0.9535423919756738,-0.10266051215859306,0.033138528138528384,10.077867324893454,10.079595536640348,258.5554919464569,0.4971379004845922,1.0610131323178063,999.49,-2.08,78.04,False
HAOS / PANGAEA,HAOS_Flight_03,HAOS_Flight_03_seg00,test,10.1594/PANGAEA.918819,CC BY 4.0,fixed-wing UAV,2020-02-27 17:49:32+00:00,759.0,65.02818,24.5285,25.58,383598.380340598,7213872.05344695,-531.8998493910185,-1024.254079889506,-1.2000000000000028,-531.5196863676604,-1024.091597090256,-0.9533982683982689,-10.699136679454625,-2.0420718386193357,0.26701298701298687,-0.15171865134496443,0.10954852711543595,-0.058587662337661994,10.892271713455072,10.895543998119923,259.194304039873,0.7621940189487038,1.4042666418860905,999.46,-2.09,78.32,False
HAOS / PANGAEA,HAOS_Flight_03,HAOS_Flight_03_seg00,test,10.1594/PANGAEA.918819,CC BY 4.0,fixed-wing UAV,2020-02-27 17:49:33+00:00,760.0,65.02816,24.52828,26.18,383587.826270603,7213870.24809284,-542.4539193860255,-1026.0594339994714,-0.6000000000000014,-542.3685859623195,-1026.1007523562512,-0.7565800865800868,-10.180929780365545,-1.780540955914148,0.06946969696969729,0.20426324101109117,0.20544646984853898,-0.15455627705627678,10.335456317377655,10.335689784780635,260.07987998435436,0.89930028364604,0.38510737970573033,999.38,-2.1,78.25,False
HAOS / PANGAEA,HAOS_Flight_03,HAOS_Flight_03_seg00,test,10.1594/PANGAEA.918819,CC BY 4.0,fixed-wing UAV,2020-02-27 17:49:34+00:00,761.0,65.02815,24.52806,25.51,383577.441289765,7213868.44932142,-552.8389002240147,-1027.858205419965,-1.2699999999999996,-551.8815459283915,-1027.6526790020844,-0.8144588744588743,-10.290610197432443,-1.6311788989222578,-0.04209956709956669,-0.7136391504365349,-0.009851775419349451,-0.09557900432900424,10.419088387944015,10.419173441753419,260.9929046071651,0.5523504128199636,-0.23150915868708744,999.47,-2.09,78.13,False
HAOS / PANGAEA,HAOS_Flight_03,HAOS_Flight_03_seg00,test,10.1594/PANGAEA.918819,CC BY 4.0,fixed-wing UAV,2020-02-27 17:49:35+00:00,762.0,65.02813,24.52784,26.93,383567.115210613,7213866.79697948,-563.1649793760153,-1029.510547359474,0.14999999999999858,-562.9498063571843,-1029.3631101540957,-0.8407792207792202,-11.608208081238615,-1.800244506752847,-0.12168831168831118,-1.10332719231522,-0.15496038324988604,-0.0945238095238097,11.74697302037539,11.74760329542281,261.18458080999426,0.08917448279085827,-0.5935126674774772,999.28,-2.12,78.3,False
HAOS / PANGAEA,HAOS_Flight_03,HAOS_Flight_03_seg00,test,10.1594/PANGAEA.918819,CC BY 4.0,fixed-wing UAV,2020-02-27 17:49:36+00:00,763.0,65.02811,24.52762,25.51,383556.580171848,7213865.3417098,-573.7000181410112,-1030.9658170398325,-1.2699999999999996,-575.0979620908687,-1031.25316801559,-1.0578354978354967,-12.497264582062883,-1.9410996654220298,-0.2311471861471861,-0.6972761221087751,-0.10285407230890087,-0.00044372294372335697,12.647113897849772,12.64922602244298,261.17125357274676,0.022731480866315323,-1.0470597466448108,999.47,-2.07,77.93,False
HAOS / PANGAEA,HAOS_Flight_03,HAOS_Flight_03_seg00,test,10.1594/PANGAEA.918819,CC BY 4.0,fixed-wing UAV,2020-02-27 17:49:37+00:00,764.0,65.02809,24.5274,25.13,383545.994290781,7213863.89727972,-584.2858992080437,-1032.410247120075,-1.6500000000000021,-587.9443355213101,-1033.2453094849398,-1.3030735930735924,-13.002760325456165,-2.0059526513706487,-0.1225757575757579,-0.28925957412818093,-0.03378953969149734,0.08556277056277062,13.156580943421352,13.157151931065595,261.2300437717269,0.04767088250527097,-0.5337914476405878,999.52,-2.07,78.6,False
HAOS / PANGAEA,HAOS_Flight_03,HAOS_Flight_03_seg00,test,10.1594/PANGAEA.918819,CC BY 4.0,fixed-wing UAV,2020-02-27 17:49:38+00:00,765.0,65.02805,24.52696,25.28,383525.478923961,7213860.38212227,-604.8012660280219,-1035.9254045700654,-1.5,-601.103482741781,-1035.2650733183314,-1.3029870129870125,-13.075783730319245,-2.0086787448050245,-0.060021645021644865,0.1577956361433337,0.029174630227828402,0.07259740259740288,13.229168925594417,13.229305086049836,261.26659533775734,0.021313565584629483,-0.25995309014763424,999.5,-2.09,78.5,False
HAOS / PANGAEA,HAOS_Flight_03,HAOS_Flight_03_seg00,test,10.1594/PANGAEA.918819,CC BY 4.0,fixed-wing UAV,2020-02-27 17:49:39+00:00,766.0,65.02804,24.52674,25.36,383514.914592653,7213858.64859443,-615.3655973360292,-1037.6589324101806,-1.4200000000000017,-614.0959029819486,-1037.2626669745498,-1.4231168831168821,-12.687169053169498,-1.947603390914992,0.022619047619047872,0.6127594088410149,0.10218151054618829,0.10293290043290049,12.835786596543485,12.83580652601622,261.27267090289615,0.0380343332903859,0.10096573466431459,999.49,-2.06,78.15,False
HAOS / PANGAEA,HAOS_Flight_03,HAOS_Flight_03_seg00,test,10.1594/PANGAEA.918819,CC BY 4.0,fixed-wing UAV,2020-02-27 17:49:40+00:00,767.0,65.02802,24.52651,25.7,383504.062944675,7213857.18816792,-626.2172453140374,-1039.119358919561,-1.0800000000000018,-626.47782084812,-1039.1602801001613,-1.2577489177489167,-11.850264912637215,-1.804315723712648,0.1458441558441561,1.0858567119930456,0.17335979756296638,0.05405844155844142,11.986840022729819,11.987727234480742,261.3426640043381,0.03551443030993426,0.6970846590002361,999.44,-2.07,78.32,False
HAOS / PANGAEA,HAOS_Flight_03,HAOS_Flight_03_seg00,test,10.1594/PANGAEA.918819,CC BY 4.0,fixed-wing UAV,2020-02-27 17:49:41+00:00,768.0,65.028,24.52629,26.03,383493.387708314,7213855.60697666,-636.8924816750223,-1040.7005501799285,-0.75,-637.796432807223,-1040.871298421975,-1.13142857142857,-10.515455629183407,-1.6008837957890591,0.1307359307359307,0.8679441901134908,0.0988530369679097,0.010346320346319993,10.636617696286024,10.63742111136578,261.34369976351604,-0.18417880993582728,0.7041937675533025,999.4,-2.08,78.49,False
HAOS / PANGAEA,HAOS_Flight_03,HAOS_Flight_03_seg00,test,10.1594/PANGAEA.918819,CC BY 4.0,fixed-wing UAV,2020-02-27 17:49:42+00:00,769.0,65.02798,24.52606,25.51,383482.779627111,7213854.00478675,-647.5005628780345,-1042.3027400895953,-1.2699999999999996,-647.5087321064868,-1042.3620476917395,-0.9962770562770553,-10.114376532410233,-1.6066096497768285,0.1665367965367961,0.024571113067281658,-0.08379454726809854,-0.01011904761904775,10.241181924276459,10.242535902340183,260.97430638446644,-0.46713569999030685,0.9316321797376076,999.47,-2.07,78.63,False
HAOS / PANGAEA,HAOS_Flight_03,HAOS_Flight_03_seg00,test,10.1594/PANGAEA.918819,CC BY 4.0,fixed-wing UAV,2020-02-27 17:49:43+00:00,770.0,65.02796,24.52584,25.51,383472.103204833,7213852.30859496,-658.1769851560239,-1043.998931880109,-1.2699999999999996,-658.0251858720435,-1044.0845177215288,-0.7983549783549777,-10.466313403048844,-1.7684728903252562,0.1104978354978352,-0.14592806495511468,-0.12047575057675886,-0.1014285714285714,10.6146696893806,10.61524481047446,260.4094283635354,-0.5209518034922449,0.5964227929972585,999.47,-2.07,78.63,False
HAOS / PANGAEA,HAOS_Flight_03,HAOS_Flight_03_seg00,test,10.1594/PANGAEA.918819,CC BY 4.0,fixed-wing UAV,2020-02-27 17:49:44+00:00,771.0,65.02794,24.52562,26.18,383461.759787528,7213850.41354956,-668.5204024609993,-1045.8939772797748,-0.6000000000000014,-668.4413589125845,-1045.89899347239,-0.7752813852813849,-10.406232662320463,-1.8475611509303462,-0.0363203463203467,0.04135402645238173,-0.0643185345340953,-0.08662337662337669,10.568971588038842,10.569033995419312,259.93240277748197,-0.3816548994430553,-0.19689658027840345,999.38,-2.13,78.35,False
HAOS / PANGAEA,HAOS_Flight_03,HAOS_Flight_03_seg00,test,10.1594/PANGAEA.918819,CC BY 4.0,fixed-wing UAV,2020-02-27 17:49:45+00:00,772.0,65.02792,24.52541,26.33,383451.656272113,7213848.38520611,-678.6239178760443,-1047.922320730053,-0.45000000000000284,-678.8376511966844,-1047.7796400233894,-0.8709956709956711,-10.38360535014408,-1.8971099593934468,-0.06274891774891816,0.03218186746306628,-0.03939033495629474,-0.06354978354978341,10.555486074339285,10.555672583604004,259.6461185646493,-0.24187926516458433,-0.3406006867527513,999.36,-2.09,77.48,False
HAOS / PANGAEA,HAOS_Flight_03,HAOS_Flight_03_seg00,test,10.1594/PANGAEA.918819,CC BY 4.0,fixed-wing UAV,2020-02-27 17:49:46+00:00,773.0,65.0279,24.52519,26.11,383441.158180861,7213846.63015353,-689.1220091280411,-1049.6773733096197,-0.6700000000000017,-689.2085696128727,-1049.6932133911769,-0.9007792207792212,-10.34186892739433,-1.9263418208429357,-0.16341991341991352,-0.06793287670853942,-0.06294827386875568,-0.10914502164502116,10.519745516034732,10.521014769984642,259.4486442471528,-0.26590499622190783,-0.889994746534544,999.39,-2.07,78.05,False
HAOS / PANGAEA,HAOS_Flight_03,HAOS_Flight_03_seg00,test,10.1594/PANGAEA.918819,CC BY 4.0,fixed-wing UAV,2020-02-27 17:49:47+00:00,774.0,65.02788,24.52497,25.21,383430.710289194,7213844.70539535,-699.5699007950025,-1051.6021314896643,-1.5700000000000003,-699.5213890514731,-1051.6323236650753,-1.1978354978354981,-10.519471103561159,-2.023006507130958,-0.2810389610389605,-0.09707072911083969,-0.09370102476344755,-0.00867965367965326,10.71222794877669,10.715913891226183,259.1143085722055,-0.3963896169192628,-1.5028296232987384,999.51,-2.1,78.82,False
HAOS / PANGAEA,HAOS_Flight_03,HAOS_Flight_03_seg00,test,10.1594/PANGAEA.918819,CC BY 4.0,fixed-wing UAV,2020-02-27 17:49:48+00:00,775.0,65.02786,24.52475,25.13,383420.366375163,7213842.65132508,-709.9138148259954,-1053.6562017602846,-1.6500000000000021,-710.247511819995,-1053.7392264054388,-1.4628571428571422,-10.53601038561601,-2.113743870369831,-0.18077922077922004,0.45356917398336805,-0.00883364683278387,0.1095670995670994,10.745949376175863,10.747469893979698,258.65586501331427,-0.5500519801530522,-0.9637965931574818,999.52,-2.07,78.4,False
HAOS / PANGAEA,HAOS_Flight_03,HAOS_Flight_03_seg00,test,10.1594/PANGAEA.918819,CC BY 4.0,fixed-wing UAV,2020-02-27 17:49:49+00:00,776.0,65.02784,24.52454,25.36,383410.223443378,7213840.67285479,-720.0567466110224,-1055.634672049433,-1.4200000000000017,-720.5934098227051,-1055.859811405815,-1.5593939393939382,-9.612332755594423,-2.040673800796526,-0.061904761904761685,1.062849593294004,0.11033793219894505,0.0997510822510817,9.826560464655515,9.826755454628822,258.0142046118994,-0.6705492883276041,-0.36094365688083896,999.49,-2.06,78.15,False
HAOS / PANGAEA,HAOS_Flight_03,HAOS_Flight_03_seg00,test,10.1594/PANGAEA.918819,CC BY 4.0,fixed-wing UAV,2020-02-27 17:49:50+00:00,777.0,65.02781,24.52433,24.91,383400.271615479,7213838.44452458,-730.0085745099932,-1057.8630022602156,-1.870000000000001,-729.4721773311838,-1057.8205740070318,-1.5866666666666656,-8.410311199028001,-1.8930680059719407,0.018722943722943364,0.9298516870210278,0.1417472777097828,0.11147186147186117,8.620733201980583,8.620753533673959,257.31476643665906,-0.3924304133053372,0.12443767178104531,999.55,-2.06,78.42,False
HAOS / PANGAEA,HAOS_Flight_03,HAOS_Flight_03_seg00,test,10.1594/PANGAEA.918819,CC BY 4.0,fixed-wing UAV,2020-02-27 17:49:51+00:00,778.0,65.02779,24.52412,25.73,383390.311015044,7213836.07824553,-739.9691749450285,-1060.229281309992,-1.0500000000000007,-737.4140322207611,-1059.6459474177589,-1.5219480519480515,-7.752629381552367,-1.7571792453769604,0.16103896103896065,0.3729420391202325,0.15062929456951224,0.03858225108225122,7.94927299997255,7.950904022503673,257.22934378528873,0.47619344756386933,1.1605578123607379,999.44,-2.07,79.08,False
HAOS / PANGAEA,HAOS_Flight_03,HAOS_Flight_03_seg00,test,10.1594/PANGAEA.918819,CC BY 4.0,fixed-wing UAV,2020-02-27 17:49:52+00:00,779.0,65.02778,24.524015,25.43,383385.2779798015,7213835.013929306,-745.0022101874929,-1061.293597534299,-1.3500000000000014,-744.9774360942886,-1061.3349324977858,-1.2645887445887443,-7.664427120787536,-1.5918094168329162,0.0958874458874458,-0.16464221465818696,0.17983305091809143,-0.08411255411255392,7.827981879730016,7.828569135650543,258.2671533317868,1.4800818797066415,0.701799171943202,999.48,-2.0599999999999996,78.755,True
HAOS / PANGAEA,HAOS_Flight_03,HAOS_Flight_03_seg00,test,10.1594/PANGAEA.918819,CC BY 4.0,fixed-wing UAV,2020-02-27 17:49:53+00:00,780.0,65.02777,24.52391,25.13,383380.244944559,7213833.94961308,-750.0352454300155,-1062.357913759537,-1.6500000000000021,-752.7428864623362,-1062.8295662514247,-1.33017316017316,-8.081913810868741,-1.3975131435407775,-0.007186147186147185,-0.6034376695690753,0.15629780752033184,-0.002077922077922012,8.201851853860816,8.20185500197312,260.189507544702,1.7637672610751207,-0.050200345812718164,999.52,-2.05,78.43,False
HAOS / PANGAEA,HAOS_Flight_03,HAOS_Flight_03_seg00,test,10.1594/PANGAEA.918819,CC BY 4.0,fixed-wing UAV,2020-02-27 17:49:54+00:00,781.0,65.02775,24.52369,25.58,383369.876974389,7213832.05628943,-760.403215600003,-1064.2512374101207,-1.2000000000000028,-761.1412637160261,-1064.1299587848673,-1.2789610389610386,-8.871302459925687,-1.2792138017922525,0.09173160173160178,-0.7200609275517422,0.07391221611658239,0.017413419913420047,8.963057251082319,8.96352664819688,261.79468785393703,1.1668131600451017,0.5863680201206192,999.46,-2.1,78.79,False
HAOS / PANGAEA,HAOS_Flight_03,HAOS_Flight_03_seg00,test,10.1594/PANGAEA.918819,CC BY 4.0,fixed-wing UAV,2020-02-27 17:49:55+00:00,782.0,65.02773,24.52346,26.26,383359.176358975,7213830.66274749,-771.1038310140138,-1065.6447793496773,-0.5199999999999996,-770.4854913821875,-1065.3879938550092,-1.1467099567099563,-9.522035665972226,-1.2496887113076127,0.02764069264069291,-0.9001782259440461,-0.058896180090187045,-0.07365800865800842,9.603691222608981,9.603730999309928,262.5231338647922,0.37362132072794296,0.1649043707799637,999.37,-2.11,78.5,False
HAOS / PANGAEA,HAOS_Flight_03,HAOS_Flight_03_seg00,test,10.1594/PANGAEA.918819,CC BY 4.0,fixed-wing UAV,2020-02-27 17:49:56+00:00,783.0,65.02772,24.52323,24.61,383348.389754121,7213829.58139298,-781.8904358680011,-1066.7261338597164,-2.1700000000000017,-780.1853350479705,-1066.6293362074825,-1.2236796536796528,-10.671658911813779,-1.3970061619726266,-0.05558441558441507,-1.2207742959112693,-0.21402819332416811,-0.03633116883116877,10.762710167364164,10.76285370029435,262.54193049539293,-0.25304957405821765,-0.29590354618633186,999.59,-2.06,79.03,False
HAOS / PANGAEA,HAOS_Flight_03,HAOS_Flight_03_seg00,test,10.1594/PANGAEA.918819,CC BY 4.0,fixed-wing UAV,2020-02-27 17:49:57+00:00,784.0,65.0277,24.52301,26.03,383338.013170991,7213828.21627193,-792.2670189980417,-1068.0912549095228,-0.75,-791.8288092058151,-1068.1820061789545,-1.2578787878787865,-11.963584257794764,-1.677745097955949,-0.04502164502164463,-0.9710160488160113,-0.2718929460088475,0.03208874458874439,12.080653000027354,12.080736892077004,262.01703471667577,-0.6445438157191341,-0.2135263966576935,999.4,-2.14,78.84,False
HAOS / PANGAEA,HAOS_Flight_03,HAOS_Flight_03_seg00,test,10.1594/PANGAEA.918819,CC BY 4.0,fixed-wing UAV,2020-02-27 17:49:58+00:00,785.0,65.02768,24.5228,26.03,383327.822676816,7213826.63695828,-802.4575131729944,-1069.67056856025,-0.75,-804.11250356356,-1069.9848264033944,-1.313722943722942,-12.613691009445802,-1.9407920539903216,0.008593073593073708,-0.5479371044974073,-0.22822055613988823,0.11593073593073572,12.76212657352237,12.762129466492636,261.25284286395464,-0.6491550465230954,0.038578740987034905,999.4,-2.14,78.84,False
HAOS / PANGAEA,HAOS_Flight_03,HAOS_Flight_03_seg00,test,10.1594/PANGAEA.918819,CC BY 4.0,fixed-wing UAV,2020-02-27 17:49:59+00:00,786.0,65.02766,24.52258,24.46,383317.34178686,7213825.00302943,-812.9384031289956,-1071.304497409612,-2.3200000000000003,-817.0561912247067,-1072.063590286935,-1.240692640692639,-13.059458466789579,-2.1341862102357254,0.1868398268398268,-0.21856109729861828,-0.09982486883200181,0.043160173160172954,13.232694594290399,13.23401357663864,260.71872462362956,-0.28345265930157537,0.8089374490449601,999.61,-2.09,78.59,False
HAOS / PANGAEA,HAOS_Flight_03,HAOS_Flight_03_seg00,test,10.1594/PANGAEA.918819,CC BY 4.0,fixed-wing UAV,2020-02-27 17:50:00+00:00,787.0,65.02762,24.52213,25.96,383296.046746712,7213821.34230185,-834.2334432770149,-1074.96522498969,-0.8200000000000003,-830.2314204971392,-1074.253198823866,-0.9400432900432885,-13.050813204043038,-2.1404417916543252,0.09491341991341962,0.25606629324687447,0.08048953200602682,-0.1487770562770564,13.225173584882903,13.225514164204133,260.6859375453515,0.17203496970956303,0.4111889332670954,999.41,-2.15,78.75,False
HAOS / PANGAEA,HAOS_Flight_03,HAOS_Flight_03_seg00,test,10.1594/PANGAEA.918819,CC BY 4.0,fixed-wing UAV,2020-02-27 17:50:01+00:00,788.0,65.0276,24.52191,26.03,383285.61787359,7213819.48378297,-844.6623163990444,-1076.8237438695505,-0.75,-843.1578176327928,-1076.3444738702437,-1.0508658008657998,-12.54732588029583,-1.9732071462236718,-0.11071428571428599,0.7744681995831115,0.1991049879929392,-0.05043290043290044,12.701532710198785,12.702015227565699,261.0627945630487,0.35036804229242924,-0.49941222040846767,999.4,-2.12,78.59,False
HAOS / PANGAEA,HAOS_Flight_03,HAOS_Flight_03_seg00,test,10.1594/PANGAEA.918819,CC BY 4.0,fixed-wing UAV,2020-02-27 17:50:02+00:00,789.0,65.02759,24.52169,26.03,383275.176019907,7213818.08440276,-855.1041700820206,-1078.2231240803376,-0.75,-855.3260722577309,-1078.1996131163132,-1.1614718614718604,-11.501876804876815,-1.7422318156684469,-0.005952380952381264,1.313159515301038,0.22344664283383509,0.016969696969696968,11.633079632414224,11.633081155262765,261.38667362993635,0.09550716018811631,-0.029316938217436233,999.4,-2.12,78.59,False
HAOS / PANGAEA,HAOS_Flight_03,HAOS_Flight_03_seg00,test,10.1594/PANGAEA.918819,CC BY 4.0,fixed-wing UAV,2020-02-27 17:50:03+00:00,790.0,65.02757,24.52148,25.66,383265.057077013,7213816.63881066,-865.2231129760039,-1079.6687161801383,-1.120000000000001,-866.1615712425464,-1079.8289375015806,-1.0627705627705624,-9.921006849693754,-1.5263138605560016,-0.07677489177489205,1.0569221462352516,0.06443786449648314,-0.10716450216450202,10.037729370360397,10.038022977489282,261.25380888342494,-0.5689209167923622,-0.4382257512219542,999.45,-2.09,78.95,False
HAOS / PANGAEA,HAOS_Flight_03,HAOS_Flight_03_seg00,test,10.1594/PANGAEA.918819,CC BY 4.0,fixed-wing UAV,2020-02-27 17:50:04+00:00,791.0,65.02755,24.52127,25.06,383255.193417876,7213815.13470911,-875.0867721129907,-1081.1728177303448,-1.7200000000000024,-875.1680859571184,-1081.2522408374252,-1.3150216450216445,-9.388032512406312,-1.6133560866754806,-0.2202813852813853,0.11514062959315652,-0.20880421397407645,-0.0175108225108222,9.525653380026526,9.528200050645047,260.2488317963516,-1.2982904969365068,-1.3247327079079023,999.53,-2.08,78.38,False
HAOS / PANGAEA,HAOS_Flight_03,HAOS_Flight_03_seg00,test,10.1594/PANGAEA.918819,CC BY 4.0,fixed-wing UAV,2020-02-27 17:50:05+00:00,792.0,65.02754,24.52106,24.91,383245.224778613,7213813.49587641,-885.0554113760008,-1082.8116504298523,-1.870000000000001,-884.937636267359,-1083.0556496749316,-1.503333333333333,-9.69072559050744,-1.9439222885041545,-0.11179653679653645,-0.1174920117515228,-0.2687873814347199,0.11517316017316037,9.883774397175353,9.88440664885347,258.6572278895519,-1.4242225507391901,-0.6480516765464427,999.55,-2.04,78.53,False
HAOS / PANGAEA,HAOS_Flight_03,HAOS_Flight_03_seg00,test,10.1594/PANGAEA.918819,CC BY 4.0,fixed-wing UAV,2020-02-27 17:50:06+00:00,793.0,65.02751,24.52086,25.88,383235.593020646,7213811.28017781,-894.6871693430003,-1085.0273490296677,-0.9000000000000021,-894.5495371381332,-1085.1400854144335,-1.5386147186147174,-9.623016535909358,-2.1509308495449204,0.010064935064935443,-0.0011712205700007416,-0.1451613195936261,0.058225108225108124,9.860474165571803,9.860479302388237,257.40038669487325,-0.8185786367560806,0.05848381024384499,999.42,-2.07,78.68,False
HAOS / PANGAEA,HAOS_Flight_03,HAOS_Flight_03_seg00,test,10.1594/PANGAEA.918819,CC BY 4.0,fixed-wing UAV,2020-02-27 17:50:07+00:00,794.0,65.02749,24.52066,25.28,383226.121852785,7213808.89645456,-904.1583372040186,-1087.411072280258,-1.5,-904.1836693391778,-1087.3575113740214,-1.483203463203462,-9.693068031647442,-2.2342449276914067,0.004653679653679799,-0.09735863263495048,-0.033949678033025066,-0.01433982683982693,9.947231688417657,9.947232776998572,257.0200706160398,-0.0677088141764442,0.026805064188786618,999.5,-2.06,78.9,False
HAOS / PANGAEA,HAOS_Flight_03,HAOS_Flight_03_seg00,test,10.1594/PANGAEA.918819,CC BY 4.0,fixed-wing UAV,2020-02-27 17:50:08+00:00,795.0,65.02746,24.52046,24.98,383216.576328428,7213806.51445245,-913.7038615610218,-1089.7930743899196,-1.8000000000000007,-913.9356732014281,-1089.6085752698164,-1.5293073593073578,-9.817733801179259,-2.2188302056109706,-0.018614718614718417,-0.254290315846589,0.05192049166691959,-0.009940476190476222,10.065341746416232,10.065358959316773,257.26496906652034,0.5922020689305012,-0.10596198563101031,999.54,-2.05,78.59,False
HAOS / PANGAEA,HAOS_Flight_03,HAOS_Flight_03_seg00,test,10.1594/PANGAEA.918819,CC BY 4.0,fixed-wing UAV,2020-02-27 17:50:09+00:00,796.0,65.02744,24.52025,25.51,383206.625500099,7213804.40842147,-923.6546898900415,-1091.8991053700447,-1.2699999999999996,-923.8191369415363,-1091.7951717852434,-1.520432900432899,-10.20164866334062,-2.1304039443575675,-0.015227272727272645,-0.30852504634918887,0.12707594224633567,0.04349567099567081,10.421720415381222,10.42173153973026,258.20447475390074,1.0360587969240271,-0.08371533730912045,999.47,-2.12,78.93,False
HAOS / PANGAEA,HAOS_Flight_03,HAOS_Flight_03_seg00,test,10.1594/PANGAEA.918819,CC BY 4.0,fixed-wing UAV,2020-02-27 17:50:10+00:00,797.0,65.02742,24.52003,25.13,383196.324060592,7213802.58302317,-933.9561293970328,-1093.7245036698878,-1.6500000000000021,-934.3389705281094,-1093.8693831585315,-1.5597619047619031,-10.434783893877636,-1.9646783211182992,0.0683766233766232,0.24502583032699476,0.21803942697363254,0.06986471861471844,10.618129581870827,10.618349739014285,259.3370866603684,0.9495372606374165,0.3689574283547456,999.52,-2.09,78.28,False
HAOS / PANGAEA,HAOS_Flight_03,HAOS_Flight_03_seg00,test,10.1594/PANGAEA.918819,CC BY 4.0,fixed-wing UAV,2020-02-27 17:50:11+00:00,798.0,65.0274,24.51982,24.98,383186.059278345,7213800.72610123,-944.2209116439917,-1095.5814256099984,-1.8000000000000007,-944.6887047292915,-1095.72452842748,-1.3836796536796525,-9.71159700268663,-1.6943250904103024,0.12450216450216423,0.9019107598075493,0.2685483885339295,0.036396103896103815,9.858288586493389,9.859074735671271,260.1035492751756,0.6355435869401672,0.7235606146970303,999.54,-2.03,78.57,False
HAOS / PANGAEA,HAOS_Flight_03,HAOS_Flight_03_seg00,test,10.1594/PANGAEA.918819,CC BY 4.0,fixed-wing UAV,2020-02-27 17:50:12+00:00,799.0,65.02738,24.5196,25.96,383175.926583112,7213798.91913435,-954.3536068770336,-1097.3883924903348,-0.8200000000000003,-953.7621645334826,-1097.258033339352,-1.3107575757575747,-8.630962374262538,-1.4275815440504402,0.14116883116883083,0.8708705666239496,0.21914284267108997,0.05317099567099559,8.74822842470686,8.749367360543426,260.60817383424876,0.47018528588824393,0.9244930374862524,999.41,-2.08,78.6,False
HAOS / PANGAEA,HAOS_Flight_03,HAOS_Flight_03_seg00,test,10.1594/PANGAEA.918819,CC BY 4.0,fixed-wing UAV,2020-02-27 17:50:13+00:00,800.0,65.02736,24.51939,25.66,383165.79240356,7213797.317294,-964.4877864290029,-1098.9902328401804,-1.120000000000001,-961.9506294778166,-1098.5796915155809,-1.1013419913419908,-7.969855869438732,-1.2560394050681225,0.2308441558441554,0.41781708660602135,0.15347672489201614,0.0023051948051947546,8.068223941284158,8.071525666873535,261.04391984695206,0.6056193164539116,1.6388722717918929,999.45,-2.08,78.84,False
HAOS / PANGAEA,HAOS_Flight_03,HAOS_Flight_03_seg00,test,10.1594/PANGAEA.918819,CC BY 4.0,fixed-wing UAV,2020-02-27 17:50:14+00:00,801.0,65.027355,24.519280000000002,25.695,383160.6016962265,7213796.593811115,-969.6784937625052,-1099.713715724647,-1.0850000000000009,-969.7018762723601,-1099.7701121494883,-0.8490692640692639,-7.795328201050495,-1.120628094266408,0.14577922077922034,-0.06275208029578039,0.1308121644534026,-0.1393181818181817,7.875465007715564,7.87681411923395,261.81941246715655,0.9765415254552936,1.060455516821384,999.445,-2.075,78.695,True
HAOS / PANGAEA,HAOS_Flight_03,HAOS_Flight_03_seg00,test,10.1594/PANGAEA.918819,CC BY 4.0,fixed-wing UAV,2020-02-27 17:50:15+00:00,802.0,65.02735,24.51917,25.73,383155.410988893,7213795.87032823,-974.8692010960076,-1100.437198610045,-1.0500000000000007,-977.5412858799176,-1100.8209477041137,-0.8097835497835502,-8.095360030030292,-0.9944150761613173,-0.047792207792208,-0.48541006213611126,0.07199548131865185,-0.13612554112554076,8.156207167520268,8.156347188210825,262.99700289786267,0.9117382916677763,-0.3357271835688495,999.44,-2.07,78.55,False
HAOS / PANGAEA,HAOS_Flight_03,HAOS_Flight_03_seg00,test,10.1594/PANGAEA.918819,CC BY 4.0,fixed-wing UAV,2020-02-27 17:50:16+00:00,803.0,65.02733,24.51895,26.56,383144.976562432,7213794.53022866,-985.3036275570048,-1101.777298179455,-0.22000000000000242,-985.8925963324207,-1101.758942301811,-0.9446536796536799,-8.766148325322717,-0.9766371316291043,-0.12647186147186118,-0.8316060589054928,-0.07676633079108797,-0.0682792207792205,8.820384149708843,8.821290817118498,263.6428890504921,0.14692638389948778,-0.8214843283663412,999.33,-2.13,78.41,False
HAOS / PANGAEA,HAOS_Flight_03,HAOS_Flight_03_seg00,test,10.1594/PANGAEA.918819,CC BY 4.0,fixed-wing UAV,2020-02-27 17:50:17+00:00,804.0,65.02732,24.51873,25.58,383134.598288513,7213793.26470785,-995.6819014759967,-1103.0428189896047,-1.2000000000000028,-995.073582530563,-1102.774221967372,-1.0627272727272725,-9.758572147841278,-1.1479477377434932,-0.184350649350649,-0.8197299108732636,-0.20161326534275759,-0.07308441558441553,9.825859472494706,9.827588693831766,263.29085566566164,-0.5983392405529945,-1.0748449129173019,999.46,-2.03,78.39,False
HAOS / PANGAEA,HAOS_Flight_03,HAOS_Flight_03_seg00,test,10.1594/PANGAEA.918819,CC BY 4.0,fixed-wing UAV,2020-02-27 17:50:18+00:00,805.0,65.0273,24.51851,25.21,383124.215054337,7213792.24650765,-1006.0651356520248,-1104.0610191896558,-1.5700000000000003,-1005.4097406281032,-1104.054837777298,-1.3133549783549778,-10.405608147069245,-1.3798636623146194,-0.27264069264069224,0.013811773500890467,-0.14223037342327416,-0.03530844155844151,10.496699702141152,10.500239882222393,262.44621056938615,-0.8323666379038186,-1.4878628482789293,999.51,-2.05,78.3,False
HAOS / PANGAEA,HAOS_Flight_03,HAOS_Flight_03_seg00,test,10.1594/PANGAEA.918819,CC BY 4.0,fixed-wing UAV,2020-02-27 17:50:19+00:00,806.0,65.02729,24.5183,25.28,383114.179168235,7213791.1150794,-1016.1010217540315,-1105.1924474397674,-1.5,-1015.8847988247015,-1105.5339492920011,-1.608008658008657,-9.730948600839497,-1.4324084845900416,-0.254967532467532,0.2882496248098505,-0.11471287931874485,0.10166666666666663,9.835809816121177,9.839113942907577,261.626122389854,-0.8722852761471046,-1.4849100323788664,999.5,-2.06,78.64,False
HAOS / PANGAEA,HAOS_Flight_03,HAOS_Flight_03_seg00,test,10.1594/PANGAEA.918819,CC BY 4.0,fixed-wing UAV,2020-02-27 17:50:20+00:00,807.0,65.02727,24.51809,24.91,383104.456240976,7213789.30363091,-1025.8239490130218,-1107.0038959300146,-1.870000000000001,-1024.8716378297822,-1106.919654746478,-1.8232900432900419,-9.829108897449544,-1.6092894209521091,-0.06930735930735898,-0.7922500649158906,-0.2953203962590578,0.174410173160173,9.959979626400354,9.960220764037528,260.7016400170919,-0.8813672587025336,-0.3986910850785016,999.55,-2.05,78.72,False
HAOS / PANGAEA,HAOS_Flight_03,HAOS_Flight_03_seg00,test,10.1594/PANGAEA.918819,CC BY 4.0,fixed-wing UAV,2020-02-27 17:50:21+00:00,808.0,65.02725,24.51789,24.91,383094.671751379,7213787.31904811,-1035.608438610041,-1108.9884787295014,-1.870000000000001,-1035.5430166196006,-1108.7525281339053,-1.746623376623375,-11.315448730671278,-2.023049277108157,0.09385281385281397,-1.2926314502721823,-0.3417011985002887,0.09123376623376611,11.494873133447715,11.495256269641237,259.8633878724489,-0.5825771907515289,0.4677955624760349,999.55,-2.06,78.65,False
HAOS / PANGAEA,HAOS_Flight_03,HAOS_Flight_03_seg00,test,10.1594/PANGAEA.918819,CC BY 4.0,fixed-wing UAV,2020-02-27 17:50:22+00:00,809.0,65.02723,24.51767,25.13,383084.476149708,7213785.44681181,-1045.8040402810439,-1110.8607150297612,-1.6500000000000021,-1047.5025352911248,-1110.9657533006944,-1.635584415584414,-12.414371797993908,-2.2926918179526865,0.11316017316017324,-0.8774745750158672,-0.181152001544433,0.09127705627705607,12.624304452560295,12.62481160792997,259.53648563558886,-0.1030345270453966,0.5135670417953078,999.52,-2.07,78.53,False
HAOS / PANGAEA,HAOS_Flight_03,HAOS_Flight_03_seg00,test,10.1594/PANGAEA.918819,CC BY 4.0,fixed-wing UAV,2020-02-27 17:50:23+00:00,810.0,65.02721,24.51745,25.51,383073.796393943,7213783.80804331,-1056.483796045999,-1112.4994835294783,-1.2699999999999996,-1060.3717602155884,-1113.3379117698107,-1.5203030303030285,-13.070397880703013,-2.385353280197023,0.2764069264069261,-0.3858215546493966,-0.026334251476669124,0.13487012987012953,13.286279051383517,13.28915391664188,259.65731881835814,0.18897333048044349,1.191805928423917,999.47,-2.06,78.68,False
HAOS / PANGAEA,HAOS_Flight_03,HAOS_Flight_03_seg00,test,10.1594/PANGAEA.918819,CC BY 4.0,fixed-wing UAV,2020-02-27 17:50:24+00:00,811.0,65.02717,24.517,25.51,383052.546049001,7213779.984849,-1077.7341409880319,-1116.3226778395474,-1.2699999999999996,-1073.6433310525308,-1115.7364598610884,-1.0827705627705617,-13.186014907292702,-2.3453603209060248,0.3829004329004323,0.16563819309311612,0.1166156358436865,0.0135064935064933,13.3929721932895,13.398444570611213,259.91443229654976,0.3768919529308465,1.6376203946815784,999.47,-2.05,78.64,False
HAOS / PANGAEA,HAOS_Flight_03,HAOS_Flight_03_seg00,test,10.1594/PANGAEA.918819,CC BY 4.0,fixed-wing UAV,2020-02-27 17:50:25+00:00,812.0,65.02715,24.51678,25.85,383042.03969966,7213777.99166468,-1088.2404903290444,-1118.315862160176,-0.9299999999999997,-1086.7437900301738,-1118.0286324116228,-0.7545021645021639,-12.73912149451678,-2.15212200850965,0.3034199134199127,0.6665516086524121,0.3029597282451846,-0.11345238095238101,12.919630242060762,12.92319268739079,260.41110272421986,0.8684393453453728,1.3453547040047973,999.42,-2.08,78.59,False
HAOS / PANGAEA,HAOS_Flight_03,HAOS_Flight_03_seg00,test,10.1594/PANGAEA.918819,CC BY 4.0,fixed-wing UAV,2020-02-27 17:50:26+00:00,813.0,65.02713,24.51656,26.18,383031.4938935,7213776.23064852,-1098.7862964890082,-1120.0768783194944,-0.6000000000000014,-1099.1215740415644,-1120.0407038781077,-0.47593073593073626,-11.852911689987877,-1.7394408644156556,0.15599567099567027,1.0674782572831418,0.4584966864795206,-0.17303030303030276,11.979865193375524,11.980880798205938,261.6513109872405,1.4726306389625223,0.7460341423107375,999.38,-2.11,78.55,False
HAOS / PANGAEA,HAOS_Flight_03,HAOS_Flight_03_seg00,test,10.1594/PANGAEA.918819,CC BY 4.0,fixed-wing UAV,2020-02-27 17:50:27+00:00,814.0,65.02711,24.51634,27.08,383021.029744548,7213774.43734292,-1109.2504454409936,-1121.8701839195564,0.29999999999999716,-1110.4496134101496,-1121.507514140454,-0.44251082251082335,-10.604164979950497,-1.235128635550609,-0.042640692640692784,0.8114131661549209,0.21382587540938403,-0.11827922077922032,10.675853954994215,10.675939110777772,263.3563640021449,0.5208043265365742,-0.22884527481017145,999.26,-2.12,78.66,False
HAOS / PANGAEA,HAOS_Flight_03,HAOS_Flight_03_seg00,test,10.1594/PANGAEA.918819,CC BY 4.0,fixed-wing UAV,2020-02-27 17:50:28+00:00,815.0,65.02709,24.51612,26.11,383010.539195185,7213773.2860966,-1119.740994804015,-1123.0214302400127,-0.6700000000000017,-1120.3299040014654,-1122.510961149209,-0.5612121212121218,-10.230085357678036,-1.3117891135968875,-0.08056277056277036,0.30110868955034675,-0.4782160677165166,0.0033982683982686362,10.313846862540178,10.314161500768282,262.6929196403137,-2.857660182974674,-0.4475355244476857,999.39,-2.05,78.76,False
HAOS / PANGAEA,HAOS_Flight_03,HAOS_Flight_03_seg00,test,10.1594/PANGAEA.918819,CC BY 4.0,fixed-wing UAV,2020-02-27 17:50:29+00:00,816.0,65.02708,24.5159,26.18,383000.091344533,7213772.13577332,-1130.1888454559958,-1124.171753520146,-0.6000000000000014,-1130.9097841255057,-1124.1310923676479,-0.6036363636363641,-10.001947600849803,-2.191560770983642,-0.03584415584415551,0.9393681240668457,-1.1110152696275009,0.044404761904762016,10.239233097408201,10.23929583646101,257.64104363619555,-7.814129357363092,-0.20057268365545125,999.38,-2.11,78.41,False
HAOS / PANGAEA,HAOS_Flight_03,HAOS_Flight_03_seg00,test,10.1594/PANGAEA.918819,CC BY 4.0,fixed-wing UAV,2020-02-27 17:50:30+00:00,817.0,65.02706,24.51568,25.51,382989.857292282,7213770.35884915,-1140.4228977070306,-1125.9486776897684,-1.2699999999999996,-1140.333799203165,-1126.8940826911762,-0.6329004329004329,-8.351349109544344,-3.5338196528518893,0.008246753246753669,2.142297482160643,-1.4810378280119494,0.06709956709956688,9.068236503773452,9.06824025361638,247.06466092558748,-14.836312040750961,0.05210539284789856,999.47,-2.11,78.83,False
HAOS / PANGAEA,HAOS_Flight_03,HAOS_Flight_03_seg00,test,10.1594/PANGAEA.918819,CC BY 4.0,fixed-wing UAV,2020-02-27 17:50:31+00:00,818.0,65.02702,24.51551,25.96,382981.748178871,7213766.0341658,-1148.532011118019,-1130.2733610402793,-0.8200000000000003,-1147.6124823445944,-1131.1987316733516,-0.5871428571428567,-5.717352636528517,-5.153636427007541,0.09835497835497825,3.0021180932210996,-1.5492170296006407,-0.020227272727273038,7.697278063848197,7.697906422785733,227.9684195546936,-23.78805471318936,0.7320793708532903,999.41,-2.12,78.9,False
HAOS / PANGAEA,HAOS_Flight_03,HAOS_Flight_03_seg00,test,10.1594/PANGAEA.918819,CC BY 4.0,fixed-wing UAV,2020-02-27 17:50:32+00:00,819.0,65.02696,24.51543,26.93,382977.433084718,7213759.30911946,-1152.8471052710083,-1136.998407379724,0.14999999999999858,-1151.768504476222,-1137.2013555451913,-0.43619047619047635,-2.347112923102145,-6.632253712053171,-0.03220779220779241,3.4339666616145337,-1.24098357184414,-0.15353896103896103,7.035320062004013,7.035393785476052,199.48855149920874,-28.26881845098201,-0.2622990358578332,999.28,-2.07,79.04,False
HAOS / PANGAEA,HAOS_Flight_03,HAOS_Flight_03_seg00,test,10.1594/PANGAEA.918819,CC BY 4.0,fixed-wing UAV,2020-02-27 17:50:33+00:00,820.0,65.02688,24.51543,26.41,382977.27232913,7213751.3429508,-1153.007860859041,-1144.9645760394633,-0.370000000000001,-1152.3067081907986,-1144.463239097458,-0.6515584415584416,1.1505806867005504,-7.635603570695821,-0.2087229437229438,3.179782159295314,-0.7371489769584514,-0.15871212121212103,7.721805346253626,7.724625756155922,171.4307826527296,-22.911152828382527,-1.5483467851255344,999.35,-2.05,78.93,False
HAOS / PANGAEA,HAOS_Flight_03,HAOS_Flight_03_seg00,test,10.1594/PANGAEA.918819,CC BY 4.0,fixed-wing UAV,2020-02-27 17:50:34+00:00,821.0,65.02681,24.5155,26.11,382980.432115292,7213743.29224445,-1149.8480746970163,-1153.0152823897079,-0.6700000000000017,-1149.467343102821,-1152.472562686583,-0.853636363636364,4.012451395488483,-8.106551665970073,-0.34963203463203446,2.293096639087139,-0.38149570741336447,-0.1492748917748913,9.045216753301142,9.05197153518727,153.6662458424437,-12.883170450284245,-2.2135978069029845,999.39,-2.09,78.68,False
HAOS / PANGAEA,HAOS_Flight_03,HAOS_Flight_03_seg00,test,10.1594/PANGAEA.918819,CC BY 4.0,fixed-wing UAV,2020-02-27 17:50:35+00:00,822.0,65.02674,24.51563,25.06,382986.178068074,7213735.35891513,-1144.102121915028,-1160.9486117102206,-1.7200000000000024,-1144.2818053998217,-1160.6763424293981,-1.3508225108225105,5.736773964874828,-8.39859498552255,-0.5072727272727264,1.0697716975195704,-0.19639268681169142,-0.016753246753246548,10.170888518458462,10.183530766622395,145.6644417521611,-4.782018913520745,-2.855259172445697,999.53,-2.01,78.91,False
HAOS / PANGAEA,HAOS_Flight_03,HAOS_Flight_03_seg00,test,10.1594/PANGAEA.918819,CC BY 4.0,fixed-wing UAV,2020-02-27 17:50:36+00:00,823.0,65.02668,24.51578,24.46,382992.723602379,7213727.73271598,-1137.5565876100445,-1168.5748108597472,-2.3200000000000003,-1137.9937951730712,-1169.269752657628,-1.8681818181818168,6.151994790527624,-8.499337039593456,-0.38313852813852756,-0.16073396062154188,0.22670812703756837,0.16521645021644993,10.492176609993004,10.49916973608049,144.1022080154022,0.028922535077841052,-2.091317346825154,999.61,-2.05,78.52,False
HAOS / PANGAEA,HAOS_Flight_03,HAOS_Flight_03_seg00,test,10.1594/PANGAEA.918819,CC BY 4.0,fixed-wing UAV,2020-02-27 17:50:37+00:00,824.0,65.02661,24.51591,25.06,382998.821516416,7213719.35419563,-1131.4586735730409,-1176.9533312097192,-1.7200000000000024,-1131.9778158187664,-1177.675016508585,-2.1170995670995656,5.415306043631745,-7.945178731447413,-0.17683982683982657,-0.9722199157894238,0.6427497936631426,0.17762987012986997,9.615165345475804,9.616791405931375,145.7222868223168,2.822208997405135,-1.0536515150249437,999.53,-2.11,79.14,False
HAOS / PANGAEA,HAOS_Flight_03,HAOS_Flight_03_seg00,test,10.1594/PANGAEA.918819,CC BY 4.0,fixed-wing UAV,2020-02-27 17:50:38+00:00,825.0,65.02653,24.51603,24.46,383003.86342921,7213710.60948921,-1126.4167607790441,-1185.698037629947,-2.3200000000000003,-1127.1631830858078,-1185.1601101205229,-2.22186147186147,4.207554958948776,-7.213837452267171,-0.027878787878787614,-1.118941142666472,0.5620953356685732,0.09114718614718598,8.351225629828651,8.351272163396457,149.74662601021248,4.650088539673244,-0.19126904487768825,999.61,-2.02,78.45,False
HAOS / PANGAEA,HAOS_Flight_03,HAOS_Flight_03_seg00,test,10.1594/PANGAEA.918819,CC BY 4.0,fixed-wing UAV,2020-02-27 17:50:39+00:00,826.0,65.02645,24.51611,24.61,383007.542254547,7213701.90723845,-1122.7379354420118,-1194.4002883899957,-2.1700000000000017,-1123.5627059008689,-1192.1026914131194,-2.172857142857141,3.1774237582988007,-6.820988060110267,0.005454545454545379,-0.8383032653259193,0.27053609745098584,-0.05045454545454542,7.524752478053248,7.524754454999487,155.0224639016633,4.740936716551639,0.041532579294903345,999.59,-2.05,79.02,False
HAOS / PANGAEA,HAOS_Flight_03,HAOS_Flight_03_seg00,test,10.1594/PANGAEA.918819,CC BY 4.0,fixed-wing UAV,2020-02-27 17:50:40+00:00,827.0,65.02641,24.516150000000003,24.57,383009.1118346815,7213697.485292445,-1121.1683553075418,-1198.82223439496,-2.210000000000001,-1120.8083355692102,-1198.8020862407434,-2.2109523809523792,2.530948428296938,-6.672765257365199,-0.12878787878787845,-0.46678723982847714,0.011296984377793251,-0.09804112554112532,7.1366305863901065,7.137792547021907,159.22849944331574,3.355881999469378,-1.0338493719839406,999.595,-2.035,78.81,True
HAOS / PANGAEA,HAOS_Flight_03,HAOS_Flight_03_seg00,test,10.1594/PANGAEA.918819,CC BY 4.0,fixed-wing UAV,2020-02-27 17:50:41+00:00,828.0,65.02637,24.51619,24.53,383010.681414816,7213693.06334644,-1119.5987751730136,-1203.2441803999245,-2.25,-1118.500809044275,-1205.4482219278498,-2.4304329004328977,2.2438492786418465,-6.79839409135468,-0.19062770562770526,-0.17643577160094992,-0.32232243930457116,0.026493506493506347,7.159121580656929,7.161659076553467,161.73422790060204,2.0977528884103585,-1.5252685202286562,999.6,-2.02,78.6,False
HAOS / PANGAEA,HAOS_Flight_03,HAOS_Flight_03_seg00,test,10.1594/PANGAEA.918819,CC BY 4.0,fixed-wing UAV,2020-02-27 17:50:42+00:00,829.0,65.0263,24.51626,24.31,383013.814178354,7213684.34766184,-1116.4660116350278,-1211.959865000099,-2.4700000000000024,-1116.3206370119265,-1212.3988744234528,-2.5922077922077897,2.178076885095038,-7.317410135974342,-0.07580086580086576,-0.04072738136079579,-0.718101653404517,0.14975108225108202,7.634691219390954,7.635067503742288,163.42400522013645,1.77608907476952,-0.56884121071815,999.63,-2.05,78.65,False
HAOS / PANGAEA,HAOS_Flight_03,HAOS_Flight_03_seg00,test,10.1594/PANGAEA.918819,CC BY 4.0,fixed-wing UAV,2020-02-27 17:50:43+00:00,830.0,65.02622,24.51632,24.09,383016.491536324,7213675.67621461,-1113.7886536649894,-1220.6313122296706,-2.6900000000000013,-1114.144655274085,-1220.0830421997985,-2.5820346320346292,2.162394515920255,-8.234597398163714,0.10887445887445879,-0.11521242931354436,-0.8027521142548153,0.18022727272727268,8.513785547705943,8.514481663620035,165.28640605014107,2.1314325015623496,0.732659631319765,999.66,-2.03,78.45,False
HAOS / PANGAEA,HAOS_Flight_03,HAOS_Flight_03_seg00,test,10.1594/PANGAEA.918819,CC BY 4.0,fixed-wing UAV,2020-02-27 17:50:44+00:00,831.0,65.02614,24.51637,24.01,383018.585324011,7213667.03117422,-1111.6948659780319,-1229.2763526197523,-2.7699999999999996,-1111.995847980086,-1228.8680692197802,-2.374458874458872,1.9476520264679493,-8.922914364483972,0.2846536796536796,-0.41355424902678806,-0.1369614727922226,0.14167748917748912,9.133003294213745,9.137438201676632,167.68687022326117,2.897308750883213,1.7851933165637572,999.67,-2.05,78.4,False
HAOS / PANGAEA,HAOS_Flight_03,HAOS_Flight_03_seg00,test,10.1594/PANGAEA.918819,CC BY 4.0,fixed-wing UAV,2020-02-27 17:50:45+00:00,832.0,65.02607,24.51642,24.46,383020.167605912,7213658.45254218,-1110.1125840769964,-1237.8549846597016,-2.3200000000000003,-1110.249351221149,-1237.9288709287664,-2.01272727272727,1.3352860178666788,-8.50852034374816,0.39222943722943704,-0.5748987482234043,0.13082557820689544,0.023831168831168537,8.612659704730389,8.621586345964174,171.0810235519075,3.52501755635905,2.607507452665904,999.61,-2.08,78.76,False
HAOS / PANGAEA,HAOS_Flight_03,HAOS_Flight_03_seg00,test,10.1594/PANGAEA.918819,CC BY 4.0,fixed-wing UAV,2020-02-27 17:50:46+00:00,833.0,65.02599,24.51644,25.73,383021.176874703,7213649.71092821,-1109.1033152860473,-1246.5965986298397,-1.0500000000000007,-1109.3252759443526,-1245.8851099072765,-1.589999999999998,0.7978545300211408,-8.661263208070181,0.3323160173160167,-0.25414236735207396,-0.6666506149451266,-0.11742424242424271,8.697933789731067,8.704279760319645,174.73690533597926,2.0578683220087997,2.1879965174298985,999.44,-2.06,78.74,False
HAOS / PANGAEA,HAOS_Flight_03,HAOS_Flight_03_seg00,test,10.1594/PANGAEA.918819,CC BY 4.0,fixed-wing UAV,2020-02-27 17:50:47+00:00,834.0,65.02591,24.51647,25.66,383022.096745046,7213641.01488549,-1108.1834449430462,-1255.2926413500682,-1.120000000000001,-1108.6536421611067,-1255.2513973449068,-1.3480952380952367,0.8270012831625309,-9.841821573638413,0.15738095238095162,0.38574595795830646,-0.9068303335805581,-0.13216450216450204,9.876506619735895,9.877760463478515,175.1967601959251,-1.6287744052559088,0.912924132801697,999.45,-2.06,78.84,False
HAOS / PANGAEA,HAOS_Flight_03,HAOS_Flight_03_seg00,test,10.1594/PANGAEA.918819,CC BY 4.0,fixed-wing UAV,2020-02-27 17:50:48+00:00,835.0,65.02583,24.5165,25.66,383023.07817011,7213632.26031205,-1107.2020198790124,-1264.0472147902474,-1.120000000000001,-1107.6712733780275,-1265.5687530545533,-1.2752380952380948,1.5693464459377537,-10.474923875231298,0.0679870129870126,1.1839803658441497,-0.23659010998721897,-0.12207792207792167,10.591830741626685,10.592048937443737,171.47935652546744,-6.203285452985318,0.36776601743773024,999.45,-2.06,78.84,False
HAOS / PANGAEA,HAOS_Flight_03,HAOS_Flight_03_seg00,test,10.1594/PANGAEA.918819,CC BY 4.0,fixed-wing UAV,2020-02-27 17:50:49+00:00,836.0,65.02576,24.51653,25.36,383024.145231656,7213623.6399175,-1106.1349583330448,-1272.66760933958,-1.4200000000000017,-1105.5149492692312,-1276.2012450953694,-1.2121212121212115,3.19496201485083,-10.31500179361285,-0.08677489177489173,1.9977597302834624,0.7077329072786824,-0.017543290043290027,10.798474164370445,10.798822813641241,162.79018928995447,-11.520056680292162,-0.46041023725952257,999.49,-2.04,78.82,False
HAOS / PANGAEA,HAOS_Flight_03,HAOS_Flight_03_seg00,test,10.1594/PANGAEA.918819,CC BY 4.0,fixed-wing UAV,2020-02-27 17:50:50+00:00,837.0,65.02561,24.51663,24.98,383028.324699614,7213607.05240298,-1101.9554903749959,-1289.2551238602027,-1.8000000000000007,-1101.2813493483259,-1286.198756641779,-1.4487878787878783,5.564865906504679,-9.059458060673933,0.03290043290043254,2.5565489585196133,1.8848618616730164,0.1950324675324673,10.632098236495374,10.63214914064758,148.43924316488312,-17.279173765508858,0.17729801687451063,999.54,-2.03,78.25,False
HAOS / PANGAEA,HAOS_Flight_03,HAOS_Flight_03_seg00,test,10.1594/PANGAEA.918819,CC BY 4.0,fixed-wing UAV,2020-02-27 17:50:51+00:00,838.0,65.02555,24.51678,25.58,383035.065074403,7213600.5683241,-1095.2151155860047,-1295.7392027396709,-1.2000000000000028,-1094.3852174562219,-1294.3201612167172,-1.1463203463203464,8.308059931890057,-6.545278070266818,0.3032900432900429,2.6844351596132583,3.0650402086775443,0.1286796536796537,10.57660270828931,10.580950321183424,128.23184175893675,-21.720374894446675,1.6425386530122728,999.46,-2.03,78.61,False
HAOS / PANGAEA,HAOS_Flight_03,HAOS_Flight_03_seg00,test,10.1594/PANGAEA.918819,CC BY 4.0,fixed-wing UAV,2020-02-27 17:50:52+00:00,839.0,65.02552,24.517,26.26,383045.2164838,7213596.49849589,-1085.0637061890448,-1299.8090309500694,-0.5199999999999996,-1084.6652294845458,-1299.2893127823127,-0.8422077922077925,10.933736225731195,-2.929377643318844,0.29025974025973994,2.2891505790385622,3.940907569688875,-0.052510822510822466,11.319356926567998,11.323077847822939,104.99849337598977,-22.07661327570025,1.4689009676673854,999.37,-2.07,78.87,False
HAOS / PANGAEA,HAOS_Flight_03,HAOS_Flight_03_seg00,test,10.1594/PANGAEA.918819,CC BY 4.0,fixed-wing UAV,2020-02-27 17:50:53+00:00,840.0,65.02552,24.51727,25.58,383057.850060949,7213595.91735175,-1072.4301290400326,-1300.3901750901714,-1.2000000000000028,-1072.5177450047595,-1300.178916503355,-0.5658008658008665,12.886361089967181,1.336537069110932,0.19826839826839796,1.545863914675067,3.6988023299797987,-0.1477056277056275,12.955486616801695,12.957003659638278,84.07861520753625,-16.334656125957565,0.8767756884414772,999.46,-2.03,78.6,False
HAOS / PANGAEA,HAOS_Flight_03,HAOS_Flight_03_seg00,test,10.1594/PANGAEA.918819,CC BY 4.0,fixed-wing UAV,2020-02-27 17:50:54+00:00,841.0,65.02555,24.51756,27.38,383071.800668289,7213599.18696405,-1058.4795217000064,-1297.1205627899617,0.5999999999999979,-1058.8925073046114,-1296.6162386440908,-0.4456709956709966,14.02546405508133,4.468227016640753,-0.005151515151515074,0.8154384571396349,2.427794368299601,-0.1912662337662335,14.720010007897981,14.720010909327652,72.32918112407464,-8.589306025640045,-0.02005162116541083,999.22,-2.1,77.97,False
HAOS / PANGAEA,HAOS_Flight_03,HAOS_Flight_03_seg00,test,10.1594/PANGAEA.918819,CC BY 4.0,fixed-wing UAV,2020-02-27 17:50:55+00:00,842.0,65.02561,24.51786,25.96,383086.210149632,7213605.13718918,-1044.070040357008,-1291.1703376602381,-0.8200000000000003,-1044.4668168945968,-1291.2424624700734,-0.5761038961038967,14.517238004246451,6.192125805710134,-0.18426406926406905,0.4643249494997974,1.4445649321277756,-0.07837121212121198,15.782668382300848,15.783743995418217,66.90000315625616,-4.263079967853458,-0.6689029748473986,999.41,-2.06,79.06,False
HAOS / PANGAEA,HAOS_Flight_03,HAOS_Flight_03_seg00,test,10.1594/PANGAEA.918819,CC BY 4.0,fixed-wing UAV,2020-02-27 17:50:56+00:00,843.0,65.02568,24.51816,25.81,383100.636051934,7213612.43707432,-1029.6441380550386,-1283.8704525195062,-0.9700000000000024,-1029.8580312961185,-1284.2319870326705,-0.8141991341991347,14.954113954080924,7.357356880896305,-0.16189393939393903,0.2817532721307998,0.607994908072726,0.011645021645021833,16.66602005352538,16.666806354911625,63.80302118836772,-1.5308315980045362,-0.5565544551325828,999.43,-2.05,78.47,False
HAOS / PANGAEA,HAOS_Flight_03,HAOS_Flight_03_seg00,test,10.1594/PANGAEA.918819,CC BY 4.0,fixed-wing UAV,2020-02-27 17:50:57+00:00,844.0,65.02576,24.51846,25.66,383115.099495795,7213619.96947785,-1015.1806941940449,-1276.3380489898846,-1.120000000000001,-1014.558588986435,-1276.5277487082808,-0.8998917748917747,15.08074454850805,7.408115621855586,-0.16097402597402538,-0.5160496149700293,-0.44824872597212106,0.052483766233766216,16.80205443403086,16.802825531474593,63.83833996024708,0.6510706816009388,-0.5489120488052263,999.45,-2.05,78.42,False
HAOS / PANGAEA,HAOS_Flight_03,HAOS_Flight_03_seg00,test,10.1594/PANGAEA.918819,CC BY 4.0,fixed-wing UAV,2020-02-27 17:50:58+00:00,845.0,65.02582,24.51876,25.66,383129.555727849,7213627.05735804,-1000.7244621400023,-1269.250168800354,-1.120000000000001,-999.6965421991024,-1269.4157557889594,-1.1361471861471855,13.922014724140865,6.4608594289520624,-0.0569264069264066,-1.3430163978656537,-1.1218940795739059,0.09515151515151501,15.348133389434489,15.348238959427214,65.1051625515696,1.7711649264438707,-0.2125097443798162,999.45,-2.05,78.42,False
HAOS / PANGAEA,HAOS_Flight_03,HAOS_Flight_03_seg00,test,10.1594/PANGAEA.918819,CC BY 4.0,fixed-wing UAV,2020-02-27 17:50:59+00:00,846.0,65.02588,24.51907,25.66,383144.312840436,7213633.24742226,-985.9673495530151,-1263.0601045796648,-1.120000000000001,-986.7145595381533,-1263.6060298503767,-1.013744588744588,12.394711752776743,5.164327462707774,0.02932900432900465,-1.1957736625669497,-1.2342311848635745,-0.03225108225108225,13.427552181112521,13.427584211874992,67.38066981313483,2.898273455809179,0.1251475675034414,999.45,-2.06,78.11,False
HAOS / PANGAEA,HAOS_Flight_03,HAOS_Flight_03_seg00,test,10.1594/PANGAEA.918819,CC BY 4.0,fixed-wing UAV,2020-02-27 17:51:00+00:00,847.0,65.02594,24.51938,26.03,383159.255388956,7213638.35546157,-971.0248010330251,-1257.9520652694628,-0.75,-974.9071186935489,-1259.0871008635438,-1.0774891774891762,11.530467399006966,3.9923970592249134,-0.12142857142857111,-0.5573918589543325,-1.0170858215522003,-0.10676406926406934,12.202086408400419,12.20269058921144,70.90170946318796,3.5550549226698283,-0.570157821409362,999.4,-2.1,78.53,False
HAOS / PANGAEA,HAOS_Flight_03,HAOS_Flight_03_seg00,test,10.1594/PANGAEA.918819,CC BY 4.0,fixed-wing UAV,2020-02-27 17:51:01+00:00,848.0,65.02596,24.519535,25.655,383166.66031727346,7213640.480914775,-963.619872715557,-1255.826612064615,-1.125,-963.6536247401393,-1255.6212357319268,-1.2566017316017302,11.279928034868078,3.130155819603374,-0.18419913419913403,0.04198953803447125,-0.6709831083653626,-0.025725108225108262,11.706180074080516,11.707629189884663,74.49077965847448,3.12172444081841,-0.9014863952997385,999.45,-2.075,78.535,True
HAOS / PANGAEA,HAOS_Flight_03,HAOS_Flight_03_seg00,test,10.1594/PANGAEA.918819,CC BY 4.0,fixed-wing UAV,2020-02-27 17:51:02+00:00,849.0,65.02598,24.51969,25.28,383174.065245591,7213642.60636798,-956.2149443980306,-1253.701158859767,-1.5,-952.3472626238128,-1252.826789224337,-1.4458874458874442,11.614446475075908,2.6504308424941883,-0.17287878787878763,0.6370687393101662,-0.30257531686885386,0.05225108225108216,11.913024409160238,11.914278729681712,77.14515834482478,2.0685105390055014,-0.8314034576031135,999.5,-2.05,78.54,False
HAOS / PANGAEA,HAOS_Flight_03,HAOS_Flight_03_seg00,test,10.1594/PANGAEA.918819,CC BY 4.0,fixed-wing UAV,2020-02-27 17:51:03+00:00,850.0,65.02601,24.52001,24.98,383189.077856752,7213645.72080474,-941.2023332370445,-1250.5867221001536,-1.8000000000000007,-940.4247317899875,-1250.3203740469385,-1.6023593073593054,12.55406551348841,2.525005185865666,-0.07969696969696971,1.2742209858463411,0.014415986446920215,0.1304761904761902,12.805475864082815,12.805723865232547,78.62780073648548,1.071254898295019,-0.35658503412577913,999.54,-2.04,78.48,False
HAOS / PANGAEA,HAOS_Flight_03,HAOS_Flight_03_seg00,test,10.1594/PANGAEA.918819,CC BY 4.0,fixed-wing UAV,2020-02-27 17:51:04+00:00,851.0,65.02604,24.52032,24.91,383203.989657365,7213648.65498773,-926.2905326239998,-1247.6525391098112,-1.870000000000001,-927.2391315968359,-1247.7767788526057,-1.6052813852813836,14.16288844676859,2.6792628153880287,0.08807359307359275,1.402117273558673,0.12001279196647374,0.07957792207792191,14.41408541633954,14.414354489443122,79.28766814141483,0.5831429800199144,0.3500868924140835,999.55,-2.05,78.41,False
HAOS / PANGAEA,HAOS_Flight_03,HAOS_Flight_03_seg00,test,10.1594/PANGAEA.918819,CC BY 4.0,fixed-wing UAV,2020-02-27 17:51:05+00:00,852.0,65.02607,24.52064,25.36,383218.872361134,7213651.53115145,-911.4078288550372,-1244.776375389658,-1.4200000000000017,-912.0989548964503,-1244.9618484161624,-1.42621212121212,15.358300060605757,2.7650307697986136,0.07945887445887412,0.5343991342680567,-0.032276573719911994,-0.08554653679653662,15.605216304477677,15.60541859811092,79.79408669652531,0.4858662170928535,0.29173698833685213,999.49,-2.07,78.19,False
HAOS / PANGAEA,HAOS_Flight_03,HAOS_Flight_03_seg00,test,10.1594/PANGAEA.918819,CC BY 4.0,fixed-wing UAV,2020-02-27 17:51:06+00:00,853.0,65.0261,24.52095,25.51,383233.69923855,7213654.12958149,-896.5809514390421,-1242.1779453502968,-1.2699999999999996,-896.5225314756244,-1242.2467173130085,-1.4463636363636354,15.231686715304704,2.6147096679482047,-0.08301948051948049,-0.5754081104002182,-0.23184610616306145,-0.12165584415584396,15.4544811249311,15.45470410829652,80.25940057560052,0.5025080879568661,-0.307782581576692,999.47,-2.09,78.64,False
HAOS / PANGAEA,HAOS_Flight_03,HAOS_Flight_03_seg00,test,10.1594/PANGAEA.918819,CC BY 4.0,fixed-wing UAV,2020-02-27 17:51:07+00:00,854.0,65.02613,24.52126,25.73,383248.596050373,7213656.555891,-881.6841396160307,-1239.7516358401626,-1.0500000000000007,-881.6355814658409,-1239.732429080266,-1.592251082251081,14.20748383980532,2.3013385574724907,-0.1638528138528138,-0.31674417434450675,-0.13874244936783953,-0.040687229437229466,14.39266327732428,14.393595935659942,80.79910287243905,0.32226620199096817,-0.6522537880453976,999.44,-2.07,78.46,False
HAOS / PANGAEA,HAOS_Flight_03,HAOS_Flight_03_seg00,test,10.1594/PANGAEA.918819,CC BY 4.0,fixed-wing UAV,2020-02-27 17:51:08+00:00,855.0,65.02616,24.52158,25.06,383263.536091536,7213658.92379726,-866.7440984530258,-1237.3837295798585,-1.7200000000000024,-868.1075637960138,-1237.6440401980635,-1.774069264069263,14.59819836661569,2.3372247692125256,-0.16439393939393943,1.1098597013160543,0.28201589048171627,-0.004404761904761911,14.784113607953692,14.785027579960445,80.90393297958246,-0.3467833578643778,-0.6370818685542072,999.53,-2.01,78.23,False
HAOS / PANGAEA,HAOS_Flight_03,HAOS_Flight_03_seg00,test,10.1594/PANGAEA.918819,CC BY 4.0,fixed-wing UAV,2020-02-27 17:51:09+00:00,856.0,65.02618,24.52189,24.09,383278.31613404,7213661.42700926,-851.9640559490072,-1234.8805175796151,-2.6900000000000013,-852.4391847326095,-1235.057979541841,-1.9210389610389598,16.42720324243743,2.8653703384359233,-0.17266233766233763,1.5126563516931242,0.5188002728421566,0.05931818181818188,16.675231738861537,16.67612562400458,80.10553615671029,-0.8722923753979887,-0.5932433118097886,999.66,-2.04,78.27,False
HAOS / PANGAEA,HAOS_Flight_03,HAOS_Flight_03_seg00,test,10.1594/PANGAEA.918819,CC BY 4.0,fixed-wing UAV,2020-02-27 17:51:10+00:00,857.0,65.02621,24.5222,24.61,383293.103814288,7213663.9622325,-837.176375701034,-1232.3452943395823,-2.1700000000000017,-835.2531573111389,-1231.9132995211917,-2.1193939393939383,17.62351107000194,3.374825314896839,-0.045757575757575664,0.8842229765073455,0.4339405681224662,0.22155844155844157,17.9437339575839,17.943792299742235,79.15934822878648,-0.8500804994135104,-0.14610728709239013,999.59,-2.04,78.42,False
HAOS / PANGAEA,HAOS_Flight_03,HAOS_Flight_03_seg00,test,10.1594/PANGAEA.918819,CC BY 4.0,fixed-wing UAV,2020-02-27 17:51:11+00:00,858.0,65.02624,24.5225,25.13,383307.618816711,7213666.41451859,-822.6613732780097,-1229.8930082498118,-1.6500000000000021,-817.1921625926057,-1228.3083289120473,-2.012554112554111,18.19564919545212,3.7332514746808556,0.2704545454545455,0.27633997028817703,0.23565521818437674,0.21072510822510798,18.574682129639907,18.576650986610076,78.40537515788327,-0.5535311852575552,0.8341897302408037,999.52,-2.03,78.57,False
HAOS / PANGAEA,HAOS_Flight_03,HAOS_Flight_03_seg00,test,10.1594/PANGAEA.918819,CC BY 4.0,fixed-wing UAV,2020-02-27 17:51:12+00:00,859.0,65.02631,24.52312,25.28,383336.782069247,7213672.92288676,-793.4981207420351,-1223.384640079923,-1.5,-798.8618589202347,-1224.44679657183,-1.5784848484848473,18.176191010578293,3.8461357512655923,0.3756926406926403,-0.31565726812823414,-0.0034807933015486014,-0.04504329004329033,18.578661950479386,18.5824601393481,78.05228585827138,-0.1915684232544948,1.158461756402887,999.5,-2.1,78.27,False
HAOS / PANGAEA,HAOS_Flight_03,HAOS_Flight_03_seg00,test,10.1594/PANGAEA.918819,CC BY 4.0,fixed-wing UAV,2020-02-27 17:51:13+00:00,860.0,65.02634,24.52343,24.91,383351.463483345,7213676.3723846,-778.8167066440219,-1219.9351422395557,-1.870000000000001,-780.8397805714491,-1220.616057409516,-1.2611688311688305,17.56433465919565,3.7262898880777584,0.18036796536796484,-0.9225248920613467,-0.23392662978164935,-0.17325757575757572,17.955252388930994,17.95615830162853,78.02223831137428,0.13013858911276083,0.5755405359222413,999.55,-2.02,78.19,False
HAOS / PANGAEA,HAOS_Flight_03,HAOS_Flight_03_seg00,test,10.1594/PANGAEA.918819,CC BY 4.0,fixed-wing UAV,2020-02-27 17:51:14+00:00,861.0,65.02638,24.52373,26.18,383366.091693714,7213679.44966832,-764.18849627499,-1216.8578585200012,-0.6000000000000014,-763.7331896018434,-1216.9942167956744,-1.2177489177489176,16.3311412264556,3.3782824917022936,0.029177489177488858,-1.566754330543688,-0.4834325873086982,-0.08220779220779201,16.676899182767162,16.67692470685332,78.3125630364969,0.5762446428720999,0.10024317246234409,999.38,-2.09,78.45,False
HAOS / PANGAEA,HAOS_Flight_03,HAOS_Flight_03_seg00,test,10.1594/PANGAEA.918819,CC BY 4.0,fixed-wing UAV,2020-02-27 17:51:15+00:00,862.0,65.02641,24.52404,25.88,383380.747170569,7213682.19854682,-749.5330194199923,-1214.1089800195768,-0.9000000000000021,-748.1774981185379,-1213.8594924261115,-1.2028138528138528,14.430825998108276,2.759424713460362,0.01595238095238083,-1.19103888703782,-0.44328280669452624,-0.04324675324675292,14.692282454980694,14.692291115254678,79.17472759711848,0.779765185401347,0.062209785674061345,999.42,-2.09,78.67,False
HAOS / PANGAEA,HAOS_Flight_03,HAOS_Flight_03_seg00,test,10.1594/PANGAEA.918819,CC BY 4.0,fixed-wing UAV,2020-02-27 17:51:16+00:00,863.0,65.02643,24.52435,25.06,383395.438331717,7213684.73983685,-734.8418582720333,-1211.5676899896935,-1.7200000000000024,-734.8715376056268,-1211.4753673687537,-1.185844155844156,13.94906345237996,2.491716878313241,-0.05731601731601699,0.07605427080909521,-0.0566747864129411,-0.11111471861471811,14.169863238584677,14.169979157572335,79.87209340729959,0.27042056312166185,-0.23175579929645476,999.53,-2.05,78.58,False
HAOS / PANGAEA,HAOS_Flight_03,HAOS_Flight_03_seg00,test,10.1594/PANGAEA.918819,CC BY 4.0,fixed-wing UAV,2020-02-27 17:51:17+00:00,864.0,65.02646,24.52466,25.36,383410.096136902,7213687.48240737,-720.184053087025,-1208.8251194702461,-1.4200000000000017,-720.279371213778,-1208.876058669485,-1.3174458874458868,14.582934539726466,2.64607514063448,-0.2062770562770554,0.3094329260629536,0.10817310980775119,-0.06347402597402585,14.821055746465262,14.822491142307264,79.7155687233618,-0.20136311491998796,-0.7973819072385182,999.49,-2.06,78.25,False
HAOS / PANGAEA,HAOS_Flight_03,HAOS_Flight_03_seg00,test,10.1594/PANGAEA.918819,CC BY 4.0,fixed-wing UAV,2020-02-27 17:51:18+00:00,865.0,65.02649,24.52497,25.51,383424.564430437,7213689.9610671,-705.7157595520257,-1206.3464597398415,-1.2699999999999996,-705.7056685261739,-1206.1832170874848,-1.5983982683982667,14.567929304505867,2.7080630979287434,-0.1842640692640687,-0.01010496981751885,0.01829012215750936,0.09793290043289998,14.817495401161567,14.818641071659234,79.46936717745962,-0.07661378602455488,-0.7124692149618514,999.47,-2.1,78.6,False
HAOS / PANGAEA,HAOS_Flight_03,HAOS_Flight_03_seg00,test,10.1594/PANGAEA.918819,CC BY 4.0,fixed-wing UAV,2020-02-27 17:51:19+00:00,866.0,65.02652,24.52527,25.21,383439.079221383,7213692.68852107,-691.20096860599,-1203.6190057694912,-1.5700000000000003,-691.1435126047662,-1203.4599324736275,-1.6859740259740241,14.562724600091428,2.6826553849494985,-0.010411255411255427,0.012450785565164324,-0.05215519523954981,0.09410173160173113,14.80775430956722,14.807757969616663,79.5623411513127,0.20699482448347575,-0.04028435937899799,999.51,-2.05,78.37,False
HAOS / PANGAEA,HAOS_Flight_03,HAOS_Flight_03_seg00,test,10.1594/PANGAEA.918819,CC BY 4.0,fixed-wing UAV,2020-02-27 17:51:20+00:00,867.0,65.02655,24.52558,24.76,383453.703082289,7213695.65160959,-676.5771076999954,-1200.65591724962,-2.0199999999999996,-676.580219325991,-1200.8179063175858,-1.6192207792207776,14.592830875636196,2.603752707449644,0.003939393939393576,0.057607697738887964,-0.049618559814859964,-0.04849567099567109,14.823300615128616,14.823301138589104,79.88335682642656,0.22772390443060395,0.01522674653326359,999.57,-2.05,78.48,False
HAOS / PANGAEA,HAOS_Flight_03,HAOS_Flight_03_seg00,test,10.1594/PANGAEA.918819,CC BY 4.0,fixed-wing UAV,2020-02-27 17:51:21+00:00,868.0,65.02658,24.52589,25.13,383468.34548078,7213698.42072203,-661.9347092090175,-1197.8868048097938,-1.6500000000000021,-661.9578508534938,-1198.2524270587282,-1.678095238095237,14.677939995569204,2.5834182653197786,-0.10740259740259761,0.2632189751916485,0.0579278883978418,-0.019112554112553914,14.903555698125128,14.903942691953924,80.0177889601739,-0.0402516649181464,-0.4128953613045106,999.52,-2.09,78.34,False
HAOS / PANGAEA,HAOS_Flight_03,HAOS_Flight_03_seg00,test,10.1594/PANGAEA.918819,CC BY 4.0,fixed-wing UAV,2020-02-27 17:51:22+00:00,869.0,65.02661,24.5262,25.06,383483.044903923,7213700.65288963,-647.2352860660176,-1195.654637210071,-1.7200000000000024,-647.2243393348526,-1195.6510697869462,-1.8340259740259728,15.119268826019493,2.7196084842453274,-0.03428571428571425,0.31747482105191693,0.14479580305379613,0.11799783549783543,15.361919155529494,15.36195741600751,79.80285349659027,-0.3220530105951719,-0.12787617514054395,999.53,-2.05,78.16,False
HAOS / PANGAEA,HAOS_Flight_03,HAOS_Flight_03_seg00,test,10.1594/PANGAEA.918819,CC BY 4.0,fixed-wing UAV,2020-02-27 17:51:23+00:00,870.0,65.02663,24.52651,25.36,383497.80214665,7213703.0220819,-632.4780433390406,-1193.285444939509,-1.4200000000000017,-631.7193132014548,-1192.8132100902376,-1.7466666666666655,15.312889637673038,2.873009871427371,0.12859307359307326,-0.4669639254663309,0.05995526936533224,0.07857142857142851,15.58007621216512,15.580606886621892,79.37368293898356,-0.5611520094774651,0.4728906964691113,999.49,-2.11,78.49,False
HAOS / PANGAEA,HAOS_Flight_03,HAOS_Flight_03_seg00,test,10.1594/PANGAEA.918819,CC BY 4.0,fixed-wing UAV,2020-02-27 17:51:24+00:00,871.0,65.02667,24.52682,24.91,383512.755123448,7213706.033921,-617.5250665410422,-1190.2736058402807,-1.870000000000001,-616.5985600595066,-1189.9050500440915,-1.5768398268398263,14.185340975086831,2.839519022975992,0.12285714285714278,-1.352517580141864,-0.0473451346301772,-0.03812770562770529,14.466746934308347,14.467268599803868,78.68054947763534,-0.9005015080355692,0.48656595601414676,999.55,-2.04,78.23,False
HAOS / PANGAEA,HAOS_Flight_03,HAOS_Flight_03_seg00,test,10.1594/PANGAEA.918819,CC BY 4.0,fixed-wing UAV,2020-02-27 17:51:25+00:00,872.0,65.0267,24.52714,24.76,383527.768691138,7213709.3357287,-602.5114988510031,-1186.9717981396243,-2.0199999999999996,-603.3486312512812,-1187.1341720442856,-1.50095238095238,12.60785447738931,2.7783196021670165,0.05233766233766268,-1.2802624137205783,-0.045376249476134944,-0.03653679653679659,12.91034679374691,12.910452879961653,77.57267992291241,-0.9920868678794124,0.23227189650358035,999.57,-2.05,77.86,False
HAOS / PANGAEA,HAOS_Flight_03,HAOS_Flight_03_seg00,test,10.1594/PANGAEA.918819,CC BY 4.0,fixed-wing UAV,2020-02-27 17:51:26+00:00,873.0,65.02674,24.52745,25.88,383542.743212925,7213712.84205247,-587.5369770640391,-1183.4654743699357,-0.9000000000000021,-591.3828511047279,-1184.3484108397574,-1.472164502164501,11.624816147645674,2.748766524023722,0.0497835497835496,-0.6818504966790897,-0.08782875734726758,-0.003950216450216926,11.945378515147901,11.94548225363824,76.69637574187652,-0.30265244161629323,0.2387844616285259,999.42,-2.07,78.12,False
HAOS / PANGAEA,HAOS_Flight_03,HAOS_Flight_03_seg00,test,10.1594/PANGAEA.918819,CC BY 4.0,fixed-wing UAV,2020-02-27 17:51:27+00:00,874.0,65.02676,24.527610000000003,25.58,383550.190608629,7213714.626540085,-580.0895813599927,-1181.6809867545962,-1.2000000000000028,-580.0989989559898,-1181.6366389962382,-1.4013852813852807,11.24415348403113,2.6026620874724813,0.04443722943722883,-0.05871487449539359,-0.16736988732242253,0.003798701298701246,11.54144001041534,11.541525556934667,76.96737503967984,0.7279419269303605,0.22060099230383332,999.46,-2.065,78.17,True
HAOS / PANGAEA,HAOS_Flight_03,HAOS_Flight_03_seg00,test,10.1594/PANGAEA.918819,CC BY 4.0,fixed-wing UAV,2020-02-27 17:51:28+00:00,875.0,65.02678,24.52777,25.28,383557.638004333,7213716.4110277,-572.6421856560046,-1179.896499140188,-1.5,-568.8945441366657,-1179.1430866648125,-1.3832900432900432,11.507386398654887,2.414026749378877,0.05738095238095209,0.6041862957004014,-0.13120408240376946,-0.026623376623376105,11.75786829636496,11.758008311289815,78.15225959573723,1.1944728903913284,0.2796136351384147,999.5,-2.06,78.22,False
HAOS / PANGAEA,HAOS_Flight_03,HAOS_Flight_03_seg00,test,10.1594/PANGAEA.918819,CC BY 4.0,fixed-wing UAV,2020-02-27 17:51:29+00:00,876.0,65.02681,24.52808,25.13,383572.385521331,7213719.59150192,-557.8946686580312,-1176.7160249203444,-1.6500000000000021,-557.08422615868,-1176.8085854974804,-1.2866233766233766,12.452526075431933,2.3402539226649424,-0.008809523809523379,1.2836926275650171,0.041937700930247956,-0.02136363636363603,12.670524617467931,12.670527679997019,79.35632082046249,0.8920152665223452,-0.039836428854442205,999.52,-2.04,78.14,False
HAOS / PANGAEA,HAOS_Flight_03,HAOS_Flight_03_seg00,test,10.1594/PANGAEA.918819,CC BY 4.0,fixed-wing UAV,2020-02-27 17:51:30+00:00,877.0,65.02684,24.52839,25.58,383587.161086692,7213722.25334784,-543.1191032970091,-1174.054178999737,-1.2000000000000028,-543.9894919858018,-1174.4625788194826,-1.40090909090909,14.074771653784921,2.497902151239373,0.01465367965368003,1.4171014291103177,0.1859819163534553,0.015324675324674963,14.294709240252278,14.294716751082591,79.93629012878193,0.2913926392281179,0.058734577268031024,999.46,-2.06,78.13,False
HAOS / PANGAEA,HAOS_Flight_03,HAOS_Flight_03_seg00,test,10.1594/PANGAEA.918819,CC BY 4.0,fixed-wing UAV,2020-02-27 17:51:31+00:00,878.0,65.02686,24.5287,25.21,383601.951079096,7213724.49414954,-528.3291108930134,-1171.8133773002774,-1.5700000000000003,-528.9346828511102,-1171.8127811950017,-1.2573160173160165,15.286728933652569,2.712217755371853,0.02183982683982655,0.5526539106389521,0.13528582956695345,-0.07811688311688325,15.52546961104639,15.525484972185614,79.93910609891873,-0.13602044607435065,0.08059846878568948,999.51,-2.01,77.79,False
HAOS / PANGAEA,HAOS_Flight_03,HAOS_Flight_03_seg00,test,10.1594/PANGAEA.918819,CC BY 4.0,fixed-wing UAV,2020-02-27 17:51:32+00:00,879.0,65.02689,24.52901,26.03,383616.864569406,7213726.98408517,-513.4156205829931,-1169.3234416702762,-0.75,-513.4160341184967,-1169.0381433087389,-1.357229437229437,15.180079475062826,2.7684738103732798,-0.14158008658008647,-0.5621740457284687,0.0027245808124689574,-0.06787878787878754,15.430465323766047,15.431114834284088,79.66424923663322,-0.4008694059812932,-0.5256946971308368,999.4,-2.08,78.61,False
HAOS / PANGAEA,HAOS_Flight_03,HAOS_Flight_03_seg00,test,10.1594/PANGAEA.918819,CC BY 4.0,fixed-wing UAV,2020-02-27 17:51:33+00:00,880.0,65.02692,24.52933,25.13,383631.739109004,7213729.84485533,-498.54108098504366,-1166.462671509944,-1.6500000000000021,-498.57452390098456,-1166.275833574255,-1.5404761904761894,14.162380842195631,2.717666916996791,-0.11391774891774853,-0.293163638032496,0.05693669486544195,0.03150432900432887,14.420774756965338,14.421224699887565,79.13736728695613,-0.41834604587978613,-0.4526019282182142,999.52,-2.04,78.13,False
HAOS / PANGAEA,HAOS_Flight_03,HAOS_Flight_03_seg00,test,10.1594/PANGAEA.918819,CC BY 4.0,fixed-wing UAV,2020-02-27 17:51:34+00:00,881.0,65.02696,24.52964,25.36,383646.597059543,7213732.9864545,-483.68313044600654,-1163.3210723400116,-1.4200000000000017,-485.0912724341054,-1163.6028094747453,-1.585064935064934,14.593752198997834,2.8823472001041637,-0.07857142857142874,1.1646680417711934,0.23765919426574555,0.002878787878787481,14.875669014457884,14.875876515254157,78.82755714487365,-0.0474564613117869,-0.3026263477379418,999.49,-2.03,77.99,False
HAOS / PANGAEA,HAOS_Flight_03,HAOS_Flight_03_seg00,test,10.1594/PANGAEA.918819,CC BY 4.0,fixed-wing UAV,2020-02-27 17:51:35+00:00,882.0,65.02699,24.52995,24.31,383661.32550682,7213736.10072872,-468.95468316902407,-1160.2067981194705,-2.4700000000000024,-469.3870195029889,-1160.5111391740468,-1.697619047619047,16.491716925738018,3.192985305528282,-0.10816017316017357,1.5732205010272367,0.2215198888352461,0.11504329004328995,16.79797256575904,16.798320777478068,79.04245436433257,0.27779664056870806,-0.3689156991278895,999.63,-2.01,78.13,False
HAOS / PANGAEA,HAOS_Flight_03,HAOS_Flight_03_seg00,test,10.1594/PANGAEA.918819,CC BY 4.0,fixed-wing UAV,2020-02-27 17:51:36+00:00,883.0,65.02702,24.53026,25.21,383676.03732155,7213738.88341099,-454.24286843900336,-1157.4241158496588,-1.5700000000000003,-452.10783858262937,-1157.2168388636887,-1.801385281385281,17.740193201052307,3.325386977774656,0.15151515151515116,0.9167401222763374,0.07099041346771173,0.1475000000000003,18.04917320440512,18.049809145909393,79.38315042601107,0.32164024279780207,0.48096246330529235,999.51,-2.1,77.96,False
HAOS / PANGAEA,HAOS_Flight_03,HAOS_Flight_03_seg00,test,10.1594/PANGAEA.918819,CC BY 4.0,fixed-wing UAV,2020-02-27 17:51:37+00:00,884.0,65.02705,24.53057,25.81,383690.856911729,7213741.41084751,-439.42327826004475,-1154.8966793296859,-0.9700000000000024,-433.9066331008843,-1153.8603652184975,-1.3945887445887446,18.325197170290693,3.3349661324637054,0.18683982683982703,0.2609856330152809,-0.04520910901004527,-0.0672294372294368,18.626187222153384,18.627124296455516,79.68573484992817,0.28582535635700546,0.5747163582747161,999.43,-2.11,77.79,False
HAOS / PANGAEA,HAOS_Flight_03,HAOS_Flight_03_seg00,test,10.1594/PANGAEA.918819,CC BY 4.0,fixed-wing UAV,2020-02-27 17:51:38+00:00,885.0,65.0271,24.53119,24.83,383720.38945765,7213746.50736415,-409.89073233900126,-1149.8001626897603,-1.9500000000000028,-415.457444242048,-1150.5469065987613,-1.427705627705627,18.26216446708287,3.2349687597545653,0.017056277056277547,-0.381247862995707,-0.14448658830400518,-0.09524891774891775,18.54647335477481,18.546481197681654,79.95480113872509,0.23751382556073797,0.05269208842730407,999.56,-2.01,77.82,False
HAOS / PANGAEA,HAOS_Flight_03,HAOS_Flight_03_seg00,test,10.1594/PANGAEA.918819,CC BY 4.0,fixed-wing UAV,2020-02-27 17:51:39+00:00,886.0,65.02713,24.5315,25.73,383735.046077404,7213749.30598767,-395.23411258502165,-1147.0015391698107,-1.0500000000000007,-397.38230416671854,-1147.3904276989883,-1.3604761904761895,17.56270144429928,3.045992955855695,-0.0036580086580084714,-1.0136020129598649,-0.21945659118284766,-0.10748917748917747,17.824885837186013,17.824886212532796,80.16076250104965,0.13666643745461202,-0.011758193376290383,999.44,-2.06,77.86,False
HAOS / PANGAEA,HAOS_Flight_03,HAOS_Flight_03_seg00,test,10.1594/PANGAEA.918819,CC BY 4.0,fixed-wing UAV,2020-02-27 17:51:40+00:00,887.0,65.02716,24.5318,26.03,383749.502391473,7213751.97630396,-380.77779851603555,-1144.3312228797004,-0.75,-380.3320413534494,-1144.45492068705,-1.435021645021644,16.23496044116314,2.79605557738887,-0.1979220779220774,-1.6260144102663077,-0.2817142264719905,-0.03801948051948045,16.473975455790246,16.475164353259377,80.2281340136343,-0.0011431865852078713,-0.6883313744670643,999.4,-2.09,77.68,False
HAOS / PANGAEA,HAOS_Flight_03,HAOS_Flight_03_seg00,test,10.1594/PANGAEA.918819,CC BY 4.0,fixed-wing UAV,2020-02-27 17:51:41+00:00,888.0,65.02719,24.53211,24.01,383763.936906549,7213754.41172009,-366.3432834400446,-1141.8958067502826,-2.7699999999999996,-364.91238328439226,-1141.7983165442106,-1.7563203463203443,14.310672623766663,2.482564502911714,-0.07969696969696938,-1.1755474584743837,-0.16288331022394686,0.18964285714285667,14.524409711094696,14.524628362292813,80.15847612787923,-0.15845865669183457,-0.31438483679460855,999.67,-2.04,77.99,False
HAOS / PANGAEA,HAOS_Flight_03,HAOS_Flight_03_seg00,test,10.1594/PANGAEA.918819,CC BY 4.0,fixed-wing UAV,2020-02-27 17:51:42+00:00,889.0,65.02721,24.53242,25.43,383778.51759484,7213756.6632348,-351.76259514898993,-1139.6442920397967,-1.3500000000000014,-351.7106961059161,-1139.4897916812265,-1.5944155844155827,13.883865524214372,2.4702889569409763,0.18136363636363595,0.13709826821323645,0.10997538371077553,0.06540043290043251,14.101916516036143,14.103082719527954,79.91121670025063,-0.32804083683030005,0.736835879257589,999.48,-2.04,77.9,False
HAOS / PANGAEA,HAOS_Flight_03,HAOS_Flight_03_seg00,test,10.1594/PANGAEA.918819,CC BY 4.0,fixed-wing UAV,2020-02-27 17:51:43+00:00,890.0,65.02724,24.53272,25.43,383793.112328267,7213759.23520587,-337.16786172200227,-1137.0723209697753,-1.3500000000000014,-337.1446522359635,-1136.8577386303286,-1.3935930735930724,14.584869160193136,2.702515270333265,0.05110389610389565,0.3601939581511999,0.18554463377324737,-0.09512987012986995,14.833138481330826,14.83322651396298,79.50239445421863,-0.46052066120856433,0.19739760281764437,999.48,-2.04,77.9,False
HAOS / PANGAEA,HAOS_Flight_03,HAOS_Flight_03_seg00,test,10.1594/PANGAEA.918819,CC BY 4.0,fixed-wing UAV,2020-02-27 17:51:44+00:00,891.0,65.02727,24.53303,24.53,383807.802883336,7213762.16917176,-322.477306653047,-1134.1383550800383,-2.25,-322.5409577855298,-1134.08476114056,-1.4922077922077914,14.604253440516771,2.841378224487471,-0.008896103896103957,0.007988380778243709,0.13830455062600322,-0.10264069264069214,14.878092914397246,14.878095574034402,78.99017537783351,-0.517301834764592,-0.03425903773722256,999.6,-2.07,77.55,False
HAOS / PANGAEA,HAOS_Flight_03,HAOS_Flight_03_seg00,test,10.1594/PANGAEA.918819,CC BY 4.0,fixed-wing UAV,2020-02-27 17:51:45+00:00,892.0,65.02731,24.53334,26.63,383822.393754628,7213765.24520253,-307.886435360997,-1131.0623243097216,-0.15000000000000213,-307.93614535493,-1131.1749821813537,-1.4113852813852803,14.600845921749624,2.9791243715852715,-0.15417748917748864,-0.007589592477174278,0.11050286330589643,-0.14699134199134162,14.901673854035526,14.902471417527197,78.46779078468944,-0.4224915721450472,-0.5927793298108422,999.32,-2.1,78.36,False
HAOS / PANGAEA,HAOS_Flight_03,HAOS_Flight_03_seg00,test,10.1594/PANGAEA.918819,CC BY 4.0,fixed-wing UAV,2020-02-27 17:51:46+00:00,893.0,65.02734,24.53364,25.51,383836.882306856,7213768.28112391,-293.3978831330314,-1128.0264029297978,-1.2699999999999996,-293.3392659420306,-1128.1265123973894,-1.8005627705627687,14.589074255562423,3.062383951099264,-0.3028787878787872,0.13948097755476851,0.04548732812304479,-0.027505411255411283,14.907021268458182,14.910097875547683,78.14519223354341,-0.06291843643154822,-1.1639675407254317,999.47,-2.1,77.79,False
HAOS / PANGAEA,HAOS_Flight_03,HAOS_Flight_03_seg00,test,10.1594/PANGAEA.918819,CC BY 4.0,fixed-wing UAV,2020-02-27 17:51:47+00:00,894.0,65.02737,24.53395,23.34,383851.473233587,7213771.12972645,-278.8069564020261,-1125.177800389938,-3.4400000000000013,-278.75799684380513,-1125.0502142791552,-2.0171428571428547,14.87980787685916,3.070099027831361,-0.2091883116883112,0.17168246541286436,-0.06451212713147925,0.02125541125541125,15.193228442070204,15.194668480841495,78.34195391182635,0.37051047733749004,-0.7888284004708276,999.76,-2.04,77.65,False
HAOS / PANGAEA,HAOS_Flight_03,HAOS_Flight_03_seg00,test,10.1594/PANGAEA.918819,CC BY 4.0,fixed-wing UAV,2020-02-27 17:51:48+00:00,895.0,65.0274,24.53426,24.76,383866.034469584,7213774.06534138,-264.24572040501516,-1122.2421854594722,-2.0199999999999996,-263.57965018831226,-1121.9863143417267,-2.218939393939391,14.932439186388152,2.9333596968363054,-0.2603679653679647,-0.5801392149964499,-0.26176375620775616,0.1222348484848485,15.217829647035876,15.220056854151165,78.88621318821839,0.5713379275886177,-0.9802008881778511,999.57,-2.03,77.74,False
HAOS / PANGAEA,HAOS_Flight_03,HAOS_Flight_03_seg00,test,10.1594/PANGAEA.918819,CC BY 4.0,fixed-wing UAV,2020-02-27 17:51:49+00:00,896.0,65.02743,24.53456,24.46,383880.602298079,7213777.14054307,-249.67789191001793,-1119.1669837702066,-2.3200000000000003,-248.89311847102883,-1119.1834948854826,-2.537878787878784,13.719529446866261,2.546571515415849,0.0352813852813858,-1.4296241279158437,-0.4416523231265046,0.3830844155844151,13.953870958503158,13.953915561687522,79.48462976700358,0.7383767725902126,0.14486805634742247,999.61,-2.0,77.62,False
HAOS / PANGAEA,HAOS_Flight_03,HAOS_Flight_03_seg00,test,10.1594/PANGAEA.918819,CC BY 4.0,fixed-wing UAV,2020-02-27 17:51:50+00:00,897.0,65.02746,24.53487,24.76,383894.967240683,7213779.78555744,-235.31294930604054,-1116.5219694003463,-2.0199999999999996,-236.14059129457974,-1116.893171310895,-2.1483766233766195,12.073190930556464,2.050055050583296,0.5058008658008655,-1.3401197591398528,-0.4498490917524691,0.1700865800865795,12.246006081824921,12.256447261418696,80.36296673339882,1.0151980293356944,2.3651623042588863,999.57,-2.02,77.68,False
HAOS / PANGAEA,HAOS_Flight_03,HAOS_Flight_03_seg00,test,10.1594/PANGAEA.918819,CC BY 4.0,fixed-wing UAV,2020-02-27 17:51:51+00:00,898.0,65.02749,24.53517,24.76,383909.19376148,7213781.87594041,-221.0864285090356,-1114.4315864294767,-2.0199999999999996,-224.7467366099159,-1115.083384784316,-1.5262770562770531,11.039289928586555,1.6468733319109106,0.3754545454545448,-0.6923310855456819,-0.2922208187828801,-0.20916666666666683,11.161456620833675,11.167769697412925,81.51502582567497,0.9146569445711368,1.9266170312379667,999.57,-2.02,77.68,False
HAOS / PANGAEA,HAOS_Flight_03,HAOS_Flight_03_seg00,test,10.1594/PANGAEA.918819,CC BY 4.0,fixed-wing UAV,2020-02-27 17:51:52+00:00,899.0,65.0275,24.535315,25.395000000000003,383916.2278452825,7213782.713979775,-214.05234470649157,-1113.593547064811,-1.384999999999998,-214.06201143740662,-1113.5994246470732,-1.3974675324675299,10.6885287594651,1.465613413017536,0.0874675324675318,0.0031097423680463976,-0.022777284439030154,-0.17067099567099575,10.788543447487685,10.78889801080562,82.19228062254109,0.11800499437361629,0.46451225598600643,999.485,-2.0549999999999997,77.665,True
HAOS / PANGAEA,HAOS_Flight_03,HAOS_Flight_03_seg00,test,10.1594/PANGAEA.918819,CC BY 4.0,fixed-wing UAV,2020-02-27 17:51:53+00:00,900.0,65.02751,24.53546,26.03,383923.261929085,7213783.55201914,-207.01826090400573,-1112.7555077001452,-0.75,-203.3696790909857,-1112.152157958281,-1.3513419913419895,11.045509413322648,1.6013187630328503,0.03411255411255332,0.6780358928175048,0.2650391824141707,-0.10389610389610376,11.160981138799594,11.161033269683786,81.75103581442221,-0.8001246015926705,0.1751189495515672,999.4,-2.09,77.65,False
HAOS / PANGAEA,HAOS_Flight_03,HAOS_Flight_03_seg00,test,10.1594/PANGAEA.918819,CC BY 4.0,fixed-wing UAV,2020-02-27 17:51:54+00:00,901.0,65.02753,24.53576,25.73,383937.419106252,7213785.50267766,-192.86108373699244,-1110.8048491794616,-1.0500000000000007,-191.97099261076133,-1110.3967871210075,-1.3292424242424232,12.04460054510011,1.9956917778458774,-0.12032467532467572,0.9762787493883067,0.393902517271556,-0.11377705627705603,12.208815993501888,12.20940891241994,80.59203141935575,-1.0830486614513826,-0.5646635080446968,999.44,-2.11,77.74,False
HAOS / PANGAEA,HAOS_Flight_03,HAOS_Flight_03_seg00,test,10.1594/PANGAEA.918819,CC BY 4.0,fixed-wing UAV,2020-02-27 17:51:55+00:00,902.0,65.02756,24.53606,24.83,383951.755040698,7213788.10079125,-178.525149291032,-1108.2067355895415,-1.9500000000000028,-179.28047800078548,-1108.1607744025891,-1.591991341991341,12.998066912099262,2.3891237975759623,-0.19344155844155875,1.2835497872807338,0.4136192190383099,0.021190476190476204,13.215810832921052,13.21722647184672,79.58493849151944,-0.7633312619425137,-0.8385859634934205,999.56,-2.1,77.75,False
HAOS / PANGAEA,HAOS_Flight_03,HAOS_Flight_03_seg00,test,10.1594/PANGAEA.918819,CC BY 4.0,fixed-wing UAV,2020-02-27 17:51:56+00:00,903.0,65.02759,24.53637,24.61,383966.333206135,7213791.04336649,-163.94698385399533,-1105.264160349965,-2.1700000000000017,-165.9748587865628,-1105.6185395258556,-1.7161255411255407,14.611700119661577,2.822930215922497,-0.07794372294372331,1.6667863981538389,0.3808414817513608,0.1493885281385282,14.881892197932574,14.882096311166405,79.06536889547073,-0.2523272589194213,-0.30008317967025283,999.59,-2.05,77.76,False
HAOS / PANGAEA,HAOS_Flight_03,HAOS_Flight_03_seg00,test,10.1594/PANGAEA.918819,CC BY 4.0,fixed-wing UAV,2020-02-27 17:51:57+00:00,904.0,65.02762,24.53667,25.43,383980.74392677,7213794.00592783,-149.53626321902266,-1102.3015990098938,-1.3500000000000014,-150.05707776146232,-1102.5149139707441,-1.7478787878787876,16.33163970840694,3.150806761078684,0.10533549783549767,1.265843089610339,0.17011754437510263,0.20874458874458873,16.632800089307676,16.633133630737706,79.0802839736806,0.24021741562884613,0.3628492342257767,999.48,-2.06,77.79,False
HAOS / PANGAEA,HAOS_Flight_03,HAOS_Flight_03_seg00,test,10.1594/PANGAEA.918819,CC BY 4.0,fixed-wing UAV,2020-02-27 17:51:58+00:00,905.0,65.02765,24.53697,24.68,383994.948363296,7213796.75784864,-135.33182669302914,-1099.5496781999245,-2.1000000000000014,-133.31157936974893,-1099.3169260036982,-1.5054545454545454,17.143386298882255,3.1631653046727024,0.33954545454545415,0.6595084722105611,-0.02222229699196987,0.15170454545454523,17.43276537263635,17.4360717953641,79.54580372672842,0.4691848708778245,1.1158334026054808,999.58,-2.07,77.8,False
HAOS / PANGAEA,HAOS_Flight_03,HAOS_Flight_03_seg00,test,10.1594/PANGAEA.918819,CC BY 4.0,fixed-wing UAV,2020-02-27 17:51:59+00:00,906.0,65.02768,24.53728,26.33,384009.279290865,7213799.40495409,-121.00089912401745,-1096.902572750114,-0.45000000000000284,-115.77030516369781,-1096.1885833613987,-1.0687878787878793,17.65065665282806,3.106362167094744,0.40874458874458813,0.23628058114900696,-0.03404344999717068,-0.07808441558441553,17.921918596768066,17.926579102773875,80.01865371543624,0.24458879065087916,1.3065163972790672,999.36,-2.14,77.9,False
HAOS / PANGAEA,HAOS_Flight_03,HAOS_Flight_03_seg00,test,10.1594/PANGAEA.918819,CC BY 4.0,fixed-wing UAV,2020-02-27 17:52:00+00:00,907.0,65.02773,24.53787,25.81,384037.67597801,7213804.22523616,-92.60421197902178,-1092.0822906801477,-0.9700000000000024,-98.0102660640928,-1093.1042016695087,-0.6879653679653691,17.61594746118027,3.095078404678361,0.18337662337662308,-0.2973081290260069,0.03224150068723475,-0.23207792207792155,17.88577969466721,17.88671971805258,80.03498130803018,-0.27506839460204674,0.5874129414302299,999.43,-2.13,77.95,False
HAOS / PANGAEA,HAOS_Flight_03,HAOS_Flight_03_seg00,test,10.1594/PANGAEA.918819,CC BY 4.0,fixed-wing UAV,2020-02-27 17:52:01+00:00,908.0,65.02776,24.53817,26.18,384051.653671618,7213806.46877362,-78.6265183709911,-1089.838753219694,-0.6000000000000014,-80.53841024133727,-1089.998426552042,-0.7020346320346331,17.056040394776048,3.1708451684692136,-0.05541125541125497,-0.8576361394634215,0.08111842110997713,-0.15683982683982634,17.348278676302062,17.348367169214026,79.46851692623216,-0.8060368614909192,-0.18300491566922822,999.38,-2.13,78.0,False
HAOS / PANGAEA,HAOS_Flight_03,HAOS_Flight_03_seg00,test,10.1594/PANGAEA.918819,CC BY 4.0,fixed-wing UAV,2020-02-27 17:52:02+00:00,909.0,65.02778,24.53847,26.33,384065.79700269,7213809.14119433,-64.48318729904713,-1087.1663325103,-0.45000000000000284,-63.89818527454071,-1086.7625113325703,-0.798787878787879,15.900675182253426,3.2573152468983153,-0.1303030303030296,-1.468068378740611,0.01245894345652232,-0.04372294372294375,16.230883336072818,16.231406370025745,78.42290758504834,-1.110715765226556,-0.45996592757897925,999.36,-2.14,77.95,False
HAOS / PANGAEA,HAOS_Flight_03,HAOS_Flight_03_seg00,test,10.1594/PANGAEA.918819,CC BY 4.0,fixed-wing UAV,2020-02-27 17:52:03+00:00,910.0,65.02782,24.53877,25.96,384080.184885854,7213812.45159613,-50.09530413500033,-1083.8559307102114,-0.8200000000000003,-48.73705987683042,-1083.4837960582454,-0.9626406926406923,14.119903637294826,3.1957630553822582,-0.14285714285714246,-1.0753603718626277,0.00342856576264694,-0.015119047619047976,14.477036306946177,14.477741135823056,77.24708539577904,-0.8887193665380883,-0.5653674915005221,999.41,-2.14,77.69,False
HAOS / PANGAEA,HAOS_Flight_03,HAOS_Flight_03_seg00,test,10.1594/PANGAEA.918819,CC BY 4.0,fixed-wing UAV,2020-02-27 17:52:04+00:00,911.0,65.02786,24.53907,24.91,384094.665979589,7213815.95521097,-35.61421040003188,-1080.3523158701137,-1.870000000000001,-35.65837799995106,-1080.3709852218058,-1.084502164502164,13.749954438528171,3.264172378423609,-0.16054112554112554,0.14935268076412456,0.08325545946286184,0.034740259740259516,14.132093559613317,14.133005406871328,76.64546885197217,-0.18665679888780992,-0.6508542588345843,999.55,-2.07,78.18,False
HAOS / PANGAEA,HAOS_Flight_03,HAOS_Flight_03_seg00,test,10.1594/PANGAEA.918819,CC BY 4.0,fixed-wing UAV,2020-02-27 17:52:05+00:00,912.0,65.02789,24.53938,25.51,384109.182747229,7213819.63364439,-21.097442760015838,-1076.673882449977,-1.2699999999999996,-21.23715099977408,-1076.9554513013982,-1.2837229437229434,14.418608998823075,3.362273974307982,-0.07337662337662343,0.3245595671221757,-0.06011199060981198,0.1460606060606059,14.805443989940002,14.805625818185083,76.87377179800342,0.5188283218534538,-0.28395882056061283,999.47,-2.11,77.89,False
HAOS / PANGAEA,HAOS_Flight_03,HAOS_Flight_03_seg00,test,10.1594/PANGAEA.918819,CC BY 4.0,fixed-wing UAV,2020-02-27 17:52:06+00:00,913.0,65.02793,24.53968,26.33,384123.473877315,7213822.75213548,-6.806312674016226,-1073.5553913600743,-0.45000000000000284,-6.821160002304906,-1073.6464372731898,-1.2312554112554108,14.399073572772522,3.1439483972039852,0.13158008658008624,-0.019111603873217753,-0.3022927801031301,0.17640692640692615,14.73830829092666,14.738895636973009,77.68312549567906,1.1352797958440368,0.511509407441737,999.36,-2.13,77.43,False
HAOS / PANGAEA,HAOS_Flight_03,HAOS_Flight_03_seg00,test,10.1594/PANGAEA.918819,CC BY 4.0,fixed-wing UAV,2020-02-27 17:52:07+00:00,914.0,65.02796,24.53998,25.13,384137.776164474,7213825.51151032,7.495974485005718,-1070.7960165198892,-1.6500000000000021,7.560996145770966,-1070.6675545069902,-1.020562770562771,14.38038579107664,2.7576884141017217,0.2794372294372289,0.004965224729092554,-0.44638052791481186,0.015064935064935114,14.642415814662202,14.645081975006672,79.1443313896915,1.7185337578070516,1.093305286177297,999.52,-2.11,77.48,False
HAOS / PANGAEA,HAOS_Flight_03,HAOS_Flight_03_seg00,test,10.1594/PANGAEA.918819,CC BY 4.0,fixed-wing UAV,2020-02-27 17:52:08+00:00,915.0,65.02799,24.54028,25.88,384152.185376192,7213828.35491428,21.905186202959158,-1067.9526125602424,-0.9000000000000021,21.93961157984837,-1068.1310604449864,-0.6723809523809531,14.409004022230707,2.2511873413743615,0.16170995670995647,0.08240143350420936,-0.4109277496238519,-0.2134956709956706,14.583800648617798,14.584697167535705,81.12019301129317,1.6373354389832577,0.6352883277865159,999.42,-2.14,77.72,False
HAOS / PANGAEA,HAOS_Flight_03,HAOS_Flight_03_seg00,test,10.1594/PANGAEA.918819,CC BY 4.0,fixed-wing UAV,2020-02-27 17:52:09+00:00,916.0,65.02801,24.54059,26.48,384166.661881713,7213830.85308114,36.38169172400376,-1065.4544457001612,-0.3000000000000007,36.37900419023238,-1066.1651798242415,-0.697142857142858,14.545188658085058,1.9358329148540179,-0.14755411255411233,0.25772074585149163,0.1850020778617818,-0.13489177489177467,14.673444114232977,14.674185987292448,82.41900226765802,-0.5407499810473285,-0.5761389681815041,999.34,-2.2,77.71,False
HAOS / PANGAEA,HAOS_Flight_03,HAOS_Flight_03_seg00,test,10.1594/PANGAEA.918819,CC BY 4.0,fixed-wing UAV,2020-02-27 17:52:10+00:00,917.0,65.02804,24.54089,26.11,384181.096411025,7213832.75704492,50.81622103595873,-1063.5504819201306,-0.6700000000000017,51.02998889601849,-1064.2593946152783,-0.9674891774891777,14.92444551393369,2.621191497097925,-0.10807359307359288,0.12303271057531173,1.0820915327856824,0.06380952380952357,15.152878233617333,15.153263630794317,80.03869304919851,-3.9559727067212953,-0.4086389181226652,999.39,-2.15,77.61,False
HAOS / PANGAEA,HAOS_Flight_03,HAOS_Flight_03_seg00,test,10.1594/PANGAEA.918819,CC BY 4.0,fixed-wing UAV,2020-02-27 17:52:11+00:00,918.0,65.02806,24.5412,26.11,384195.610037648,7213834.83793078,65.32984765898436,-1061.469596059993,-0.6700000000000017,66.22789521809976,-1060.9227968300456,-0.9132900432900437,14.791254079235681,4.100015980425383,-0.019935064935065194,-0.7417275962142966,1.2883330188021773,0.02900432900432881,15.348984600821309,15.348997546519566,74.50705685421542,-5.59050974624813,-0.0744149839593573,999.39,-2.13,77.41,False
HAOS / PANGAEA,HAOS_Flight_03,HAOS_Flight_03_seg00,test,10.1594/PANGAEA.918819,CC BY 4.0,fixed-wing UAV,2020-02-27 17:52:12+00:00,919.0,65.02809,24.5415,25.13,384210.151056628,7213838.1078477,79.87086663895752,-1058.1996791400015,-1.6500000000000021,80.61249705448985,-1056.0593626544276,-1.0073593073593081,13.440990321505097,5.19785753470228,-0.050064935064935256,-1.5994373314059676,1.1234554454262593,0.0172186147186148,14.41103548583012,14.411122450093123,68.85767355670225,-6.604069404223282,-0.1990487042764937,999.52,-2.2,77.47,False
HAOS / PANGAEA,HAOS_Flight_03,HAOS_Flight_03_seg00,test,10.1594/PANGAEA.918819,CC BY 4.0,fixed-wing UAV,2020-02-27 17:52:13+00:00,920.0,65.02816,24.5418,25.13,384224.379378168,7213845.27889803,94.09918817901053,-1051.0286288103089,-1.6500000000000021,93.10987586110996,-1050.527081760641,-1.0134199134199142,11.592379416423746,6.346926871277901,0.014502164502164405,-1.857762055537556,1.530013250547995,0.06229437229437232,13.216154555833343,13.216162512486356,61.29891804576886,-9.596114038748597,0.0628709722463644,999.52,-2.2,77.47,False
HAOS / PANGAEA,HAOS_Flight_03,HAOS_Flight_03_seg00,test,10.1594/PANGAEA.918819,CC BY 4.0,fixed-wing UAV,2020-02-27 17:52:14+00:00,921.0,65.02827,24.54205,26.56,384236.812744137,7213856.29430186,106.53255414799787,-1040.0132249798626,-0.22000000000000242,103.79725588733734,-1043.3655089118718,-0.9783549783549793,9.725466210429985,8.25788403579827,0.07452380952380938,-1.975125025558679,2.0802869017566934,0.037348484848484964,12.75842238518961,12.75864003556387,49.66544547920506,-12.635218302176924,0.33466921453774645,999.33,-2.26,77.45,False
HAOS / PANGAEA,HAOS_Flight_03,HAOS_Flight_03_seg00,test,10.1594/PANGAEA.918819,CC BY 4.0,fixed-wing UAV,2020-02-27 17:52:15+00:00,922.0,65.02833,24.54215,26.259999999999998,384241.82243607903,7213863.17923724,111.5422460900154,-1033.128289599903,-0.5200000000000031,112.56080828196993,-1034.0113136890445,-0.8643722943722955,7.642129365306388,10.507500674791288,0.08919913419913433,-2.233094524591028,2.1808534570801044,0.030919913419913597,12.992679156618067,12.992985344113933,36.02848144141501,-13.52063501292628,0.39334871368590735,999.37,-2.25,77.38,True
HAOS / PANGAEA,HAOS_Flight_03,HAOS_Flight_03_seg00,test,10.1594/PANGAEA.918819,CC BY 4.0,fixed-wing UAV,2020-02-27 17:52:16+00:00,923.0,65.02839,24.54225,25.96,384246.832128021,7213870.06417262,116.55193803197471,-1026.2433542199433,-0.8200000000000003,119.08151461795012,-1022.3505075622892,-0.7999567099567106,5.25927716124793,12.619590949958479,0.13636363636363658,-2.4845408279643593,1.944372582094104,0.003528138528138519,13.671652131439638,13.672332172837972,22.624175453352507,-12.754888866299323,0.5714599589274508,999.41,-2.24,77.31,False
HAOS / PANGAEA,HAOS_Flight_03,HAOS_Flight_03_seg00,test,10.1594/PANGAEA.918819,CC BY 4.0,fixed-wing UAV,2020-02-27 17:52:17+00:00,924.0,65.02854,24.54238,25.58,384253.442373708,7213886.10191148,123.16218371898867,-1010.2056153602898,-1.2000000000000028,123.07936260446579,-1008.7721317891276,-0.5916450216450223,2.67304770937767,14.396245838979496,0.09625541125541137,-2.6035893186442323,1.654619825737882,-0.05126623376623385,14.642304405828463,14.642620783764755,10.51870370881636,-11.218389232029182,0.37664490684044966,999.46,-2.26,78.0,False
HAOS / PANGAEA,HAOS_Flight_03,HAOS_Flight_03_seg00,test,10.1594/PANGAEA.918819,CC BY 4.0,fixed-wing UAV,2020-02-27 17:52:18+00:00,925.0,65.0287,24.54243,26.18,384256.238724036,7213903.45074351,125.95853404700756,-992.8567833295092,-0.6000000000000014,124.42761003670546,-993.5580158843302,-0.6074458874458879,0.052098523959465126,15.928830601434242,0.03383116883116888,-2.8897039802522393,0.9853513642854921,-0.016493506493506782,15.928915800687337,15.928951727385302,0.18739698929414317,-10.632658961157743,0.12168940433084023,999.38,-2.31,77.96,False
HAOS / PANGAEA,HAOS_Flight_03,HAOS_Flight_03_seg00,test,10.1594/PANGAEA.918819,CC BY 4.0,fixed-wing UAV,2020-02-27 17:52:19+00:00,926.0,65.02885,24.54238,26.03,384254.512889831,7213920.69441346,124.2326998419594,-975.6131133800372,-0.75,123.18355965238472,-976.9144705862591,-0.5239826839826845,-3.1063602511268087,16.36694856755048,0.06326839826839781,-3.405417270481358,-0.5231797737664294,-0.04196969696969716,16.659126010167018,16.659246150796942,349.25338578650087,-12.30606487454043,0.2175981361130492,999.4,-2.33,77.5,False
HAOS / PANGAEA,HAOS_Flight_03,HAOS_Flight_03_seg00,test,10.1594/PANGAEA.918819,CC BY 4.0,fixed-wing UAV,2020-02-27 17:52:20+00:00,927.0,65.02899,24.54224,27.38,384248.817539956,7213936.39595671,118.53734996699495,-959.9115701299161,0.5999999999999979,118.21488953445184,-960.8241187492292,-0.4809090909090923,-6.758736017003251,14.882471053901384,-0.050108225108225435,-3.098127501681393,-2.1410678676711825,-0.14389610389610358,16.345288532716378,16.345365338589804,335.5752672402133,-13.420823819105246,-0.17564577205819304,999.22,-2.43,77.69,False
HAOS / PANGAEA,HAOS_Flight_03,HAOS_Flight_03_seg00,test,10.1594/PANGAEA.918819,CC BY 4.0,fixed-wing UAV,2020-02-27 17:52:21+00:00,928.0,65.02911,24.54204,25.81,384239.847817001,7213949.85814906,109.56762701197295,-946.4493777798489,-0.9700000000000024,109.66608761837821,-947.1495284784563,-0.6241991341991354,-9.302615254489595,12.084812832208115,-0.22452380952380935,-2.25982527941774,-1.9191866509850115,-0.11278138528138484,15.250618078050621,15.252270739257401,322.4117381482904,-10.588300600505898,-0.8434633479990233,999.43,-2.44,77.59,False
HAOS / PANGAEA,HAOS_Flight_03,HAOS_Flight_03_seg00,test,10.1594/PANGAEA.918819,CC BY 4.0,fixed-wing UAV,2020-02-27 17:52:22+00:00,929.0,65.02921,24.5418,25.58,384229.086671935,7213961.32126172,98.8064819459687,-934.9862651200965,-1.2000000000000028,99.60965902547265,-936.654493084813,-0.929956709956711,-11.27838657583873,11.04409775193136,-0.2756709956709951,-1.8003128436891025,0.18678317671168543,-0.021677489177488796,15.785249409124793,15.787656362048448,314.3986660392015,-4.208322926679032,-1.0005023515037705,999.46,-2.44,77.56,False
HAOS / PANGAEA,HAOS_Flight_03,HAOS_Flight_03_seg00,test,10.1594/PANGAEA.918819,CC BY 4.0,fixed-wing UAV,2020-02-27 17:52:23+00:00,930.0,65.0293,24.54154,25.58,384217.242003229,7213971.8081272,86.9618132399628,-924.4993996396661,-1.2000000000000028,87.10931446670075,-925.0613329745936,-1.1755411255411257,-12.9032409418678,12.458379185631486,-0.26787878787878694,-0.8942933485575981,1.6487879862935984,0.10232683982683985,17.936132212293412,17.938132505416075,313.9950922949323,1.6320418549517537,-0.8556573259765654,999.46,-2.44,77.56,False
HAOS / PANGAEA,HAOS_Flight_03,HAOS_Flight_03_seg00,test,10.1594/PANGAEA.918819,CC BY 4.0,fixed-wing UAV,2020-02-27 17:52:24+00:00,931.0,65.02938,24.54128,25.21,384205.102223236,7213982.19207969,74.82203324697912,-914.115447149612,-1.5700000000000003,73.80317714173705,-911.73773471355,-1.4657142857142849,-13.066973272953927,14.341673724518557,-0.07101731601731542,0.36528872764066733,1.9144929223300835,0.16889610389610366,19.401788467474802,19.40191844111846,317.662749749105,4.615813729444417,-0.20972160967410025,999.51,-2.43,77.75,False
HAOS / PANGAEA,HAOS_Flight_03,HAOS_Flight_03_seg00,test,10.1594/PANGAEA.918819,CC BY 4.0,fixed-wing UAV,2020-02-27 17:52:25+00:00,932.0,65.02948,24.54102,25.51,384193.580131483,7213993.39625894,63.299941493954975,-902.9112678999081,-1.2699999999999996,60.9753679207929,-896.3779855255565,-1.3175757575757565,-12.172663486586465,16.287365030291653,0.06991341991342037,1.2424032855887877,1.7389440726664134,0.0048268398268396795,20.333519026170624,20.333639218642755,323.22671975382116,5.816622226568997,0.19700122255455982,999.47,-2.46,77.88,False
HAOS / PANGAEA,HAOS_Flight_03,HAOS_Flight_03_seg00,test,10.1594/PANGAEA.918819,CC BY 4.0,fixed-wing UAV,2020-02-27 17:52:26+00:00,933.0,65.02973,24.54062,25.51,384175.693746303,7214021.80094198,45.41355631395709,-874.5065848594531,-1.2699999999999996,49.45785016856412,-879.1630046529667,-1.3258874458874441,-10.582166701776352,17.819561869851384,-0.061363636363636065,1.8011473625308962,1.1471966938367757,-0.11880952380952409,20.724841069056367,20.724931913845055,329.295994202243,6.006477270356813,-0.16964506956899134,999.47,-2.46,77.88,False
HAOS / PANGAEA,HAOS_Flight_03,HAOS_Flight_03_seg00,test,10.1594/PANGAEA.918819,CC BY 4.0,fixed-wing UAV,2020-02-27 17:52:27+00:00,934.0,65.02987,24.54047,25.36,384168.980014882,7214037.88690329,38.69982489297399,-858.4206235501915,-1.4200000000000017,39.811034517240195,-860.7388617858537,-1.4403030303030286,-8.570368761524673,18.581758417965204,-0.1677056277056278,2.100131160308109,0.2669091163772066,-0.10077922077922097,20.4629657335426,20.463652943443478,335.2396742945348,5.765116766075396,-0.4695609458014465,999.49,-2.45,78.11,False
HAOS / PANGAEA,HAOS_Flight_03,HAOS_Flight_03_seg00,test,10.1594/PANGAEA.918819,CC BY 4.0,fixed-wing UAV,2020-02-27 17:52:28+00:00,935.0,65.03002,24.54033,25.36,384163.191726511,7214054.31567421,32.911536521976814,-841.9918526299298,-1.4200000000000017,32.317112645514776,-841.9994878170363,-1.6612987012986997,-6.381904381160133,18.353380102605797,-0.262922077922078,2.175032950731749,-0.7948181750343508,-0.04980519480519463,19.431296012386753,19.433074711430926,340.8262277343938,5.40605561027045,-0.775213663107154,999.49,-2.5,77.8,False
HAOS / PANGAEA,HAOS_Flight_03,HAOS_Flight_03_seg00,test,10.1594/PANGAEA.918819,CC BY 4.0,fixed-wing UAV,2020-02-27 17:52:29+00:00,936.0,65.03016,24.54021,24.76,384158.187064904,7214071.06097933,27.906874915002845,-825.2465475099161,-2.0199999999999996,27.04722575491993,-824.0321015806421,-1.9661471861471846,-4.2203028600611745,16.992122067896503,-0.26731601731601706,1.5363705713748894,-0.8100354064889075,0.010703463203463381,17.508374242085864,17.510414799599967,346.05178551507566,3.993675911221953,-0.8747179743682931,999.57,-2.46,78.36,False
HAOS / PANGAEA,HAOS_Flight_03,HAOS_Flight_03_seg00,test,10.1594/PANGAEA.918819,CC BY 4.0,fixed-wing UAV,2020-02-27 17:52:30+00:00,937.0,65.03032,24.54011,24.38,384153.968692502,7214088.16119569,23.688502512988634,-808.1463311500847,-2.400000000000002,23.876506925392427,-808.0152436812433,-2.195930735930734,-3.3091632384103544,16.733309289627982,-0.24151515151515124,0.48557923722584384,0.2726820806420278,0.023993506493506456,17.057379667486934,17.059089386283432,348.8135795568377,1.7260601385477992,-0.8111957716834183,999.62,-2.45,78.44,False
HAOS / PANGAEA,HAOS_Flight_03,HAOS_Flight_03_seg00,test,10.1594/PANGAEA.918819,CC BY 4.0,fixed-wing UAV,2020-02-27 17:52:31+00:00,938.0,65.03047,24.54002,24.16,384150.590236222,7214105.71763893,20.31004623300396,-790.5898879095912,-2.620000000000001,20.42889927809922,-790.5654830013862,-2.449177489177487,-3.249144385609487,17.53748622918056,-0.21932900432900415,0.15525274066412198,0.4579583121789881,0.05878787878787872,17.835928977130276,17.837277474137565,349.5039057921713,0.771886306290805,-0.7045325711484539,999.65,-2.47,77.58,False
HAOS / PANGAEA,HAOS_Flight_03,HAOS_Flight_03_seg00,test,10.1594/PANGAEA.918819,CC BY 4.0,fixed-wing UAV,2020-02-27 17:52:32+00:00,939.0,65.03063,24.53994,24.38,384147.782420825,7214123.46369959,17.50223083596211,-772.8438272494823,-2.400000000000002,17.378218154173453,-772.9402712228822,-2.634588744588742,-2.9986577570821105,17.64922591398596,-0.1239393939393938,0.10324019808754281,0.2594140848302118,0.08429112554112561,17.902154163871515,17.902583184568428,350.3573521694193,0.46552959379256387,-0.39666124381663037,999.62,-2.47,78.21,False
HAOS / PANGAEA,HAOS_Flight_03,HAOS_Flight_03_seg00,test,10.1594/PANGAEA.918819,CC BY 4.0,fixed-wing UAV,2020-02-27 17:52:33+00:00,940.0,65.03079,24.53987,24.23,384144.942370995,7214141.12791481,14.662181005987804,-755.1796120302752,-2.5500000000000007,14.431583763934999,-755.2670311734142,-2.6970562770562747,-3.042663989434401,18.056314398840982,-0.05074675324675293,-0.07674640122488796,0.2427698820184787,0.03932900432900455,18.310879111129346,18.31094943074657,350.4349649797564,-0.10893950447833375,-0.1587890632336555,999.64,-2.46,78.13,False
HAOS / PANGAEA,HAOS_Flight_03,HAOS_Flight_03_seg00,test,10.1594/PANGAEA.918819,CC BY 4.0,fixed-wing UAV,2020-02-27 17:52:34+00:00,941.0,65.03095,24.53979,23.79,384141.965076534,7214158.75341772,11.684886545001063,-737.5541091198102,-2.990000000000002,11.29289017530465,-736.8276424252002,-2.736082251082248,-3.1521505595318864,18.134765678022916,-0.0452813852813847,0.012475054646595929,-0.6929587559478421,-0.038836580086579864,18.40667757491164,18.406733272110184,350.1394731604626,-0.34783240155050527,-0.140950316692353,999.7,-2.45,78.31,False
HAOS / PANGAEA,HAOS_Flight_03,HAOS_Flight_03_seg00,test,10.1594/PANGAEA.918819,CC BY 4.0,fixed-wing UAV,2020-02-27 17:52:35+00:00,942.0,65.0311,24.53971,24.01,384138.630826963,7214176.2562907,8.350636973977089,-720.0512361396104,-2.7699999999999996,8.127282644871226,-718.9974998173684,-2.787619047619044,-3.0177138801412093,16.670396886945298,-0.12841991341991266,0.2295203581156282,-1.6904980673674856,-0.01673160173160182,16.941331985138373,16.941818707117463,349.7393001766554,-0.24209285193379726,-0.4343093049430613,999.67,-2.43,77.87,False
HAOS / PANGAEA,HAOS_Flight_03,HAOS_Flight_03_seg00,test,10.1594/PANGAEA.918819,CC BY 4.0,fixed-wing UAV,2020-02-27 17:52:36+00:00,943.0,65.03126,24.53962,23.94,384135.174883768,7214193.69831787,4.894693779002409,-702.6092089703307,-2.84,5.257462415022232,-703.4868486513096,-2.9929220779220733,-2.69310984330063,14.753769543287945,-0.07874458874458834,0.31972189689104447,-1.5235266846239313,0.12608225108225057,14.9975516790086,14.997758401667573,349.65528745659503,0.1790928104778357,-0.3008285107081212,999.68,-2.43,78.51,False
HAOS / PANGAEA,HAOS_Flight_03,HAOS_Flight_03_seg00,test,10.1594/PANGAEA.918819,CC BY 4.0,fixed-wing UAV,2020-02-27 17:52:37+00:00,944.0,65.03141,24.53954,23.94,384132.154675151,7214211.26917567,1.8744851619703695,-685.0383511697873,-2.84,2.7410629582699664,-689.4899607307925,-2.945108225108221,-2.3782700863591204,13.623343517697435,0.12374458874458849,0.2522837191887424,-0.7564718630346192,0.12607142857142828,13.829376602177675,13.829930221375049,350.09748579761106,0.4796473625994156,0.5126661643757263,999.68,-2.43,78.51,False
HAOS / PANGAEA,HAOS_Flight_03,HAOS_Flight_03_seg00,test,10.1594/PANGAEA.918819,CC BY 4.0,fixed-wing UAV,2020-02-27 17:52:38+00:00,945.0,65.03148999999999,24.539505,23.825000000000003,384130.7586563375,7214220.0521151945,0.47846634848974645,-676.2554116453975,-2.9549999999999983,0.500922242303991,-676.2401616159148,-2.7454329004328963,-2.1885424049231452,13.240825817218706,0.17339826839826822,0.08770598781958339,-0.020763120163479698,0.020119047619047592,13.420476376793493,13.421596519771995,350.6145821817939,0.34491916071904033,0.7402446746399164,999.6949999999999,-2.43,78.255,True
HAOS / PANGAEA,HAOS_Flight_03,HAOS_Flight_03_seg00,test,10.1594/PANGAEA.918819,CC BY 4.0,fixed-wing UAV,2020-02-27 17:52:39+00:00,946.0,65.03157,24.53947,23.71,384129.362637524,7214228.83505472,-0.9175524649908766,-667.4724721200764,-3.0700000000000003,-1.636021851576324,-663.0083090963551,-2.5983116883116844,-2.2028581107199536,13.581817277370476,0.16398268398268367,-0.1174657769959564,0.7039184248381503,0.0004329004329002295,13.75930028787234,13.760277422075838,350.7873241190491,-0.004252255930297869,0.6828160377335732,999.71,-2.43,78.0,False
HAOS / PANGAEA,HAOS_Flight_03,HAOS_Flight_03_seg00,test,10.1594/PANGAEA.918819,CC BY 4.0,fixed-wing UAV,2020-02-27 17:52:40+00:00,947.0,65.03173,24.5394,24.91,384126.742972146,7214246.34090202,-3.5372178429970518,-649.9666248196736,-1.870000000000001,-3.9047939791359165,-649.0765270611738,-2.417467532467529,-2.423473958915058,14.648662666895007,0.17426406926406868,-0.18644074080559814,1.070151746253913,0.02048701298701283,14.847779091770693,14.848801699930517,350.60607766993326,-0.04569137853219561,0.6724330423608774,999.55,-2.5,78.54,False
HAOS / PANGAEA,HAOS_Flight_03,HAOS_Flight_03_seg00,test,10.1594/PANGAEA.918819,CC BY 4.0,fixed-wing UAV,2020-02-27 17:52:41+00:00,948.0,65.03188,24.53932,24.76,384123.785503543,7214263.74970074,-6.494686446036212,-632.5578260999173,-2.0199999999999996,-6.48296976940644,-633.7109837625651,-2.249783549783547,-2.57573959233115,15.722120769878302,0.20495670995670934,-0.19103596516998422,1.5077717077779198,-0.0009307359307357821,15.931714156051788,15.933032454718003,350.69594136198475,0.184604899386083,0.7370523083784075,999.57,-2.45,78.58,False
HAOS / PANGAEA,HAOS_Flight_03,HAOS_Flight_03_seg00,test,10.1594/PANGAEA.918819,CC BY 4.0,fixed-wing UAV,2020-02-27 17:52:42+00:00,949.0,65.03203,24.53924,24.53,384120.648432545,7214280.99683593,-9.631757444003597,-615.3106909096241,-2.25,-9.056273163798217,-617.6322855214172,-2.0075541125541103,-2.8055458892550265,17.664206082450846,0.1724025974025971,-0.29677299865781226,2.0260957681444722,-0.08102272727272702,17.885616127492206,17.886447017661176,350.9752874687054,0.09926943416676064,0.5522669849813143,999.6,-2.44,78.59,False
HAOS / PANGAEA,HAOS_Flight_03,HAOS_Flight_03_seg00,test,10.1594/PANGAEA.918819,CC BY 4.0,fixed-wing UAV,2020-02-27 17:52:43+00:00,950.0,65.03219,24.53916,24.68,384117.744130643,7214298.30752799,-12.536059345991816,-597.9999988498166,-2.1000000000000014,-12.094061547916493,-598.3825715976634,-1.9049783549783528,-3.1692855896467744,19.774312306167246,0.04291125541125529,-0.315832432066403,1.5899968950714936,-0.06511904761904752,20.026677166484212,20.0267231395059,350.89448023031827,-0.16955031170671603,0.12276774851687393,999.58,-2.43,78.59,False
HAOS / PANGAEA,HAOS_Flight_03,HAOS_Flight_03_seg00,test,10.1594/PANGAEA.918819,CC BY 4.0,fixed-wing UAV,2020-02-27 17:52:44+00:00,951.0,65.03234,24.5391,24.91,384115.233604017,7214315.74511119,-15.046585972013418,-580.5624156501144,-1.870000000000001,-15.394844343091766,-578.0836609090827,-1.9217316017315997,-3.4372107533878324,20.844199872593833,0.04216450216450207,-0.23323952239253565,0.901184759743785,0.060719696969696924,21.125697292440922,21.12573937018746,350.636186845292,-0.22960865178116083,0.11435574305388012,999.55,-2.44,78.6,False
HAOS / PANGAEA,HAOS_Flight_03,HAOS_Flight_03_seg00,test,10.1594/PANGAEA.918819,CC BY 4.0,fixed-wing UAV,2020-02-27 17:52:45+00:00,952.0,65.0325,24.53903,25.28,384112.910957949,7214333.36847372,-17.36923204001505,-562.9390531200916,-1.5,-18.968483054692157,-556.6941718524757,-1.8206493506493486,-3.6357646344318457,21.576681825654816,0.16435064935064914,-0.1406718640427842,0.36760809575406483,0.06785714285714278,21.88085882872352,21.881476052096442,350.43526292675597,-0.20667396111834582,0.4303497207596465,999.5,-2.5,78.7,False
HAOS / PANGAEA,HAOS_Flight_03,HAOS_Flight_03_seg00,test,10.1594/PANGAEA.918819,CC BY 4.0,fixed-wing UAV,2020-02-27 17:52:46+00:00,953.0,65.03281,24.53887,24.91,384106.719904927,7214367.95392481,-23.560285062005278,-528.3536020303145,-1.870000000000001,-22.666373611955457,-534.9302972577731,-1.5930303030303015,-3.718554481473401,21.579416064101963,0.17787878787878764,-0.04566500200120327,-0.38172403017654233,-0.02151515151515143,21.897462069822332,21.898184535766546,350.2228389230553,-0.29389958298326097,0.46541830337192924,999.55,-2.42,78.61,False
HAOS / PANGAEA,HAOS_Flight_03,HAOS_Flight_03_seg00,test,10.1594/PANGAEA.918819,CC BY 4.0,fixed-wing UAV,2020-02-27 17:52:47+00:00,954.0,65.03296,24.53878,25.28,384103.169757219,7214385.03546978,-27.11043277004501,-511.2720570601523,-1.5,-26.40559201763896,-513.5353397242718,-1.4648917748917734,-3.7270946384342523,20.81323376530173,0.12132034632034627,0.04921015057602318,-1.1520729191909425,-0.06834415584415576,21.144312100726793,21.144660149535927,349.8474637607894,-0.42989142751240034,0.3287440849730654,999.5,-2.47,78.63,False
HAOS / PANGAEA,HAOS_Flight_03,HAOS_Flight_03_seg00,test,10.1594/PANGAEA.918819,CC BY 4.0,fixed-wing UAV,2020-02-27 17:52:48+00:00,955.0,65.03311,24.5387,25.28,384099.941855894,7214402.31741601,-30.338334095024038,-493.99011082947254,-1.5,-30.12056288882396,-493.3038297271696,-1.350389610389609,-3.6201341803213545,19.275270225720078,0.04119047619047611,0.21395047638522158,-1.8950409107242763,-0.0858225108225108,19.612277118123277,19.612320373005094,349.3630560680305,-0.40788406756002393,0.12033467391842957,999.5,-2.47,78.63,False
HAOS / PANGAEA,HAOS_Flight_03,HAOS_Flight_03_seg00,test,10.1594/PANGAEA.918819,CC BY 4.0,fixed-wing UAV,2020-02-27 17:52:49+00:00,956.0,65.03327,24.53862,25.81,384097.0781805,7214419.801696,-33.2020094890031,-476.50583084020764,-0.9700000000000024,-33.64586037828167,-474.98479927283165,-1.3825108225108211,-3.299193685663809,17.02315194385318,-0.05032467532467533,0.2185596807721737,-1.3651954317193429,-0.07658008658008664,17.33990718196139,17.339980209100087,349.0316956256694,-0.12647434000576732,-0.16628597694444536,999.43,-2.5,78.66,False
HAOS / PANGAEA,HAOS_Flight_03,HAOS_Flight_03_seg00,test,10.1594/PANGAEA.918819,CC BY 4.0,fixed-wing UAV,2020-02-27 17:52:50+00:00,957.0,65.03342,24.53854,25.28,384093.894268369,7214437.2375534,-36.38592162000714,-459.0699734399095,-1.5,-36.71895026015158,-459.25752583946326,-1.4510389610389596,-3.183014818777007,16.544879362281392,-0.11196969696969716,0.018053372543899826,0.17633902622202413,-0.05014069264069276,16.84828229965888,16.84865435760489,349.11010738801895,0.16617211069171797,-0.380768585804334,999.5,-2.44,78.79,False
HAOS / PANGAEA,HAOS_Flight_03,HAOS_Flight_03_seg00,test,10.1594/PANGAEA.918819,CC BY 4.0,fixed-wing UAV,2020-02-27 17:52:51+00:00,958.0,65.03358,24.53845,25.28,384090.307547537,7214454.3955111,-39.972642451990396,-441.91201573982835,-1.5,-40.01189001583568,-441.89504054826887,-1.6064502164502155,-3.2630869405760095,17.375829996297227,-0.15060606060606085,0.0030535882700100103,0.4202600997747794,-0.020508658008657865,17.679570256145375,17.68021172462229,349.3640398470528,0.2671240331060226,-0.48807085215741514,999.5,-2.42,78.98,False
HAOS / PANGAEA,HAOS_Flight_03,HAOS_Flight_03_seg00,test,10.1594/PANGAEA.918819,CC BY 4.0,fixed-wing UAV,2020-02-27 17:52:52+00:00,959.0,65.03373,24.53836,24.68,384086.770972639,7214471.64745554,-43.50921735004522,-424.6600713003427,-2.1000000000000014,-43.2451241413036,-424.5058658468688,-1.7522510822510813,-3.176907642236987,17.38539956183095,-0.1529870129870129,0.11427449243748278,-0.0032096090122024634,0.029090909090909167,17.673280965678547,17.673943111766494,349.644355454231,0.36303365577835267,-0.4959628746078937,999.58,-2.43,78.87,False
HAOS / PANGAEA,HAOS_Flight_03,HAOS_Flight_03_seg00,test,10.1594/PANGAEA.918819,CC BY 4.0,fixed-wing UAV,2020-02-27 17:52:53+00:00,960.0,65.03389,24.53828,24.83,384083.599536862,7214489.05752263,-46.680653127026744,-407.25000420957804,-1.9500000000000028,-46.365705300309656,-407.12424142460696,-1.9124242424242412,-3.034537955701044,17.369410778272822,-0.09242424242424252,0.13789169293269232,-0.023243070991298964,0.08536796536796531,17.632494190810622,17.632736419216336,350.0901071586095,0.4284888775654163,-0.30032452926013875,999.56,-2.41,78.67,False
HAOS / PANGAEA,HAOS_Flight_03,HAOS_Flight_03_seg00,test,10.1594/PANGAEA.918819,CC BY 4.0,fixed-wing UAV,2020-02-27 17:52:54+00:00,961.0,65.03404,24.53821,25.06,384081.018914136,7214506.66733648,-49.261275853030384,-389.64019036013633,-1.7200000000000024,-49.31420005270569,-389.76704429032316,-1.9370995670995663,-2.9011242563716024,17.338913419848353,0.017748917748917736,0.09025760999556809,-0.03649265824380166,0.08793290043290058,17.579944269874833,17.579953229630227,350.50133320936186,0.2700724228629769,0.057846470773723985,999.53,-2.42,78.69,False
HAOS / PANGAEA,HAOS_Flight_03,HAOS_Flight_03_seg00,test,10.1594/PANGAEA.918819,CC BY 4.0,fixed-wing UAV,2020-02-27 17:52:55+00:00,962.0,65.0342,24.53814,24.91,384078.35275625,7214524.06630954,-51.92743373900885,-372.24121730029583,-1.870000000000001,-52.16795381305286,-372.44641458491026,-1.8769264069264058,-2.8540227357099077,17.29642546178522,0.08344155844155865,0.015614912262865488,-0.022091584583520785,0.044880952380952355,17.530310309034494,17.53050889234868,350.6302520043355,0.038418393689772526,0.27271696540093426,999.55,-2.43,78.7,False
HAOS / PANGAEA,HAOS_Flight_03,HAOS_Flight_03_seg00,test,10.1594/PANGAEA.918819,CC BY 4.0,fixed-wing UAV,2020-02-27 17:52:56+00:00,963.0,65.03435,24.53807,24.91,384075.439904326,7214541.20271693,-54.840285663027316,-355.104809910059,-1.870000000000001,-55.0222455241255,-355.1741933667527,-1.770216450216449,-2.8698944318458715,17.29473025068131,0.10751082251082245,-0.06099437440646227,0.2319770372871801,0.0018722943722942476,17.531228949898843,17.531558603579093,350.5781699967414,-0.071313038939324,0.3513637966048988,999.55,-2.43,78.7,False
HAOS / PANGAEA,HAOS_Flight_03,HAOS_Flight_03_seg00,test,10.1594/PANGAEA.918819,CC BY 4.0,fixed-wing UAV,2020-02-27 17:52:57+00:00,964.0,65.0345,24.53798,24.98,384072.312812978,7214558.30442128,-57.96737701102393,-338.00310556031764,-1.8000000000000007,-57.907742676744604,-337.85695408354763,-1.6619047619047609,-2.9760114845228323,17.76037953635958,0.08718614718614714,-0.06904941027063494,0.35360201192690965,-0.026331168831168872,18.007990605049525,18.008201660793702,350.4876259264568,-0.03212261727807511,0.27739681481136674,999.54,-2.42,79.05,False
HAOS / PANGAEA,HAOS_Flight_03,HAOS_Flight_03_seg00,test,10.1594/PANGAEA.918819,CC BY 4.0,fixed-wing UAV,2020-02-27 17:52:58+00:00,965.0,65.03466,24.5379,25.36,384069.215509518,7214575.62740375,-61.064680471026804,-320.6801230898127,-1.4200000000000017,-60.97426849317117,-319.65343429403356,-1.5958441558441547,-3.0079932523871413,18.00193427453513,0.0548484848484847,0.12041170169236359,-0.5213502393854128,-0.05638528138528154,18.25151119855803,18.25159361226793,350.51392476218524,0.11025393598750007,0.17218175526548374,999.49,-2.44,78.84,False
HAOS / PANGAEA,HAOS_Flight_03,HAOS_Flight_03_seg00,test,10.1594/PANGAEA.918819,CC BY 4.0,fixed-wing UAV,2020-02-27 17:52:59+00:00,966.0,65.03481,24.53783,25.13,384066.456959749,7214593.3160155,-63.82323024002835,-302.99151134025306,-1.6500000000000021,-63.92372918151889,-301.8530855344774,-1.5522077922077915,-2.735188081138105,16.717679057588754,-0.02558441558441593,0.3127030242677691,-1.5627804463779427,-0.0845670995670994,16.939954159080287,16.939973479142825,350.70813379843185,0.19345397261469338,-0.0865337595350943,999.52,-2.45,78.87,False
HAOS / PANGAEA,HAOS_Flight_03,HAOS_Flight_03_seg00,test,10.1594/PANGAEA.918819,CC BY 4.0,fixed-wing UAV,2020-02-27 17:53:00+00:00,967.0,65.03497,24.53776,25.43,384063.812046276,7214611.20512225,-66.46814371302025,-285.1024045897648,-1.3500000000000014,-66.44464465544738,-286.21807617885605,-1.6470129870129866,-2.382587203851603,14.876373381779246,-0.1142857142857141,0.26004880411973375,-1.5211436210302907,-0.061071428571428055,15.065961860368141,15.066395322125238,350.9008327074146,0.04560585465190949,-0.4346196780537735,999.48,-2.45,78.73,False
HAOS / PANGAEA,HAOS_Flight_03,HAOS_Flight_03_seg00,test,10.1594/PANGAEA.918819,CC BY 4.0,fixed-wing UAV,2020-02-27 17:53:01+00:00,968.0,65.03513,24.53768,24.91,384060.925479989,7214628.79153281,-69.35471000004327,-267.51599403005093,-1.870000000000001,-68.6889035892221,-272.1003387709189,-1.7807792207792197,-2.2150904728986376,13.675391815528172,-0.14772727272727204,0.06900550287635276,-0.8583173465630836,-0.02029220779220764,13.85362649674594,13.854414114586321,350.79934550773567,-0.29013801041852355,-0.610946776556514,999.55,-2.36,78.66,False
HAOS / PANGAEA,HAOS_Flight_03,HAOS_Flight_03_seg00,test,10.1594/PANGAEA.918819,CC BY 4.0,fixed-wing UAV,2020-02-27 17:53:02+00:00,969.0,65.03520499999999,24.537640000000003,24.72,384059.378052726,7214637.444118289,-70.90213726303773,-258.8634085506201,-2.0600000000000023,-70.87482560124465,-258.8672925477997,-1.9424675324675307,-2.2445761980988976,13.159738688653078,-0.15487012987012938,-0.0936360369102971,-0.12373384896935846,-0.01090909090909109,13.349788187934097,13.350686477474884,350.32055668657756,-0.47135109951540327,-0.6646552480791693,999.575,-2.37,78.685,True
HAOS / PANGAEA,HAOS_Flight_03,HAOS_Flight_03_seg00,test,10.1594/PANGAEA.918819,CC BY 4.0,fixed-wing UAV,2020-02-27 17:53:03+00:00,970.0,65.03528,24.5376,24.53,384057.830625463,7214646.09670377,-72.44956452603219,-250.2108230702579,-2.25,-73.17805598541989,-245.78086139361272,-2.0905194805194784,-2.4023625467192318,13.427924117589455,-0.16954545454545422,-0.20112843849869932,0.6968341990630051,0.05186147186147161,13.641132354523208,13.642185952946724,349.85664330870486,-0.3141479331523442,-0.7120918232715565,999.6,-2.38,78.71,False
HAOS / PANGAEA,HAOS_Flight_03,HAOS_Flight_03_seg00,test,10.1594/PANGAEA.918819,CC BY 4.0,fixed-wing UAV,2020-02-27 17:53:04+00:00,971.0,65.03544,24.53753,24.76,384054.784313282,7214663.35213207,-75.49587670702022,-232.95539477001876,-2.0199999999999996,-75.67955069468312,-232.0114443126208,-2.281558441558439,-2.6468330750962963,14.553407086779089,-0.05114718614718616,-0.2970928867453111,1.5408732828954328,0.12538961038961005,14.792139235449872,14.792227661700798,349.6922608202729,-0.07199323278262255,-0.19811240109826467,999.57,-2.39,78.69,False
HAOS / PANGAEA,HAOS_Flight_03,HAOS_Flight_03_seg00,test,10.1594/PANGAEA.918819,CC BY 4.0,fixed-wing UAV,2020-02-27 17:53:05+00:00,972.0,65.03559,24.53744,24.61,384051.615513192,7214680.58646129,-78.66467679699417,-215.72106555011123,-2.1700000000000017,-78.47172213561248,-216.67404722005455,-2.1928138528138508,-2.996548320209854,16.50967068338032,0.08123376623376588,-0.2998144451565494,1.7018757405805758,0.05418831168831162,16.779407853348705,16.779604489790476,349.7126568431396,0.02998384757121565,0.277382589271898,999.59,-2.39,79.14,False
HAOS / PANGAEA,HAOS_Flight_03,HAOS_Flight_03_seg00,test,10.1594/PANGAEA.918819,CC BY 4.0,fixed-wing UAV,2020-02-27 17:53:06+00:00,973.0,65.03575,24.53736,24.38,384048.487741701,7214698.03170227,-81.79244828800438,-198.27582457009703,-2.400000000000002,-81.67264733510282,-198.99210294586015,-2.1190909090909074,-3.246461965409395,17.95715856794024,0.057229437229437075,-0.05881815323953532,0.26814813950114313,-0.023376623376623273,18.248261811115036,18.248351551180864,349.7522285154153,-0.0330170435770535,0.17968804376839612,999.62,-2.39,78.85,False
HAOS / PANGAEA,HAOS_Flight_03,HAOS_Flight_03_seg00,test,10.1594/PANGAEA.918819,CC BY 4.0,fixed-wing UAV,2020-02-27 17:53:07+00:00,974.0,65.0359,24.53728,24.61,384045.327682044,7214715.54591959,-84.95250794501044,-180.76160725019872,-2.1700000000000017,-84.96464606643127,-180.75973008417407,-2.0783549783549766,-3.1141846266889246,17.045966962382607,0.034480519480519334,0.047825194395969106,-0.38927368326334033,0.011049783549783587,17.328102480414437,17.328136786105098,349.6466227559855,-0.07280115114833216,0.11401050036568454,999.59,-2.4,78.57,False
HAOS / PANGAEA,HAOS_Flight_03,HAOS_Flight_03_seg00,test,10.1594/PANGAEA.918819,CC BY 4.0,fixed-wing UAV,2020-02-27 17:53:08+00:00,975.0,65.03606,24.5372,25.21,384042.089313016,7214733.10692427,-88.19087697303621,-163.20060256961733,-1.5700000000000003,-87.90101658848067,-164.90016902109494,-2.0501298701298687,-3.150811576617457,17.17861120141356,0.07932900432900425,-0.18239668238997453,1.1890290442993177,0.028841991341991446,17.465173815358323,17.465353975559896,349.60662621311866,0.099486550548669,0.26024280846890935,999.51,-2.43,78.65,False
HAOS / PANGAEA,HAOS_Flight_03,HAOS_Flight_03_seg00,test,10.1594/PANGAEA.918819,CC BY 4.0,fixed-wing UAV,2020-02-27 17:53:09+00:00,976.0,65.03621,24.53712,24.68,384038.977724127,7214750.5309141,-91.30246586201247,-145.77661274001002,-2.1000000000000014,-91.26626921966619,-146.40250768134695,-1.9196969696969681,-3.4789779914688737,19.424025050981243,0.09216450216450223,-0.24293881164843967,1.8738878371881285,-0.07275974025974019,19.733120306891955,19.733335535122563,349.8455958570828,0.2673478959360223,0.2676007907522959,999.58,-2.41,79.08,False
HAOS / PANGAEA,HAOS_Flight_03,HAOS_Flight_03_seg00,test,10.1594/PANGAEA.918819,CC BY 4.0,fixed-wing UAV,2020-02-27 17:53:10+00:00,977.0,65.03637,24.53704,24.68,384035.896007747,7214767.78664025,-94.38418224203633,-128.520886589773,-2.1000000000000014,-94.85897257141842,-126.05211891913245,-1.8658008658008642,-3.6366891999143363,20.926386875789817,-0.06619047619047613,-0.023025480697260292,0.8134699217336987,-0.10274025974026035,21.240037100061805,21.24014023473339,350.1413220049907,0.32414999502411423,-0.17855066049565624,999.58,-2.38,78.93,False
HAOS / PANGAEA,HAOS_Flight_03,HAOS_Flight_03_seg00,test,10.1594/PANGAEA.918819,CC BY 4.0,fixed-wing UAV,2020-02-27 17:53:11+00:00,978.0,65.03652,24.53696,24.91,384032.658150682,7214785.17351009,-97.62203930702526,-111.13401674944907,-1.870000000000001,-98.53964761949486,-104.54973392976731,-2.0520779220779204,-3.5250289528633942,21.05096489444864,-0.11331601731601848,0.14674408393350902,-0.05851232404882012,0.012073593073592459,21.34406128425034,21.344362080549857,350.49389584713106,0.3658085253328444,-0.3041814985079339,999.55,-2.42,78.49,False
HAOS / PANGAEA,HAOS_Flight_03,HAOS_Flight_03_seg00,test,10.1594/PANGAEA.918819,CC BY 4.0,fixed-wing UAV,2020-02-27 17:53:12+00:00,979.0,65.03683,24.53681,24.91,384026.97615664,7214820.16752758,-103.30403334903531,-76.1399992601946,-1.870000000000001,-101.90903047714521,-83.95018913023517,-2.092432900432901,-3.343201032047318,20.809362227692176,-0.042043290043291215,0.11709578601103132,0.0890160947817833,0.03394805194805267,21.076208137707887,21.076250072112494,350.8729390556564,0.34723379623548234,-0.11429474720173213,999.55,-2.42,78.49,False
HAOS / PANGAEA,HAOS_Flight_03,HAOS_Flight_03_seg00,test,10.1594/PANGAEA.918819,CC BY 4.0,fixed-wing UAV,2020-02-27 17:53:13+00:00,980.0,65.03699,24.53674,24.38,384024.413982049,7214837.7165847,-105.8662079400383,-58.59094213973731,-2.400000000000002,-105.2260496835895,-62.93100947438296,-2.136164502164503,-3.2908373808413316,21.228997084012207,-0.04541991341991314,0.05236365120595465,0.41963485631999475,-0.0033766233766224785,21.48254937990697,21.48259739483744,351.188363439602,0.3095645001505055,-0.1211385772307229,999.62,-2.38,78.82,False
HAOS / PANGAEA,HAOS_Flight_03,HAOS_Flight_03_seg00,test,10.1594/PANGAEA.918819,CC BY 4.0,fixed-wing UAV,2020-02-27 17:53:14+00:00,981.0,65.03715,24.53666,24.16,384021.694976736,7214855.38878028,-108.58521325304173,-40.918746559880674,-2.620000000000001,-108.49070523882787,-41.49219496221076,-2.1832727272727275,-3.238473729635409,21.648631940332166,-0.04879653679653617,0.03927273840444556,0.3147261422399623,-0.002532467532467275,21.889517513766922,21.88957190279225,351.4920680559574,0.22567953166688845,-0.12772465086658513,999.65,-2.35,78.83,False
HAOS / PANGAEA,HAOS_Flight_03,HAOS_Flight_03_seg00,test,10.1594/PANGAEA.918819,CC BY 4.0,fixed-wing UAV,2020-02-27 17:53:15+00:00,982.0,65.03731,24.5366,24.91,384019.201797821,7214872.99238102,-111.07839216804132,-23.315145819447935,-1.870000000000001,-111.70299714286031,-19.63374559371863,-2.233757575757575,-3.2122919040324405,21.85844936849213,-0.05048484848484769,0.026181825602968445,0.2098174281599654,-0.0016883116883115168,22.09322584123121,22.093283522183228,351.6397225029358,0.14765444697838884,-0.13092536751883166,999.55,-2.41,79.03,False
