source_dataset,trajectory_id,segment_id,split,source_doi,license,vehicle_class,timestamp,elapsed_s,latitude_deg,longitude_deg,altitude_m,utm_easting_m,utm_northing_m,x_east_m,y_north_m,z_up_m,x_smooth_m,y_smooth_m,z_smooth_m,vx_mps,vy_mps,vz_mps,ax_mps2,ay_mps2,az_mps2,speed_horizontal_mps,speed_3d_mps,course_deg,turn_rate_dps,climb_angle_deg,pressure_hpa,temperature_c,relative_humidity_pct,is_interpolated
HAOS / PANGAEA,HAOS_Flight_02,HAOS_Flight_02_seg00,train,10.1594/PANGAEA.918817,CC BY 4.0,fixed-wing UAV,2020-02-27 16:17:23+00:00,0.0,65.0375,24.53755,25.69,384064.987234562,7214892.88494039,0.0,0.0,0.0,-0.20009372071853213,0.09380498173449088,-0.372545454545456,-12.372836821943617,-1.975626555294023,0.03790909090909156,0.020376377687481906,-0.0876525259078822,-0.035963203463203613,12.529572670623159,12.529630018783488,260.92790816110187,-0.4106988624458094,0.1733518248197521,999.08,-1.6,77.01,False
HAOS / PANGAEA,HAOS_Flight_02,HAOS_Flight_02_seg00,train,10.1594/PANGAEA.918817,CC BY 4.0,fixed-wing UAV,2020-02-27 16:17:24+00:00,1.0,65.03748,24.53729,24.33,384052.328608414,7214890.83198906,-12.658626148011535,-2.0529513293877244,-1.360000000000003,-12.57293054266215,-1.8818215735595323,-0.33463636363636445,-12.352460444256135,-2.0632790812019053,0.001945887445887945,0.030564566531224635,-0.13147878886182351,-0.05394480519480538,12.523593717213835,12.523593868387612,260.5172092986561,-0.6165841454190985,0.008902487550870445,999.26,-1.58,76.99,False
HAOS / PANGAEA,HAOS_Flight_02,HAOS_Flight_02_seg00,train,10.1594/PANGAEA.918817,CC BY 4.0,fixed-wing UAV,2020-02-27 16:17:25+00:00,2.0,65.03746,24.53702,25.92,384039.827980914,7214889.01421567,-25.159253648016602,-3.8707247199490666,0.23000000000000043,-24.9050146092308,-4.03275318066932,-0.3686536796536801,-12.311707688881167,-2.23858413301767,-0.0699805194805192,0.04075275537496825,-0.1753050518157624,-0.07192640692640702,12.513568840944382,12.513764517928283,259.6947398702637,-0.8230438418483186,-0.32041591544926756,999.05,-1.63,77.02,False
HAOS / PANGAEA,HAOS_Flight_02,HAOS_Flight_02_seg00,train,10.1594/PANGAEA.918817,CC BY 4.0,fixed-wing UAV,2020-02-27 16:17:26+00:00,3.0,65.03743,24.53677,25.69,384027.682624971,7214886.89171182,-37.30460959096672,-5.993228569626808,0.0,-37.196345920424484,-6.358989839594872,-0.47459740259740285,-12.270954933506198,-2.41388918483343,-0.1419069264069261,0.06522694714066901,-0.21509255110366543,-0.09624134199134199,12.506126337791247,12.506931420318821,258.87112161495946,-1.0261597897237023,-0.6501069013271715,999.08,-1.59,77.01,False
HAOS / PANGAEA,HAOS_Flight_02,HAOS_Flight_02_seg00,train,10.1594/PANGAEA.918817,CC BY 4.0,fixed-wing UAV,2020-02-27 16:17:27+00:00,4.0,65.0374,24.53651,24.78,384015.608775829,7214884.13541972,-49.37845873297192,-8.749520669691265,-0.9100000000000001,-49.4469244762432,-8.86053155033618,-0.6524675324675323,-12.18125379459983,-2.668769235225001,-0.2624632034632032,0.07246116536795189,-0.23585206845269346,-0.12902489177489201,12.47017534918159,12.472937110901679,257.6424202908163,-1.1283278279194326,-1.2057419763500905,999.2,-1.58,77.04,False
HAOS / PANGAEA,HAOS_Flight_02,HAOS_Flight_02_seg00,train,10.1594/PANGAEA.918817,CC BY 4.0,fixed-wing UAV,2020-02-27 16:17:28+00:00,5.0,65.03737,24.53626,24.4,384003.518705846,7214881.30350686,-61.46852871601004,-11.58143352996558,-1.2900000000000027,-61.55885350962414,-11.696528310044874,-0.9995238095238091,-12.126032602770294,-2.885593321738817,-0.3999567099567101,-0.009192175393584634,-0.11393141790053352,0.03434848484848449,12.464642614287493,12.471057728667251,256.6144659591206,-0.49958108131260215,-1.837836218741774,999.25,-1.57,77.04,False
HAOS / PANGAEA,HAOS_Flight_02,HAOS_Flight_02_seg00,train,10.1594/PANGAEA.918817,CC BY 4.0,fixed-wing UAV,2020-02-27 16:17:29+00:00,6.0,65.03734,24.536,24.55,383991.279157918,7214878.09373538,-73.70807664399035,-14.791205009445548,-1.1400000000000006,-73.69898968178379,-14.631718193813814,-1.4523809523809526,-12.199638145386999,-2.896632071026068,-0.1937662337662342,-0.08249382331155175,0.0635720985292485,0.2727056277056277,12.538805694055487,12.54030277093126,256.64325812819106,0.3681741075559103,-0.8853398056267537,999.23,-1.63,77.06,False
HAOS / PANGAEA,HAOS_Flight_02,HAOS_Flight_02_seg00,train,10.1594/PANGAEA.918817,CC BY 4.0,fixed-wing UAV,2020-02-27 16:17:30+00:00,7.0,65.03731,24.53574,24.33,383979.024941997,7214875.10679632,-85.96229256497463,-17.778144069947302,-1.360000000000003,-85.95812980039814,-17.48979245209701,-1.3870562770562775,-12.291020249393398,-2.75844912468032,0.14545454545454517,-0.050235905862489716,0.15978126447381635,0.1889393939393941,12.596754357549733,12.597594110354626,257.35081417423237,0.76176326067572,0.661564158743977,999.26,-1.57,77.05,False
HAOS / PANGAEA,HAOS_Flight_02,HAOS_Flight_02_seg00,train,10.1594/PANGAEA.918817,CC BY 4.0,fixed-wing UAV,2020-02-27 16:17:31+00:00,8.0,65.03728,24.53549,23.49,383966.827342982,7214872.69821278,-98.15989157999866,-20.186727609485388,-2.200000000000003,-98.28103018057058,-20.148616443174454,-1.1614718614718622,-12.300109957111978,-2.5770695420784353,0.184112554112554,0.03533385555411428,0.1603238777634468,-0.012857142857142734,12.567179173615438,12.56852775047004,258.16678464954254,0.6837594116585176,0.839338530521176,999.37,-1.56,77.06,False
HAOS / PANGAEA,HAOS_Flight_02,HAOS_Flight_02_seg00,train,10.1594/PANGAEA.918817,CC BY 4.0,fixed-wing UAV,2020-02-27 16:17:32+00:00,9.0,65.03726,24.53523,25.31,383954.450710179,7214870.34295882,-110.53652438300196,-22.541981569491327,-0.38000000000000256,-110.5583497146221,-22.64393153625388,-1.0188311688311695,-12.22035253828517,-2.4378013691534264,0.1197402597402597,0.09521432217250592,0.0968301947575343,-0.06277056277056264,12.461135248259652,12.46171053287717,258.71833299754945,0.3493329293871441,0.5505437697547534,999.13,-1.6,77.04,False
HAOS / PANGAEA,HAOS_Flight_02,HAOS_Flight_02_seg00,train,10.1594/PANGAEA.918817,CC BY 4.0,fixed-wing UAV,2020-02-27 16:17:33+00:00,10.0,65.03723,24.53497,25.39,383942.082402852,7214867.89004568,-122.9048317099805,-24.994894709438086,-0.3000000000000007,-122.72173525714092,-25.024219181481307,-0.9219913419913428,-12.109681312766966,-2.3834091525633667,0.05857142857142872,0.10949399649462777,-0.0073843130366118,-0.03577922077922063,12.342002296438787,12.342141276842735,258.8654505083168,-0.13406605094321222,0.27190648514602656,999.12,-1.56,77.08,False
HAOS / PANGAEA,HAOS_Flight_02,HAOS_Flight_02_seg00,train,10.1594/PANGAEA.918817,CC BY 4.0,fixed-wing UAV,2020-02-27 16:17:34+00:00,11.0,65.03721,24.53471,24.63,383930.078477553,7214865.50617804,-134.9087570090196,-27.37876234948635,-1.0600000000000023,-134.77771234015603,-27.410749841380614,-0.9016883116883121,-12.001364545295914,-2.45256999522665,0.04818181818181844,0.1028691206403991,-0.07715622988001414,-0.0978896103896103,12.249402047878576,12.249496806733537,258.450200895663,-0.44990107315424654,0.225366151207985,999.22,-1.55,77.12,False
HAOS / PANGAEA,HAOS_Flight_02,HAOS_Flight_02_seg00,train,10.1594/PANGAEA.918817,CC BY 4.0,fixed-wing UAV,2020-02-27 16:17:35+00:00,12.0,65.03718,24.53447,24.48,383918.33535174,7214863.01189218,-146.65188282198505,-29.87304820958525,-1.2100000000000009,-146.72446434773275,-29.929359171934607,-0.8256277056277059,-11.903943071486168,-2.537721612323395,-0.1372077922077919,0.05953750352785647,-0.051741082359354706,-0.0641666666666667,12.17143753345663,12.172210875969876,257.9656483620083,-0.29517430312961657,-0.6458640900993644,999.24,-1.58,77.18,False
HAOS / PANGAEA,HAOS_Flight_02,HAOS_Flight_02_seg00,train,10.1594/PANGAEA.918817,CC BY 4.0,fixed-wing UAV,2020-02-27 16:17:36+00:00,13.0,65.03715,24.53422,24.63,383906.49473575,7214860.39707733,-158.49249881197466,-32.48786305915564,-1.0600000000000023,-158.58559848312836,-32.486193066027404,-1.1761038961038959,-11.882289538240201,-2.5560521599453594,-0.08015151515151497,0.2341908042885379,0.06651864898818438,0.17475108225108207,12.154102489074784,12.15436677002611,257.85985228940376,0.07956941866946134,-0.37783760452482384,999.22,-1.56,77.2,False
HAOS / PANGAEA,HAOS_Flight_02,HAOS_Flight_02_seg00,train,10.1594/PANGAEA.918817,CC BY 4.0,fixed-wing UAV,2020-02-27 16:17:37+00:00,14.0,65.03713,24.53397,24.48,383894.565039653,7214857.87235086,-170.42219490901334,-35.012589529156685,-1.2100000000000009,-170.48904342421315,-35.041463491825326,-0.9859307359307359,-11.435561462909092,-2.4046843143470262,0.21229437229437226,-0.06902625455334999,0.01754935474026098,0.14626623376623363,11.685656704851386,11.687584931205677,258.1247871993472,0.14775931630110947,1.0407830686081396,999.24,-1.55,77.15,False
HAOS / PANGAEA,HAOS_Flight_02,HAOS_Flight_02_seg00,train,10.1594/PANGAEA.918817,CC BY 4.0,fixed-wing UAV,2020-02-27 16:17:38+00:00,15.0,65.0371,24.53372,25.16,383882.649107454,7214855.1732243,-182.33812710799975,-37.71171608939767,-0.5300000000000011,-181.45672140894655,-37.29556169472146,-0.7515151515151514,-12.020342047346901,-2.5209534504648374,0.21238095238095228,-0.98649808802368,-0.2479123562439316,-0.03480519480519477,12.281849585246778,12.28368572145839,258.155370922006,-0.16540674096798944,0.9906748544675867,999.15,-1.6,77.12,False
HAOS / PANGAEA,HAOS_Flight_02,HAOS_Flight_02_seg00,train,10.1594/PANGAEA.918817,CC BY 4.0,fixed-wing UAV,2020-02-27 16:17:39+00:00,16.0,65.03707,24.53346,24.71,383870.633945403,7214852.81122513,-194.35328915901482,-40.073715259321034,-0.9800000000000004,-194.52972751890695,-40.083370392755,-0.5611688311688313,-13.408557638956452,-2.9005090268348894,0.14268398268398272,-0.6162915703966263,-0.2119969799318362,-0.07822510822510818,13.718686911361747,13.71942889813139,257.79397371741123,-0.34178635257908413,0.5958948769065071,999.21,-1.54,77.13,False
HAOS / PANGAEA,HAOS_Flight_02,HAOS_Flight_02_seg00,train,10.1594/PANGAEA.918817,CC BY 4.0,fixed-wing UAV,2020-02-27 16:17:40+00:00,17.0,65.03705,24.53321,26.0,383858.665351778,7214850.38944773,-206.32188278401736,-42.49549265950918,0.3099999999999987,-208.27383668685945,-43.096579748391235,-0.4661471861471859,-13.252925188140154,-2.94494741032851,0.055930735930735914,0.550853379823117,0.04416189790457281,-0.15948051948051956,13.576182868982,13.576298079346302,257.47179821684784,-0.3326973590660313,0.2360440349846625,999.04,-1.59,77.75,False
HAOS / PANGAEA,HAOS_Flight_02,HAOS_Flight_02_seg00,train,10.1594/PANGAEA.918817,CC BY 4.0,fixed-wing UAV,2020-02-27 16:17:41+00:00,18.0,65.03702,24.53297,24.78,383847.262307573,7214847.97005724,-217.7249269890017,-44.914883149787784,-0.9100000000000001,-221.03557789518726,-45.97326521341202,-0.4493073593073595,-12.306850879310218,-2.812185231025744,-0.1762770562770564,0.9104229561089738,0.12116743468082447,-0.20398268398268382,12.624062909348085,12.625293578358791,257.12857899927917,-0.3863346438811677,-0.8000019538805433,999.2,-1.53,77.08,False
HAOS / PANGAEA,HAOS_Flight_02,HAOS_Flight_02_seg00,train,10.1594/PANGAEA.918817,CC BY 4.0,fixed-wing UAV,2020-02-27 16:17:42+00:00,19.0,65.03696,24.53251,25.09,383825.212219515,7214842.37042329,-239.77501504699467,-50.51451709959656,-0.6000000000000014,-232.8875384454799,-48.72095021044272,-0.8187012987012987,-11.432079275922206,-2.702612540966861,-0.3520346320346317,0.8210607071916485,0.1092037598086435,-0.04332251082251058,11.747193329368567,11.752466953780942,256.6991289290855,-0.3990663766222499,-1.7165005628797811,999.16,-1.53,77.05,False
HAOS / PANGAEA,HAOS_Flight_02,HAOS_Flight_02_seg00,train,10.1594/PANGAEA.918817,CC BY 4.0,fixed-wing UAV,2020-02-27 16:17:43+00:00,20.0,65.03694999999999,24.53239,24.71,383819.65814187296,7214841.06824247,-245.32909268903313,-51.81669791974127,-0.9800000000000004,-243.89973644703167,-51.37849029534574,-1.153376623376623,-10.664729464926921,-2.593777711408457,-0.26292207792207756,0.7023961989203968,0.12526197303026443,0.1839826839826838,10.975615580744424,10.9787642927307,256.3304462460347,-0.22032443612531188,-1.3722642475852518,999.21,-1.525,77.035,True
HAOS / PANGAEA,HAOS_Flight_02,HAOS_Flight_02_seg00,train,10.1594/PANGAEA.918817,CC BY 4.0,fixed-wing UAV,2020-02-27 16:17:44+00:00,21.0,65.03694,24.53227,24.33,383814.104064231,7214839.76606165,-250.8831703310134,-53.118878739885986,-1.360000000000003,-254.21699737533373,-53.90850563325964,-1.3445454545454538,-10.027286878081412,-2.452088594906332,0.015930735930735906,0.6053834927344184,0.16543552257801686,0.19037878787878765,10.32275256957239,10.322764862233406,256.25848005683486,0.10423105321908266,0.08842246315459681,999.26,-1.52,77.02,False
HAOS / PANGAEA,HAOS_Flight_02,HAOS_Flight_02_seg00,train,10.1594/PANGAEA.918817,CC BY 4.0,fixed-wing UAV,2020-02-27 16:17:45+00:00,22.0,65.03691,24.53203,23.64,383802.623918154,7214837.03806277,-262.36331640800927,-55.84687761962414,-2.0500000000000007,-263.9543102031945,-56.282667485158406,-1.1215151515151511,-9.453962479458085,-2.262906666252423,0.11783549783549774,-0.20435522768266878,0.010907938228150726,0.005119047619047523,9.721016055082458,9.721730213687326,256.53890835247284,0.3162288607225236,0.6944897544450441,999.35,-1.54,77.05,False
HAOS / PANGAEA,HAOS_Flight_02,HAOS_Flight_02_seg00,train,10.1594/PANGAEA.918817,CC BY 4.0,fixed-wing UAV,2020-02-27 16:17:46+00:00,23.0,65.03688,24.53179,24.71,383791.151498865,7214834.35041015,-273.8357356970082,-58.53453023917973,-0.9800000000000004,-273.1249223342499,-58.43431896576448,-1.1088744588744583,-10.43599733344675,-2.4302727184500306,0.026168831168830953,-1.2319173729716368,-0.2135368236773978,0.04387445887445865,10.715235220458307,10.715267175272622,256.8909377782799,0.37096440545621767,0.13992792215967184,999.21,-1.55,77.08,False
HAOS / PANGAEA,HAOS_Flight_02,HAOS_Flight_02_seg00,train,10.1594/PANGAEA.918817,CC BY 4.0,fixed-wing UAV,2020-02-27 16:17:47+00:00,24.0,65.03685,24.53155,25.62,383779.589689863,7214831.57359446,-285.39754469902255,-61.31134592927992,-0.07000000000000028,-284.826304870088,-61.14321292205847,-1.0691774891774892,-11.917797225401358,-2.6899803136072187,0.20558441558441504,-0.7357481559155161,-0.0731003530055343,0.10593073593073576,12.217605526181416,12.219335077871866,257.2808371633853,0.44997538855773006,0.9640193227024891,999.09,-1.56,77.07,False
HAOS / PANGAEA,HAOS_Flight_02,HAOS_Flight_02_seg00,train,10.1594/PANGAEA.918817,CC BY 4.0,fixed-wing UAV,2020-02-27 16:17:48+00:00,25.0,65.03682,24.53131,24.97,383768.07556355,7214828.94890082,-296.9116710119997,-63.93603956978768,-0.7200000000000024,-296.9605167850526,-63.81427959297892,-0.6977056277056283,-11.907493645277782,-2.576473424461099,0.23803030303030248,0.10055159161021265,0.1116953926660873,-0.10062770562770545,12.18304642604981,12.18537150211046,257.7908885553954,0.4154464947831746,1.1192928544582963,999.17,-1.55,77.07,False
HAOS / PANGAEA,HAOS_Flight_02,HAOS_Flight_02_seg00,train,10.1594/PANGAEA.918817,CC BY 4.0,fixed-wing UAV,2020-02-27 16:17:49+00:00,26.0,65.0368,24.53106,24.33,383756.390094903,7214826.50195788,-308.59713965898845,-66.3829825092107,-1.360000000000003,-308.64129216064356,-66.29615977098067,-0.5931168831168843,-11.716694042180933,-2.466589528275044,0.004329004329004127,0.07041981801600627,0.07484581217560304,-0.13748917748917705,11.973511731278935,11.973512513851261,258.1117301529516,0.2778469851518157,0.02071519803922043,999.26,-1.53,77.08,False
HAOS / PANGAEA,HAOS_Flight_02,HAOS_Flight_02_seg00,train,10.1594/PANGAEA.918817,CC BY 4.0,fixed-wing UAV,2020-02-27 16:17:50+00:00,27.0,65.03677,24.53081,24.86,383744.643015707,7214824.27131393,-320.34421885496704,-68.61362645961344,-0.8300000000000018,-320.3939048694145,-68.74745864952901,-0.68904761904762,-11.76665400924577,-2.426781800109893,-0.03694805194805162,-0.03617019221800888,0.043028039032257936,0.0713852813852817,12.014300498932268,12.01435731269829,258.346582525699,0.2360859397182649,-0.1762034139390509,999.19,-1.52,77.08,False
HAOS / PANGAEA,HAOS_Flight_02,HAOS_Flight_02_seg00,train,10.1594/PANGAEA.918817,CC BY 4.0,fixed-wing UAV,2020-02-27 16:17:51+00:00,28.0,65.03675,24.53056,26.07,383732.764902977,7214821.94365677,-332.2223315850133,-70.94128361996263,0.379999999999999,-332.1746001791351,-71.14972337120045,-0.6670129870129875,-11.78903442661695,-2.380533450210528,0.14709956709956754,-0.006357143439984725,0.0579321731972513,0.2008658008658007,12.026981010192495,12.02788054904819,258.58390203238815,0.27694931149363267,0.7007381261734694,999.03,-1.56,77.04,False
HAOS / PANGAEA,HAOS_Flight_02,HAOS_Flight_02_seg00,train,10.1594/PANGAEA.918817,CC BY 4.0,fixed-wing UAV,2020-02-27 16:17:52+00:00,29.0,65.03672,24.53031,24.55,383720.973287411,7214819.3164928,-344.01394715101924,-73.56844758987427,-1.1400000000000006,-343.9719737226484,-73.50852554995006,-0.39484848484848495,-11.779368296125739,-2.3109174537153905,0.36478354978354977,0.033271910712912245,0.1027421530545709,0.04995670995670963,12.00391006854261,12.009451443419525,258.90048114868625,0.4523458464458088,1.7406101486186587,999.23,-1.51,77.09,False
HAOS / PANGAEA,HAOS_Flight_02,HAOS_Flight_02_seg00,train,10.1594/PANGAEA.918817,CC BY 4.0,fixed-wing UAV,2020-02-27 16:17:53+00:00,30.0,65.03669,24.53007,25.62,383709.256191992,7214816.96232903,-355.73104256996885,-75.92261135950685,-0.07000000000000028,-355.7333367713866,-75.77155827863123,0.06255411255411206,-11.722490605191126,-2.1750491441013864,0.2470129870129868,0.07532152378247758,0.15624855476677624,-0.1781709956709957,11.922567876428735,11.925126422130855,259.48859372527977,0.6741853906504507,1.1868900497737962,999.09,-1.51,77.12,False
HAOS / PANGAEA,HAOS_Flight_02,HAOS_Flight_02_seg00,train,10.1594/PANGAEA.918817,CC BY 4.0,fixed-wing UAV,2020-02-27 16:17:54+00:00,31.0,65.03667,24.52982,25.85,383697.610224311,7214814.89557609,-367.37701025098795,-77.98936429992318,0.16000000000000014,-367.41695493303064,-77.85862383815284,0.09917748917748866,-11.628725248560784,-1.998420344181838,0.008441558441558347,0.09607478512207024,0.14688446263791377,-0.06384199134199142,11.799192123978443,11.799195143672463,260.24885192998715,0.6223655140979887,0.04099141565043207,999.06,-1.55,77.09,False
HAOS / PANGAEA,HAOS_Flight_02,HAOS_Flight_02_seg00,train,10.1594/PANGAEA.918817,CC BY 4.0,fixed-wing UAV,2020-02-27 16:17:55+00:00,32.0,65.03665,24.52958,26.07,383685.957801591,7214813.02221734,-379.02943297097227,-79.86272304970771,0.379999999999999,-378.99078726850814,-79.76839896699491,0.07943722943722875,-11.530341034946986,-1.8812802188255588,0.11932900432900395,0.07876988927786499,0.030844959715636833,-0.013538961038961128,11.682807010471699,11.683416411957628,260.73332475347576,0.08401237998397862,0.5852027314063163,999.03,-1.55,77.19,False
HAOS / PANGAEA,HAOS_Flight_02,HAOS_Flight_02_seg00,train,10.1594/PANGAEA.918817,CC BY 4.0,fixed-wing UAV,2020-02-27 16:17:56+00:00,33.0,65.03663,24.52933,26.45,383674.437995655,7214811.31260605,-390.54923890699865,-81.5723343398422,0.759999999999998,-390.4776370029246,-81.62118427580396,0.33783549783549655,-11.471185470005054,-1.9367304247505643,-0.01863636363636391,0.05177296688297872,-0.11230017891803001,-0.17248917748917733,11.633530024262178,11.633544951538166,260.41687668995513,-0.5876905724829625,-0.09178504428212307,998.98,-1.52,77.21,False
HAOS / PANGAEA,HAOS_Flight_02,HAOS_Flight_02_seg00,train,10.1594/PANGAEA.918817,CC BY 4.0,fixed-wing UAV,2020-02-27 16:17:57+00:00,34.0,65.03661,24.5291,25.01,383663.100105483,7214809.54003427,-401.8871290789684,-83.34490611962974,-0.6799999999999997,-401.93315820851825,-83.64185981649604,0.04216450216450093,-11.426795101181028,-2.105880576661619,-0.2256493506493507,0.07939088130181915,-0.13983448853139535,-0.036471861471861274,11.61922455620578,11.621415443782391,259.55794360850985,-0.7511077200317847,-1.1125639570914343,999.17,-1.51,77.14,False
HAOS / PANGAEA,HAOS_Flight_02,HAOS_Flight_02_seg00,train,10.1594/PANGAEA.918817,CC BY 4.0,fixed-wing UAV,2020-02-27 16:17:58+00:00,35.0,65.03659,24.52886,25.77,383651.784339129,7214807.26353843,-413.2028954330017,-85.62140195909888,0.0799999999999983,-413.33122720528667,-85.8329454291272,-0.1134632034632049,-11.312403707401415,-2.216399401813355,-0.09158008658008646,0.1395928743978203,-0.077796669653722,0.10884199134199149,11.527484719035106,11.527848492231579,258.91466124989154,-0.5128487245794725,-0.45517666595149864,999.07,-1.56,77.11,False
HAOS / PANGAEA,HAOS_Flight_02,HAOS_Flight_02_seg00,train,10.1594/PANGAEA.918817,CC BY 4.0,fixed-wing UAV,2020-02-27 16:17:59+00:00,36.0,65.03656,24.52862,25.77,383640.446393229,7214804.69178113,-424.540841332986,-88.19315925985575,0.0799999999999983,-424.5579656233211,-88.07465862012275,-0.14099567099567198,-11.147609352385388,-2.261473915969063,-0.007965367965367731,0.14561032262136564,-0.020340797724202275,0.0820454545454544,11.374684986670998,11.374687775630829,258.5322461593509,-0.244252085881876,-0.04012259615267302,999.07,-1.53,77.06,False
HAOS / PANGAEA,HAOS_Flight_02,HAOS_Flight_02_seg00,train,10.1594/PANGAEA.918817,CC BY 4.0,fixed-wing UAV,2020-02-27 16:18:00+00:00,37.0,65.03653,24.52838,24.93,383629.096991482,7214802.17115911,-435.890243079979,-90.71378127951175,-0.7600000000000016,-435.62644591005744,-90.35589326106532,-0.12939393939394037,-11.021183062158684,-2.2570809972617596,0.07251082251082233,0.10433268790082195,0.03409946280999776,0.008311688311688215,11.249928476119909,11.25016215604001,258.4261570781278,0.06509688141846164,0.36929182056835247,999.18,-1.5,77.1,False
HAOS / PANGAEA,HAOS_Flight_02,HAOS_Flight_02_seg00,train,10.1594/PANGAEA.918817,CC BY 4.0,fixed-wing UAV,2020-02-27 16:18:01+00:00,38.0,65.03651,24.52815,26.0,383618.224059592,7214800.20921595,-446.763174969994,-92.67572443932295,0.3099999999999987,-446.60033174763845,-92.58882061464627,0.004025974025972684,-10.938943976583744,-2.1932749903490674,0.008658008658008698,0.0592927121195288,0.06730437375508203,-0.08608225108225087,11.156654987321625,11.15665834680091,258.66243992218784,0.2787640823745659,0.04446379816099729,999.04,-1.54,77.05,False
HAOS / PANGAEA,HAOS_Flight_02,HAOS_Flight_02_seg00,train,10.1594/PANGAEA.918817,CC BY 4.0,fixed-wing UAV,2020-02-27 16:18:02+00:00,39.0,65.03649,24.52793,25.92,383607.659289716,7214798.39789393,-457.3279448460089,-94.48704645968974,0.23000000000000043,-457.50433386322493,-94.74244324176345,-0.11207792207792297,-10.902597637919627,-2.1224722497515955,-0.09965367965367943,0.26131713354851627,0.047313264835207036,-0.09030303030303033,11.10727345955506,11.107720493476812,258.98368524287696,-0.02686443682222966,-0.5140399291128243,999.05,-1.49,76.93,False
HAOS / PANGAEA,HAOS_Flight_02,HAOS_Flight_02_seg00,train,10.1594/PANGAEA.918817,CC BY 4.0,fixed-wing UAV,2020-02-27 16:18:03+00:00,40.0,65.03647,24.5277,25.31,383596.698025161,7214796.08642187,-468.28920940100215,-96.79851851984859,-0.38000000000000256,-468.4055270234777,-96.83376511414946,-0.19528138528138617,-10.416309709486711,-2.0986484606786533,-0.17194805194805196,-0.19981767677448659,-0.11651643897704744,-0.18271645021645028,10.625621550076778,10.627012725033538,258.60871104854334,-0.3781084285938665,-0.9271022677096121,999.13,-1.48,76.81,False
HAOS / PANGAEA,HAOS_Flight_02,HAOS_Flight_02_seg00,train,10.1594/PANGAEA.918817,CC BY 4.0,fixed-wing UAV,2020-02-27 16:18:04+00:00,41.0,65.03644,24.52746,25.09,383585.469629352,7214793.8354221,-479.51760521001415,-99.04951828997582,-0.6000000000000014,-478.33695328219835,-98.93974016312076,-0.45597402597402686,-11.3022329914686,-2.3555051277056904,-0.46508658008658,-1.4525101996751744,-0.27609293035521887,-0.20235930735930724,11.545080120990459,11.554444189447873,258.2274683856892,0.06845788967012556,-2.3068785212581098,999.16,-1.49,76.81,False
HAOS / PANGAEA,HAOS_Flight_02,HAOS_Flight_02_seg00,train,10.1594/PANGAEA.918817,CC BY 4.0,fixed-wing UAV,2020-02-27 16:18:05+00:00,42.0,65.03642,24.52722,24.93,383574.179514824,7214791.43159914,-490.8077197379898,-101.45334124937654,-0.7600000000000016,-491.0099930064149,-101.54477536956084,-1.1254545454545462,-13.32133010883706,-2.650834321389091,-0.5766666666666664,-1.1998695262346075,-0.07816869534806514,0.09912337662337672,13.582516647074765,13.594752771290384,258.7456268278836,0.6922125128747996,-2.431120533632417,999.18,-1.52,76.83,False
HAOS / PANGAEA,HAOS_Flight_02,HAOS_Flight_02_seg00,train,10.1594/PANGAEA.918817,CC BY 4.0,fixed-wing UAV,2020-02-27 16:18:06+00:00,43.0,65.03639,24.52698,24.33,383562.596686288,7214789.14157271,-502.3905482739792,-103.74336767941713,-1.360000000000003,-504.97961349987247,-104.24140880589894,-1.6093073593073597,-13.701972043937815,-2.5118425184018207,-0.26683982683982654,0.09124143842794297,0.2321779040309231,0.30867965367965355,13.930304760848006,13.93286023124084,259.6118934114388,0.9030888945806886,-1.097386352912365,999.26,-1.52,76.87,False
HAOS / PANGAEA,HAOS_Flight_02,HAOS_Flight_02_seg00,train,10.1594/PANGAEA.918817,CC BY 4.0,fixed-wing UAV,2020-02-27 16:18:07+00:00,44.0,65.03637,24.52673,23.49,383550.564157427,7214786.46281417,-514.4230771349976,-106.42212621960789,-2.200000000000003,-518.4139370942905,-106.56846040636448,-1.6591341991341992,-13.138847231981174,-2.186478513327245,0.04069264069264067,0.5899529771909897,0.30582438847977755,0.20014069264069262,13.319534333999108,13.319596494097995,260.551804617045,0.8797191170620244,0.17504435640296587,999.37,-1.47,76.91,False
HAOS / PANGAEA,HAOS_Flight_02,HAOS_Flight_02_seg00,train,10.1594/PANGAEA.918817,CC BY 4.0,fixed-wing UAV,2020-02-27 16:18:08+00:00,45.0,65.03633,24.52621,23.49,383525.993409363,7214782.98928883,-538.9938251989661,-109.89565155934542,-2.200000000000003,-531.2573079638348,-108.61436583255343,-1.5279220779220783,-12.522066089555835,-1.9001937414422656,0.1334415584415587,0.6651990190865149,0.2741126505531142,0.05198051948051979,12.66542045911704,12.666123402830868,261.37133164556286,0.7748225161401451,0.6036400648699772,999.37,-1.47,77.12,False
HAOS / PANGAEA,HAOS_Flight_02,HAOS_Flight_02_seg00,train,10.1594/PANGAEA.918817,CC BY 4.0,fixed-wing UAV,2020-02-27 16:18:09+00:00,46.0,65.03632,24.52608,24.48,383519.766060783,7214782.3852942195,-545.2211737789912,-110.4996461700648,-1.2100000000000009,-543.4580692734022,-110.36884788924901,-1.3922510822510819,-11.808449193808144,-1.6382532122210165,0.14465367965368026,0.7738380475083773,0.24461122961448822,0.01474025974025961,11.921549645499141,11.92242721249067,262.1014496493253,0.6511866162057202,0.6951813204250816,999.24,-1.495,77.21000000000001,True
HAOS / PANGAEA,HAOS_Flight_02,HAOS_Flight_02_seg00,train,10.1594/PANGAEA.918817,CC BY 4.0,fixed-wing UAV,2020-02-27 16:18:10+00:00,47.0,65.03631,24.52595,25.47,383513.538712203,7214781.78129961,-551.4485223590164,-111.10364077985287,-0.22000000000000242,-554.8742063514511,-111.89087225699546,-1.2386147186147178,-10.97438999453908,-1.4109712822132892,0.1629220779220779,0.8517578179337875,0.1514924088688474,0.03940476190476139,11.064722125361762,11.06592153030847,262.6737048779743,0.185541171634578,0.8435885524219623,999.11,-1.52,77.3,False
HAOS / PANGAEA,HAOS_Flight_02,HAOS_Flight_02_seg00,train,10.1594/PANGAEA.918817,CC BY 4.0,fixed-wing UAV,2020-02-27 16:18:11+00:00,48.0,65.03629,24.52569,24.78,383501.335925732,7214779.85446518,-563.6513088300126,-113.03047520946711,-0.9100000000000001,-565.4068492624804,-113.19079045367559,-1.066406926406926,-10.10493355794057,-1.3352683944833217,0.22346320346320303,-0.017533220760498125,-0.09456779147918226,-0.009577922077922268,10.192773120976426,10.19522239575977,262.47253199259444,-0.47156610572301677,1.2559337432677304,999.2,-1.47,77.27,False
HAOS / PANGAEA,HAOS_Flight_02,HAOS_Flight_02_seg00,train,10.1594/PANGAEA.918817,CC BY 4.0,fixed-wing UAV,2020-02-27 16:18:12+00:00,49.0,65.03627,24.52543,24.1,383489.117351625,7214778.14839182,-575.8698829369969,-114.73654856998473,-1.5899999999999999,-575.0840734673322,-114.56140904596211,-0.7916883116883118,-11.009456436060077,-1.6001068651716537,0.14376623376623338,-1.2051585714333726,-0.26225978252780635,-0.12106060606060604,11.125127999150127,11.126056881368415,261.73057266652825,-0.4624648847766189,0.7403726010078735,999.29,-1.44,76.99,False
HAOS / PANGAEA,HAOS_Flight_02,HAOS_Flight_02_seg00,train,10.1594/PANGAEA.918817,CC BY 4.0,fixed-wing UAV,2020-02-27 16:18:13+00:00,50.0,65.03625,24.52518,24.4,383477.048806275,7214776.45221825,-587.9384282869869,-116.43272213917226,-1.2900000000000027,-587.4257621346005,-116.3910041840189,-0.7788744588744593,-12.515250700807314,-1.8597879595389344,-0.01865800865800904,-0.7008227591599052,-0.12501453322224876,-0.06897186147186143,12.652680006959157,12.65269376377185,261.5476022230412,-0.10463859067135635,-0.08448995586385794,999.25,-1.48,77.5,False
HAOS / PANGAEA,HAOS_Flight_02,HAOS_Flight_02_seg00,train,10.1594/PANGAEA.918817,CC BY 4.0,fixed-wing UAV,2020-02-27 16:18:14+00:00,51.0,65.03623,24.52492,25.24,383464.931073022,7214774.74385325,-600.0561615399783,-118.14108713995665,-0.45000000000000284,-600.1145748689469,-118.28098496503998,-0.8290043290043299,-12.411101954379888,-1.8501359316161512,0.005822510822510507,0.1744060299783996,0.009818619529383454,0.07388528138528147,12.548245083973672,12.548246434825133,261.52129548518553,-0.07414611682948584,0.02658581101375279,999.14,-1.52,77.47,False
HAOS / PANGAEA,HAOS_Flight_02,HAOS_Flight_02_seg00,train,10.1594/PANGAEA.918817,CC BY 4.0,fixed-wing UAV,2020-02-27 16:18:15+00:00,52.0,65.03621,24.52466,26.0,383452.669205876,7214772.6417155,-612.3180286859861,-120.24322488997132,0.3099999999999987,-612.2479660433603,-120.0912760472512,-0.7672294372294383,-12.166438640850515,-1.8401507204801675,0.1291125541125539,0.08867511675941842,-0.0038358469763863923,0.08081168831168845,12.3048114116253,12.305488772385015,261.39930998938223,-0.07810613231134145,0.6011740213955539,999.04,-1.53,77.32,False
HAOS / PANGAEA,HAOS_Flight_02,HAOS_Flight_02_seg00,train,10.1594/PANGAEA.918817,CC BY 4.0,fixed-wing UAV,2020-02-27 16:18:16+00:00,53.0,65.03619,24.52441,24.63,383440.553467703,7214770.98401497,-624.4337668590015,-121.90092541929334,-1.0600000000000023,-624.4474521506479,-121.96128640600031,-0.570779220779222,-12.23375172086105,-1.857807625568924,0.1674458874458874,-0.04202799893670317,0.02406648411798784,-0.016547619047618867,12.374010277242085,12.375143169536072,261.36508322056284,0.1392084835752126,0.7752827816575587,999.22,-1.46,77.01,False
HAOS / PANGAEA,HAOS_Flight_02,HAOS_Flight_02_seg00,train,10.1594/PANGAEA.918817,CC BY 4.0,fixed-wing UAV,2020-02-27 16:18:17+00:00,54.0,65.03617,24.52415,24.63,383428.390368828,7214769.17795805,-636.596865733969,-123.70698233973235,-1.0600000000000023,-636.7154694850824,-123.80689129838905,-0.43233766233766346,-12.250494638723922,-1.7920177522441918,0.09601731601731617,0.0444785873050364,0.10246957763848741,-0.020887445887445816,12.380870184189876,12.381242499956821,261.67772695653264,0.44237855281593574,0.44433683555042247,999.22,-1.48,77.06,False
HAOS / PANGAEA,HAOS_Flight_02,HAOS_Flight_02_seg00,train,10.1594/PANGAEA.918817,CC BY 4.0,fixed-wing UAV,2020-02-27 16:18:18+00:00,55.0,65.03615,24.52389,25.01,383416.149461749,7214767.26935997,-648.8377728129853,-125.61558041907847,-0.6799999999999997,-648.9484414280957,-125.5453219104887,-0.3787445887445897,-12.144794546250978,-1.6528684702919492,0.12567099567099577,0.11678615141096316,0.14686681413760283,0.08397186147186142,12.25675359753686,12.257397845786262,262.2498403261947,0.6076215467408056,0.5874447336704538,999.17,-1.45,77.04,False
HAOS / PANGAEA,HAOS_Flight_02,HAOS_Flight_02_seg00,train,10.1594/PANGAEA.918817,CC BY 4.0,fixed-wing UAV,2020-02-27 16:18:19+00:00,56.0,65.03613,24.52363,26.15,383403.746956853,7214765.63386987,-661.2402777089737,-127.25107051990926,0.4599999999999973,-661.0050585775844,-127.11262823897295,-0.18099567099567193,-12.016922335901995,-1.4982841239689861,0.263961038961039,0.09854615085009755,0.14362711100475423,-0.0150108225108226,12.109966050457688,12.112842489412929,262.89297005001424,0.6147941973656945,1.248678893502339,999.02,-1.47,77.25,False
HAOS / PANGAEA,HAOS_Flight_02,HAOS_Flight_02_seg00,train,10.1594/PANGAEA.918817,CC BY 4.0,fixed-wing UAV,2020-02-27 16:18:20+00:00,57.0,65.03611,24.52338,26.0,383391.761859391,7214764.26473837,-673.2253751709941,-128.62020201981068,0.3099999999999987,-672.9822860998997,-128.54189015842667,0.14917748917748827,-11.947702244550783,-1.3656142482824407,0.09564935064935057,0.04878536104186537,0.09704451386422619,-0.25853896103896107,12.025493386949071,12.025873772738324,263.47942872092614,0.4313322416962009,0.455714236775594,999.04,-1.49,77.3,False
HAOS / PANGAEA,HAOS_Flight_02,HAOS_Flight_02_seg00,train,10.1594/PANGAEA.918817,CC BY 4.0,fixed-wing UAV,2020-02-27 16:18:21+00:00,58.0,65.0361,24.52313,25.62,383380.100889854,7214763.0249505,-684.8863447079784,-129.8599898898974,-0.07000000000000028,-684.9004630666859,-129.84385673553783,0.010303030303029204,-11.919351613818264,-1.3041950962405338,-0.25311688311688313,-0.0014563734052330801,-0.0035278672378566966,-0.2262012987012984,11.990490721521365,11.993162047575641,263.7556345334067,-0.01590700992002051,-1.209322938897881,999.09,-1.46,77.34,False
HAOS / PANGAEA,HAOS_Flight_02,HAOS_Flight_02_seg00,train,10.1594/PANGAEA.918817,CC BY 4.0,fixed-wing UAV,2020-02-27 16:18:22+00:00,59.0,65.03608,24.52289,25.62,383368.514246641,7214761.79489825,-696.4729879209772,-131.09004213940352,-0.07000000000000028,-696.8209893275363,-131.15028035090774,-0.35705627705627796,-11.950614991361249,-1.372669982758154,-0.35675324675324627,-0.06731780204984261,-0.11063087282872175,0.04634199134199149,12.029190394756977,12.03447940013952,263.4476147010861,-0.4840960719201868,-1.6987399002537646,999.09,-1.46,77.34,False
HAOS / PANGAEA,HAOS_Flight_02,HAOS_Flight_02_seg00,train,10.1594/PANGAEA.918817,CC BY 4.0,fixed-wing UAV,2020-02-27 16:18:23+00:00,60.0,65.03606,24.52263,24.86,383356.21204331,7214760.53227233,-708.7751912520034,-132.3526680599898,-0.8300000000000018,-708.8016930494084,-132.58919670105414,-0.7032034632034633,-12.05398721791795,-1.5254568418979773,-0.16043290043290015,-0.13870353768172095,-0.12487675075205829,0.20530303030302996,12.150128658834138,12.151187807854999,262.7874423895663,-0.5027596793435677,-0.7565017773952153,999.19,-1.46,76.45,False
HAOS / PANGAEA,HAOS_Flight_02,HAOS_Flight_02_seg00,train,10.1594/PANGAEA.918817,CC BY 4.0,fixed-wing UAV,2020-02-27 16:18:24+00:00,61.0,65.03604,24.52237,24.33,383343.965995566,7214758.7969639,-721.021238996007,-134.0879764892161,-1.360000000000003,-720.9289637633722,-134.2011940347037,-0.6779220779220783,-12.22802206672469,-1.6224234842622707,0.05385281385281365,-0.17377131038151106,-0.046366172301418374,0.12451298701298696,12.335184701762342,12.335302256213732,262.44209534239894,-0.11078422791886813,0.2501396955068554,999.26,-1.47,76.89,False
HAOS / PANGAEA,HAOS_Flight_02,HAOS_Flight_02_seg00,train,10.1594/PANGAEA.918817,CC BY 4.0,fixed-wing UAV,2020-02-27 16:18:25+00:00,62.0,65.03602,24.52211,25.01,383331.649413099,7214756.9463378,-733.3378214630065,-135.93860259000212,-0.6799999999999997,-733.2577371828578,-135.83404366957868,-0.595497835497836,-12.401529838680972,-1.618189186500814,0.08859307359307378,-0.11509838555224405,0.025486782124644947,0.023474025974026258,12.506657370496828,12.506971148751056,262.56587393372854,0.1843599864284992,0.40585778926465216,999.17,-1.47,77.26,False
HAOS / PANGAEA,HAOS_Flight_02,HAOS_Flight_02_seg00,train,10.1594/PANGAEA.918817,CC BY 4.0,fixed-wing UAV,2020-02-27 16:18:26+00:00,63.0,65.036,24.52185,25.69,383319.363481878,7214755.24549034,-745.6237526839832,-137.63945004995912,0.0,-745.7320234407341,-137.43757240770532,-0.5007359307359307,-12.458218837829179,-1.5714499200129808,0.10080086580086617,-0.008582796718343388,0.07082303531176137,-0.01725108225108228,12.556937184773627,12.557341767941844,262.8108153152559,0.32683616170521446,0.45993223052018595,999.08,-1.48,77.74,False
HAOS / PANGAEA,HAOS_Flight_02,HAOS_Flight_02_seg00,train,10.1594/PANGAEA.918817,CC BY 4.0,fixed-wing UAV,2020-02-27 16:18:27+00:00,64.0,65.03599,24.52159,25.77,383306.995906861,7214753.75047666,-757.99132770102,-139.13446372933686,0.0799999999999983,-758.1741748585162,-138.97694350960464,-0.39389610389610363,-12.418695432117659,-1.4765431158772913,0.05409090909090922,0.06081599962161022,0.08017981458592516,-0.06227272727272748,12.50616551180835,12.506282486622109,263.219546257139,0.33195305545011305,0.24781068769176376,999.07,-1.5,77.35,False
HAOS / PANGAEA,HAOS_Flight_02,HAOS_Flight_02_seg00,train,10.1594/PANGAEA.918817,CC BY 4.0,fixed-wing UAV,2020-02-27 16:18:28+00:00,65.0,65.03597,24.52132,25.01,383294.316159478,7214752.70438279,-770.6710750840139,-140.1805575992912,-0.6799999999999997,-770.5694143049694,-140.3906586394599,-0.39255411255411227,-12.336586838585959,-1.4110902908411305,-0.02374458874458879,0.10170539876293105,0.04404022909290717,-0.05097402597402606,12.417026642271425,12.417049345169449,263.4747214261562,0.14785156738456126,-0.1095643185964023,999.17,-1.47,77.45,False
HAOS / PANGAEA,HAOS_Flight_02,HAOS_Flight_02_seg00,train,10.1594/PANGAEA.918817,CC BY 4.0,fixed-wing UAV,2020-02-27 16:18:29+00:00,66.0,65.03595,24.52106,25.01,383281.914776935,7214751.23154769,-783.0724576269859,-141.6533926995471,-0.6799999999999997,-782.8473485356881,-141.7991240912869,-0.4413852813852812,-12.215284634591796,-1.388462657691477,-0.047857142857142904,0.14137726535815887,0.04674801742255141,0.016363636363636302,12.293941892489086,12.294035039889083,263.5152493919081,0.14354607275009176,-0.22303655565218994,999.17,-1.47,77.45,False
HAOS / PANGAEA,HAOS_Flight_02,HAOS_Flight_02_seg00,train,10.1594/PANGAEA.918817,CC BY 4.0,fixed-wing UAV,2020-02-27 16:18:30+00:00,67.0,65.03594,24.5208,24.93,383269.967585253,7214749.72966881,-795.0196493089898,-143.15527157951146,-0.7600000000000016,-794.999983574153,-143.16758395484285,-0.4882683982683981,-12.05383230786964,-1.3175942559960276,0.008982683982683815,0.18925970769481637,0.08340319021185394,0.0745670995670993,12.125631032225732,12.12563435941754,263.7618135716564,0.2960976768611634,0.04244478373057673,999.18,-1.47,77.23,False
HAOS / PANGAEA,HAOS_Flight_02,HAOS_Flight_02_seg00,train,10.1594/PANGAEA.918817,CC BY 4.0,fixed-wing UAV,2020-02-27 16:18:31+00:00,68.0,65.03592,24.520555,25.39,383258.15537999047,7214748.331269801,-806.8318545715301,-144.55367058888078,-0.3000000000000007,-806.9550131514274,-144.43431260327895,-0.4234199134199136,-11.836765219202164,-1.221656277267769,0.10127705627705569,0.19651572471769896,0.08222103870908626,0.04170995670995649,11.899640957369336,11.900071930725039,264.10744474563046,0.29524649789841884,0.48762881197768887,999.1199999999999,-1.495,77.20500000000001,True
HAOS / PANGAEA,HAOS_Flight_02,HAOS_Flight_02_seg00,train,10.1594/PANGAEA.918817,CC BY 4.0,fixed-wing UAV,2020-02-27 16:18:32+00:00,69.0,65.0359,24.52031,25.85,383246.343174728,7214746.93287079,-818.6440598340123,-145.9520695991814,0.16000000000000014,-818.6735140125573,-145.6108965093784,-0.2857142857142867,-11.660800858434243,-1.1531521785778551,0.09240259740259679,0.13506283165025934,0.02216308987377147,-0.05712121212121188,11.717680513097276,11.718044838923701,264.3523065674532,0.04031160784878771,0.4518103308895833,999.06,-1.52,77.18,False
HAOS / PANGAEA,HAOS_Flight_02,HAOS_Flight_02_seg00,train,10.1594/PANGAEA.918817,CC BY 4.0,fixed-wing UAV,2020-02-27 16:18:33+00:00,70.0,65.03589,24.52006,25.31,383234.577908913,7214746.14707663,-830.4093256489723,-146.73786375951022,-0.38000000000000256,-830.2766148682958,-146.74061696043466,-0.23861471861472,-11.566639555901645,-1.177330097520226,-0.012965367965368069,0.09221204795815652,-0.08504913502385136,-0.12211038961038917,11.626403432475392,11.626410661740882,264.188067961328,-0.46479302105559506,-0.06389426967893029,999.13,-1.47,76.84,False
HAOS / PANGAEA,HAOS_Flight_02,HAOS_Flight_02_seg00,train,10.1594/PANGAEA.918817,CC BY 4.0,fixed-wing UAV,2020-02-27 16:18:34+00:00,71.0,65.03588,24.51981,25.24,383223.139779102,7214745.23793364,-841.8474554599961,-147.6470067491755,-0.45000000000000284,-841.8067931243606,-147.96555670441884,-0.31164502164502283,-11.47637676251793,-1.3232504486255579,-0.15181818181818155,0.07139581020427954,-0.1725431097705723,-0.10146103896103864,11.552411667918058,11.55340919838728,263.422720525342,-0.8894746702243721,-0.7529198764718544,999.14,-1.5,76.68,False
HAOS / PANGAEA,HAOS_Flight_02,HAOS_Flight_02_seg00,train,10.1594/PANGAEA.918817,CC BY 4.0,fixed-wing UAV,2020-02-27 16:18:35+00:00,72.0,65.03586,24.51958,25.16,383211.770912223,7214743.78218127,-853.2163223390235,-149.10275911912322,-0.5300000000000011,-853.2293683933317,-149.38711785768578,-0.5422510822510831,-11.423847935493086,-1.5224163170613707,-0.21588744588744535,-0.01574694683674238,-0.19645697200061107,0.034751082251082435,11.524845035649042,11.526866898035049,262.40911862087927,-0.9523541269015233,-1.0731591573961,999.15,-1.48,77.22,False
HAOS / PANGAEA,HAOS_Flight_02,HAOS_Flight_02_seg00,train,10.1594/PANGAEA.918817,CC BY 4.0,fixed-wing UAV,2020-02-27 16:18:36+00:00,73.0,65.03584,24.51933,25.16,383200.262998659,7214741.79536238,-864.724235903006,-151.08957800921053,-0.5300000000000011,-864.6544889953468,-151.0103893385416,-0.7434199134199135,-11.507870656191415,-1.71616439262678,-0.08231601731601668,-0.17027071355352064,-0.14554053160776448,0.09972943722943711,11.63513245572011,11.635423635985854,261.51801227153896,-0.5861832086601729,-0.40534834564671335,999.15,-1.48,77.22,False
HAOS / PANGAEA,HAOS_Flight_02,HAOS_Flight_02_seg00,train,10.1594/PANGAEA.918817,CC BY 4.0,fixed-wing UAV,2020-02-27 16:18:37+00:00,74.0,65.03582,24.51909,24.78,383188.7698209,7214739.92737025,-876.2174136620015,-152.9575701393187,-0.9100000000000001,-876.2451097057145,-152.81944664293934,-0.7068831168831164,-11.764389362600127,-1.8134973802768997,-0.016428571428571126,-0.29769352595172904,-0.0245453015693613,0.0506060606060601,11.903345320670581,11.9033566577285,261.2367522035589,0.091965773526016,-0.07907753520186557,999.2,-1.49,77.1,False
HAOS / PANGAEA,HAOS_Flight_02,HAOS_Flight_02_seg00,train,10.1594/PANGAEA.918817,CC BY 4.0,fixed-wing UAV,2020-02-27 16:18:38+00:00,75.0,65.0358,24.51884,24.78,383177.079791453,7214738.12092331,-887.9074431089684,-154.76401707995683,-0.9100000000000001,-888.1832677205471,-154.63738409909539,-0.7762770562770558,-12.103257708094873,-1.7652549957655026,0.018896103896103522,-0.30014870993736054,0.09029193572170868,0.031839826839826446,12.231311145933333,12.231325742182467,261.70194381859096,0.6200742276201102,0.08851595125298768,999.2,-1.49,77.1,False
HAOS / PANGAEA,HAOS_Flight_02,HAOS_Flight_02_seg00,train,10.1594/PANGAEA.918817,CC BY 4.0,fixed-wing UAV,2020-02-27 16:18:39+00:00,76.0,65.03578,24.51858,25.05,383164.73270213,7214736.55474072,-900.254532432009,-156.33019966911525,-0.6400000000000006,-900.4516251219043,-156.34995663447035,-0.6690909090909094,-12.364686782474848,-1.6329135088334823,0.047251082251081766,-0.194763796221622,0.13551306949014474,0.04123376623376626,12.472044169102317,12.472133675550987,262.47690065879914,0.7387310094741851,0.21706743506401202,999.16,-1.5,77.28,False
HAOS / PANGAEA,HAOS_Flight_02,HAOS_Flight_02_seg00,train,10.1594/PANGAEA.918817,CC BY 4.0,fixed-wing UAV,2020-02-27 16:18:40+00:00,77.0,65.03576,24.51832,25.31,383152.074162885,7214735.06911653,-912.9130716769723,-157.81582385953516,-0.38000000000000256,-912.9126412854968,-157.90321111676235,-0.6817748917748923,-12.492785300538117,-1.494228856785213,0.10136363636363604,-0.06298496160852096,0.13292693313075432,0.011406926406926615,12.581828342565753,12.582236646501597,263.1794058375394,0.6385661737773298,0.46158497454476627,999.13,-1.51,77.46,False
HAOS / PANGAEA,HAOS_Flight_02,HAOS_Flight_02_seg00,train,10.1594/PANGAEA.918817,CC BY 4.0,fixed-wing UAV,2020-02-27 16:18:41+00:00,78.0,65.03575,24.51805,24.86,383139.285681798,7214733.54358416,-925.7015527639887,-159.34135622996837,-0.8300000000000018,-925.4371957229805,-159.33841434804077,-0.4663636363636373,-12.49065670569189,-1.3670596425719737,0.070064935064935,0.07316459556602695,0.11105049487899521,-0.06388528138528102,12.565244009003358,12.56543935168685,263.7540330063538,0.4689164327089277,0.31948312841594334,999.19,-1.52,77.26,False
HAOS / PANGAEA,HAOS_Flight_02,HAOS_Flight_02_seg00,train,10.1594/PANGAEA.918817,CC BY 4.0,fixed-wing UAV,2020-02-27 16:18:42+00:00,79.0,65.03573,24.51778,25.54,383126.911135921,7214732.10770246,-938.0760986409732,-160.77723792940378,-0.15000000000000213,-937.8939546968805,-160.6373304019063,-0.5416450216450223,-12.346456109406063,-1.2721278670272227,-0.02640692640692599,0.190215627979768,0.06538725768425024,-0.00041125541125525134,12.411820485793271,12.411848576957414,264.1172387029572,0.20852988367447073,-0.12190017990372612,999.1,-1.52,77.5,False
HAOS / PANGAEA,HAOS_Flight_02,HAOS_Flight_02_seg00,train,10.1594/PANGAEA.918817,CC BY 4.0,fixed-wing UAV,2020-02-27 16:18:43+00:00,80.0,65.03571,24.51753,24.78,383114.915738663,7214730.9521395,-950.0714958989993,-161.93280088994652,-0.9100000000000001,-950.1301079417926,-161.88267008209522,-0.5191774891774893,-12.110225449732354,-1.2362851272034732,0.0692424242424245,0.21947746977548377,0.030589518706761964,0.041569264069263825,12.173165626043609,12.17336255405238,264.17109277370275,0.037977887979558526,0.32590174225181845,999.2,-1.45,77.78,False
HAOS / PANGAEA,HAOS_Flight_02,HAOS_Flight_02_seg00,train,10.1594/PANGAEA.918817,CC BY 4.0,fixed-wing UAV,2020-02-27 16:18:44+00:00,81.0,65.0357,24.51728,25.69,383102.945634528,7214729.86356611,-962.0416000339901,-163.02137427963316,0.0,-962.1144055963453,-163.10990065631324,-0.4031601731601733,-11.907501169855095,-1.2109488296136988,0.05673160173160166,0.13377237314389845,0.012340156607393737,-0.1246212121212123,11.968917293474929,11.96905174408893,264.1931944789163,-0.006301752922815928,0.27157485696289035,999.08,-1.5,77.5,False
HAOS / PANGAEA,HAOS_Flight_02,HAOS_Flight_02_seg00,train,10.1594/PANGAEA.918817,CC BY 4.0,fixed-wing UAV,2020-02-27 16:18:45+00:00,82.0,65.03569,24.51702,24.55,383090.927681217,7214728.73564669,-974.0595533449668,-164.14929369930178,-1.1400000000000006,-973.9451102815028,-164.30456774132261,-0.40571428571428597,-11.842680703444557,-1.2116048139886857,-0.1800000000000001,0.014562229377418134,-0.028509809118517637,-0.11408008658008675,11.904497993154463,11.905858745551226,264.15848926785714,-0.14310666806071037,-0.8662653790876605,999.23,-1.48,77.13,False
HAOS / PANGAEA,HAOS_Flight_02,HAOS_Flight_02_seg00,train,10.1594/PANGAEA.918817,CC BY 4.0,fixed-wing UAV,2020-02-27 16:18:46+00:00,83.0,65.03567,24.51678,25.77,383079.163234326,7214727.32506061,-985.8240002359962,-165.55987977981567,0.0799999999999983,-985.7997670032344,-165.53311028429061,-0.7631601731601735,-11.878376711100259,-1.267968447850734,-0.17142857142857185,-0.03853419274236103,-0.044617276337376666,0.1270346320346319,11.94586025682345,11.947090232799619,263.9069811427949,-0.19335409486163974,-0.8221642694995062,999.07,-1.56,77.28,False
HAOS / PANGAEA,HAOS_Flight_02,HAOS_Flight_02_seg00,train,10.1594/PANGAEA.918817,CC BY 4.0,fixed-wing UAV,2020-02-27 16:18:47+00:00,84.0,65.03565,24.51653,25.24,383067.455043329,7214725.9932962,-997.532191233011,-166.89164418913424,-0.45000000000000284,-997.7018637037033,-166.84050463702408,-0.7485714285714297,-11.91974908892928,-1.300839366663439,0.07406926406926367,-0.04566771910245393,0.03420643242140642,0.1580735930735933,11.990521314809115,11.990750087328626,263.7717810781338,0.1850888957839957,0.3539297526622895,999.14,-1.54,77.16,False
HAOS / PANGAEA,HAOS_Flight_02,HAOS_Flight_02_seg00,train,10.1594/PANGAEA.918817,CC BY 4.0,fixed-wing UAV,2020-02-27 16:18:48+00:00,85.0,65.03564,24.51627,24.25,383055.401275735,7214724.85711019,-1009.5859588269959,-168.0278301993385,-1.4400000000000013,-1009.6392651810929,-168.1347890176175,-0.6150216450216461,-11.969712149305167,-1.1995555830079212,0.14471861471861475,-0.07372453457861639,0.1573280732155382,-0.017521645021644633,12.0296692612037,12.030539722364715,264.2771589343629,0.7780724243843751,0.6892430447106253,999.27,-1.52,77.72,False
HAOS / PANGAEA,HAOS_Flight_02,HAOS_Flight_02_seg00,train,10.1594/PANGAEA.918817,CC BY 4.0,fixed-wing UAV,2020-02-27 16:18:49+00:00,86.0,65.03562,24.51602,24.4,383043.224587821,7214723.5946199,-1021.7626467410009,-169.2903204895556,-1.2900000000000027,-1021.6412880023137,-169.23961580303992,-0.45913419913420017,-12.067198158086512,-0.9861832202323626,0.03902597402597441,0.19031305022360812,0.2001583708361494,-0.08255411255411227,12.107428658901707,12.1074915551093,265.3279259269026,0.8888482626383181,0.18468131609403332,999.25,-1.44,77.32,False
HAOS / PANGAEA,HAOS_Flight_02,HAOS_Flight_02_seg00,train,10.1594/PANGAEA.918817,CC BY 4.0,fixed-wing UAV,2020-02-27 16:18:50+00:00,87.0,65.03561,24.51576,26.23,383031.207293397,7214722.51276159,-1033.7799411650049,-170.37217879947275,0.5399999999999991,-1033.773661497266,-170.10715545808222,-0.5369696969696973,-11.58908604885795,-0.7992388413356224,-0.02038961038960979,0.0074576796660608125,0.09600016881019968,-0.028809523809523785,11.616613025031585,11.61663091905503,266.05485545963955,0.45101497246900746,-0.10056609607597447,999.01,-1.52,77.01,False
HAOS / PANGAEA,HAOS_Flight_02,HAOS_Flight_02_seg00,train,10.1594/PANGAEA.918817,CC BY 4.0,fixed-wing UAV,2020-02-27 16:18:51+00:00,88.0,65.0356,24.51551,25.92,383019.059971569,7214721.87290931,-1045.9272629930056,-171.01203107926995,0.23000000000000043,-1044.8194601000296,-170.83809348571117,-0.49991341991341975,-12.05228279875439,-0.7941828826119632,-0.01859307359307316,-1.2336182274209193,-0.02760592021967767,-0.04965367965367978,12.078420720946294,12.07843503168231,266.2299558718406,0.23327484847917304,-0.08819893164929589,999.05,-1.52,77.26,False
HAOS / PANGAEA,HAOS_Flight_02,HAOS_Flight_02_seg00,train,10.1594/PANGAEA.918817,CC BY 4.0,fixed-wing UAV,2020-02-27 16:18:52+00:00,89.0,65.03559,24.51524,24.48,383006.781610409,7214721.52818882,-1058.2056241530227,-171.35675156954676,-1.2100000000000009,-1057.8782270947747,-171.69552122330614,-0.5741558441558436,-14.05632250369979,-0.8544506817749777,-0.11969696969696936,-1.6253664712708087,-0.02219200396943677,-0.08963203463203484,14.082268577739981,14.082777270842477,266.5214051565979,0.31675799418776324,-0.486992986475597,999.24,-1.47,77.5,False
HAOS / PANGAEA,HAOS_Flight_02,HAOS_Flight_02_seg00,train,10.1594/PANGAEA.918817,CC BY 4.0,fixed-wing UAV,2020-02-27 16:18:53+00:00,90.0,65.03558,24.51498,24.78,382994.382469573,7214720.72688558,-1070.6047649889952,-172.15805480908602,-0.9100000000000001,-1072.9321051074292,-172.54699484926113,-0.7393073593073585,-15.303015741296008,-0.8385668905508368,-0.19785714285714284,-0.41141927500297015,0.026176088085421156,0.012391774891774537,15.325974200953148,15.327251307956724,266.8634718602161,0.19645440646963327,-0.7396429975572987,999.2,-1.46,77.66,False
HAOS / PANGAEA,HAOS_Flight_02,HAOS_Flight_02_seg00,train,10.1594/PANGAEA.918817,CC BY 4.0,fixed-wing UAV,2020-02-27 16:18:54+00:00,91.0,65.03557,24.51472,24.48,382982.032902806,7214719.57686312,-1082.9543317559874,-173.30807726923376,-1.2100000000000009,-1088.4842585773667,-173.37265500440782,-0.9698701298701293,-14.87916105370573,-0.8020985056041354,-0.09491341991342028,0.9040791211496639,0.06433756653323996,0.19245670995670963,14.900764935895264,14.901067217890317,266.91431396953715,0.06264069968526532,-0.36495205836831945,999.24,-1.48,77.92,False
HAOS / PANGAEA,HAOS_Flight_02,HAOS_Flight_02_seg00,train,10.1594/PANGAEA.918817,CC BY 4.0,fixed-wing UAV,2020-02-27 16:18:55+00:00,92.0,65.03554,24.51419,24.71,382956.73243121,7214718.12602174,-1108.2548033519997,-174.758918649517,-0.9800000000000004,-1102.6904272148406,-174.1511918604694,-0.929134199134199,-13.49485749899668,-0.7098917574843568,0.18705627705627642,1.4049691617928488,0.1586080011286768,0.1503030303030302,13.513516390102582,13.514810959697412,266.98875325958664,0.3925291491293402,0.7930467883707898,999.21,-1.44,77.82,False
HAOS / PANGAEA,HAOS_Flight_02,HAOS_Flight_02_seg00,train,10.1594/PANGAEA.918817,CC BY 4.0,fixed-wing UAV,2020-02-27 16:18:56+00:00,93.0,65.03554,24.51393,25.54,382944.579297085,7214718.06577475,-1120.4079374769935,-174.8191656395793,-0.15000000000000213,-1115.47397357536,-174.79243851937653,-0.5957575757575765,-12.069222730120032,-0.48488250334678185,0.2056926406926401,1.4176604228969154,0.2631689892442921,-0.08556277056277029,12.07895891007573,12.080710153535387,267.6993722677958,1.0123647089459156,0.9755957676500043,999.1,-1.49,77.33,False
HAOS / PANGAEA,HAOS_Flight_02,HAOS_Flight_02_seg00,train,10.1594/PANGAEA.918817,CC BY 4.0,fixed-wing UAV,2020-02-27 16:18:57+00:00,94.0,65.035535,24.5138,25.2,382938.5244831095,7214717.955449335,-1126.46275145252,-174.9294910542667,-0.490000000000002,-1126.8288726750807,-175.12095686716296,-0.5177489177489188,-10.65953665320285,-0.18355377899577263,0.01593073593073585,1.385984592409784,0.28735446602154013,-0.13073593073593037,10.661116904469186,10.661128806984086,269.01348267747846,1.4270899642920218,0.08561610028132835,999.145,-1.47,77.56,True
HAOS / PANGAEA,HAOS_Flight_02,HAOS_Flight_02_seg00,train,10.1594/PANGAEA.918817,CC BY 4.0,fixed-wing UAV,2020-02-27 16:18:58+00:00,95.0,65.03553,24.51367,24.86,382932.469669134,7214717.84512392,-1132.5175654279883,-175.0398164698854,-0.8300000000000018,-1136.7930468817658,-175.15954607736808,-0.5638961038961048,-9.297253545300464,0.08982642869629842,-0.05577922077922065,0.3697472537882618,0.29532090666826605,-0.02030303030303013,9.297687469091139,9.297854784538481,270.5535521963799,1.6682207291464688,-0.34372800819071436,999.19,-1.45,77.79,False
HAOS / PANGAEA,HAOS_Flight_02,HAOS_Flight_02_seg00,train,10.1594/PANGAEA.918817,CC BY 4.0,fixed-wing UAV,2020-02-27 16:18:59+00:00,96.0,65.03553,24.51341,25.47,382920.301876361,7214717.86419819,-1144.685358200979,-175.02074219938368,-0.22000000000000242,-1145.4233797656816,-174.94130400977036,-0.6293073593073601,-9.920042145626326,0.40708803434075946,-0.024675324675324406,-1.436831049462171,0.3408493803707202,0.017077922077922164,9.928391452733216,9.928422115842668,272.3499241357714,1.5368125176264409,-0.14239860080251088,999.11,-1.48,77.71,False
HAOS / PANGAEA,HAOS_Flight_02,HAOS_Flight_02_seg00,train,10.1594/PANGAEA.918817,CC BY 4.0,fixed-wing UAV,2020-02-27 16:19:00+00:00,97.0,65.03553,24.51315,24.71,382907.869330643,7214718.21680564,-1157.1179039190174,-174.66813474986702,-0.9800000000000004,-1156.6331311730185,-174.34537000868656,-0.6132467532467536,-12.170915644224806,0.7715251894377388,-0.021623376623376322,-1.6939927489041793,0.19969369486395294,0.020984848484848273,12.19534496177837,12.195364131799822,273.62717723163274,0.5589987668946049,-0.10159014975802248,999.21,-1.46,77.48,False
HAOS / PANGAEA,HAOS_Flight_02,HAOS_Flight_02_seg00,train,10.1594/PANGAEA.918817,CC BY 4.0,fixed-wing UAV,2020-02-27 16:19:01+00:00,98.0,65.03553,24.51288,24.71,382895.235451711,7214718.692628,-1169.7517828510026,-174.1923123896122,-0.9800000000000004,-1169.7652110541312,-173.39825363089489,-0.6725541125541128,-13.308027643434684,0.8064754240686653,0.01729437229437214,-0.34612713037068943,-0.33320582893704653,0.02915584415584388,13.332441725657324,13.332452942476921,273.4679216695606,-1.5794928321284245,0.07432201890802181,999.21,-1.47,77.35,False
HAOS / PANGAEA,HAOS_Flight_02,HAOS_Flight_02_seg00,train,10.1594/PANGAEA.918817,CC BY 4.0,fixed-wing UAV,2020-02-27 16:19:02+00:00,99.0,65.03553,24.51261,25.54,382882.372972359,7214719.61546655,-1182.6142622029874,-173.2694738395512,-0.15000000000000213,-1183.2491864598878,-172.73241916054923,-0.5786580086580093,-12.863169904966185,0.10511353156364578,0.03668831168831144,0.94580809191865,-1.1228393103113063,0.012759740259740249,12.863599374146629,12.863651693464032,270.4681915673759,-5.326489094514466,0.16341302743416047,999.1,-1.45,77.44,False
HAOS / PANGAEA,HAOS_Flight_02,HAOS_Flight_02_seg00,train,10.1594/PANGAEA.918817,CC BY 4.0,fixed-wing UAV,2020-02-27 16:19:03+00:00,100.0,65.03553,24.51233,25.39,382869.497829053,7214720.59608683,-1195.489405508968,-172.28885355964303,-0.3000000000000007,-1195.4915508640636,-173.1880265677676,-0.5991774891774899,-11.416411459597384,-1.4392031965539474,0.04281385281385264,1.8422387213882985,-1.8600722113221053,-0.03202380952380934,11.506770027066569,11.506849676683464,262.8149434805317,-10.982603709517825,0.21318247824762346,999.12,-1.5,77.57,False
HAOS / PANGAEA,HAOS_Flight_02,HAOS_Flight_02_seg00,train,10.1594/PANGAEA.918817,CC BY 4.0,fixed-wing UAV,2020-02-27 16:19:04+00:00,101.0,65.03551,24.5121,24.4,382858.500880509,7214718.45345971,-1206.4863540530205,-174.43148067966104,-1.2900000000000027,-1206.0820093790826,-175.61082555365712,-0.49303030303030404,-9.178692462189588,-3.615030891080565,-0.02735930735930725,2.767536352900379,-2.270927813354646,-0.15882034632034586,9.86492998753274,9.864967926487235,248.50298414834026,-19.148291713397768,-0.15890318785744845,999.25,-1.45,77.55,False
HAOS / PANGAEA,HAOS_Flight_02,HAOS_Flight_02_seg00,train,10.1594/PANGAEA.918817,CC BY 4.0,fixed-wing UAV,2020-02-27 16:19:05+00:00,102.0,65.03546,24.51194,25.54,382850.59288779,7214713.11666474,-1214.3943467719946,-179.7682756492868,-0.15000000000000213,-1213.8489357884428,-180.41808834992872,-0.6538961038961044,-5.881338753796626,-5.98105882326324,-0.2748268398268391,3.6336558295545274,-2.1937180072466234,-0.163798701298701,8.388278141802708,8.392779037728463,224.51836005373616,-27.53481284753191,-1.8765218757799549,999.1,-1.52,77.12,False
HAOS / PANGAEA,HAOS_Flight_02,HAOS_Flight_02_seg00,train,10.1594/PANGAEA.918817,CC BY 4.0,fixed-wing UAV,2020-02-27 16:19:06+00:00,103.0,65.03539,24.51185,24.71,382846.343585718,7214705.3712167,-1218.6436488439795,-187.51372368913144,-0.9800000000000004,-1217.8446868866758,-187.5729432001836,-1.0426839826839822,-1.911380803080533,-8.002466905573812,-0.35495670995670925,3.9589185762708325,-1.5858727390232943,0.014112554112553966,8.227566660270147,8.235219937265317,193.43335845327644,-28.531165035138713,-2.4703437201194007,999.21,-1.48,77.19,False
HAOS / PANGAEA,HAOS_Flight_02,HAOS_Flight_02_seg00,train,10.1594/PANGAEA.918817,CC BY 4.0,fixed-wing UAV,2020-02-27 16:19:07+00:00,104.0,65.03531,24.51186,24.55,382846.381128609,7214696.0262198,-1218.6061059529893,-196.85872058942914,-1.1400000000000006,-1217.6716973946038,-196.42302216107635,-1.363809523809523,2.0364983987450387,-9.152804301309828,-0.24660173160173116,3.606956626263127,-0.7223379996814856,0.03887445887445867,9.376627981644937,9.379870186745432,167.45602998345873,-21.369084702499084,-1.506509827485196,999.23,-1.48,77.62,False
HAOS / PANGAEA,HAOS_Flight_02,HAOS_Flight_02_seg00,train,10.1594/PANGAEA.918817,CC BY 4.0,fixed-wing UAV,2020-02-27 16:19:08+00:00,105.0,65.03522,24.51196,23.8,382850.793599442,7214686.51970372,-1214.1936351199984,-206.36523666977882,-1.8900000000000006,-1213.7716900891858,-205.87855180280326,-1.5358874458874445,5.302532449445721,-9.447142904936783,-0.2772077922077919,2.719297446884468,-0.06983753242650437,0.014101731601731227,10.833529408448673,10.837075417463097,150.69518904827828,-13.135031706625112,-1.4657616102286626,999.33,-1.47,77.74,False
HAOS / PANGAEA,HAOS_Flight_02,HAOS_Flight_02_seg00,train,10.1594/PANGAEA.918817,CC BY 4.0,fixed-wing UAV,2020-02-27 16:19:09+00:00,106.0,65.03514,24.51212,23.57,382857.96673368,7214677.24714662,-1207.0205008820049,-215.63779376912862,-2.120000000000001,-1207.0666324957124,-215.3173079709499,-1.9182251082251067,7.475093292513975,-9.292479366162837,-0.2183982683982687,1.5150303047100238,0.23373381676377392,0.11830086580086546,11.925904263507633,11.927903852143881,141.1859665702085,-6.7773179919260516,-1.0491364178939204,999.36,-1.54,77.42,False
HAOS / PANGAEA,HAOS_Flight_02,HAOS_Flight_02_seg00,train,10.1594/PANGAEA.918817,CC BY 4.0,fixed-wing UAV,2020-02-27 16:19:10+00:00,107.0,65.03507,24.51231,23.72,382866.576005082,7214668.35143068,-1198.4112294799997,-224.5335097098723,-1.9700000000000024,-1198.8215035041578,-224.46351053512893,-1.972683982683982,8.332593058865768,-8.979675271409235,-0.04060606060606098,0.251143109383122,0.26922624288388874,0.10111471861471877,12.250170409615391,12.250237708582413,137.14055306442617,-1.7641440788937648,-0.18991959267985917,999.34,-1.52,77.43,False
HAOS / PANGAEA,HAOS_Flight_02,HAOS_Flight_02_seg00,train,10.1594/PANGAEA.918817,CC BY 4.0,fixed-wing UAV,2020-02-27 16:19:11+00:00,108.0,65.03499,24.5125,24.02,382875.116796495,7214659.61394501,-1189.8704380670097,-233.27099537942559,-1.6700000000000017,-1190.4014463779808,-233.27665851376838,-1.9994372294372287,7.977379511280219,-8.75402688039506,-0.016168831168831166,-0.7577420833708857,0.12351892806702836,-0.05215367965367934,11.843629954100756,11.843640990876667,137.65767841242098,2.4410842075610644,-0.07821970237967263,999.3,-1.5,77.33,False
HAOS / PANGAEA,HAOS_Flight_02,HAOS_Flight_02_seg00,train,10.1594/PANGAEA.918817,CC BY 4.0,fixed-wing UAV,2020-02-27 16:19:12+00:00,109.0,65.03491,24.51267,23.49,382882.671299427,7214650.89703205,-1182.315935135004,-241.9879083391279,-2.200000000000003,-1182.8667444815974,-241.97156429591905,-2.0050216450216443,6.817108892123997,-8.732637415275178,-0.14491341991341966,-1.346026047560656,-0.06994365464423424,-0.050010822510822395,11.078444379683459,11.079392121096312,142.0227214795483,5.810428376451732,-0.7494241579213394,999.37,-1.5,77.25,False
HAOS / PANGAEA,HAOS_Flight_02,HAOS_Flight_02_seg00,train,10.1594/PANGAEA.918817,CC BY 4.0,fixed-wing UAV,2020-02-27 16:19:13+00:00,110.0,65.03484,24.5128,23.72,382888.5958896,7214642.13198905,-1176.3913449620013,-250.75295133981854,-1.9700000000000024,-1176.7672285937329,-250.74193334431874,-2.289264069264068,5.285327416158907,-8.893914189683528,-0.11619047619047596,-1.4974102325166427,-0.21291743867094226,0.094090909090909,10.34583952656598,10.346491953131379,149.27853516532446,7.662030600345872,-0.6434416485204164,999.34,-1.51,77.01,False
HAOS / PANGAEA,HAOS_Flight_02,HAOS_Flight_02_seg00,train,10.1594/PANGAEA.918817,CC BY 4.0,fixed-wing UAV,2020-02-27 16:19:14+00:00,111.0,65.03476,24.5129,23.42,382892.943098365,7214633.26453,-1172.0441361970152,-259.6204103892669,-2.2699999999999996,-1172.2960896492796,-259.7593926752861,-2.237402597402596,3.8222884270907116,-9.158472292617063,0.043268398268398345,-1.2701734236277389,-0.2732906940320703,0.07455627705627699,9.92408703884171,9.924181362147445,157.34678268024004,7.254399924896125,0.24980442927591143,999.38,-1.48,77.5,False
HAOS / PANGAEA,HAOS_Flight_02,HAOS_Flight_02_seg00,train,10.1594/PANGAEA.918817,CC BY 4.0,fixed-wing UAV,2020-02-27 16:19:15+00:00,112.0,65.03468,24.51298,23.04,382896.008606791,7214623.96864653,-1168.9786277710227,-268.9162938594818,-2.650000000000002,-1169.1226517395514,-269.05887792955286,-2.2027272727272713,2.7449805689034292,-9.440495577747669,0.03292207792207802,-0.9012003702607103,-0.038903585891162606,-0.0011796536796536694,9.831473698135529,9.831528820094329,163.7873350151167,5.158688457101558,0.19186229095488896,999.43,-1.53,77.49,False
HAOS / PANGAEA,HAOS_Flight_02,HAOS_Flight_02_seg00,train,10.1594/PANGAEA.918817,CC BY 4.0,fixed-wing UAV,2020-02-27 16:19:16+00:00,113.0,65.03459,24.51303,23.04,382898.023462833,7214614.25453548,-1166.9637717289734,-278.63040490914136,-2.650000000000002,-1166.8061285114727,-278.64038383078145,-2.17155844155844,2.019887686569291,-9.236279464399388,0.040909090909091006,-0.4533472141342827,-0.3085966240664959,0.003360389610389536,9.454565278786756,9.454653783431686,167.66415959444316,2.927401927409224,0.24791236361489458,999.43,-1.53,77.49,False
HAOS / PANGAEA,HAOS_Flight_02,HAOS_Flight_02_seg00,train,10.1594/PANGAEA.918817,CC BY 4.0,fixed-wing UAV,2020-02-27 16:19:17+00:00,114.0,65.0345,24.51307,24.86,382899.642640961,7214604.2615045,-1165.3445936010103,-288.62343588937074,-0.8300000000000018,-1165.0828763664128,-287.53143685835164,-2.1209090909090893,1.8382861406348638,-10.05768882588066,0.03964285714285709,0.012273177314739314,-1.2405793487176595,-0.0027705627705626457,10.224304399473585,10.22438125312321,169.64213886993514,1.219311260729798,0.222152718778673,999.19,-1.54,77.39,False
HAOS / PANGAEA,HAOS_Flight_02,HAOS_Flight_02_seg00,train,10.1594/PANGAEA.918817,CC BY 4.0,fixed-wing UAV,2020-02-27 16:19:18+00:00,115.0,65.03441,24.51312,23.34,382901.726803791,7214594.27749771,-1163.2604307709844,-298.607442679815,-2.3500000000000014,-1163.129556230203,-298.75576148254277,-2.092272727272726,2.0444340411987696,-11.717438161834707,0.035367965367965715,0.14726340281220018,-0.9444542587039422,0.03607683982684001,11.894455331171438,11.894507914084,170.10278211590276,0.11777530154295561,0.1703675466297619,999.39,-1.54,77.61,False
HAOS / PANGAEA,HAOS_Flight_02,HAOS_Flight_02_seg00,train,10.1594/PANGAEA.918817,CC BY 4.0,fixed-wing UAV,2020-02-27 16:19:19+00:00,116.0,65.03432,24.51317,23.26,382903.686042091,7214584.10743204,-1161.3011924710008,-308.77750834915787,-2.4299999999999997,-1160.9940082840153,-310.96631318202105,-2.050173160173158,2.132812946259264,-11.946597343288545,0.11179653679653712,-0.021526940316618948,0.1653191750139058,0.06380952380952348,12.135488418123106,12.136003362394053,169.87768947302106,-0.035724919991024354,0.5278146462205096,999.4,-1.55,77.41,False
HAOS / PANGAEA,HAOS_Flight_02,HAOS_Flight_02_seg00,train,10.1594/PANGAEA.918817,CC BY 4.0,fixed-wing UAV,2020-02-27 16:19:20+00:00,117.0,65.03423,24.51322,23.87,382905.556767994,7214573.69554699,-1159.430466567981,-319.1893933992833,-1.8200000000000003,-1158.8639303376845,-322.64895616911986,-1.8686796536796517,2.0013801605655317,-11.386799811806895,0.16298701298701268,-0.26024980910221984,0.5764556532691643,0.08785714285714241,11.56134648305598,11.562495287249776,170.0313322759207,0.8132681832240674,0.8076783616113459,999.32,-1.6,77.77,False
HAOS / PANGAEA,HAOS_Flight_02,HAOS_Flight_02_seg00,train,10.1594/PANGAEA.918817,CC BY 4.0,fixed-wing UAV,2020-02-27 16:19:21+00:00,118.0,65.03404,24.51332,23.64,382909.24282024,7214552.53026734,-1155.74441432202,-340.35467304941267,-2.0500000000000007,-1156.9912479628842,-333.73991280563484,-1.7241991341991325,1.6123133280548245,-10.793686036750216,0.28751082251082194,-0.32937329552106576,0.6178673269092201,0.15624458874458824,10.913441827753507,10.917228357088655,171.5042258394692,1.217079133140833,1.5090882900921485,999.35,-1.58,77.73,False
HAOS / PANGAEA,HAOS_Flight_02,HAOS_Flight_02_seg00,train,10.1594/PANGAEA.918817,CC BY 4.0,fixed-wing UAV,2020-02-27 16:19:22+00:00,119.0,65.033995,24.513345,24.555,382910.18335851695,7214547.2827376705,-1154.8038760450436,-345.60220271907747,-1.1350000000000016,-1155.6393036815748,-344.2363282426203,-1.2936580086580078,1.3426335695234002,-10.151065157988455,0.47547619047618916,0.09354144016441523,0.7345064016667635,0.0878571428571425,10.239472093020144,10.250505663207454,172.46549054220236,-1.2132127597960713,2.6586549700655393,999.23,-1.62,77.25,True
HAOS / PANGAEA,HAOS_Flight_02,HAOS_Flight_02_seg00,train,10.1594/PANGAEA.918817,CC BY 4.0,fixed-wing UAV,2020-02-27 16:19:23+00:00,120.0,65.03395,24.51337,25.47,382911.123896794,7214542.035208,-1153.863337768009,-350.8497323896736,-0.22000000000000242,-1154.3059808238374,-354.04204312161175,-0.7732467532467542,1.799396208383655,-9.32467323341669,0.46322510822510693,0.9554704288979678,1.0062109347729233,0.0036904761904764105,9.496702460577731,9.507993222843258,169.07780031987704,-7.1277359940098135,2.7925298015892865,999.11,-1.66,76.77,False
HAOS / PANGAEA,HAOS_Flight_02,HAOS_Flight_02_seg00,train,10.1594/PANGAEA.918817,CC BY 4.0,fixed-wing UAV,2020-02-27 16:19:24+00:00,121.0,65.03386,24.51341,25.09,382912.774273371,7214531.9818378,-1152.2129611910204,-360.90310258977115,-0.6000000000000014,-1152.0405112648075,-362.88567470945367,-0.367207792207794,3.253574427319336,-8.138643288442609,0.482857142857142,2.073423853462373,0.713927972117375,0.024253246753247,8.764887970226331,8.77817817949866,158.21001855418274,-13.028636015398037,3.1532336531520864,999.16,-1.59,77.75,False
HAOS / PANGAEA,HAOS_Flight_02,HAOS_Flight_02_seg00,train,10.1594/PANGAEA.918817,CC BY 4.0,fixed-wing UAV,2020-02-27 16:19:25+00:00,122.0,65.03377,24.51349,25.24,382916.015597998,7214522.25303986,-1148.9716365640052,-370.63190052937716,-0.45000000000000284,-1147.7988319691988,-370.319329698497,0.1924675324675298,5.946243915308401,-7.896817289181939,0.5117316017316009,3.0722010376041453,0.4270058400390724,-0.05023809523809508,9.885218257533062,9.89845489110678,143.02052828908097,-15.214882274919157,2.9634056711949377,999.14,-1.63,77.63,False
HAOS / PANGAEA,HAOS_Flight_02,HAOS_Flight_02_seg00,train,10.1594/PANGAEA.918817,CC BY 4.0,fixed-wing UAV,2020-02-27 16:19:26+00:00,123.0,65.0337,24.51365,26.83,382923.605692087,7214513.76309269,-1141.381542475021,-379.1218476993963,1.139999999999997,-1140.1480234341907,-378.67930928781755,0.6562554112554078,9.397976502527627,-7.284631608364464,0.3823809523809518,3.377352115579072,1.8570798427991377,-0.13692099567099525,11.890661041827912,11.8968077737008,127.78025400434444,-17.396428125034625,1.8418881054946017,998.93,-1.63,77.83,False
HAOS / PANGAEA,HAOS_Flight_02,HAOS_Flight_02_seg00,train,10.1594/PANGAEA.918817,CC BY 4.0,fixed-wing UAV,2020-02-27 16:19:27+00:00,124.0,65.03365,24.51391,26.45,382935.457061323,7214507.73185438,-1129.5301732390071,-385.15308600943536,0.759999999999998,-1129.0028789641435,-384.8885929152259,0.9572294372294334,12.700948146466544,-4.182657603583664,0.23788961038961043,2.9595628052606457,3.6371539476029113,-0.1383874458874455,13.371937348344412,13.374053234333244,108.22767203901174,-18.870818352959073,1.0191965942324581,998.98,-1.62,77.5,False
HAOS / PANGAEA,HAOS_Flight_02,HAOS_Flight_02_seg00,train,10.1594/PANGAEA.918817,CC BY 4.0,fixed-wing UAV,2020-02-27 16:19:28+00:00,125.0,65.03363,24.51423,27.29,382950.257188265,7214505.02447828,-1114.730046297016,-387.8604621095583,1.5999999999999979,-1114.7461271412576,-387.0446244949849,1.1320346320346286,15.317102113048918,-0.010323713158641112,0.10560606060606081,2.0396829462372352,4.229303578813898,-0.15534090909090903,15.317105592135253,15.317469646147751,90.03861729842629,-16.261753808434715,0.3950280066332448,998.87,-1.61,77.82,False
HAOS / PANGAEA,HAOS_Flight_02,HAOS_Flight_02_seg00,train,10.1594/PANGAEA.918817,CC BY 4.0,fixed-wing UAV,2020-02-27 16:19:29+00:00,126.0,65.03365,24.51458,27.06,382967.030629245,7214506.69430336,-1097.9566053170129,-386.19063702970743,1.3699999999999974,-1098.3686747380457,-384.9092403415432,1.168441558441555,16.780314038941015,4.275949554044132,-0.07279220779220763,0.9610362699773418,4.043092799689461,-0.1263203463203464,17.316543645722465,17.31669664051797,75.7041644221423,-12.56991151166756,-0.2408483937422336,998.9,-1.61,77.54,False
HAOS / PANGAEA,HAOS_Flight_02,HAOS_Flight_02_seg00,train,10.1594/PANGAEA.918817,CC BY 4.0,fixed-wing UAV,2020-02-27 16:19:30+00:00,127.0,65.03372,24.51494,26.23,382984.425785973,7214513.43942706,-1080.5614485889673,-379.44551332946867,0.5399999999999991,-1081.1854990633756,-378.4927253868966,0.9864502164502134,17.2391746530036,8.075861886220281,-0.14703463203463196,0.23053426326077897,3.2150284847752744,0.027316017316017294,19.037034640985116,19.03760245159786,64.89879427509118,-8.771153000927857,-0.44252145907321744,999.01,-1.58,77.43,False
HAOS / PANGAEA,HAOS_Flight_02,HAOS_Flight_02_seg00,train,10.1594/PANGAEA.918817,CC BY 4.0,fixed-wing UAV,2020-02-27 16:19:31+00:00,128.0,65.03382,24.5153,26.23,383001.627517837,7214524.07889047,-1063.3597167250118,-368.8060499196872,0.5399999999999991,-1063.8903254320385,-368.7575165691026,0.8743722943722911,17.241382565462573,10.70600652359468,-0.018160173160173043,-0.06269401817428388,1.9079254584747787,0.16871212121212126,20.294921740472137,20.294929865455998,58.16185842028659,-4.846373326578,-0.051269032366998465,999.01,-1.62,77.59,False
HAOS / PANGAEA,HAOS_Flight_02,HAOS_Flight_02_seg00,train,10.1594/PANGAEA.918817,CC BY 4.0,fixed-wing UAV,2020-02-27 16:19:32+00:00,129.0,65.03394,24.51565,26.99,383018.370719493,7214536.39383171,-1046.6165150689776,-356.49110867921263,1.2999999999999972,-1046.7027339324504,-357.08071233970725,0.9501298701298673,17.113786616655034,11.891712803169838,0.19038961038961055,-0.09667041940616627,0.4572967700438255,0.09470779220779213,20.839734301412637,20.840603972947108,55.20604762193517,-1.2208517005204258,0.5234336246439154,998.91,-1.62,77.31,False
HAOS / PANGAEA,HAOS_Flight_02,HAOS_Flight_02_seg00,train,10.1594/PANGAEA.918817,CC BY 4.0,fixed-wing UAV,2020-02-27 16:19:33+00:00,130.0,65.03405,24.51599,26.68,383035.068628875,7214548.8157252,-1029.9186056869803,-344.06921518966556,0.9899999999999984,-1029.6627521987284,-344.97409096276294,1.2551515151515122,17.04804172665024,11.620600063682332,0.17125541125541122,0.03631375603436027,-0.8082795155504954,-0.16753246753246748,20.63187031157528,20.632581054476578,55.72015501924574,1.9601153614989082,0.47557428362511106,998.95,-1.61,77.82,False
HAOS / PANGAEA,HAOS_Flight_02,HAOS_Flight_02_seg00,train,10.1594/PANGAEA.918817,CC BY 4.0,fixed-wing UAV,2020-02-27 16:19:34+00:00,131.0,65.03415,24.51635,26.68,383052.313759341,7214559.43010738,-1012.6734752209741,-333.45483300928026,0.9899999999999984,-1012.60665047915,-333.8395122123426,1.2926406926406897,17.186414128723754,10.275153772068848,-0.1446753246753244,0.23518326385362798,-1.5721618097670529,-0.3218722943722939,20.0237762583299,20.024298903912367,59.126278344932985,4.2299203733921065,-0.41396493642374993,998.95,-1.63,77.82,False
HAOS / PANGAEA,HAOS_Flight_02,HAOS_Flight_02_seg00,train,10.1594/PANGAEA.918817,CC BY 4.0,fixed-wing UAV,2020-02-27 16:19:35+00:00,132.0,65.03424,24.51671,27.67,383069.85308971,7214568.7191419,-995.1341448519961,-324.1657984899357,1.9800000000000004,-995.2899239412809,-324.42378341862525,0.9658008658008634,17.518408254357496,8.476276444148226,-0.47248917748917657,0.3789205873534911,-1.78033336908031,-0.23414502164502132,19.46129209800734,19.467026895414907,64.17999576602995,5.179290991264223,-1.3907770581317593,998.82,-1.6,77.86,False
HAOS / PANGAEA,HAOS_Flight_02,HAOS_Flight_02_seg00,train,10.1594/PANGAEA.918817,CC BY 4.0,fixed-wing UAV,2020-02-27 16:19:36+00:00,133.0,65.03432,24.51708,26.3,383087.407528865,7214576.42641288,-977.5797056970187,-316.4585275091231,0.6099999999999994,-977.569833970435,-316.88695932404613,0.34766233766233656,17.944255303430737,6.714487033908227,-0.612965367965367,0.40945363418464353,-1.5701309390632048,-0.08332251082251099,19.159348489007236,19.169151287043167,69.48486032746143,4.797711944979081,-1.832439836771023,999.0,-1.62,77.74,False
HAOS / PANGAEA,HAOS_Flight_02,HAOS_Flight_02_seg00,train,10.1594/PANGAEA.918817,CC BY 4.0,fixed-wing UAV,2020-02-27 16:19:37+00:00,134.0,65.03438,24.51745,24.63,383105.32487727,7214582.08947291,-959.6623572920216,-310.79546747915447,-1.0600000000000023,-959.4014133344194,-310.9948093508088,-0.26012987012987077,18.337315522726783,5.336014566021817,-0.6391341991341986,0.33259217916764783,-1.1624286957216015,-0.03319264069264083,19.097910671820454,19.108602370485826,73.77541965598812,3.621357089830665,-1.9167557533803206,999.22,-1.64,77.17,False
HAOS / PANGAEA,HAOS_Flight_02,HAOS_Flight_02_seg00,train,10.1594/PANGAEA.918817,CC BY 4.0,fixed-wing UAV,2020-02-27 16:19:38+00:00,135.0,65.03442,24.51784,24.55,383123.9101616,7214586.56590038,-941.0770729620126,-306.3190400097519,-1.1400000000000006,-940.8952029249814,-306.2149301920025,-0.9306060606060604,18.609439661766032,4.3896296424650245,-0.6793506493506487,-0.23164174395432724,-0.8403111120990587,0.04195887445887442,19.120148872927697,19.132213939523346,76.72757450712277,2.3332396120184478,-2.03489827221016,999.23,-1.68,77.59,False
HAOS / PANGAEA,HAOS_Flight_02,HAOS_Flight_02_seg00,train,10.1594/PANGAEA.918817,CC BY 4.0,fixed-wing UAV,2020-02-27 16:19:39+00:00,136.0,65.03446,24.51824,24.18,383142.824014429,7214590.34459436,-922.1632201329921,-302.54034602921456,-1.5100000000000016,-922.1825340108874,-302.21555006587874,-1.6188311688311683,17.87403203481813,3.655392341823699,-0.5552164502164497,-0.061821592742006715,-0.4170561588442041,0.252056277056277,18.243982963003667,18.252429418051697,78.44189888002501,1.1926176128306187,-1.7431360236874007,999.28,-1.65,77.51,False
HAOS / PANGAEA,HAOS_Flight_02,HAOS_Flight_02_seg00,train,10.1594/PANGAEA.918817,CC BY 4.0,fixed-wing UAV,2020-02-27 16:19:40+00:00,137.0,65.0345,24.51864,24.02,383161.937128424,7214594.05277353,-903.050106137991,-298.8321668598801,-1.6700000000000017,-905.1471388553451,-298.9041455083551,-2.04103896103896,18.48579647628202,3.5555173247766163,-0.17523809523809475,1.7561965273556268,0.19771772781510322,0.20376082251082234,18.824621505074344,18.825437131693118,79.112809732784,0.4163497664465842,-0.5333500732053997,999.3,-1.62,77.82,False
HAOS / PANGAEA,HAOS_Flight_02,HAOS_Flight_02_seg00,train,10.1594/PANGAEA.918817,CC BY 4.0,fixed-wing UAV,2020-02-27 16:19:41+00:00,138.0,65.03454,24.51904,23.64,383180.594124963,7214597.8742555,-884.393109599012,-295.01068488974124,-2.0500000000000007,-885.2109410583233,-295.1045154163255,-1.9693073593073578,21.386425089529382,4.0508277974539055,-0.14769480519480505,2.3365147781439077,0.39792805354744587,-0.08177489177489172,21.766680591093284,21.767181666677903,79.27459841291818,0.12290141860799869,-0.38876663305227116,999.35,-1.61,77.97,False
HAOS / PANGAEA,HAOS_Flight_02,HAOS_Flight_02_seg00,train,10.1594/PANGAEA.918817,CC BY 4.0,fixed-wing UAV,2020-02-27 16:19:42+00:00,139.0,65.03458,24.51942,23.11,383198.933051025,7214601.47709419,-866.0541835370241,-291.40784619934857,-2.580000000000002,-862.3742886762864,-290.8024899134473,-2.33642857142857,23.158826032569834,4.351373431871508,-0.3387878787878782,0.5594205950562525,0.05513861263069941,0.05197510822510831,23.564075919722196,23.566511222012583,79.35861256999999,0.12500787579447184,-0.8237020779609041,999.42,-1.63,77.13,False
HAOS / PANGAEA,HAOS_Flight_02,HAOS_Flight_02_seg00,train,10.1594/PANGAEA.918817,CC BY 4.0,fixed-wing UAV,2020-02-27 16:19:43+00:00,140.0,65.03462,24.51981,22.96,383217.484714616,7214605.01156289,-847.5025199460215,-287.8733774991706,-2.7300000000000004,-838.8932889931837,-286.4017685525825,-2.646883116883114,22.505266279641887,4.161105022715304,-0.04374458874458842,-1.3152707430389228,-0.32560866857875226,0.31103896103896045,22.88671678785869,22.886758593490192,79.52461416450711,0.21186077146788262,-0.1095123115595148,999.44,-1.64,77.35,False
HAOS / PANGAEA,HAOS_Flight_02,HAOS_Flight_02_seg00,train,10.1594/PANGAEA.918817,CC BY 4.0,fixed-wing UAV,2020-02-27 16:19:44+00:00,141.0,65.0347,24.52062,24.25,383255.73664136,7214611.97640629,-809.250593202014,-280.9085340993479,-1.4400000000000013,-817.3637561170026,-282.4802798680167,-2.423917748917747,20.52828454649199,3.7001560947140035,0.2832900432900427,-2.040193791087944,-0.39508780179187397,0.189393939393939,20.859089662470673,20.86101327346345,79.78233411293576,0.05374208728551107,0.7780936891899446,999.27,-1.73,77.58,False
HAOS / PANGAEA,HAOS_Flight_02,HAOS_Flight_02_seg00,train,10.1594/PANGAEA.918817,CC BY 4.0,fixed-wing UAV,2020-02-27 16:19:45+00:00,142.0,65.03473,24.52102,22.13,383274.713929297,7214615.26282179,-790.2733052650001,-277.62211859971285,-3.5600000000000023,-797.8367199001997,-279.0014563631545,-2.0803030303030288,18.424878697466,3.3709294191315564,0.3350432900432896,-2.2052118656853565,-0.24695688943192806,0.006547619047619135,18.730705276766887,18.733701560858336,79.63209833907814,-0.5165097994040229,1.02476224013385,999.55,-1.64,78.03,False
HAOS / PANGAEA,HAOS_Flight_02,HAOS_Flight_02_seg00,train,10.1594/PANGAEA.918817,CC BY 4.0,fixed-wing UAV,2020-02-27 16:19:46+00:00,143.0,65.03475,24.521214999999998,23.835,383283.9243661085,7214617.03307721,-781.062868453504,-275.85186317935586,-1.8550000000000004,-780.5139987220706,-275.73842102975357,-1.7538311688311676,16.117860815121276,3.2062423158501474,0.296385281385281,-2.3733080702790232,-0.15310968121903556,-0.08867965367965353,16.433667486096038,16.436339959936088,78.74931451412772,-1.1305216689529547,1.0332316204645056,999.325,-1.68,77.88,True
HAOS / PANGAEA,HAOS_Flight_02,HAOS_Flight_02_seg00,train,10.1594/PANGAEA.918817,CC BY 4.0,fixed-wing UAV,2020-02-27 16:19:47+00:00,144.0,65.03477,24.52141,25.54,383293.13480292,7214618.80333263,-771.852431642008,-274.0816077599302,-0.15000000000000213,-765.6009982699571,-272.5889717314542,-1.4875324675324668,13.678262556907953,3.0647100566934853,0.15768398268398254,-1.052790571441733,0.05234677784621056,-0.09218614718614693,14.017393277899721,14.01828015648508,77.37105500117224,-1.021894731924162,0.6445025449905313,999.1,-1.72,77.73,False
HAOS / PANGAEA,HAOS_Flight_02,HAOS_Flight_02_seg00,train,10.1594/PANGAEA.918817,CC BY 4.0,fixed-wing UAV,2020-02-27 16:19:48+00:00,145.0,65.03481,24.52178,24.1,383310.910935829,7214622.77251608,-754.076298733009,-270.11242430936545,-1.5899999999999999,-753.1574736082547,-269.6090009163666,-1.4384632034632026,14.01227967223781,3.3109358715425685,0.11201298701298712,1.534951434228418,0.3640841651350968,-0.06409090909090898,14.398134530503466,14.398570236927549,76.70552505027939,-0.06566184519328727,0.44573426648962466,999.29,-1.6,77.45,False
HAOS / PANGAEA,HAOS_Flight_02,HAOS_Flight_02_seg00,train,10.1594/PANGAEA.918817,CC BY 4.0,fixed-wing UAV,2020-02-27 16:19:49+00:00,146.0,65.03486,24.52215,24.02,383328.454653361,7214627.2785661,-736.5325812009978,-265.60637428984046,-1.6700000000000017,-737.5764389254815,-265.96709998836906,-1.2635064935064926,16.74816542536479,3.792878386963679,0.029502164502164585,2.100680181823776,0.27765146646954975,-0.16996753246753238,17.172273337379668,17.172298679891142,77.23973131078566,0.6550481499936575,0.09843471602213849,999.3,-1.65,77.89,False
HAOS / PANGAEA,HAOS_Flight_02,HAOS_Flight_02_seg00,train,10.1594/PANGAEA.918817,CC BY 4.0,fixed-wing UAV,2020-02-27 16:19:50+00:00,147.0,65.0349,24.52252,24.25,383346.041154839,7214631.42517725,-718.9460797230131,-261.4597631394863,-1.4400000000000013,-719.6611427575251,-262.02324414243924,-1.3794588744588734,18.213640035885362,3.866238804481668,-0.22792207792207764,0.7100326359924054,-0.12338598706210746,-0.07434523809523802,18.619465240712096,18.620860192904363,78.01562135026671,0.8580149803864591,-0.7013263133220549,999.27,-1.61,77.93,False
HAOS / PANGAEA,HAOS_Flight_02,HAOS_Flight_02_seg00,train,10.1594/PANGAEA.918817,CC BY 4.0,fixed-wing UAV,2020-02-27 16:19:51+00:00,148.0,65.03494,24.52289,23.87,383363.767807474,7214634.85825616,-701.2194270879845,-258.0266842292622,-1.8200000000000003,-701.1491588537108,-258.2346223794057,-1.7193506493506479,18.1682306973496,3.546106412839464,-0.11918831168831145,-0.17478731006167436,-0.3401187386321496,0.1400324675324675,18.511063647540556,18.511447356080524,78.95576127155857,0.936086243779586,-0.3689087233542516,999.32,-1.65,77.99,False
HAOS / PANGAEA,HAOS_Flight_02,HAOS_Flight_02_seg00,train,10.1594/PANGAEA.918817,CC BY 4.0,fixed-wing UAV,2020-02-27 16:19:52+00:00,149.0,65.03497,24.52327,24.1,383381.611011236,7214637.87244976,-683.3762233260204,-255.01249062921852,-1.5899999999999999,-683.3246813628259,-254.9310313167603,-1.6178354978354963,17.864065415762013,3.186001327217369,0.05214285714285738,-0.14273562448590837,-0.24302205275966315,-0.0079274891774892,18.145948242945455,18.14602315972308,79.88779383782588,0.6669733171605358,0.16464046866842474,999.29,-1.66,77.7,False
HAOS / PANGAEA,HAOS_Flight_02,HAOS_Flight_02_seg00,train,10.1594/PANGAEA.918817,CC BY 4.0,fixed-wing UAV,2020-02-27 16:19:53+00:00,150.0,65.03501,24.52364,24.71,383399.526105966,7214640.90713285,-665.4611285959836,-251.9778075395152,-0.9800000000000004,-665.4210280221868,-251.86261972497098,-1.615064935064933,17.882759448377783,3.0600623073201376,-0.13504329004328985,-0.015895461247964704,-0.027348928738106792,-0.12756493506493527,18.14268631744556,18.14318890116652,80.28970790587965,0.0763725229420241,-0.4264675883906219,999.21,-1.68,77.77,False
HAOS / PANGAEA,HAOS_Flight_02,HAOS_Flight_02_seg00,train,10.1594/PANGAEA.918817,CC BY 4.0,fixed-wing UAV,2020-02-27 16:19:54+00:00,151.0,65.03504,24.52402,23.04,383417.586227877,7214643.99178999,-647.4010066849878,-248.89315039943904,-2.650000000000002,-647.5591624660703,-248.81090670212004,-1.887922077922076,17.832274493266084,3.1313034697411553,-0.20298701298701316,-0.03370661688194332,0.13215482744058704,-0.009134199134199328,18.105111847840135,18.10624971522934,80.04053888370993,-0.4298141553769292,-0.6423496284596605,999.43,-1.62,77.85,False
HAOS / PANGAEA,HAOS_Flight_02,HAOS_Flight_02_seg00,train,10.1594/PANGAEA.918817,CC BY 4.0,fixed-wing UAV,2020-02-27 16:19:55+00:00,152.0,65.03508,24.5244,24.1,383435.395293558,7214647.31228907,-629.5919410039787,-245.57265131920576,-1.5899999999999999,-629.7564790356546,-245.60001278548867,-2.0210389610389594,17.815346214613896,3.3243719622013117,-0.1533116883116885,0.0289493954398381,0.21766263781744755,0.027965367965368026,18.122858761509672,18.12350722579382,79.43007959512579,-0.6576714963230763,-0.4846863991813825,999.29,-1.68,78.13,False
HAOS / PANGAEA,HAOS_Flight_02,HAOS_Flight_02_seg00,train,10.1594/PANGAEA.918817,CC BY 4.0,fixed-wing UAV,2020-02-27 16:19:56+00:00,153.0,65.03511,24.52477,23.64,383453.100415717,7214650.75063827,-611.8868188449997,-242.13430211972445,-2.0500000000000007,-611.9284700368426,-242.1621627777174,-2.194545454545453,17.89017328414576,3.5666287453760503,-0.1470562770562771,0.12711222373536657,0.26036891406319995,0.11784632034632059,18.242235080825633,18.242827804173537,78.72519589106378,-0.7215681372672988,-0.46186892571555604,999.35,-1.63,77.68,False
HAOS / PANGAEA,HAOS_Flight_02,HAOS_Flight_02_seg00,train,10.1594/PANGAEA.918817,CC BY 4.0,fixed-wing UAV,2020-02-27 16:19:57+00:00,154.0,65.03515,24.52514,22.81,383470.794888612,7214654.29983354,-594.1923459499958,-238.5851068496704,-2.8800000000000026,-593.9761324673631,-238.46675529473657,-2.3151515151515136,18.06957066208463,3.8451097903277116,0.08238095238095267,0.20936606016533688,0.24487751623155418,0.1900216450216451,18.47415094697842,18.47433462490757,77.9869433205912,-0.6087159771766126,0.2554948052235842,999.46,-1.62,77.91,False
HAOS / PANGAEA,HAOS_Flight_02,HAOS_Flight_02_seg00,train,10.1594/PANGAEA.918817,CC BY 4.0,fixed-wing UAV,2020-02-27 16:19:58+00:00,155.0,65.03519,24.52553,23.95,383488.962738554,7214658.23083705,-576.0244960080017,-234.65410333964974,-1.740000000000002,-575.7893287126733,-234.471943197062,-2.0297835497835477,18.308905404476434,4.056383777839159,0.23298701298701308,0.21621820170733486,0.13174587390909664,0.11467532467532426,18.752873552156828,18.754320819784535,77.50776393671055,-0.25351439122550784,0.7118101502487842,999.31,-1.71,77.7,False
HAOS / PANGAEA,HAOS_Flight_02,HAOS_Flight_02_seg00,train,10.1594/PANGAEA.918817,CC BY 4.0,fixed-wing UAV,2020-02-27 16:19:59+00:00,156.0,65.03524,24.52592,23.8,383507.548756003,7214662.43772523,-557.4384785590228,-230.44721515942365,-1.8900000000000006,-557.3583216584102,-230.35398773905825,-1.8491774891774875,18.5020070654993,4.108601538145905,0.3117316017316012,0.12187318215572418,-0.014884248193453686,0.12402597402597365,18.952700917047178,18.955264404448677,77.47991453814018,0.12341890318921457,0.9423086877098928,999.33,-1.69,78.06,False
HAOS / PANGAEA,HAOS_Flight_02,HAOS_Flight_02_seg00,train,10.1594/PANGAEA.918817,CC BY 4.0,fixed-wing UAV,2020-02-27 16:20:00+00:00,157.0,65.03528,24.52631,24.1,383526.249822933,7214666.78903206,-538.7374116290011,-226.09590832982212,-1.5899999999999999,-538.7853145816747,-226.25474012077018,-1.4063203463203453,18.552651768787882,4.026615281452251,0.4810389610389604,-0.05099511401245138,-0.11493041219583233,0.0873268398268397,18.984586334148368,18.99067973403718,77.75460174308898,0.308180815541564,1.4514725556026646,999.29,-1.63,77.88,False
HAOS / PANGAEA,HAOS_Flight_02,HAOS_Flight_02_seg00,train,10.1594/PANGAEA.918817,CC BY 4.0,fixed-wing UAV,2020-02-27 16:20:01+00:00,158.0,65.03533,24.5267,25.01,383544.915171134,7214670.96292218,-520.0720634280005,-221.9220182094723,-0.6799999999999997,-520.2530181208344,-222.30075717615375,-0.8870995670995667,18.400016837474396,3.8787407137542402,0.4863852813852806,-0.25088782768284545,-0.14785072579678626,-0.04006493506493511,18.804394410453,18.810683660777038,78.0962761692233,0.2837222565160595,1.481654286330664,999.17,-1.71,77.85,False
HAOS / PANGAEA,HAOS_Flight_02,HAOS_Flight_02_seg00,train,10.1594/PANGAEA.918817,CC BY 4.0,fixed-wing UAV,2020-02-27 16:20:02+00:00,159.0,65.03536,24.52709,25.24,383563.063674301,7214674.38655803,-501.9235602609697,-218.49838235974312,-0.45000000000000284,-501.9852809067259,-218.4972586932617,-0.43354978354978413,18.05087611342219,3.730913829858679,0.40090909090909016,-0.37182898262348374,-0.1454908307400018,-0.09811688311688302,18.432412931245505,18.43677234678348,78.3220462561211,0.20882318049672202,1.2459995211666954,999.14,-1.7,77.77,False
HAOS / PANGAEA,HAOS_Flight_02,HAOS_Flight_02_seg00,train,10.1594/PANGAEA.918817,CC BY 4.0,fixed-wing UAV,2020-02-27 16:20:03+00:00,160.0,65.0354,24.52746,25.47,383580.964974732,7214677.80280043,-484.02225982997334,-215.08213995955884,-0.22000000000000242,-484.15126589399006,-214.8389295164364,-0.08528138528138643,17.65635887222743,3.5877590522742366,0.29015151515151455,-0.3365625940938912,-0.13620182078680898,-0.12999999999999984,18.017186895907475,18.019523066491097,78.51392253021675,0.2110263838277722,0.9226201852522641,999.11,-1.7,77.7,False
HAOS / PANGAEA,HAOS_Flight_02,HAOS_Flight_02_seg00,train,10.1594/PANGAEA.918817,CC BY 4.0,fixed-wing UAV,2020-02-27 16:20:04+00:00,161.0,65.03544,24.52783,26.0,383598.462264814,7214681.35064141,-466.5249697479885,-211.53429897967726,0.3099999999999987,-466.67256316227105,-211.32174058871323,0.14675324675324494,17.37775092523441,3.458510188285061,0.1409090909090905,-0.18786440866206533,-0.1105051960844392,-0.0997186147186144,17.718564274284667,17.719124563980515,78.74409902377664,0.2306844075660852,0.4556422227496297,999.04,-1.65,78.07,False
HAOS / PANGAEA,HAOS_Flight_02,HAOS_Flight_02_seg00,train,10.1594/PANGAEA.918817,CC BY 4.0,fixed-wing UAV,2020-02-27 16:20:05+00:00,162.0,65.03548,24.52819,26.3,383615.648230219,7214685.170126,-449.3390043429681,-207.7148143891245,0.6099999999999994,-449.39576404352124,-207.92190913986627,0.1965367965367946,17.2806300549033,3.3667486601053582,0.09071428571428576,-0.4274959320893572,-0.1688106469245625,-0.03647186147186115,17.605543775605128,17.605777481167397,78.97529134534892,0.2798235348553842,0.29521949352696764,999.0,-1.67,78.2,False
HAOS / PANGAEA,HAOS_Flight_02,HAOS_Flight_02_seg00,train,10.1594/PANGAEA.918817,CC BY 4.0,fixed-wing UAV,2020-02-27 16:20:06+00:00,163.0,65.03552,24.52855,25.39,383632.625956465,7214688.55767035,-432.36127809697064,-204.32727003935724,-0.3000000000000007,-432.11130305246445,-204.5882432685025,0.32818181818181646,16.522759061055694,3.120888894435936,0.06796536796536821,0.029336588000873576,-0.07430458823884578,-0.05749999999999996,16.81491940156454,16.81505675792842,79.3037460934874,0.2551833377554311,0.23158645235793876,999.12,-1.64,77.96,False
HAOS / PANGAEA,HAOS_Flight_02,HAOS_Flight_02_seg00,train,10.1594/PANGAEA.918817,CC BY 4.0,fixed-wing UAV,2020-02-27 16:20:07+00:00,164.0,65.03555,24.52892,26.15,383650.18738797,7214691.63790316,-414.79984659201,-201.24703722912818,0.4599999999999973,-416.35024592140985,-201.6801313509944,0.332467532467531,17.339303230905045,3.2181394836276667,-0.02428571428571416,1.9673017229165737,0.39167069414432376,-0.051850649350649584,17.63541488792814,17.635431609838072,79.48565802085977,-0.05427770588250387,-0.07890191754948016,999.02,-1.68,78.22,False
HAOS / PANGAEA,HAOS_Flight_02,HAOS_Flight_02_seg00,train,10.1594/PANGAEA.918817,CC BY 4.0,fixed-wing UAV,2020-02-27 16:20:08+00:00,165.0,65.03558,24.52929,26.0,383667.989654466,7214694.65683356,-396.9975800960092,-198.22810682933778,0.3099999999999987,-397.43269659065436,-198.15196430124718,0.27961038961038814,20.457362506888842,3.9042302827245834,-0.035735930735930954,2.5108756004014907,0.624958102471389,0.04393939393939375,20.826586250242862,20.826616909511504,79.19519068172241,-0.39267637587238985,-0.09831260745649767,999.04,-1.7,77.94,False
HAOS / PANGAEA,HAOS_Flight_02,HAOS_Flight_02_seg00,train,10.1594/PANGAEA.918817,CC BY 4.0,fixed-wing UAV,2020-02-27 16:20:09+00:00,166.0,65.03562,24.52967,26.3,383686.040476025,7214698.00950509,-378.9467585369712,-194.87543529924005,0.6099999999999994,-375.43552090763217,-193.87167078554523,0.2609956709956691,22.361054431708027,4.468055688570445,0.06359307359307334,0.6230243602450969,0.3278132796769384,0.1311688311688312,22.803076041051476,22.803164714858877,78.700305269115,-0.5301908900323381,0.159785691663673,999.0,-1.69,77.94,False
HAOS / PANGAEA,HAOS_Flight_02,HAOS_Flight_02_seg00,train,10.1594/PANGAEA.918817,CC BY 4.0,fixed-wing UAV,2020-02-27 16:20:10+00:00,167.0,65.03566,24.53006,25.85,383704.337077959,7214701.88310347,-360.65015660302015,-191.00183691922575,0.16000000000000014,-352.7105877272383,-189.2158529241063,0.4067965367965348,21.703411227379036,4.55985684207846,0.22660173160173147,-1.4084929306728782,-0.0904821192369809,0.11461038961038959,22.177248551724627,22.178406202198953,78.13480890165772,-0.5362378693121423,0.5854139668620436,999.06,-1.68,78.2,False
HAOS / PANGAEA,HAOS_Flight_02,HAOS_Flight_02_seg00,train,10.1594/PANGAEA.918817,CC BY 4.0,fixed-wing UAV,2020-02-27 16:20:11+00:00,168.0,65.03575,24.53083,26.15,383741.140017976,7214709.87275436,-323.8472165860003,-183.01218602992594,0.4599999999999973,-332.0286984528741,-184.7519571013883,0.7141991341991321,19.54406857036227,4.287091450096483,0.2928138528138525,-2.2352398826475195,-0.37892473000404436,0.0035281385281383804,20.008742323907136,20.010884771466564,77.62782953049071,-0.2881769375563354,0.8384235332202667,999.02,-1.71,77.67,False
HAOS / PANGAEA,HAOS_Flight_02,HAOS_Flight_02_seg00,train,10.1594/PANGAEA.918817,CC BY 4.0,fixed-wing UAV,2020-02-27 16:20:12+00:00,169.0,65.03579,24.5312,26.38,383758.642012096,7214713.89632303,-306.345222465985,-178.98861735966057,0.6899999999999977,-313.62245058651376,-180.64167002391332,0.9924242424242399,17.232931462083997,3.8020073820703715,0.23365800865800823,-2.2753238107225258,-0.5777660819048904,-0.08535714285714271,17.647356371711943,17.64890316635037,77.55845502654506,0.28742089205346316,0.7585745551049916,998.99,-1.69,78.12,False
HAOS / PANGAEA,HAOS_Flight_02,HAOS_Flight_02_seg00,train,10.1594/PANGAEA.918817,CC BY 4.0,fixed-wing UAV,2020-02-27 16:20:13+00:00,170.0,65.035805,24.531374999999997,27.1,383766.97587330546,7214715.635763145,-298.01136125653284,-177.24917724449188,1.4100000000000001,-297.5628355287061,-177.14794233724757,1.1815151515151485,14.993420948917219,3.131559286286702,0.1220995670995671,-2.1030674050126095,-0.6792457511031671,-0.1789177489177484,15.316962339672909,15.317448991893007,78.20267131459764,0.9088384568525261,0.45672513535421094,998.895,-1.72,78.045,True
HAOS / PANGAEA,HAOS_Flight_02,HAOS_Flight_02_seg00,train,10.1594/PANGAEA.918817,CC BY 4.0,fixed-wing UAV,2020-02-27 16:20:14+00:00,171.0,65.03582,24.53155,27.82,383775.309734515,7214717.37520326,-289.6775000470225,-175.50973712932318,2.129999999999999,-283.6356086886793,-174.37855145133992,1.236623376623374,13.026796652058778,2.4435158798640373,-0.12417748917748855,-0.5115946136029237,-0.3619472818686944,-0.23226190476190453,13.253988111856653,13.254569812636543,79.3761319402501,1.0094441632152493,-0.5367922328249669,998.8,-1.75,77.97,False
HAOS / PANGAEA,HAOS_Flight_02,HAOS_Flight_02_seg00,train,10.1594/PANGAEA.918817,CC BY 4.0,fixed-wing UAV,2020-02-27 16:20:15+00:00,172.0,65.03586,24.53191,26.23,383792.124000219,7214720.57525757,-272.8632343430072,-172.3096828199923,0.5399999999999991,-271.50924222458855,-172.2609105775195,0.9331601731601714,13.970231721711372,2.4076647225493133,-0.34242424242424196,2.058552226950063,0.27805156208518156,-0.13256493506493536,14.176185092418875,14.180320099924364,80.22155964102814,0.349725231283942,-1.3837043876322637,999.01,-1.7,77.99,False
HAOS / PANGAEA,HAOS_Flight_02,HAOS_Flight_02_seg00,train,10.1594/PANGAEA.918817,CC BY 4.0,fixed-wing UAV,2020-02-27 16:20:16+00:00,173.0,65.03589,24.53228,26.23,383809.791302602,7214723.45784212,-255.1959319600137,-169.42709826957434,0.5399999999999991,-255.69514524525658,-169.5632220062413,0.5517748917748901,17.143901105958903,2.9996190040344004,-0.38930735930735927,2.4269067625248297,0.5404561735957785,0.0658982683982681,17.404340243176794,17.408693791329494,80.07558240281799,-0.3604068387652438,-1.281401607033588,999.01,-1.7,77.99,False
HAOS / PANGAEA,HAOS_Flight_02,HAOS_Flight_02_seg00,train,10.1594/PANGAEA.918817,CC BY 4.0,fixed-wing UAV,2020-02-27 16:20:17+00:00,174.0,65.03593,24.53267,25.62,383828.484700298,7214726.66533294,-236.50253426400013,-166.21960744913667,-0.07000000000000028,-237.22144001267074,-166.2616725694507,0.15454545454545282,18.82404524676103,3.4885770697408702,-0.21062770562770577,0.8251610253160848,0.3885877586526334,0.2612878787878785,19.144577546230376,19.14573616902746,79.50074596349765,-0.7190611376169351,-0.6303399314343584,999.09,-1.7,77.55,False
HAOS / PANGAEA,HAOS_Flight_02,HAOS_Flight_02_seg00,train,10.1594/PANGAEA.918817,CC BY 4.0,fixed-wing UAV,2020-02-27 16:20:18+00:00,175.0,65.03596,24.53307,25.47,383847.381362947,7214730.20746459,-217.60587161500007,-162.67747579980642,-0.22000000000000242,-218.04705475173452,-162.58606786675955,0.13051948051947856,18.794223156591073,3.776794521339667,0.13326839826839776,-0.24577601694613804,0.2993915802567386,0.21215367965367937,19.16995046723297,19.170413698774016,78.63746012758412,-1.0348367474506162,0.3983105626548761,999.11,-1.7,77.94,False
HAOS / PANGAEA,HAOS_Flight_02,HAOS_Flight_02_seg00,train,10.1594/PANGAEA.918817,CC BY 4.0,fixed-wing UAV,2020-02-27 16:20:19+00:00,176.0,65.03601,24.53346,26.15,383865.747858616,7214734.03055681,-199.23937594599556,-158.85438357945532,0.4599999999999973,-199.6329936994886,-158.70808352677136,0.42108225108224834,18.332493212868755,4.0873602302543475,0.21367965367965297,-0.3172524233556757,0.3205075105289268,0.033354978354978346,18.78262018600557,18.783835605278824,77.43107246859643,-1.155248629101012,0.6517948011292986,999.02,-1.7,77.7,False
HAOS / PANGAEA,HAOS_Flight_02,HAOS_Flight_02_seg00,train,10.1594/PANGAEA.918817,CC BY 4.0,fixed-wing UAV,2020-02-27 16:20:20+00:00,177.0,65.03605,24.53383,26.45,383883.604135389,7214738.42463657,-181.38309917302104,-154.46030381973833,0.759999999999998,-181.382068325997,-154.41134740625085,0.5578787878787845,18.15971830987972,4.417809542397521,0.19997835497835445,-0.1397580249921333,0.25067267386903325,-0.05545454545454517,18.689366234494933,18.690436099501245,76.3269628693821,-0.8462505837978772,0.6130479941860478,998.98,-1.69,77.66,False
HAOS / PANGAEA,HAOS_Flight_02,HAOS_Flight_02_seg00,train,10.1594/PANGAEA.918817,CC BY 4.0,fixed-wing UAV,2020-02-27 16:20:21+00:00,178.0,65.0361,24.53421,26.99,383901.396478578,7214743.03237294,-163.5907559840125,-149.85256744921207,1.2999999999999972,-163.31355707972915,-149.87246444197632,0.8210389610389572,18.05297716288449,4.588705577992414,0.10277056277056262,-0.03327814777667015,0.09345516125324593,-0.138841991341991,18.627028837824017,18.627312342732104,75.73857130100066,-0.30282141796632506,0.3161137403985699,998.91,-1.76,78.33,False
HAOS / PANGAEA,HAOS_Flight_02,HAOS_Flight_02_seg00,train,10.1594/PANGAEA.918817,CC BY 4.0,fixed-wing UAV,2020-02-27 16:20:22+00:00,179.0,65.03615,24.53459,26.15,383919.575305669,7214747.61062534,-145.41192889300874,-145.2743150498718,0.4599999999999973,-145.27611400022803,-145.23393625026603,0.7634199134199098,18.09316201432638,4.604719864904013,-0.0777056277056275,0.08317293134776804,-0.06661204879527816,-0.1107359307359305,18.669921175808554,18.670082883465778,75.72132003344944,0.25980689076109825,-0.23846800219251224,999.02,-1.71,77.62,False
HAOS / PANGAEA,HAOS_Flight_02,HAOS_Flight_02_seg00,train,10.1594/PANGAEA.918817,CC BY 4.0,fixed-wing UAV,2020-02-27 16:20:23+00:00,180.0,65.0362,24.53497,26.15,383937.971686505,7214752.38909733,-127.01554805698106,-140.49584305938333,0.4599999999999973,-127.12723305107639,-140.6630247121683,0.6656277056277022,18.219323025580024,4.455481480401858,-0.11870129870129836,0.13031775757654174,-0.18500499202349374,-0.08509740259740237,18.756200221063818,18.75657582638547,76.25818508252286,0.6431902702938394,-0.3625997036690177,999.02,-1.71,77.62,False
HAOS / PANGAEA,HAOS_Flight_02,HAOS_Flight_02_seg00,train,10.1594/PANGAEA.918817,CC BY 4.0,fixed-wing UAV,2020-02-27 16:20:24+00:00,181.0,65.03624,24.53536,26.38,383956.272711073,7214756.67164912,-108.71452348900493,-136.21329126972705,0.6899999999999977,-108.83746794906799,-136.3229732894623,0.526017316017313,18.353797529479465,4.234709880857025,-0.24790043290043223,0.13503132708710908,-0.1849595260276118,-0.13452380952380927,18.835993510514772,18.837624748167876,77.00770057403713,0.6407528587101291,-0.7540259844561884,998.99,-1.72,77.74,False
HAOS / PANGAEA,HAOS_Flight_02,HAOS_Flight_02_seg00,train,10.1594/PANGAEA.918817,CC BY 4.0,fixed-wing UAV,2020-02-27 16:20:25+00:00,182.0,65.03628,24.53574,25.54,383974.547768789,7214760.74449116,-90.43946577300085,-132.14044922962785,-0.15000000000000213,-90.41963799211746,-132.19360495045424,0.1698268398268378,18.489385679754243,4.085562428346634,-0.3877489177489169,0.14348787571702282,-0.1013971540968015,-0.03924242424242419,18.935395511333237,18.93936515287232,77.53969079994312,0.39374522509740945,-1.1731084232994438,999.1,-1.71,77.7,False
HAOS / PANGAEA,HAOS_Flight_02,HAOS_Flight_02_seg00,train,10.1594/PANGAEA.918817,CC BY 4.0,fixed-wing UAV,2020-02-27 16:20:26+00:00,183.0,65.03632,24.53613,26.23,383992.946774904,7214764.55492336,-72.04045965801924,-128.33001702930778,0.5399999999999991,-71.8586965895595,-128.15184843276904,-0.24948051948052072,18.64077328091351,4.031915572663422,-0.3263852813852806,0.14136875585069042,-0.08065011466397465,0.08450216450216444,19.071831891444116,19.074624479853068,77.79519102423194,0.3264093339154481,-0.980434073385653,999.01,-1.77,77.69,False
HAOS / PANGAEA,HAOS_Flight_02,HAOS_Flight_02_seg00,train,10.1594/PANGAEA.918817,CC BY 4.0,fixed-wing UAV,2020-02-27 16:20:27+00:00,184.0,65.03636,24.53652,25.16,384011.585496158,7214768.25270894,-53.4017384040053,-124.63223144970834,-0.5300000000000011,-53.13809143029044,-124.1297738051274,-0.48294372294372345,18.772123191455623,3.924262199018685,-0.21874458874458802,-0.1437417805342669,-0.08952712201719493,0.07524891774891765,19.177915499913777,19.17916296705719,78.19250946777402,0.1745025566869119,-0.6534911604508667,999.15,-1.78,77.68,False
HAOS / PANGAEA,HAOS_Flight_02,HAOS_Flight_02_seg00,train,10.1594/PANGAEA.918817,CC BY 4.0,fixed-wing UAV,2020-02-27 16:20:28+00:00,185.0,65.0364,24.53692,24.25,384030.474590337,7214772.02651686,-34.51264422497479,-120.8584235291928,-1.4400000000000013,-34.31445020664825,-120.30332403473167,-0.6869696969696968,18.353289719844977,3.8528613286290323,-0.17588744588744532,-0.14942235585527008,-0.7344643568964813,0.07017316017315983,18.753340607961356,18.754165413364394,78.14419613760577,2.1182637552503265,-0.5373609454964965,999.27,-1.72,77.7,False
HAOS / PANGAEA,HAOS_Flight_02,HAOS_Flight_02_seg00,train,10.1594/PANGAEA.918817,CC BY 4.0,fixed-wing UAV,2020-02-27 16:20:29+00:00,186.0,65.03644,24.53732,24.48,384049.293257689,7214775.55866712,-15.693976873008069,-117.32627326995134,-1.2100000000000009,-16.431511990600484,-116.42405114786933,-0.8347186147186141,18.473278479745083,2.4553334852257223,-0.07839826839826836,0.2942508807947224,-2.4037163340097436,0.11797619047619007,18.635736645324315,18.635901550565546,82.42903697827467,7.370391652952864,-0.24103492591876605,999.24,-1.73,77.7,False
HAOS / PANGAEA,HAOS_Flight_02,HAOS_Flight_02_seg00,train,10.1594/PANGAEA.918817,CC BY 4.0,fixed-wing UAV,2020-02-27 16:20:30+00:00,187.0,65.03647,24.5377,25.85,384067.435062357,7214777.71043262,2.447827794996556,-115.17450776975602,0.16000000000000014,2.6321067528419158,-115.39265706428023,-0.8437662337662335,18.94179148143442,-0.9545713393904549,0.06006493506493482,-0.380072763371162,-3.52715513400544,0.07258658008657992,18.965829034559164,18.965924147390016,92.8849794435115,11.062836040378526,0.18145559383891313,999.06,-1.8,77.64,False
HAOS / PANGAEA,HAOS_Flight_02,HAOS_Flight_02_seg00,train,10.1594/PANGAEA.918817,CC BY 4.0,fixed-wing UAV,2020-02-27 16:20:31+00:00,188.0,65.03647,24.53806,24.78,384084.545208427,7214776.99359008,19.557973865012173,-115.8913503093645,-0.9100000000000001,21.452070972268356,-118.33319382665024,-0.7145887445887444,17.71313295300276,-4.598976782785158,0.06677489177489149,-1.9811533974347268,-3.0869039031556014,-0.08023809523809527,18.30042804033144,18.30054986456748,104.55470905903172,11.281841046442421,0.2090608202496513,999.2,-1.72,77.7,False
HAOS / PANGAEA,HAOS_Flight_02,HAOS_Flight_02_seg00,train,10.1594/PANGAEA.918817,CC BY 4.0,fixed-wing UAV,2020-02-27 16:20:32+00:00,189.0,65.03644,24.53839,24.63,384100.024131105,7214773.12394348,35.03689654299524,-119.76099690981209,-1.0600000000000023,38.05837265884743,-124.59061062985054,-0.7102164502164505,14.979484686564968,-7.128379145701658,-0.10041125541125573,-3.121577414118862,-2.000772657016995,-0.19311688311688302,16.589115429097138,16.5894193129272,115.44866153639634,11.154458602373603,-0.34679793011175275,999.22,-1.77,77.46,False
HAOS / PANGAEA,HAOS_Flight_02,HAOS_Flight_02_seg00,train,10.1594/PANGAEA.918817,CC BY 4.0,fixed-wing UAV,2020-02-27 16:20:33+00:00,190.0,65.0363,24.53888,25.31,384122.106597786,7214757.03650954,57.119363224017434,-135.84843084961176,-0.38000000000000256,51.41104034539829,-132.58995211805356,-0.9154112554112559,11.469978124765035,-8.600522096819148,-0.31945887445887455,-3.718516479510325,-1.1212553516719623,-0.05950216450216428,14.33629584378276,14.339854688696583,126.86362626377894,12.860704479278407,-1.2765233660427495,999.13,-1.74,78.07,False
HAOS / PANGAEA,HAOS_Flight_02,HAOS_Flight_02_seg00,train,10.1594/PANGAEA.918817,CC BY 4.0,fixed-wing UAV,2020-02-27 16:20:34+00:00,191.0,65.03621,24.53902,24.18,384128.33977067,7214746.72778984,63.35253610799555,-146.1571505498141,-1.5100000000000016,60.9983289083775,-141.79165482348884,-1.3491341991341996,7.542451727544318,-9.370889849045582,-0.21941558441558429,-3.9851170930328763,-0.3449026005981608,0.2171320346320348,12.02922086526313,12.031221792651246,141.17007049495317,16.247281335778478,-1.0449715034359113,999.28,-1.77,77.69,False
HAOS / PANGAEA,HAOS_Flight_02,HAOS_Flight_02_seg00,train,10.1594/PANGAEA.918817,CC BY 4.0,fixed-wing UAV,2020-02-27 16:20:35+00:00,192.0,65.03616,24.539055,24.29,384129.9135316205,7214741.27095066,64.92629705852596,-151.61398972943425,-1.4000000000000021,66.49594380048693,-151.33173181614472,-1.3542424242424245,3.4997439386992824,-9.29032729801547,0.11480519480519502,-3.8696864777494326,0.4535776693464513,0.23258658008658,9.92765777717553,9.928321568798426,159.35818893533587,20.08137979736364,0.6625490201691329,999.265,-1.75,77.675,True
HAOS / PANGAEA,HAOS_Flight_02,HAOS_Flight_02_seg00,train,10.1594/PANGAEA.918817,CC BY 4.0,fixed-wing UAV,2020-02-27 16:20:36+00:00,193.0,65.03611,24.53909,24.4,384131.487292571,7214735.81411148,66.50005800899817,-157.07082890998572,-1.2900000000000027,67.99781678577607,-160.37230941951978,-1.1195238095238096,-0.19692122795454736,-8.46373451035268,0.24575757575757573,-2.6991892418733023,0.40047438812817404,0.11886363636363612,8.466025031368265,8.469591289890928,181.33283008968044,16.62422748024884,1.6627542051953175,999.25,-1.73,77.66,False
HAOS / PANGAEA,HAOS_Flight_02,HAOS_Flight_02_seg00,train,10.1594/PANGAEA.918817,CC BY 4.0,fixed-wing UAV,2020-02-27 16:20:37+00:00,194.0,65.03602,24.5391,24.25,384131.503994333,7214724.94924134,66.51675977098057,-167.9356990493834,-1.4400000000000013,66.10210134457783,-168.25920083685008,-0.862727272727273,-1.8986345450473223,-8.489378521759122,0.35253246753246725,-1.0278498541150576,-0.5838953573821044,0.04344155844155828,8.699101150196618,8.706241437153961,192.60664389583357,5.915446018431018,2.3206508054862134,999.27,-1.72,77.78,False
HAOS / PANGAEA,HAOS_Flight_02,HAOS_Flight_02_seg00,train,10.1594/PANGAEA.918817,CC BY 4.0,fixed-wing UAV,2020-02-27 16:20:38+00:00,195.0,65.03592,24.53906,25.62,384129.331730873,7214714.61229447,64.3444963109796,-178.27264591958374,-0.07000000000000028,64.20054769568142,-177.35106646303802,-0.4144588744588751,-2.2526209361846625,-9.631525225116889,0.3326406926406923,-0.5910613767776738,-0.864074324482452,-0.11818181818181812,9.891439695221338,9.897031326342303,193.16372212654247,2.08615184457484,1.9260824049218794,999.09,-1.77,77.61,False
HAOS / PANGAEA,HAOS_Flight_02,HAOS_Flight_02_seg00,train,10.1594/PANGAEA.918817,CC BY 4.0,fixed-wing UAV,2020-02-27 16:20:39+00:00,196.0,65.03584,24.53901,26.23,384126.156731536,7214704.87351446,61.16949697397649,-188.01142592914402,0.5399999999999991,61.59685947220851,-187.52225128708386,-0.19744588744588837,-3.08075729860267,-10.217527170724026,0.116168831168831,-0.7895862131134628,-0.15316975758879892,-0.20835497835497813,10.67187551545544,10.672507775340923,196.77894758498326,3.9608379773978855,0.6236692741695334,999.01,-1.8,77.84,False
HAOS / PANGAEA,HAOS_Flight_02,HAOS_Flight_02_seg00,train,10.1594/PANGAEA.918817,CC BY 4.0,fixed-wing UAV,2020-02-27 16:20:40+00:00,197.0,65.03575,24.53894,25.31,384122.815153301,7214695.32885725,57.82791873899987,-197.55608313996345,-0.38000000000000256,58.03903309847608,-197.78612080448607,-0.18212121212121307,-3.831793362411588,-9.937864740294486,-0.08406926406926399,-0.5752477090200632,0.31676351109791767,-0.23882034632034616,10.650999763806677,10.651331541632297,201.08539808133824,3.5210469102550164,-0.45223116120645207,999.13,-1.78,77.42,False
HAOS / PANGAEA,HAOS_Flight_02,HAOS_Flight_02_seg00,train,10.1594/PANGAEA.918817,CC BY 4.0,fixed-wing UAV,2020-02-27 16:20:41+00:00,198.0,65.03566,24.53887,25.16,384119.047475352,7214685.57837249,54.06024079001509,-207.3065678998828,-0.5300000000000011,53.93327274738533,-207.39798076767283,-0.36558441558441634,-4.231252716642796,-9.58400014852819,-0.3614718614718613,-0.3178538749736788,0.20400834714216387,-0.13273809523809504,10.476476430512571,10.48271054192194,203.82104140549328,2.01566686135193,-1.9761032770158184,999.15,-1.75,77.68,False
HAOS / PANGAEA,HAOS_Flight_02,HAOS_Flight_02_seg00,train,10.1594/PANGAEA.918817,CC BY 4.0,fixed-wing UAV,2020-02-27 16:20:42+00:00,199.0,65.03557,24.53879,24.86,384114.761329498,7214675.87676323,49.77409493603045,-217.0081771593541,-0.8300000000000018,49.57652766519049,-216.95412110154246,-0.9050649350649356,-4.467501112358946,-9.529848046010159,-0.34954545454545405,-0.22268796864249651,0.06434474858247796,0.1906926406926408,10.52504489154189,10.530847638901887,205.1167318040421,1.2480567910980518,-1.9021411504862558,999.19,-1.78,77.53,False
HAOS / PANGAEA,HAOS_Flight_02,HAOS_Flight_02_seg00,train,10.1594/PANGAEA.918817,CC BY 4.0,fixed-wing UAV,2020-02-27 16:20:43+00:00,200.0,65.03548,24.53869,24.55,384109.955097465,7214666.33988499,44.96786290302407,-226.54505539964885,-1.1400000000000006,44.99827052266744,-226.45767685969315,-1.0646753246753244,-4.676628653927789,-9.455310651363234,0.019913419913420327,-0.1505562111693024,0.09383692114424491,0.25524891774891745,10.548637593572048,10.54865638955095,206.31715498768938,0.9624120734403427,0.1081612247325055,999.23,-1.75,77.77,False
HAOS / PANGAEA,HAOS_Flight_02,HAOS_Flight_02_seg00,train,10.1594/PANGAEA.918817,CC BY 4.0,fixed-wing UAV,2020-02-27 16:20:44+00:00,201.0,65.0354,24.5386,24.55,384105.089375371,7214656.95246794,40.10214080900187,-235.93247244972736,-1.1400000000000006,40.22327035733491,-235.86474240426892,-0.8652380952380949,-4.7686135346975504,-9.342174203721669,0.16095238095238085,0.031192321391666056,0.09200803511696165,0.12400432900432856,10.488846166093927,10.490081008501198,207.04155595092277,0.07099110474213689,0.8791403987380868,999.23,-1.75,77.77,False
HAOS / PANGAEA,HAOS_Flight_02,HAOS_Flight_02_seg00,train,10.1594/PANGAEA.918817,CC BY 4.0,fixed-wing UAV,2020-02-27 16:20:45+00:00,202.0,65.03531,24.53851,24.63,384100.52223171,7214647.71595211,35.534997148031835,-245.1689882799983,-1.0600000000000023,35.46104345327234,-245.1420252671365,-0.7427705627705627,-4.614244011144457,-9.271294581129311,0.26792207792207745,0.2962200707723621,0.014157975055240968,0.05212121212121196,10.356068317873353,10.359533447231025,206.45913719717365,-1.4454573150781123,1.481969835682966,999.22,-1.75,77.46,False
HAOS / PANGAEA,HAOS_Flight_02,HAOS_Flight_02_seg00,train,10.1594/PANGAEA.918817,CC BY 4.0,fixed-wing UAV,2020-02-27 16:20:46+00:00,203.0,65.03523,24.53842,25.92,384096.125907302,7214638.50770045,31.13867274002405,-254.3772399397567,0.23000000000000043,30.994782335045997,-254.40733156652755,-0.32939393939394007,-4.176173393152826,-9.313858253611187,0.26519480519480476,0.5414795795114387,-0.0992012681858867,-0.1542316017316015,10.207270927042096,10.210715355093448,204.15064132076657,-3.004233463702824,1.4882651545129553,999.05,-1.81,77.46,False
HAOS / PANGAEA,HAOS_Flight_02,HAOS_Flight_02_seg00,train,10.1594/PANGAEA.918817,CC BY 4.0,fixed-wing UAV,2020-02-27 16:20:47+00:00,204.0,65.03514,24.53834,25.54,384091.987580972,7214629.14192789,27.000346410030033,-263.74301249999553,-0.15000000000000213,27.108696666966686,-263.76974177435886,-0.2123809523809532,-3.53128485212158,-9.469697117501084,-0.04054112554112557,0.7403783444232639,-0.2042060048325567,-0.2302056277056273,10.106687696967374,10.10676900828805,200.450670269768,-4.327530080308155,-0.2298302867694974,999.1,-1.8,77.66,False
HAOS / PANGAEA,HAOS_Flight_02,HAOS_Flight_02_seg00,train,10.1594/PANGAEA.918817,CC BY 4.0,fixed-wing UAV,2020-02-27 16:20:48+00:00,205.0,65.03506,24.53828,25.16,384088.685575733,7214619.6532078,23.698341171024367,-273.2317325891927,-0.5300000000000011,23.932212630802837,-273.3467258015297,-0.4104761904761912,-2.6954167043062984,-9.7222702632763,-0.19521645021644984,0.9784322528533158,-0.26623602863298856,-0.1497077922077919,10.088994512935372,10.090883001228146,195.49558116015024,-5.752630723792636,-1.1085032394822962,999.15,-1.79,77.85,False
HAOS / PANGAEA,HAOS_Flight_02,HAOS_Flight_02_seg00,train,10.1594/PANGAEA.918817,CC BY 4.0,fixed-wing UAV,2020-02-27 16:20:49+00:00,206.0,65.03497,24.53824,25.77,384086.519469695,7214609.78768327,21.532235132995993,-283.09725711960346,0.0799999999999983,21.71786325835409,-283.21428230091146,-0.6028138528138529,-1.5744203464149482,-10.002169174767062,-0.3399567099567094,1.1327000970763734,-0.2493603284152215,-0.08585497835497824,10.125324075202027,10.1310294734795,188.94540882218274,-6.543229794381655,-1.9229775220316472,999.07,-1.87,77.38,False
HAOS / PANGAEA,HAOS_Flight_02,HAOS_Flight_02_seg00,train,10.1594/PANGAEA.918817,CC BY 4.0,fixed-wing UAV,2020-02-27 16:20:50+00:00,207.0,65.03488,24.53823,23.87,384085.380553632,7214599.71178524,20.393319069989957,-293.17315514944494,-1.8200000000000003,20.78337193797294,-293.35106415106384,-1.09038961038961,-0.4300165101535516,-10.220990920106743,-0.3669264069264063,0.8693860835800553,-0.12432386560338671,0.15700216450216417,10.230032726629428,10.236610990753192,182.40912157138695,-4.931977999556486,-2.0541797508079256,999.32,-1.79,77.48,False
HAOS / PANGAEA,HAOS_Flight_02,HAOS_Flight_02_seg00,train,10.1594/PANGAEA.918817,CC BY 4.0,fixed-wing UAV,2020-02-27 16:20:51+00:00,208.0,65.03479,24.53823,24.18,384085.003598163,7214589.39312621,20.01636360102566,-303.49181417934597,-1.5100000000000016,20.857830238046986,-303.65626414112495,-1.3366666666666656,0.1643518207451624,-10.250816905973835,-0.02595238095238106,0.13852135409900423,0.14290240310734248,0.34792207792207724,10.252134351479269,10.252167199517297,179.08145282306975,-0.7634990583457204,-0.1450389421115815,999.28,-1.78,77.87,False
HAOS / PANGAEA,HAOS_Flight_02,HAOS_Flight_02_seg00,train,10.1594/PANGAEA.918817,CC BY 4.0,fixed-wing UAV,2020-02-27 16:20:52+00:00,209.0,65.03469,24.53825,25.01,384085.746386409,7214579.16647165,20.759151846985333,-313.71846873965114,-0.6799999999999997,21.112075579463266,-313.8526979630115,-1.1422943722943721,-0.1529738019555431,-9.935186113892058,0.32891774891774817,-0.795095842987176,0.5305511778305174,0.21299783549783532,9.936363726321531,9.9418062235849,180.8821234546955,4.8690057648544585,1.8959370224676957,999.17,-1.78,77.42,False
HAOS / PANGAEA,HAOS_Flight_02,HAOS_Flight_02_seg00,train,10.1594/PANGAEA.918817,CC BY 4.0,fixed-wing UAV,2020-02-27 16:20:53+00:00,210.0,65.03461,24.53827,24.18,384086.344920644,7214569.40625922,21.357686082017608,-323.4786811694503,-1.5100000000000016,20.5518826341359,-323.52663636890907,-0.6788311688311692,-1.4258398652291895,-9.1897145503128,0.4000432900432896,-1.706283757896879,1.0011376071987286,-0.0564177489177486,9.29967057682731,9.308270917383972,188.81946435277868,11.659989204041903,2.4631700288473097,999.28,-1.76,77.87,False
HAOS / PANGAEA,HAOS_Flight_02,HAOS_Flight_02_seg00,train,10.1594/PANGAEA.918817,CC BY 4.0,fixed-wing UAV,2020-02-27 16:20:54+00:00,211.0,65.03453,24.53823,25.31,384084.168843807,7214560.54352565,19.18160924501717,-332.3414147393778,-0.38000000000000256,18.260395849004887,-332.2321270636371,-0.34220779220779296,-3.565541317749301,-7.932910899494601,0.21608225108225096,-2.136922788603978,1.5268281431580562,-0.20380952380952358,8.697365131342806,8.700048951996216,204.2021018627793,17.03452506528956,1.4231959279860462,999.13,-1.77,78.0,False
HAOS / PANGAEA,HAOS_Flight_02,HAOS_Flight_02_seg00,train,10.1594/PANGAEA.918817,CC BY 4.0,fixed-wing UAV,2020-02-27 16:20:55+00:00,212.0,65.03446,24.53813,26.61,384078.84718959,7214553.38731642,13.859955027990509,-339.49762396980077,0.9199999999999982,13.420799998637298,-339.39245816789827,-0.2466666666666673,-5.699685442437145,-6.136058263996688,-0.007575757575757569,-2.660797331356178,2.1263132792034867,-0.16395021645021635,8.374820903272616,8.37482432973939,222.8885144833578,21.65139220154466,-0.05182902683231451,998.96,-1.82,77.74,False
HAOS / PANGAEA,HAOS_Flight_02,HAOS_Flight_02_seg00,train,10.1594/PANGAEA.918817,CC BY 4.0,fixed-wing UAV,2020-02-27 16:20:56+00:00,213.0,65.03441,24.53796,25.69,384070.86089575,7214548.15382841,5.873661188001279,-344.73111197911203,0.0,6.861024964130596,-344.5042435916305,-0.3573593073593081,-8.887135980461657,-3.680284341087628,-0.11181818181818176,-3.7091639123455575,2.5415218794159813,-0.15817099567099543,9.619026913699274,9.619676817453698,247.50488626586863,21.261028026831664,-0.66601553204282,999.08,-1.81,77.53,False
HAOS / PANGAEA,HAOS_Flight_02,HAOS_Flight_02_seg00,train,10.1594/PANGAEA.918817,CC BY 4.0,fixed-wing UAV,2020-02-27 16:20:57+00:00,214.0,65.03438,24.53775,23.8,384060.518515594,7214545.26454402,-4.468718967982568,-347.62039636913687,-1.8900000000000006,-4.353471962286019,-346.7530268500735,-0.47030303030303083,-13.11801326712826,-1.0530145051647253,-0.32391774891774844,-3.434854448489987,2.2755776823234015,-0.20045454545454514,13.160209406564942,13.164195164638981,265.4105705370211,12.829298654798846,-1.4099603493916986,999.33,-1.72,77.31,False
HAOS / PANGAEA,HAOS_Flight_02,HAOS_Flight_02_seg00,train,10.1594/PANGAEA.918817,CC BY 4.0,fixed-wing UAV,2020-02-27 16:20:58+00:00,215.0,65.03438,24.53748,25.16,384048.006432516,7214545.18441977,-16.980802046018653,-347.70052061975,-0.5300000000000011,-19.375001570125924,-346.61027260195993,-1.005194805194805,-15.756844877441631,0.8708710235591752,-0.512727272727272,-1.4529626800976478,1.4798315624591396,0.03161255411255401,15.780892776754856,15.789219932841265,273.16348357546633,5.687504182512447,-1.860907279160229,999.15,-1.76,77.3,False
HAOS / PANGAEA,HAOS_Flight_02,HAOS_Flight_02_seg00,train,10.1594/PANGAEA.918817,CC BY 4.0,fixed-wing UAV,2020-02-27 16:20:59+00:00,216.0,65.03439,24.53719,24.4,384034.59390739,7214547.55064527,-30.393327171972487,-345.3342951191589,-1.2900000000000027,-35.86716171716928,-345.0112848029552,-1.495757575757575,-16.023938627323556,1.906648619753554,-0.2606926406926404,0.46549378539152375,0.5961723184672678,0.24527056277056242,16.13697363483748,16.139079240909357,276.78557890204604,2.3795526185056137,-0.9255322095250686,999.25,-1.77,77.74,False
HAOS / PANGAEA,HAOS_Flight_02,HAOS_Flight_02_seg00,train,10.1594/PANGAEA.918817,CC BY 4.0,fixed-wing UAV,2020-02-27 16:21:00+00:00,217.0,65.03442,24.53661,24.25,384007.471344435,7214551.93457187,-57.51589012698969,-340.9503685198724,-1.4400000000000013,-51.422878824773036,-342.7969753624528,-1.5265800865800858,-14.825857306658584,2.063215660493711,-0.022186147186147198,1.418043059036231,-0.23846937705421567,0.08783549783549782,14.968730866012262,14.968747307782143,277.92258881247756,-0.2991218020636201,-0.08492180652839548,999.27,-1.71,77.38,False
HAOS / PANGAEA,HAOS_Flight_02,HAOS_Flight_02_seg00,train,10.1594/PANGAEA.918817,CC BY 4.0,fixed-wing UAV,2020-02-27 16:21:01+00:00,218.0,65.03443,24.53633,23.8,383994.140527141,7214552.76875709,-70.8467074210057,-340.1161832995713,-1.8900000000000006,-65.51887633048645,-340.88485348196775,-1.5401298701298693,-13.187852509251094,1.4297098656451226,-0.08502164502164478,1.7342108765082607,-0.8396559243444983,0.09008658008658005,13.265124353193354,13.265396819764026,276.18733529791876,-2.993307556901934,-0.36722721872652975,999.33,-1.69,77.37,False
HAOS / PANGAEA,HAOS_Flight_02,HAOS_Flight_02_seg00,train,10.1594/PANGAEA.918817,CC BY 4.0,fixed-wing UAV,2020-02-27 16:21:02+00:00,219.0,65.034425,24.536195,24.14,383987.67924856953,7214552.69863479,-77.30798599246191,-340.18630559928715,-1.5500000000000007,-77.79858384327522,-339.9375556311626,-1.6966233766233754,-11.357435553642063,0.3839038118047142,0.1579870129870129,1.8474703054896828,-0.9957905707626935,0.27243506493506436,11.363922055868343,11.365020210634187,271.93597369867365,-4.78731752095446,0.7965036979772705,999.2850000000001,-1.705,77.515,True
HAOS / PANGAEA,HAOS_Flight_02,HAOS_Flight_02_seg00,train,10.1594/PANGAEA.918817,CC BY 4.0,fixed-wing UAV,2020-02-27 16:21:03+00:00,220.0,65.03442,24.53606,24.48,383981.217969998,7214552.62851249,-83.76926456397632,-340.25642789993435,-1.2100000000000009,-88.23374743777057,-340.1170458583583,-1.2241558441558436,-9.492911898271728,-0.5618712758802644,0.45984848484848395,0.9435500076521457,-0.6508712674656749,0.17935064935064893,9.509525521234394,9.520637387697619,266.6127002560099,-3.7358166487642177,2.768473519656045,999.24,-1.72,77.66,False
HAOS / PANGAEA,HAOS_Flight_02,HAOS_Flight_02_seg00,train,10.1594/PANGAEA.918817,CC BY 4.0,fixed-wing UAV,2020-02-27 16:21:04+00:00,221.0,65.03441,24.5358,24.33,383968.908388615,7214551.79900328,-96.07884594699135,-341.08593710977584,-1.360000000000003,-96.78440763981868,-341.0612981829231,-0.7769264069264075,-9.470335538337771,-0.9178387231266356,0.5166883116883108,-0.7253570739539228,-0.21556356000246524,-0.03893939393939372,9.514708778011762,9.528727614000172,264.46434040114525,-0.8986920092926022,3.108346396414993,999.26,-1.63,77.38,False
HAOS / PANGAEA,HAOS_Flight_02,HAOS_Flight_02_seg00,train,10.1594/PANGAEA.918817,CC BY 4.0,fixed-wing UAV,2020-02-27 16:21:05+00:00,222.0,65.03439,24.53555,25.62,383957.038774218,7214550.7490192,-107.94846034399234,-342.1359211895615,-0.07000000000000028,-107.17441851444612,-341.9527233046116,-0.19077922077922208,-10.943626046179574,-0.9929983958851949,0.3819696969696965,-0.9769979208024111,-0.17871295765858974,-0.21590909090909038,10.988584843047377,10.995221584954695,264.81531623742467,-0.4168661205961748,1.990833541871656,999.09,-1.66,77.97,False
HAOS / PANGAEA,HAOS_Flight_02,HAOS_Flight_02_seg00,train,10.1594/PANGAEA.918817,CC BY 4.0,fixed-wing UAV,2020-02-27 16:21:06+00:00,223.0,65.03438,24.5353,26.45,383945.494678272,7214549.65514519,-119.49255629000254,-343.2297951998189,0.759999999999998,-118.67165973217783,-343.0472949746935,-0.012987012987014476,-11.424331379942593,-1.275264638443815,0.08487012987012997,0.013329242907893502,-0.285669796052872,-0.27798701298701256,11.495288051058411,11.495601346417265,263.6306081599529,-1.4849785209959745,0.423009138663406,998.98,-1.67,77.28,False
HAOS / PANGAEA,HAOS_Flight_02,HAOS_Flight_02_seg00,train,10.1594/PANGAEA.918817,CC BY 4.0,fixed-wing UAV,2020-02-27 16:21:07+00:00,224.0,65.03437,24.53507,25.47,383934.694387041,7214548.54556283,-130.29284752102103,-344.33937755972147,-0.22000000000000242,-130.0230812743313,-344.5032525814992,-0.021038961038962134,-10.916967560363787,-1.564337987990939,-0.17400432900432855,0.5119177761109235,-0.2637460123409028,-0.24635281385281366,11.028478319999854,11.029850931051563,261.8453591954327,-1.7320969002971585,-0.9039222118759163,999.11,-1.6,77.18,False
HAOS / PANGAEA,HAOS_Flight_02,HAOS_Flight_02_seg00,train,10.1594/PANGAEA.918817,CC BY 4.0,fixed-wing UAV,2020-02-27 16:21:08+00:00,225.0,65.03435,24.53486,25.69,383924.62760996,7214546.99230685,-140.359624602017,-345.8926335396245,0.0,-140.5055948529054,-346.1759709506754,-0.3609956709956716,-10.400495827720746,-1.8027566631256207,-0.40783549783549733,0.3202043360759319,-0.24732718154895394,-0.14221861471861455,10.555578859014814,10.56345468311268,260.16641435935855,-1.587510835926515,-2.2126342682659477,999.08,-1.63,77.01,False
HAOS / PANGAEA,HAOS_Flight_02,HAOS_Flight_02_seg00,train,10.1594/PANGAEA.918817,CC BY 4.0,fixed-wing UAV,2020-02-27 16:21:09+00:00,226.0,65.03433,24.53465,24.25,383914.486650369,7214544.79486786,-150.50058419298148,-348.09007252939045,-1.4400000000000013,-150.8240729297728,-348.10876590775047,-0.8367099567099568,-10.276558888211923,-2.058992351088847,-0.45844155844155765,0.07320121858995776,-0.22738858071572565,0.05804112554112553,10.480797301957988,10.490818878773771,258.6703375235797,-1.2912686962350197,-2.5045836663980516,999.27,-1.62,77.16,False
HAOS / PANGAEA,HAOS_Flight_02,HAOS_Flight_02_seg00,train,10.1594/PANGAEA.918817,CC BY 4.0,fixed-wing UAV,2020-02-27 16:21:10+00:00,227.0,65.0343,24.53443,24.48,383904.065873807,7214542.34199973,-160.92136075499002,-350.5429406594485,-1.2100000000000009,-161.05871262932925,-350.29395565285307,-1.277878787878787,-10.254093390540831,-2.257533824557072,-0.29175324675324626,-0.0222899183158205,-0.1329304649256784,0.15820346320346262,10.499661434110742,10.503714113966712,257.5838769668885,-0.6822213458739855,-1.591663647720183,999.24,-1.62,77.5,False
HAOS / PANGAEA,HAOS_Flight_02,HAOS_Flight_02_seg00,train,10.1594/PANGAEA.918817,CC BY 4.0,fixed-wing UAV,2020-02-27 16:21:11+00:00,228.0,65.03428,24.53421,23.95,383893.447945397,7214540.28417184,-171.53928916499717,-352.6007685493678,-1.740000000000002,-171.33225971085446,-352.6238335568646,-1.4202164502164494,-10.321138724843564,-2.3248532809402036,-0.1420346320346324,-0.05989188012829061,0.00018540645939424394,0.1364718614718611,10.579737584428258,10.580690960048926,257.3058948318317,0.07047398438435402,-0.7691585951074585,999.31,-1.6,77.55,False
HAOS / PANGAEA,HAOS_Flight_02,HAOS_Flight_02_seg00,train,10.1594/PANGAEA.918817,CC BY 4.0,fixed-wing UAV,2020-02-27 16:21:12+00:00,229.0,65.03425,24.53399,24.71,383883.149794274,7214537.98722279,-181.83744028798537,-354.897717599757,-0.9800000000000004,-181.70099007901638,-354.9436622147335,-1.5619480519480518,-10.373877150797412,-2.2571630116382835,-0.018809523809524054,-0.02865832371212207,0.08291502260439643,0.13145021645021648,10.616596064697227,10.616612727189901,257.72482493565724,0.4712550922868951,-0.10151136906287933,999.21,-1.63,77.27,False
HAOS / PANGAEA,HAOS_Flight_02,HAOS_Flight_02_seg00,train,10.1594/PANGAEA.918817,CC BY 4.0,fixed-wing UAV,2020-02-27 16:21:13+00:00,230.0,65.03423,24.53378,24.02,383873.010927633,7214535.67985021,-191.9763069290202,-357.2050901791081,-1.6700000000000017,-192.08001401244928,-357.1381595801412,-1.4578354978354975,-10.378455372267808,-2.1590232357314108,0.12086580086580057,0.0007034349021424191,0.07214836385988121,0.10859307359307346,10.600647020186205,10.60133603789643,258.2484050164055,0.38078949469662243,0.6532431652963533,999.3,-1.59,76.79,False
HAOS / PANGAEA,HAOS_Flight_02,HAOS_Flight_02_seg00,train,10.1594/PANGAEA.918817,CC BY 4.0,fixed-wing UAV,2020-02-27 16:21:14+00:00,231.0,65.03421,24.53356,24.33,383862.698623161,7214533.54895444,-202.28861140098888,-359.335985949263,-1.360000000000003,-202.457900823552,-359.2617086861963,-1.3202164502164506,-10.372470280993127,-2.112866283918521,0.19837662337662287,0.0037194794266568465,0.03153129903502361,7.575757575767339e-05,10.585477961046696,10.587336631490832,258.48640392505047,0.16306578531541024,1.0736230316865991,999.26,-1.56,77.5,False
HAOS / PANGAEA,HAOS_Flight_02,HAOS_Flight_02_seg00,train,10.1594/PANGAEA.918817,CC BY 4.0,fixed-wing UAV,2020-02-27 16:21:15+00:00,232.0,65.03419,24.53334,24.33,383852.150778195,7214531.46968189,-212.8364563669893,-361.4152584997937,-1.360000000000003,-212.82495457443554,-361.3638921479782,-1.0610822510822517,-10.371016413414495,-2.0959606376613635,0.12101731601731591,-0.002016980125958412,-0.016166356640155755,-0.10501082251082217,10.580691491671926,10.581383540573261,258.57453658703633,-0.0834810841242908,0.655295462579768,999.26,-1.56,77.5,False
HAOS / PANGAEA,HAOS_Flight_02,HAOS_Flight_02_seg00,train,10.1594/PANGAEA.918817,CC BY 4.0,fixed-wing UAV,2020-02-27 16:21:16+00:00,233.0,65.03416,24.53312,24.71,383841.669242986,7214529.49907344,-223.3179915759829,-363.38586694933474,-0.9800000000000004,-223.19993365038098,-363.453629961519,-1.0781818181818188,-10.376504241245044,-2.1451989971988326,-0.011645021645021458,-0.005863788757906718,-0.08084421076316062,-0.060248917748917497,10.595929360191077,10.595935759180893,258.3194417568019,-0.42105362677589653,-0.06296855153466037,999.21,-1.61,77.84,False
HAOS / PANGAEA,HAOS_Flight_02,HAOS_Flight_02_seg00,train,10.1594/PANGAEA.918817,CC BY 4.0,fixed-wing UAV,2020-02-27 16:21:17+00:00,234.0,65.03414,24.5329,25.24,383831.253024873,7214527.33530765,-233.73420968902064,-365.5496327392757,-0.45000000000000284,-233.57796305692563,-365.6542901423759,-1.0843722943722947,-10.382743990930308,-2.2576490591876848,0.0005194805194809193,-0.012274700095076696,-0.08445716781734802,0.0422402597402598,10.625363619926166,10.625363632625024,257.7324293334845,-0.43138972962389505,0.0028012256659139287,999.14,-1.61,77.24,False
HAOS / PANGAEA,HAOS_Flight_02,HAOS_Flight_02_seg00,train,10.1594/PANGAEA.918817,CC BY 4.0,fixed-wing UAV,2020-02-27 16:21:18+00:00,235.0,65.03412,24.53268,24.71,383821.049879743,7214525.14060921,-243.93735481897602,-367.7443311791867,-0.9800000000000004,-243.9654216322416,-367.9689280798944,-1.077142857142857,-10.401053641435198,-2.3141133328335286,0.07283549783549814,-0.04783301209032942,0.021078756426817336,0.08872294372294354,10.655375984413233,10.655624917336159,257.4566622975541,0.16456278534585783,0.3916428322817224,999.21,-1.56,77.04,False
HAOS / PANGAEA,HAOS_Flight_02,HAOS_Flight_02_seg00,train,10.1594/PANGAEA.918817,CC BY 4.0,fixed-wing UAV,2020-02-27 16:21:19+00:00,236.0,65.03409,24.53247,24.02,383810.759844712,7214522.63598996,-254.22738985001342,-370.24895042926073,-1.6700000000000017,-254.38007033979602,-370.28251680804294,-0.9387012987012984,-10.478410015110967,-2.21549154633405,0.177965367965368,-0.12705244448146402,0.18624204292882496,0.06797077922077915,10.710064389939747,10.711542881809814,258.06155490417626,1.1079831439788976,0.9519761778254525,999.3,-1.57,77.52,False
HAOS / PANGAEA,HAOS_Flight_02,HAOS_Flight_02_seg00,train,10.1594/PANGAEA.918817,CC BY 4.0,fixed-wing UAV,2020-02-27 16:21:20+00:00,237.0,65.03407,24.53224,24.55,383800.107663695,7214520.23167264,-264.87957086699316,-372.6532677495852,-1.1400000000000006,-264.92224166246353,-372.3999111725625,-0.721212121212121,-10.655158530398126,-1.9416292469758787,0.20877705627705645,-0.1917319709956189,0.3001882981275088,0.04010822510822509,10.830619901031891,10.832631965494617,259.6726285855119,1.7403873596698427,1.1043285594120504,999.23,-1.57,77.0,False
HAOS / PANGAEA,HAOS_Flight_02,HAOS_Flight_02_seg00,train,10.1594/PANGAEA.918817,CC BY 4.0,fixed-wing UAV,2020-02-27 16:21:21+00:00,238.0,65.03405,24.53201,25.69,383789.275819346,7214518.41994925,-275.71141521597747,-374.464991139248,0.0,-275.6903874005923,-374.1657753019947,-0.5211471861471855,-10.861873957102205,-1.6151149500790325,0.2581818181818182,-0.17231191827295333,0.29922613037700785,0.058522727272727004,10.981297835954724,10.98433247918068,261.5423296235159,1.6827415129400847,1.3468356835120374,999.08,-1.61,77.17,False
HAOS / PANGAEA,HAOS_Flight_02,HAOS_Flight_02_seg00,train,10.1594/PANGAEA.918817,CC BY 4.0,fixed-wing UAV,2020-02-27 16:21:22+00:00,239.0,65.03403,24.53178,25.85,383778.438081686,7214517.1225267,-286.5491528760176,-375.76241368986666,0.16000000000000014,-286.64598957666794,-375.63014107272056,-0.20484848484848467,-10.999782366944032,-1.343176986221863,0.32582251082251046,-0.08131030433148112,0.20836950213450223,-0.014069264069264273,11.081486206120951,11.08627515647197,263.0381116113921,1.126953756298824,1.684149363991869,999.06,-1.61,77.18,False
HAOS / PANGAEA,HAOS_Flight_02,HAOS_Flight_02_seg00,train,10.1594/PANGAEA.918817,CC BY 4.0,fixed-wing UAV,2020-02-27 16:21:23+00:00,240.0,65.03402,24.53155,25.85,383767.335446485,7214516.22670865,-297.65178807696793,-376.6582317398861,0.16000000000000014,-297.68995213448034,-376.8521292744384,0.1304978354978354,-11.024494565765167,-1.198375945810028,0.23004329004328963,0.01110314212971275,0.06286630327952025,-0.17057359307359313,11.089435753819117,11.091821548031492,263.7962371361136,0.3167421806181009,1.1883940495381002,999.06,-1.61,77.18,False
HAOS / PANGAEA,HAOS_Flight_02,HAOS_Flight_02_seg00,train,10.1594/PANGAEA.918817,CC BY 4.0,fixed-wing UAV,2020-02-27 16:21:24+00:00,241.0,65.034,24.53131,25.39,383756.118078542,7214515.10941145,-308.869156019995,-377.77552893944085,-0.3000000000000007,-308.6949787081983,-378.0268929643406,0.2552380952380946,-10.977576082684607,-1.2174443796628225,-0.015324675324675817,0.05251375916550671,-0.07355298302377378,-0.23136363636363638,11.044878789226331,11.044889420649511,263.67159597262827,-0.4103687658414154,-0.07949735545509201,999.12,-1.62,77.17,False
HAOS / PANGAEA,HAOS_Flight_02,HAOS_Flight_02_seg00,train,10.1594/PANGAEA.918817,CC BY 4.0,fixed-wing UAV,2020-02-27 16:21:25+00:00,242.0,65.033985,24.531085,25.695,383745.28219752596,7214513.56574806,-319.70503703603754,-379.31919232942164,0.004999999999999005,-319.64510429984955,-379.28701803376407,0.09984848484848376,-10.919467047434154,-1.3454819118575756,-0.23268398268398313,0.06545018069708419,-0.17646139104408576,-0.1848160173160171,11.00204899894271,11.004509258069346,262.97549960443075,-0.9547810165104536,-1.211576406319473,999.0799999999999,-1.5950000000000002,77.14500000000001,True
HAOS / PANGAEA,HAOS_Flight_02,HAOS_Flight_02_seg00,train,10.1594/PANGAEA.918817,CC BY 4.0,fixed-wing UAV,2020-02-27 16:21:26+00:00,243.0,65.03397,24.53086,26.0,383734.44631651,7214512.02208467,-330.5409180520219,-380.86285571940243,0.3099999999999987,-330.5339128030666,-380.71785678805577,-0.21012987012987167,-10.846675721290438,-1.570367161750994,-0.38495670995671,0.07232453976763509,-0.2468131204222459,-0.10847402597402551,10.959764013222973,10.966522643667775,261.76203393960736,-1.3308644720344918,-2.011661098368281,999.04,-1.57,77.12,False
HAOS / PANGAEA,HAOS_Flight_02,HAOS_Flight_02_seg00,train,10.1594/PANGAEA.918817,CC BY 4.0,fixed-wing UAV,2020-02-27 16:21:27+00:00,244.0,65.03395,24.53063,25.47,383723.748256957,7214510.37905291,-341.2389776050113,-382.50588747952133,-0.22000000000000242,-341.3384557424304,-382.42775235726606,-0.6700649350649363,-10.774817967898883,-1.8391081527020674,-0.44963203463203416,0.04136376215319615,-0.25779263128815444,-0.006937229437229131,10.930645957064561,10.939889853433588,260.31377066036174,-1.3647374672123327,-2.3555334445621594,999.11,-1.58,77.09,False
HAOS / PANGAEA,HAOS_Flight_02,HAOS_Flight_02_seg00,train,10.1594/PANGAEA.918817,CC BY 4.0,fixed-wing UAV,2020-02-27 16:21:28+00:00,245.0,65.03393,24.5304,24.33,383712.922665173,7214508.7142729,-352.0645693889819,-384.1706674899906,-1.360000000000003,-352.08354873886435,-384.3960730934599,-1.10939393939394,-10.763948196984046,-2.085952424327303,-0.39883116883116826,0.005968647924532888,-0.23837492511771075,0.12661255411255412,10.964204408159903,10.971455901800102,259.0325590051827,-1.2285030343278123,-2.0832584770262206,999.26,-1.54,77.33,False
HAOS / PANGAEA,HAOS_Flight_02,HAOS_Flight_02_seg00,train,10.1594/PANGAEA.918817,CC BY 4.0,fixed-wing UAV,2020-02-27 16:21:29+00:00,246.0,65.03391,24.53017,23.72,383702.12464668,7214506.51813442,-362.862587881973,-386.36680596973747,-1.9700000000000024,-362.8663521363985,-386.59965720592066,-1.4677272727272728,-10.762880672049818,-2.315858002937489,-0.19640692640692592,0.039783874730701996,-0.20378711759175872,0.25962662337662323,11.00921426127011,11.010966094366733,257.8567645917061,-1.0845736468844926,-1.0220615236849648,999.34,-1.55,77.03,False
HAOS / PANGAEA,HAOS_Flight_02,HAOS_Flight_02_seg00,train,10.1594/PANGAEA.918817,CC BY 4.0,fixed-wing UAV,2020-02-27 16:21:30+00:00,247.0,65.03388,24.52995,23.87,383691.385261126,7214503.79544609,-373.6019734360161,-389.08949429914355,-1.8200000000000003,-373.609310082964,-389.0277890993349,-1.5022077922077919,-10.684380447522642,-2.4935266595108203,0.12042207792207826,0.10752888512720915,-0.12157280843916851,0.2511688311688309,10.971493095704673,10.972153946511431,256.86341171141373,-0.7468962123831879,0.6288478437498513,999.32,-1.57,76.89,False
HAOS / PANGAEA,HAOS_Flight_02,HAOS_Flight_02_seg00,train,10.1594/PANGAEA.918817,CC BY 4.0,fixed-wing UAV,2020-02-27 16:21:31+00:00,248.0,65.03385,24.52973,24.52,383680.765407963,7214501.12835884,-384.22182659897953,-391.7565815495327,-1.1700000000000017,-384.2351130314438,-391.5867105249423,-1.2268831168831162,-10.5478229017954,-2.559003619815826,0.30593073593073583,0.1364519556222774,-0.007917160629901332,0.08426948051948008,10.853804286694597,10.858114988756434,256.36297216693976,-0.2071614371399216,1.6145399091120167,999.23,-1.58,76.93,False
HAOS / PANGAEA,HAOS_Flight_02,HAOS_Flight_02_seg00,train,10.1594/PANGAEA.918817,CC BY 4.0,fixed-wing UAV,2020-02-27 16:21:32+00:00,249.0,65.03383,24.5295,25.16,383670.116236749,7214498.6174013,-394.8709978130064,-394.2675390895456,-0.5300000000000011,-394.7049558865548,-394.14579633896653,-0.8903463203463202,-10.411476536278087,-2.509360980770623,0.2889610389610384,0.11331855463740226,0.06100793193836296,-0.12617965367965378,10.709609525901646,10.713507113887623,256.4490888371339,0.17597259172964466,1.5455495404671729,999.15,-1.59,76.96,False
HAOS / PANGAEA,HAOS_Flight_02,HAOS_Flight_02_seg00,train,10.1594/PANGAEA.918817,CC BY 4.0,fixed-wing UAV,2020-02-27 16:21:33+00:00,250.0,65.0338,24.52929,25.39,383659.859088734,7214496.24073778,-405.12814582797,-396.6442026095465,-0.3000000000000007,-405.058066104,-396.60543248648355,-0.6489610389610394,-10.321185792520595,-2.4369877559391,0.05357142857142827,0.07244758674170271,0.032064597087085644,-0.2421753246753242,10.604988707505825,10.60512401550709,256.71491735039905,0.07707397223162313,0.2894289410637226,999.12,-1.57,76.98,False
HAOS / PANGAEA,HAOS_Flight_02,HAOS_Flight_02_seg00,train,10.1594/PANGAEA.918817,CC BY 4.0,fixed-wing UAV,2020-02-27 16:21:34+00:00,251.0,65.03378,24.52907,24.86,383649.768579544,7214493.9042187,-415.2186550180195,-398.9807216897607,-0.8300000000000018,-415.347327471596,-399.01977185084473,-0.7832034632034637,-10.266581362794682,-2.4452317865964517,-0.19538961038961,0.0388421268377499,-0.03233084939438413,-0.1583008658008654,10.553760058342466,10.555568599981385,256.6032367815971,-0.21947639222432486,-1.060638215751449,999.19,-1.53,77.09,False
HAOS / PANGAEA,HAOS_Flight_02,HAOS_Flight_02_seg00,train,10.1594/PANGAEA.918817,CC BY 4.0,fixed-wing UAV,2020-02-27 16:21:35+00:00,252.0,65.03375,24.52886,24.4,383639.468075838,7214491.58431519,-425.51915872399695,-401.30062519945204,-1.2900000000000027,-425.59122882958934,-401.49589605967645,-1.0397402597402594,-10.243501538845095,-2.5016494547278683,-0.2630303030303025,-0.018910783010028354,-0.02879010396304693,0.006547619047618858,10.544551852528492,10.54783194362587,256.2759645659504,-0.12765267137473352,-1.4289276410774727,999.25,-1.53,76.71,False
HAOS / PANGAEA,HAOS_Flight_02,HAOS_Flight_02_seg00,train,10.1594/PANGAEA.918817,CC BY 4.0,fixed-wing UAV,2020-02-27 16:21:36+00:00,253.0,65.03373,24.52864,24.48,383629.109349931,7214488.96843376,-435.87788463098696,-403.9165066294372,-1.2100000000000009,-435.83433054928616,-404.02307076030047,-1.3092640692640687,-10.304402928814739,-2.5028119945225455,-0.1822943722943723,-0.0866234561904804,0.02967397153911122,0.07740259740259708,10.603998660849202,10.60556546523861,256.34793143884764,0.26442845383921154,-0.9848803038697448,999.24,-1.54,77.17,False
HAOS / PANGAEA,HAOS_Flight_02,HAOS_Flight_02_seg00,train,10.1594/PANGAEA.918817,CC BY 4.0,fixed-wing UAV,2020-02-27 16:21:37+00:00,254.0,65.0337,24.52842,23.87,383618.725773528,7214486.25773646,-446.2614610340097,-406.627203929238,-1.8200000000000003,-446.2000346872188,-406.50152004872155,-1.404329004329004,-10.416748451226056,-2.442301511649646,-0.10822510822510834,-0.086654192280335,0.08766208005187082,0.0683333333333333,10.69922824179046,10.699775588486746,256.8048214736288,0.5639557723583477,-0.5795399748484885,999.32,-1.53,76.82,False
HAOS / PANGAEA,HAOS_Flight_02,HAOS_Flight_02_seg00,train,10.1594/PANGAEA.918817,CC BY 4.0,fixed-wing UAV,2020-02-27 16:21:38+00:00,255.0,65.03367,24.52821,24.48,383608.41802285,7214483.79030309,-456.56921171199065,-409.09463729988784,-1.2100000000000009,-456.6678274517383,-408.90767378359976,-1.5257142857142854,-10.477711313375409,-2.327487834418804,-0.045627705627705684,-0.0444964992764767,0.13891142413214652,0.07317099567099561,10.733109241305735,10.733206225230344,257.47584298356435,0.7767649530791694,-0.24356960824105128,999.24,-1.52,76.78,False
HAOS / PANGAEA,HAOS_Flight_02,HAOS_Flight_02_seg00,train,10.1594/PANGAEA.918817,CC BY 4.0,fixed-wing UAV,2020-02-27 16:21:39+00:00,256.0,65.03365,24.52798,24.33,383597.893477966,7214481.67530524,-467.0937565959757,-411.20963514968753,-1.360000000000003,-467.15545731396963,-411.15649571755915,-1.4955844155844153,-10.50574144977901,-2.1644786633853528,0.03811688311688288,-0.04195579279085848,0.15673178091174123,0.06781385281385277,10.726396006760854,10.726463731847218,258.35835137978717,0.8639447279217637,0.2036030868825988,999.26,-1.5,76.75,False
HAOS / PANGAEA,HAOS_Flight_02,HAOS_Flight_02_seg00,train,10.1594/PANGAEA.918817,CC BY 4.0,fixed-wing UAV,2020-02-27 16:21:40+00:00,257.0,65.03363,24.52776,24.33,383587.189101914,7214479.78390578,-477.79813264799304,-413.1010346096009,-1.360000000000003,-477.6793103512963,-413.23663111037047,-1.4494805194805196,-10.561622898957125,-2.0140242725953215,0.08999999999999986,-0.07230050403197197,0.11390801177368814,-0.01994588744588721,10.751938059269996,10.752314728949234,259.2037324394079,0.6677846632015016,0.4795879307592261,999.26,-1.5,76.75,False
HAOS / PANGAEA,HAOS_Flight_02,HAOS_Flight_02_seg00,train,10.1594/PANGAEA.918817,CC BY 4.0,fixed-wing UAV,2020-02-27 16:21:41+00:00,258.0,65.03361,24.52754,23.72,383576.615374886,7214477.68150421,-488.3718596759718,-415.20343617908657,-1.9700000000000024,-488.2787031118839,-415.1845442627498,-1.3155844155844156,-10.650342457842953,-1.9366626398379765,-0.0017748917748915405,0.1481638957681497,0.08964365759148052,-0.04478354978354948,10.824992224009977,10.824992369517739,259.69392070619017,0.33133956757973504,-0.00939435380442213,999.34,-1.51,77.32,False
HAOS / PANGAEA,HAOS_Flight_02,HAOS_Flight_02_seg00,train,10.1594/PANGAEA.918817,CC BY 4.0,fixed-wing UAV,2020-02-27 16:21:42+00:00,259.0,65.03359,24.52731,24.78,383566.094649906,7214475.82560329,-498.89258465601597,-417.05933709908277,-0.9100000000000001,-498.9799952669822,-417.1099563900464,-1.4530303030303027,-10.265295107420826,-1.8347369574123604,0.00043290043290089564,-0.02737850260703567,0.02652472990375543,0.14874458874458868,10.427969281951913,10.427969290937499,259.86641157456734,0.16338217311370248,0.0023785424630361493,999.2,-1.54,77.03,False
HAOS / PANGAEA,HAOS_Flight_02,HAOS_Flight_02_seg00,train,10.1594/PANGAEA.918817,CC BY 4.0,fixed-wing UAV,2020-02-27 16:21:43+00:00,260.0,65.03356,24.52709,24.55,383555.318599344,7214473.81218356,-509.6686352179968,-419.07275682967156,-1.1400000000000006,-508.80929332672554,-418.8540181775745,-1.3147186147186138,-10.705099463057024,-1.8836131800304656,0.2957142857142858,-1.0890322323515278,-0.1541130603028762,0.2048593073593069,10.869551652479888,10.873573472630964,260.02068505241755,0.18105460268598714,1.5583901461302971,999.23,-1.52,77.04,False
HAOS / PANGAEA,HAOS_Flight_02,HAOS_Flight_02_seg00,train,10.1594/PANGAEA.918817,CC BY 4.0,fixed-wing UAV,2020-02-27 16:21:44+00:00,261.0,65.03354,24.52686,24.55,383544.324937305,7214471.97242038,-520.6622972569894,-420.912520009093,-1.1400000000000006,-520.3901941930962,-420.87718275010735,-0.861601731601731,-12.443359572123882,-2.142963078018113,0.4101515151515147,-1.3968117456655875,-0.21305492408855287,-0.035054112554112865,12.626539042624305,12.633198821371291,260.22852077993934,0.1348241227982474,1.8605011630035462,999.23,-1.54,76.66,False
HAOS / PANGAEA,HAOS_Flight_02,HAOS_Flight_02_seg00,train,10.1594/PANGAEA.918817,CC BY 4.0,fixed-wing UAV,2020-02-27 16:21:45+00:00,262.0,65.03352,24.52662,24.4,383533.256674512,7214470.02897424,-531.7305600499967,-422.8559661498293,-1.2900000000000027,-533.6960124709733,-423.13994433361074,-0.49441558441558436,-13.4987229543882,-2.3097230282075714,0.2256060606060601,-0.3070365681016938,-0.05424145511170764,-0.15320346320346323,13.694902039312266,13.696760199439188,260.29033329801405,-0.005814369616444669,0.9437895891499928,999.25,-1.55,77.81,False
HAOS / PANGAEA,HAOS_Flight_02,HAOS_Flight_02_seg00,train,10.1594/PANGAEA.918817,CC BY 4.0,fixed-wing UAV,2020-02-27 16:21:46+00:00,263.0,65.0335,24.52639,25.92,383522.12942191,7214468.24327133,-542.8578126520151,-424.6416690591723,0.23000000000000043,-547.3876401018726,-425.4966288065225,-0.41038961038961086,-13.05743270832727,-2.251445988241528,0.10374458874458828,0.8272563049912662,0.10384305748377187,-0.12100649350649331,13.25011539460935,13.250521533515482,260.21689204070645,-0.17702342766430187,0.44860029085030206,999.05,-1.54,77.42,False
HAOS / PANGAEA,HAOS_Flight_02,HAOS_Flight_02_seg00,train,10.1594/PANGAEA.918817,CC BY 4.0,fixed-wing UAV,2020-02-27 16:21:47+00:00,264.0,65.03346,24.52593,26.23,383500.431279434,7214464.41794316,-564.5559551279875,-428.46699722949415,0.5399999999999991,-559.8108778876278,-427.6428363100938,-0.2869264069264078,-11.844210344405667,-2.1020369132400276,-0.016406926406926536,1.1867264295563018,0.13633896670106083,-0.09395021645021615,12.029292492376676,12.029303681193852,259.93628644268546,-0.35484111634197846,-0.078146495779627,999.01,-1.55,77.08,False
HAOS / PANGAEA,HAOS_Flight_02,HAOS_Flight_02_seg00,train,10.1594/PANGAEA.918817,CC BY 4.0,fixed-wing UAV,2020-02-27 16:21:48+00:00,265.0,65.03344,24.52571,24.86,383489.749551672,7214462.50569814,-575.2376828899723,-430.3792422497645,-0.8300000000000018,-571.076060790684,-429.70070263300255,-0.44320346320346393,-10.683979849214666,-1.9787680548394064,-0.08415584415584401,1.1658969022348629,0.12603845653120516,-0.072099567099567,10.865677541381299,10.866003434537628,259.5072098080225,-0.4708522673911722,-0.44375311732635514,999.19,-1.49,76.61,False
HAOS / PANGAEA,HAOS_Flight_02,HAOS_Flight_02_seg00,train,10.1594/PANGAEA.918817,CC BY 4.0,fixed-wing UAV,2020-02-27 16:21:49+00:00,266.0,65.03343000000001,24.525595,24.86,383484.264195839,7214461.360205585,-580.7230387229938,-431.52473480440676,-0.8300000000000018,-581.1788375860572,-431.6003724197726,-0.45523809523809583,-9.512416539935941,-1.8499600001776173,-0.16060606060606053,1.1677053830577506,0.13263757899201778,-0.024415584415584418,9.690635708327088,9.691966505214896,258.9945819079031,-0.5528731813903441,-0.9494946800227636,999.19,-1.495,76.74000000000001,True
HAOS / PANGAEA,HAOS_Flight_02,HAOS_Flight_02_seg00,train,10.1594/PANGAEA.918817,CC BY 4.0,fixed-wing UAV,2020-02-27 16:21:50+00:00,267.0,65.03342,24.52548,24.86,383478.778840006,7214460.21471303,-586.2083945560153,-432.67022735998034,-0.8300000000000018,-590.1008938705559,-433.4006226333578,-0.764415584415585,-8.348569083099164,-1.7134928968553709,-0.13298701298701285,0.38079987442282004,0.031796347750045584,0.1668722943722943,8.522597235752317,8.52363474044238,258.4014634452418,-0.26612971262792684,-0.8939735190436268,999.19,-1.5,76.87,False
HAOS / PANGAEA,HAOS_Flight_02,HAOS_Flight_02_seg00,train,10.1594/PANGAEA.918817,CC BY 4.0,fixed-wing UAV,2020-02-27 16:21:51+00:00,268.0,65.03339,24.52524,24.71,383467.440376575,7214457.85328484,-597.5468579870067,-435.03165555000305,-0.9800000000000004,-597.8759757522555,-435.02735821348335,-0.7212121212121215,-8.750816791090301,-1.7863673046775261,0.1731385281385281,-1.031643989929762,-0.1544063983291437,0.17791125541125513,8.931287849937926,8.932965890921938,258.46232248264727,0.30338929889638966,1.1105749489166112,999.21,-1.49,77.06,False
HAOS / PANGAEA,HAOS_Flight_02,HAOS_Flight_02_seg00,train,10.1594/PANGAEA.918817,CC BY 4.0,fixed-wing UAV,2020-02-27 16:21:52+00:00,269.0,65.03337,24.52501,26.0,383456.650253274,7214455.86140428,-608.3369812879828,-437.0235361093655,0.3099999999999987,-607.6025274527365,-436.97335724271284,-0.4181385281385288,-10.411857062958688,-2.0223056935136583,0.2228354978354974,-1.246605930295516,-0.1495523938951635,0.0025541125541123505,10.606436150635163,10.608776719141376,259.00824204303456,0.515108154100025,1.203576333175598,999.04,-1.5,76.62,False
HAOS / PANGAEA,HAOS_Flight_02,HAOS_Flight_02_seg00,train,10.1594/PANGAEA.918817,CC BY 4.0,fixed-wing UAV,2020-02-27 16:21:53+00:00,270.0,65.03334,24.52478,24.93,383445.900041707,7214453.61209634,-619.0871928550187,-439.27284404914826,-0.7600000000000016,-618.6996898781729,-439.07196960051067,-0.27554112554112675,-11.244028651681333,-2.085472092467853,0.1782467532467528,-0.3506431913787935,0.004244006146137735,-0.040854978354978214,11.435793552189239,11.437182610824047,259.49253879084733,0.3603107601555788,0.8929821698246566,999.18,-1.49,77.13,False
HAOS / PANGAEA,HAOS_Flight_02,HAOS_Flight_02_seg00,train,10.1594/PANGAEA.918817,CC BY 4.0,fixed-wing UAV,2020-02-27 16:21:54+00:00,271.0,65.03332,24.52455,25.77,383434.988895226,7214451.66419045,-629.9983393360162,-441.22074993979186,0.0799999999999983,-630.0905847560991,-441.14430142764854,-0.061645021645023224,-11.113143445716275,-2.013817681221383,0.14112554112554096,0.1893388007682688,0.046290188462336346,-0.14899350649350612,11.29413205599556,11.295013736894013,259.7288635633457,0.05697866231693191,0.7159007041606851,999.07,-1.52,77.21,False
HAOS / PANGAEA,HAOS_Flight_02,HAOS_Flight_02_seg00,train,10.1594/PANGAEA.918817,CC BY 4.0,fixed-wing UAV,2020-02-27 16:21:55+00:00,272.0,65.0333,24.52432,25.54,383423.959005845,7214449.80352698,-641.028228716983,-443.0814134096727,-0.15000000000000213,-640.9259767696054,-443.09960496295344,0.006709956709955153,-10.865351050144795,-1.9928917155431805,-0.11974025974025942,0.08017390695908944,-0.017246073122976213,-0.23635281385281354,11.046604493361896,11.047253439772525,259.60649611548115,-0.16076703441156098,-0.6210363416223702,999.1,-1.53,76.96,False
HAOS / PANGAEA,HAOS_Flight_02,HAOS_Flight_02_seg00,train,10.1594/PANGAEA.918817,CC BY 4.0,fixed-wing UAV,2020-02-27 16:21:56+00:00,273.0,65.03328,24.52409,25.47,383413.057433365,7214447.92036,-651.9298011970241,-444.964580389671,-0.22000000000000242,-651.8212868563887,-445.1300848587349,-0.3011255411255421,-10.952795631798097,-2.0483098274673353,-0.3315800865800861,-0.1157379256755462,-0.04230985866388437,-0.14649350649350643,11.142679448913297,11.147611881252915,259.4073294945226,-0.10523528150298829,-1.704485430277255,999.11,-1.55,77.44,False
HAOS / PANGAEA,HAOS_Flight_02,HAOS_Flight_02_seg00,train,10.1594/PANGAEA.918817,CC BY 4.0,fixed-wing UAV,2020-02-27 16:21:57+00:00,274.0,65.03326,24.52386,25.62,383402.139489843,7214445.84009111,-662.8477447190089,-447.04484927933663,-0.07000000000000028,-662.8315680332016,-447.1962246178881,-0.6564502164502171,-11.096826901495888,-2.077511432870949,-0.4127272727272723,-0.17561431247594328,0.014417846934094314,-0.0327164502164502,11.289624486025756,11.297166230392701,259.3960255524752,0.23179305658708202,-2.0936926955097763,999.09,-1.54,77.03,False
HAOS / PANGAEA,HAOS_Flight_02,HAOS_Flight_02_seg00,train,10.1594/PANGAEA.918817,CC BY 4.0,fixed-wing UAV,2020-02-27 16:21:58+00:00,275.0,65.03324,24.52363,24.55,383391.141407125,7214443.58239963,-673.8458274370059,-449.302540759556,-1.1400000000000006,-674.0149406593805,-449.2851077244768,-1.1265800865800866,-11.304024256749983,-2.0194741335991466,-0.3970129870129865,-0.2057617604137647,0.12810001276974958,0.14404761904761904,11.482997873964274,11.489858984570915,259.87091560769676,0.8054653196403333,-1.9801546272437252,999.23,-1.49,77.68,False
HAOS / PANGAEA,HAOS_Flight_02,HAOS_Flight_02_seg00,train,10.1594/PANGAEA.918817,CC BY 4.0,fixed-wing UAV,2020-02-27 16:21:59+00:00,276.0,65.03321,24.52339,23.72,383379.824266985,7214441.49956744,-685.1629675769946,-451.38537294976413,-1.9700000000000024,-685.4396165467016,-451.2351728850864,-1.45047619047619,-11.508350422323417,-1.82131140733145,-0.1246320346320342,-0.1374116749011023,0.2331576952891794,0.25360389610389594,11.651579493161742,11.652246042266862,261.0069561917559,1.2445850218721521,-0.6128454304018155,999.34,-1.47,77.04,False
HAOS / PANGAEA,HAOS_Flight_02,HAOS_Flight_02_seg00,train,10.1594/PANGAEA.918817,CC BY 4.0,fixed-wing UAV,2020-02-27 16:22:00+00:00,277.0,65.03319,24.52314,23.72,383367.997152872,7214439.70360978,-696.990081690019,-453.18133060913533,-1.9700000000000024,-697.0316415040273,-452.9277305391397,-1.375844155844155,-11.578847606552188,-1.5531587430207878,0.1101948051948054,0.015236011608521949,0.23622883201750255,0.1655303030303028,11.682551689454716,11.683071380072672,262.36008565144107,1.145259133278102,0.540422177888994,999.34,-1.47,77.04,False
HAOS / PANGAEA,HAOS_Flight_02,HAOS_Flight_02_seg00,train,10.1594/PANGAEA.918817,CC BY 4.0,fixed-wing UAV,2020-02-27 16:22:01+00:00,278.0,65.03318,24.52289,24.78,383356.212369378,7214438.36842451,-708.7748651839793,-454.5165158798918,-0.9100000000000001,-708.597311759806,-454.341490371128,-1.2300865800865792,-11.477878399106373,-1.348853743296445,0.2064285714285714,0.15711831902359563,0.09172668511723714,-0.004870129870129969,11.556863716661086,11.55870718205888,263.2974744583121,0.35357184937891023,1.0233077579499297,999.2,-1.5,77.14,False
HAOS / PANGAEA,HAOS_Flight_02,HAOS_Flight_02_seg00,train,10.1594/PANGAEA.918817,CC BY 4.0,fixed-wing UAV,2020-02-27 16:22:02+00:00,279.0,65.03316,24.52265,24.78,383344.6451102,7214437.28266367,-720.3421243620105,-455.6022767191753,-0.9100000000000001,-719.9873983022401,-455.6254380257326,-0.9629870129870122,-11.264610968504996,-1.3697053727863135,0.10045454545454546,0.49400377966216524,-0.10738534389217591,-0.12895021645021654,11.347579172669507,11.348023801336744,263.0672293501989,-0.8877914075264192,0.5071981483314428,999.2,-1.5,77.14,False
HAOS / PANGAEA,HAOS_Flight_02,HAOS_Flight_02_seg00,train,10.1594/PANGAEA.918817,CC BY 4.0,fixed-wing UAV,2020-02-27 16:22:03+00:00,280.0,65.03315,24.52242,25.69,383333.715867962,7214435.99633655,-731.2713666000054,-456.88860383909196,0.0,-731.126533696816,-457.0809011167006,-1.0291774891774883,-10.489870839782043,-1.5636244310807967,-0.05147186147186167,0.24259197927261766,-0.397567286895935,-0.10848484848484863,10.605767845695208,10.60589274645495,261.5218916432592,-2.2114599447876184,-0.27806541829071535,999.08,-1.51,77.13,False
HAOS / PANGAEA,HAOS_Flight_02,HAOS_Flight_02_seg00,train,10.1594/PANGAEA.918817,CC BY 4.0,fixed-wing UAV,2020-02-27 16:22:04+00:00,281.0,65.03313,24.52219,24.25,383323.024355759,7214434.20899823,-741.9628788030241,-458.67594215925783,-1.4400000000000013,-740.9671399818042,-458.7526868878942,-1.0659307359307355,-10.779427009959761,-2.1648399465781836,-0.1165151515151518,-1.133924635312809,-0.7256910615042216,-0.030010822510822432,10.994661370744925,10.995278733978656,258.6443094606237,-2.40926425174741,-0.6071652697765649,999.27,-1.5,76.94,False
HAOS / PANGAEA,HAOS_Flight_02,HAOS_Flight_02_seg00,train,10.1594/PANGAEA.918817,CC BY 4.0,fixed-wing UAV,2020-02-27 16:22:05+00:00,282.0,65.0331,24.52196,23.95,383312.123642309,7214431.7255605,-752.8635922530084,-461.15937988925725,-1.740000000000002,-752.6853877167355,-461.41058100985697,-1.262207792207792,-12.75772011040766,-3.01500655408924,-0.11149350649350653,-1.6987054561436992,-0.638433077539915,0.06222943722943747,13.10914516422414,13.109619282751554,256.7033631397644,-1.1449975937673145,-0.48728984714539225,999.31,-1.51,77.27,False
HAOS / PANGAEA,HAOS_Flight_02,HAOS_Flight_02_seg00,train,10.1594/PANGAEA.918817,CC BY 4.0,fixed-wing UAV,2020-02-27 16:22:06+00:00,283.0,65.03307,24.52173,23.72,383300.874483774,7214428.61630091,-764.1127507879864,-464.2686394797638,-1.9700000000000024,-766.4825802026195,-464.78269999607267,-1.2889177489177486,-14.17683792224716,-3.4417061016580135,0.007943722943723142,-0.6503539677244135,-0.14825270157125203,0.16591991341991347,14.588628255043554,14.588630417780463,256.354314273089,0.021017881746853432,0.031198392704030523,999.34,-1.51,77.33,False
HAOS / PANGAEA,HAOS_Flight_02,HAOS_Flight_02_seg00,train,10.1594/PANGAEA.918817,CC BY 4.0,fixed-wing UAV,2020-02-27 16:22:07+00:00,284.0,65.03304,24.52148,25.39,383289.264915897,7214425.3454179,-775.7223186650081,-467.5395224895328,-0.3000000000000007,-781.0390635612298,-468.293993213173,-1.2463203463203456,-14.058428045856488,-3.311511957231744,0.2203463203463204,0.5978496515922131,0.3379264190496656,0.1533441558441557,14.443182148107566,14.444862860695606,256.7453989032581,0.8088513332996751,0.8740411025889164,999.12,-1.54,77.36,False
HAOS / PANGAEA,HAOS_Flight_02,HAOS_Flight_02_seg00,train,10.1594/PANGAEA.918817,CC BY 4.0,fixed-wing UAV,2020-02-27 16:22:08+00:00,285.0,65.03298,24.52098,24.71,383265.196887853,7214419.95430402,-799.7903467090218,-472.93063636962324,-0.9800000000000004,-794.5994362943325,-471.40572391053615,-0.8482251082251078,-12.981138619062733,-2.7658532635586823,0.31463203463203454,1.1568786861600984,0.6086621683481894,-0.0619696969696969,13.27252440656487,13.276253140102325,257.9720169396884,1.5722338782956762,1.3579716629037002,999.21,-1.52,77.59,False
HAOS / PANGAEA,HAOS_Flight_02,HAOS_Flight_02_seg00,train,10.1594/PANGAEA.918817,CC BY 4.0,fixed-wing UAV,2020-02-27 16:22:09+00:00,286.0,65.03296,24.52073,25.01,383253.223066479,7214418.17648871,-811.7641680829693,-474.70845167990774,-0.6799999999999997,-807.0013407993553,-473.82569974029036,-0.6170562770562765,-11.744670673536291,-2.094187620535365,0.09640692640692661,1.3002031365870153,0.6148049514216467,-0.21391774891774884,11.929916639265631,11.930306170224057,259.8898666598495,1.8049437224379516,0.46300321536518346,999.17,-1.52,77.56,False
HAOS / PANGAEA,HAOS_Flight_02,HAOS_Flight_02_seg00,train,10.1594/PANGAEA.918817,CC BY 4.0,fixed-wing UAV,2020-02-27 16:22:10+00:00,287.0,65.03295,24.5206,25.05,383247.2489427435,7214417.449021939,-817.738291818474,-475.43591845035553,-0.6400000000000006,-818.088777641405,-475.5940991516069,-0.6554112554112546,-10.380732345888703,-1.536243360715389,-0.11320346320346314,1.4005648173539385,0.4536535519979452,-0.07757575757575785,10.493790911787888,10.494401494339892,261.58190438456427,1.2753446138092008,-0.6180634945916448,999.165,-1.51,77.345,True
HAOS / PANGAEA,HAOS_Flight_02,HAOS_Flight_02_seg00,train,10.1594/PANGAEA.918817,CC BY 4.0,fixed-wing UAV,2020-02-27 16:22:11+00:00,288.0,65.03294,24.52047,25.09,383241.274819008,7214416.72155517,-823.7124155539786,-476.163385219872,-0.6000000000000014,-827.7628054911327,-476.89818646172114,-0.8434632034632028,-8.943541038828414,-1.1868805165394747,-0.0587445887445891,0.5842777484089368,0.10279825831223377,0.09004329004328973,9.021951655476162,9.022142905122697,262.4405558874679,0.09944599492787187,-0.3730644507120327,999.16,-1.5,77.13,False
HAOS / PANGAEA,HAOS_Flight_02,HAOS_Flight_02_seg00,train,10.1594/PANGAEA.918817,CC BY 4.0,fixed-wing UAV,2020-02-27 16:22:12+00:00,289.0,65.03293,24.52023,24.78,383229.631745404,7214415.34314929,-835.3554891580134,-477.54179109912366,-0.9100000000000001,-835.9758597190619,-477.96786018468583,-0.7729004329004328,-9.21217684907083,-1.3306468440909214,0.06688311688311632,-0.9810969580407516,-0.2525927648280799,0.08854978354978343,9.307782943442852,9.308023241997716,261.78079637442005,-0.6299465642910109,0.41170431098257787,999.2,-1.5,77.33,False
HAOS / PANGAEA,HAOS_Flight_02,HAOS_Flight_02_seg00,train,10.1594/PANGAEA.918817,CC BY 4.0,fixed-wing UAV,2020-02-27 16:22:13+00:00,290.0,65.0329,24.51999,24.55,383218.144509362,7214413.30072989,-846.8427251999965,-479.5842104991898,-1.1400000000000006,-846.1871591892743,-479.559480149903,-0.7096969696969702,-10.905734954909917,-1.6920660461956345,0.11835497835497777,-1.234633474242088,-0.2328584101151847,0.04792207792207795,11.036219570642482,11.036854185515615,261.18066275888583,-0.26160695708088494,0.6144296740735722,999.23,-1.52,77.44,False
HAOS / PANGAEA,HAOS_Flight_02,HAOS_Flight_02_seg00,train,10.1594/PANGAEA.918817,CC BY 4.0,fixed-wing UAV,2020-02-27 16:22:14+00:00,291.0,65.03288,24.51974,25.31,383206.700684805,7214411.262227,-858.2865497570019,-481.62271338980645,-0.38000000000000256,-857.7873296288817,-481.3519922770771,-0.5361904761904772,-11.681443797555005,-1.7963636643212908,0.16272727272727222,-0.2358821584103623,-0.05107893889115189,-0.021493506493506453,11.81875846313521,11.819878670071846,261.2575824602583,-0.07118247946201563,0.7888304738304288,999.13,-1.51,77.36,False
HAOS / PANGAEA,HAOS_Flight_02,HAOS_Flight_02_seg00,train,10.1594/PANGAEA.918817,CC BY 4.0,fixed-wing UAV,2020-02-27 16:22:15+00:00,292.0,65.03286,24.51951,25.31,383195.393647964,7214409.37133466,-869.5935865979991,-483.5136057296768,-0.38000000000000256,-869.5500467843843,-483.15220747854556,-0.3842424242424257,-11.377499271730642,-1.7942239239779383,0.07536796536796486,0.3985829852381073,-0.006984843270757324,-0.15309523809523784,11.518104408608478,11.518350988653271,261.0382977999618,-0.35044327974871453,0.37490584764584567,999.13,-1.51,77.36,False
HAOS / PANGAEA,HAOS_Flight_02,HAOS_Flight_02_seg00,train,10.1594/PANGAEA.918817,CC BY 4.0,fixed-wing UAV,2020-02-27 16:22:16+00:00,293.0,65.03284,24.51927,25.54,383184.32495018,7214407.95102502,-880.6622843819787,-484.9339153692126,-0.15000000000000213,-880.542328172343,-484.940440125033,-0.3854545454545475,-10.88427782707879,-1.8103333508628054,-0.14346320346320346,0.3206542898931275,-0.08207967522399429,-0.21559523809523745,11.033803091331889,11.034735717226447,260.5566959007608,-0.6879686178100385,-0.7449265542087482,999.1,-1.52,77.04,False
HAOS / PANGAEA,HAOS_Flight_02,HAOS_Flight_02_seg00,train,10.1594/PANGAEA.918817,CC BY 4.0,fixed-wing UAV,2020-02-27 16:22:17+00:00,294.0,65.03283,24.51904,25.31,383173.527628063,7214406.41757932,-891.4596064990037,-486.4673610692844,-0.38000000000000256,-891.3186024385419,-486.7728741802712,-0.6711688311688326,-10.736190691944387,-1.9583832744259269,-0.35582251082251004,0.08615106224553415,-0.19540911999398247,-0.08612554112554074,10.913343008599359,10.919142149571666,259.6623605643417,-1.0842469027809858,-1.8674304084627396,999.13,-1.54,77.29,False
HAOS / PANGAEA,HAOS_Flight_02,HAOS_Flight_02_seg00,train,10.1594/PANGAEA.918817,CC BY 4.0,fixed-wing UAV,2020-02-27 16:22:18+00:00,295.0,65.0328,24.51882,24.63,383162.978116605,7214404.31633738,-902.0091179569717,-488.56860300991684,-1.0600000000000023,-902.0147095562318,-488.85720667388483,-1.0970995670995676,-10.711975702587722,-2.2011515908507704,-0.31571428571428495,-0.009078859432520403,-0.22008131736851055,0.11931818181818166,10.9357894904179,10.94034584868955,258.38820209519884,-1.1176415877883283,-1.6536595806514185,999.22,-1.5,77.23,False
HAOS / PANGAEA,HAOS_Flight_02,HAOS_Flight_02_seg00,train,10.1594/PANGAEA.918817,CC BY 4.0,fixed-wing UAV,2020-02-27 16:22:19+00:00,296.0,65.03278,24.5186,23.95,383152.504731951,7214401.67891741,-912.4825026110047,-491.2060229796916,-1.740000000000002,-912.7425538437174,-491.1751773619727,-1.3025974025974025,-10.754348410809428,-2.398545909162948,-0.11718614718614673,-0.05887831801035759,-0.13694869980488988,0.17698051948051907,11.018576687550963,11.019199826327405,257.4270773887651,-0.6308013748720047,-0.6093362789030372,999.31,-1.47,77.18,False
HAOS / PANGAEA,HAOS_Flight_02,HAOS_Flight_02_seg00,train,10.1594/PANGAEA.918817,CC BY 4.0,fixed-wing UAV,2020-02-27 16:22:20+00:00,297.0,65.03275,24.51837,23.87,383141.640169998,7214399.12405752,-923.3470645640045,-493.76088286936283,-1.8200000000000003,-923.5234063778506,-493.6542984922107,-1.331471861471861,-10.829732338608437,-2.47504899046055,0.038246753246753196,-0.08386703025317388,-0.013655074391309086,0.1102922077922075,11.108958998532723,11.109024837726086,257.12659934545485,0.02524034423925058,0.19726140703676828,999.32,-1.5,76.65,False
HAOS / PANGAEA,HAOS_Flight_02,HAOS_Flight_02_seg00,train,10.1594/PANGAEA.918817,CC BY 4.0,fixed-wing UAV,2020-02-27 16:22:21+00:00,298.0,65.03272,24.51814,24.63,383130.419796615,7214396.48761626,-934.567437946971,-496.3973241299391,-1.0600000000000023,-934.4020185209342,-496.1252753428938,-1.2261038961038961,-10.922082471315775,-2.425856057945566,0.10339826839826827,-0.08919224390882619,0.09624800017078883,0.03429653679653677,11.188237713066991,11.188715490439565,257.4775580772436,0.5795099467692556,0.5294949827253328,999.22,-1.5,77.46,False
HAOS / PANGAEA,HAOS_Flight_02,HAOS_Flight_02_seg00,train,10.1594/PANGAEA.918817,CC BY 4.0,fixed-wing UAV,2020-02-27 16:22:22+00:00,299.0,65.0327,24.51791,25.09,383119.434122584,7214394.42452407,-945.5531119779916,-498.46041631978005,-0.6000000000000014,-945.3675713204822,-498.50601060810186,-1.1246753246753245,-11.00811682642609,-2.2825529901189725,0.10683982683982673,-0.06248450578445386,0.16361513745556522,-0.027424242424242462,11.242272199913426,11.24277985933841,258.2856192389934,0.8830233306265117,0.5444884073975044,999.16,-1.51,77.18,False
HAOS / PANGAEA,HAOS_Flight_02,HAOS_Flight_02_seg00,train,10.1594/PANGAEA.918817,CC BY 4.0,fixed-wing UAV,2020-02-27 16:22:23+00:00,300.0,65.03268,24.51768,24.93,383108.664542364,7214392.36402283,-956.3226921979804,-500.5209175599739,-0.7600000000000016,-956.4182521737864,-500.69038132313176,-1.0124242424242427,-11.047051482884683,-2.0986257830344357,0.04854978354978334,-0.018598704091289164,0.16499575394510657,-0.12641774891774876,11.244624344224292,11.244729152994495,259.24360473849663,0.8446780056278743,0.24737868723375886,999.18,-1.5,77.38,False
HAOS / PANGAEA,HAOS_Flight_02,HAOS_Flight_02_seg00,train,10.1594/PANGAEA.918817,CC BY 4.0,fixed-wing UAV,2020-02-27 16:22:24+00:00,301.0,65.03265,24.51745,24.33,383097.642572499,7214390.18563975,-967.3446620629984,-502.69930063933134,-1.360000000000003,-967.4616742862515,-502.70326217417073,-1.0275757575757578,-11.045314234608668,-1.9525614822287594,-0.1459956709956708,-0.013022441051560918,0.11923468373998958,-0.08994588744588727,11.216570905723916,11.217521010414098,259.9749752502491,0.6101911849385984,-0.74572376023907,999.26,-1.5,76.7,False
HAOS / PANGAEA,HAOS_Flight_02,HAOS_Flight_02_seg00,train,10.1594/PANGAEA.918817,CC BY 4.0,fixed-wing UAV,2020-02-27 16:22:25+00:00,302.0,65.03263,24.51722,24.1,383086.562192888,7214388.04015823,-978.425041673996,-504.84478215966374,-1.5899999999999999,-978.5088806430037,-504.5955042875893,-1.3044155844155843,-11.073096364987805,-1.8601564155544565,-0.1313419913419912,-0.009559476102566578,0.08131679806967895,0.13617965367965362,11.228252090091072,11.229020247435848,260.46398710837383,0.41785941534851545,-0.6701843272193523,999.29,-1.51,77.43,False
HAOS / PANGAEA,HAOS_Flight_02,HAOS_Flight_02_seg00,train,10.1594/PANGAEA.918817,CC BY 4.0,fixed-wing UAV,2020-02-27 16:22:26+00:00,303.0,65.03261,24.51698,24.63,383075.307084998,7214386.47641995,-989.6801495639957,-506.4085204396397,-1.0600000000000023,-989.6078670162271,-506.42357500527964,-1.2902597402597402,-11.064433186813801,-1.7899278860894015,0.12636363636363646,0.07319237029764736,0.0625182626399976,0.16519480519480517,11.208279242723528,11.208991540342161,260.8106940809461,0.2565008105247556,0.6459329001759434,999.22,-1.49,77.56,False
HAOS / PANGAEA,HAOS_Flight_02,HAOS_Flight_02_seg00,train,10.1594/PANGAEA.918817,CC BY 4.0,fixed-wing UAV,2020-02-27 16:22:27+00:00,304.0,65.03259,24.51675,24.55,383064.327351994,7214384.81979395,-1000.6598825679976,-508.06514643970877,-1.1400000000000006,-1000.6377470166314,-508.1753600597681,-1.0516883116883113,-10.92671162439251,-1.7351198902744613,0.19904761904761914,0.16582645588630385,0.027058430509924847,0.024545454545454315,11.063619116557676,11.065409522964298,260.97698872942334,0.001207799217453506,1.0307077749923013,999.23,-1.51,77.12,False
HAOS / PANGAEA,HAOS_Flight_02,HAOS_Flight_02_seg00,train,10.1594/PANGAEA.918817,CC BY 4.0,fixed-wing UAV,2020-02-27 16:22:28+00:00,305.0,65.03257,24.51652,24.4,383053.41307922,7214382.98315269,-1011.5741553420085,-509.9017876992002,-1.2900000000000027,-1011.4612902650122,-509.89381478582857,-0.8921645021645019,-10.732780275041193,-1.7358110250695518,0.17545454545454509,0.17692996986153275,-0.0443534236552523,-0.07984848484848489,10.872240447445334,10.873656084527733,260.81310967938106,-0.3821220413541018,0.9245502296956501,999.25,-1.47,77.64,False
HAOS / PANGAEA,HAOS_Flight_02,HAOS_Flight_02_seg00,train,10.1594/PANGAEA.918817,CC BY 4.0,fixed-wing UAV,2020-02-27 16:22:29+00:00,306.0,65.03255,24.51629,25.62,383042.746671726,7214381.2808194,-1022.2405628359993,-511.6041209893301,-0.07000000000000028,-1022.1033075667137,-511.6469821099072,-0.7007792207792212,-10.572851684669445,-1.823826737584966,0.03935064935064936,0.3888067405480058,-0.05946039248891566,-0.16027056277056248,10.729004460561443,10.729076623286444,260.2127446467151,-0.6833996161651062,0.21014214576585125,999.09,-1.51,77.21,False
HAOS / PANGAEA,HAOS_Flight_02,HAOS_Flight_02_seg00,train,10.1594/PANGAEA.918817,CC BY 4.0,fixed-wing UAV,2020-02-27 16:22:30+00:00,307.0,65.03253,24.51607,25.01,383032.444303594,7214379.31745152,-1032.5429309679894,-513.5674888696522,-0.6799999999999997,-1032.606993634351,-513.5414682609985,-0.8134632034632032,-9.955166793945182,-1.854731810047383,-0.14508658008657987,0.156125072780128,-0.10848397509099073,-0.09254329004329004,10.126469077742273,10.127508385491057,259.44631044705085,-0.7309268744377129,-0.8208468222671639,999.17,-1.51,77.24,False
HAOS / PANGAEA,HAOS_Flight_02,HAOS_Flight_02_seg00,train,10.1594/PANGAEA.918817,CC BY 4.0,fixed-wing UAV,2020-02-27 16:22:31+00:00,308.0,65.03251,24.51586,24.33,383022.084648002,7214377.34231597,-1042.9025865599979,-515.5426244195551,-1.360000000000003,-1042.013641154604,-515.356445730002,-0.9909523809523809,-10.260601539109189,-2.0407946877669474,-0.14573593073593072,-1.0313693859644104,-0.29687888119812555,-0.02089826839826847,10.461586251710953,10.462601295256123,258.75089089783967,-0.4809810582057097,-0.7981116320915287,999.26,-1.48,77.04,False
HAOS / PANGAEA,HAOS_Flight_02,HAOS_Flight_02_seg00,train,10.1594/PANGAEA.918817,CC BY 4.0,fixed-wing UAV,2020-02-27 16:22:32+00:00,309.0,65.03249,24.51563,24.93,383011.511510825,7214375.32887174,-1053.4757237369777,-517.5560686495155,-0.7600000000000016,-1053.1281967125694,-517.6230576365324,-1.1049350649350647,-12.017905565874003,-2.448489572443634,-0.18688311688311682,-1.4569605007901032,-0.30292994984790766,0.01628787878787874,12.264793327921614,12.266217048300039,258.4843483306394,-0.05497520710782248,-0.8729690750333189,999.18,-1.55,77.69,False
HAOS / PANGAEA,HAOS_Flight_02,HAOS_Flight_02_seg00,train,10.1594/PANGAEA.918817,CC BY 4.0,fixed-wing UAV,2020-02-27 16:22:33+00:00,310.0,65.03247,24.51541,23.87,383000.947021838,7214373.07550748,-1064.0402127240086,-519.809432909824,-1.8200000000000003,-1066.049452286352,-520.2534248748892,-1.3647186147186146,-13.174522540689395,-2.6466545874627627,-0.11316017316017324,-0.4296074800176939,-0.04025512771050899,0.15249999999999994,13.437738823197549,13.438215279763169,258.64094048362404,0.20223642986885979,-0.48248050974408185,999.32,-1.54,77.47,False
HAOS / PANGAEA,HAOS_Flight_02,HAOS_Flight_02_seg00,train,10.1594/PANGAEA.918817,CC BY 4.0,fixed-wing UAV,2020-02-27 16:22:34+00:00,311.0,65.03244,24.51519,24.33,382990.462903977,7214370.74929723,-1074.5243305849726,-522.1356431599706,-1.360000000000003,-1079.4772417939482,-522.9163668114579,-1.3312554112554111,-12.87712052590939,-2.528999827864652,0.11811688311688306,0.719517020084254,0.20388428805176773,0.15742424242424224,13.123112175400177,13.123643730542735,258.88882119037714,0.279007205538283,0.5156868323337354,999.26,-1.56,77.45,False
HAOS / PANGAEA,HAOS_Flight_02,HAOS_Flight_02_seg00,train,10.1594/PANGAEA.918817,CC BY 4.0,fixed-wing UAV,2020-02-27 16:22:35+00:00,312.0,65.0324,24.51473,24.93,382968.435788358,7214366.47386696,-1096.5514462040155,-526.41107342951,-0.7600000000000016,-1091.803693338171,-525.3114245306185,-1.1284848484848484,-11.735488500520887,-2.2388860113592273,0.20168831168831125,1.1263598115272657,0.3637750144297911,0.07660173160173123,11.947146141138393,11.948848442121513,259.1989548947006,0.7438805584112101,0.9671591280694848,999.18,-1.56,77.26,False
HAOS / PANGAEA,HAOS_Flight_02,HAOS_Flight_02_seg00,train,10.1594/PANGAEA.918817,CC BY 4.0,fixed-wing UAV,2020-02-27 16:22:36+00:00,313.0,65.03238,24.5145,24.48,382957.700592364,7214364.76159937,-1107.2866421979852,-528.1233410192654,-1.2100000000000009,-1102.94821879499,-527.3941388341764,-0.9278787878787886,-10.624400902854859,-1.80144979900507,0.2713203463203455,1.089071297842736,0.44590397956739025,0.018322510822510893,10.776043611776938,10.779458736562145,260.37658230719956,1.3891162595679996,1.442294369927989,999.24,-1.48,77.54,False
HAOS / PANGAEA,HAOS_Flight_02,HAOS_Flight_02_seg00,train,10.1594/PANGAEA.918817,CC BY 4.0,fixed-wing UAV,2020-02-27 16:22:37+00:00,314.0,65.03237,24.51439,25.009999999999998,382952.5004970135,7214363.84936291,-1112.48673754849,-529.0355774797499,-0.6800000000000033,-1113.0524951438806,-528.9143241286287,-0.5858441558441574,-9.557345904835415,-1.3470780522244468,0.23833333333333304,1.225538213702066,0.23689541323776098,-0.06400432900432856,9.651812266277204,9.654754414340992,261.9771874138366,0.19849453730561795,1.414523954279799,999.1700000000001,-1.5,77.45,True
HAOS / PANGAEA,HAOS_Flight_02,HAOS_Flight_02_seg00,train,10.1594/PANGAEA.918817,CC BY 4.0,fixed-wing UAV,2020-02-27 16:22:38+00:00,315.0,65.03236,24.51428,25.54,382947.300401663,7214362.93712645,-1117.686832898995,-529.9478139393032,-0.15000000000000213,-1122.0629106046608,-530.0882949386253,-0.45121212121212256,-8.173324475450727,-1.327658972529548,0.1433116883116884,0.9742535945891291,-0.47315082403935094,-0.03409090909090881,8.28045357020617,8.28169364129988,260.77357138181077,-4.37525840576164,0.9915320599453362,999.1,-1.52,77.36,False
HAOS / PANGAEA,HAOS_Flight_02,HAOS_Flight_02_seg00,train,10.1594/PANGAEA.918817,CC BY 4.0,fixed-wing UAV,2020-02-27 16:22:39+00:00,316.0,65.03234,24.51407,25.47,382937.008794992,7214361.03188991,-1127.9784395699971,-531.8530504796654,-0.22000000000000242,-1129.399144094782,-531.5696420736878,-0.2992207792207806,-7.608838715657157,-2.2933797003031486,0.17015151515151541,0.4581642310095617,-1.344993564479637,0.020238095238095416,7.946950172905693,7.948771514438831,253.22667060231333,-9.871765583215389,1.2265679490203893,999.11,-1.52,77.34,False
HAOS / PANGAEA,HAOS_Flight_02,HAOS_Flight_02_seg00,train,10.1594/PANGAEA.918817,CC BY 4.0,fixed-wing UAV,2020-02-27 16:22:40+00:00,317.0,65.03231,24.51385,25.39,382926.966206934,7214359.01816176,-1138.0210276279831,-533.866778629832,-0.3000000000000007,-1137.2805880359751,-534.6750543392316,-0.11090909090909172,-7.256996013431603,-4.017646101488822,0.18378787878787922,1.3103354386520323,-1.7508005779750988,-0.0178354978354979,8.294906348824592,8.296942166856404,241.03004021537998,-16.252831232907063,1.269278599584953,999.12,-1.51,77.01,False
HAOS / PANGAEA,HAOS_Flight_02,HAOS_Flight_02_seg00,train,10.1594/PANGAEA.918817,CC BY 4.0,fixed-wing UAV,2020-02-27 16:22:41+00:00,318.0,65.03227,24.5137,25.62,382919.386525737,7214354.31021602,-1145.6007088249899,-538.5747243696824,-0.07000000000000028,-1143.9131361216453,-539.6049342766654,0.06835497835497786,-4.9881678383530925,-5.794980856253346,0.13448051948051962,3.0442061641939517,-1.659738511029559,-0.023712121212121462,7.64615076413766,7.647333294557173,220.7210081364992,-25.99027459321743,1.0076144295656027,999.09,-1.52,77.04,False
HAOS / PANGAEA,HAOS_Flight_02,HAOS_Flight_02_seg00,train,10.1594/PANGAEA.918817,CC BY 4.0,fixed-wing UAV,2020-02-27 16:22:42+00:00,319.0,65.0322,24.51364,25.92,382916.214438986,7214346.83360084,-1148.7727955760201,-546.0513395499438,0.23000000000000043,-1147.2569237126813,-546.2650160517383,0.15805194805194753,-1.1685836850437,-7.33712312354794,0.1363636363636363,3.8185093768601064,-1.374265174352189,-0.037272727272727395,7.429600497944166,7.430851808532754,189.04949102894514,-28.973330927950535,1.0514944492219294,999.05,-1.53,77.68,False
HAOS / PANGAEA,HAOS_Flight_02,HAOS_Flight_02_seg00,train,10.1594/PANGAEA.918817,CC BY 4.0,fixed-wing UAV,2020-02-27 16:22:43+00:00,320.0,65.03212,24.51368,25.92,382917.824744833,7214337.9637301,-1147.1624897290021,-554.9212102899328,0.23000000000000043,-1146.2503034917327,-554.2791805237613,0.34108225108225043,2.6488509153671203,-8.543511204957724,0.05993506493506483,3.204888321326564,-0.9683046962851733,-0.10788961038961037,8.944718826272819,8.944919624741644,162.77434628059814,-19.26156166698705,0.38391087969091997,999.05,-1.53,77.68,False
HAOS / PANGAEA,HAOS_Flight_02,HAOS_Flight_02_seg00,train,10.1594/PANGAEA.918817,CC BY 4.0,fixed-wing UAV,2020-02-27 16:22:44+00:00,321.0,65.03204,24.5138,26.38,382923.144662499,7214329.07188886,-1141.8425720629748,-563.8130515292287,0.6899999999999977,-1141.959221881947,-563.3520384616537,0.2779220779220772,5.241192957609428,-9.273732516118287,-0.07941558441558443,1.8753592325011823,-0.5027431635875814,-0.15887445887445864,10.652333941414167,10.652629967968114,150.52636769497104,-8.30182043172016,-0.4271452192664177,998.99,-1.53,77.44,False
HAOS / PANGAEA,HAOS_Flight_02,HAOS_Flight_02_seg00,train,10.1594/PANGAEA.918817,CC BY 4.0,fixed-wing UAV,2020-02-27 16:22:45+00:00,322.0,65.03197,24.51395,25.62,382929.984365362,7214320.03501367,-1135.0028692000196,-572.849926719442,-0.07000000000000028,-1135.7679175765138,-572.8266455559979,0.18225108225108158,6.399569380369485,-9.548997532132887,-0.25781385281385244,0.5396371077580397,-0.21871887809939494,-0.18439393939393905,11.495122536225642,11.498013311244051,146.17070541715782,-1.7921297612718943,-1.2848205450348964,999.09,-1.53,76.89,False
HAOS / PANGAEA,HAOS_Flight_02,HAOS_Flight_02_seg00,train,10.1594/PANGAEA.918817,CC BY 4.0,fixed-wing UAV,2020-02-27 16:22:46+00:00,323.0,65.03188,24.5141,25.69,382936.632305842,7214310.74009461,-1128.3549287199858,-582.1448457799852,0.0,-1129.1600831212081,-582.4500335259195,-0.2377056277056277,6.3204671731255075,-9.711170272317077,-0.44820346320346255,-0.4326266573735893,-0.1674091414965062,-0.11438311688311673,11.586851744304493,11.595517223863697,146.94210817242725,2.291603937737542,-2.2152151785548746,999.08,-1.56,77.45,False
HAOS / PANGAEA,HAOS_Flight_02,HAOS_Flight_02_seg00,train,10.1594/PANGAEA.918817,CC BY 4.0,fixed-wing UAV,2020-02-27 16:22:47+00:00,324.0,65.0318,24.51423,24.71,382942.260932619,7214300.72551665,-1122.7263019430102,-592.1594237396494,-0.9800000000000004,-1123.1269832302628,-592.248986100632,-0.7141558441558435,5.534316065622306,-9.8838158151259,-0.4865800865800859,-0.8812738285288333,-0.13623650621488537,0.06673160173160145,11.327774246582512,11.338219858610712,150.7539132926329,4.259679610568034,-2.4596056752197173,999.21,-1.57,77.48,False
HAOS / PANGAEA,HAOS_Flight_02,HAOS_Flight_02_seg00,train,10.1594/PANGAEA.918817,CC BY 4.0,fixed-wing UAV,2020-02-27 16:22:48+00:00,325.0,65.03171,24.51433,25.01,382946.931106121,7214290.55077352,-1118.0561284410069,-602.3341668695211,-0.6799999999999997,-1118.0914509899635,-602.2176651561713,-1.2108658008657995,4.557919516067841,-9.983643284746847,-0.31474025974025965,-0.9174888295731307,-0.02167336387941532,0.1912662337662332,10.974869637131137,10.979381812430255,155.46146739356334,4.4041362208301855,-1.6426935148827573,999.17,-1.59,77.5,False
HAOS / PANGAEA,HAOS_Flight_02,HAOS_Flight_02_seg00,train,10.1594/PANGAEA.918817,CC BY 4.0,fixed-wing UAV,2020-02-27 16:22:49+00:00,326.0,65.03162,24.51443,23.64,382950.839696894,7214280.48543501,-1114.1475376680028,-612.3995053796098,-2.0500000000000007,-1114.011144198127,-612.2162726701257,-1.3436363636363629,3.699338406476045,-9.92716254288473,-0.1040476190476195,-0.7779418740789197,0.12820283136659327,0.18609307359307342,10.594038927551773,10.594549858559912,159.56218573429328,3.6935880297958192,-0.5627030269196976,999.35,-1.55,77.34,False
HAOS / PANGAEA,HAOS_Flight_02,HAOS_Flight_02_seg00,train,10.1594/PANGAEA.918817,CC BY 4.0,fixed-wing UAV,2020-02-27 16:22:50+00:00,327.0,65.03153,24.51451,24.18,382954.296861642,7214270.68272669,-1110.690372920013,-622.2022136999294,-1.5100000000000016,-1110.6927741770114,-622.0719902419407,-1.4189610389610385,3.0020357679100016,-9.72723762201366,0.05744588744588719,-0.6490583557740024,0.20326680939106723,0.06041125541125558,10.179949435381738,10.180111518883937,162.84864345315498,3.1411613021820766,0.323319087730613,999.28,-1.54,77.28,False
HAOS / PANGAEA,HAOS_Flight_02,HAOS_Flight_02_seg00,train,10.1594/PANGAEA.918817,CC BY 4.0,fixed-wing UAV,2020-02-27 16:22:51+00:00,328.0,65.03145,24.51457,24.33,382957.052444636,7214261.20146213,-1107.9347899259883,-631.6834782594815,-1.360000000000003,-1108.007072662307,-631.670747914153,-1.2287445887445885,2.40122169492804,-9.520628924102596,0.016774891774891665,-0.5788709441213769,0.141798848175398,-0.1592748917748915,9.818769817989015,9.818784147522853,165.84450833865742,3.0504378781957375,0.09788696376330092,999.26,-1.56,77.26,False
HAOS / PANGAEA,HAOS_Flight_02,HAOS_Flight_02_seg00,train,10.1594/PANGAEA.918817,CC BY 4.0,fixed-wing UAV,2020-02-27 16:22:52+00:00,329.0,65.03136,24.51463,24.86,382959.150390908,7214251.7160702,-1105.8368436539895,-641.1688701892272,-0.8300000000000018,-1105.8903307871553,-641.1132480901459,-1.3854112554112552,1.844293879667248,-9.443639925662865,-0.26110389610389584,-0.5686973679552239,-0.004153249218859401,-0.23351190476190437,9.622045258683405,9.625587265445803,168.94951920954645,3.300210467442472,-1.554397266591236,999.19,-1.55,77.25,False
HAOS / PANGAEA,HAOS_Flight_02,HAOS_Flight_02_seg00,train,10.1594/PANGAEA.918817,CC BY 4.0,fixed-wing UAV,2020-02-27 16:22:53+00:00,330.0,65.03128,24.51467,24.25,382960.708728416,7214242.3614584,-1104.2785061459872,-650.5234819892794,-1.4400000000000013,-1104.3184849029726,-650.5580277654788,-1.7509523809523801,1.2638269590175923,-9.528935422540314,-0.45024891774891707,-0.4903085064966035,-0.1445709256157386,-0.0899025974025972,9.612381019772531,9.622920188654652,172.44492927354236,2.9896981899839266,-2.68180388359202,999.27,-1.58,77.23,False
HAOS / PANGAEA,HAOS_Flight_02,HAOS_Flight_02_seg00,train,10.1594/PANGAEA.918817,CC BY 4.0,fixed-wing UAV,2020-02-27 16:22:54+00:00,331.0,65.0312,24.5147,23.87,382961.768826024,7214232.84116215,-1103.2184085379704,-660.0437782397494,-1.8200000000000003,-1103.3626768691202,-660.1711189352266,-2.2859090909090893,0.8636768666740409,-9.732781776894342,-0.44090909090909025,-0.3504975483044177,-0.2606127078128395,0.10849025974025972,9.771027522562532,9.780970282805319,174.9289155895143,2.1748624520915802,-2.5836693950523184,999.32,-1.6,77.38,False
HAOS / PANGAEA,HAOS_Flight_02,HAOS_Flight_02_seg00,train,10.1594/PANGAEA.918817,CC BY 4.0,fixed-wing UAV,2020-02-27 16:22:55+00:00,332.0,65.03111,24.51472,22.2,382962.596977358,7214223.01061565,-1102.3902572040097,-669.8743247399107,-3.490000000000002,-1102.5911311696245,-670.0235913192674,-2.6327705627705607,0.5628318624087569,-10.050160838165993,-0.23326839826839763,-0.17008510276673405,-0.3496840098616758,0.2788528138528136,10.065908432841415,10.068610962986831,176.79465417772553,1.0991373012813042,-1.3275406797748917,999.54,-1.59,77.12,False
HAOS / PANGAEA,HAOS_Flight_02,HAOS_Flight_02_seg00,train,10.1594/PANGAEA.918817,CC BY 4.0,fixed-wing UAV,2020-02-27 16:22:56+00:00,333.0,65.03102,24.51474,22.2,382963.176841255,7214212.81881235,-1101.8103933070088,-680.0661280397326,-3.490000000000002,-1102.2370131443026,-680.2714406115585,-2.7524458874458846,0.5235066611405728,-10.432149796617693,0.1167965367965369,0.4321939731939324,-0.26896249246888715,0.3838852813852808,10.445276856231677,10.445929831007712,177.1271901920769,-2.2357798747826245,0.6406407251221384,999.54,-1.59,77.12,False
HAOS / PANGAEA,HAOS_Flight_02,HAOS_Flight_02_seg00,train,10.1594/PANGAEA.918817,CC BY 4.0,fixed-wing UAV,2020-02-27 16:22:57+00:00,334.0,65.03092,24.51477,23.8,382963.82367539,7214202.42848672,-1101.1635591720114,-690.4564536698163,-1.8900000000000006,-1101.5441178473434,-690.8878909125028,-2.399177489177487,1.4272198087966217,-10.588085823103768,0.5345021645021639,1.4606995010930177,0.12478316696950742,0.4004004329004323,10.683843773662757,10.697205725977694,172.3230944281603,-7.909281772328087,2.864063429926335,999.33,-1.6,77.52,False
HAOS / PANGAEA,HAOS_Flight_02,HAOS_Flight_02_seg00,train,10.1594/PANGAEA.918817,CC BY 4.0,fixed-wing UAV,2020-02-27 16:22:58+00:00,335.0,65.03083,24.51483,24.365000000000002,382966.20903144754,7214192.103345355,-1098.7782031144598,-700.7815950345248,-1.3249999999999993,-1099.3825735267094,-701.4476122577661,-1.6834415584415567,3.444905663326608,-10.182583462678679,0.9175974025974015,2.4960504389674725,0.8540904279939525,0.2471645021645016,10.749529338703024,10.788622062010077,161.30862664742074,-14.093209606612328,4.879033834910626,999.255,-1.59,77.69999999999999,True
HAOS / PANGAEA,HAOS_Flight_02,HAOS_Flight_02_seg00,train,10.1594/PANGAEA.918817,CC BY 4.0,fixed-wing UAV,2020-02-27 16:22:59+00:00,336.0,65.03074,24.51489,24.93,382968.594387505,7214181.77820399,-1096.3928470569663,-711.1067363992333,-0.7600000000000016,-1094.6543065206902,-711.2530578378602,-0.5639826839826838,6.419320686731567,-8.879904967115863,1.028831168831167,3.2139899467395594,1.9116032009548576,-0.03760822510822548,10.957207231047006,11.005402485964215,144.13667521493562,-19.261005105297645,5.364082186159005,999.18,-1.58,77.88,False
HAOS / PANGAEA,HAOS_Flight_02,HAOS_Flight_02_seg00,train,10.1594/PANGAEA.918817,CC BY 4.0,fixed-wing UAV,2020-02-27 16:23:00+00:00,337.0,65.03067,24.51507,25.85,382977.050932865,7214173.38364761,-1087.9363016969874,-719.5012927791104,0.16000000000000014,-1086.5439321532463,-719.2074221919978,0.3742207792207774,9.872885556805727,-6.3593770607689635,0.8423809523809506,3.349085303967456,3.1057505398853493,-0.170194805194805,11.743744965675031,11.773918272510297,122.78661643682545,-21.319134271602426,4.102809647682467,999.06,-1.62,77.41,False
HAOS / PANGAEA,HAOS_Flight_02,HAOS_Flight_02_seg00,train,10.1594/PANGAEA.918817,CC BY 4.0,fixed-wing UAV,2020-02-27 16:23:01+00:00,338.0,65.03063,24.51534,26.83,382989.625265249,7214168.19426093,-1075.3619693130022,-724.6906794598326,1.139999999999997,-1074.9085354070787,-723.9718119593981,1.1207792207792173,13.117491294666479,-2.668403887345164,0.6884415584415571,2.880533731187427,4.026836653755112,-0.17135281385281326,13.386147958679139,13.40383933621405,101.49840667173078,-19.485892598350226,2.944093701027148,998.93,-1.68,77.7,False
HAOS / PANGAEA,HAOS_Flight_02,HAOS_Flight_02_seg00,train,10.1594/PANGAEA.918817,CC BY 4.0,fixed-wing UAV,2020-02-27 16:23:02+00:00,339.0,65.03062,24.51567,27.74,383005.003847298,7214167.06360387,-1059.9833872640156,-725.8213365199044,2.049999999999997,-1060.3089495639133,-724.5442299666881,1.7511038961038916,15.63395301918058,1.69429624674126,0.49967532467532405,1.88786595866452,4.271189079040397,-0.24029761904761848,15.725492894585757,15.733429448399244,83.81483124012499,-15.335788368373013,1.8199529991141579,998.81,-1.69,77.44,False
HAOS / PANGAEA,HAOS_Flight_02,HAOS_Flight_02_seg00,train,10.1594/PANGAEA.918817,CC BY 4.0,fixed-wing UAV,2020-02-27 16:23:03+00:00,340.0,65.03066,24.51603,27.9,383021.938207537,7214171.12689728,-1043.0490270250011,-721.7580431094393,2.2099999999999973,-1043.6406293687176,-720.5832194659156,2.1201298701298654,16.89322321199552,5.87397427073563,0.2078463203463201,0.7446653597410773,3.680326168988813,-0.234902597402597,17.885317000924765,17.88652465730696,70.82682993498474,-10.842562774620973,0.6658076510014475,998.79,-1.66,77.49,False
HAOS / PANGAEA,HAOS_Flight_02,HAOS_Flight_02_seg00,train,10.1594/PANGAEA.918817,CC BY 4.0,fixed-wing UAV,2020-02-27 16:23:04+00:00,341.0,65.03075,24.51638,28.05,383039.08182843,7214179.84442607,-1025.9054061319912,-713.0405143192038,2.3599999999999994,-1026.5225031399223,-712.7962814252169,2.166796536796532,17.123283738662735,9.054948584718886,0.029870129870130047,0.05978912606707354,2.4712560329186886,-0.13009199134199123,19.370052655237007,19.37007568625669,62.12970569088304,-6.63721213009893,0.08835448457118833,998.77,-1.63,77.55,False
HAOS / PANGAEA,HAOS_Flight_02,HAOS_Flight_02_seg00,train,10.1594/PANGAEA.918817,CC BY 4.0,fixed-wing UAV,2020-02-27 16:23:05+00:00,342.0,65.03085,24.51673,27.52,383055.962635021,7214190.8690398,-1009.0245995409787,-702.0159005895257,1.8299999999999983,-1009.3940618913921,-702.4733222964778,2.1798701298701255,17.012801464129666,10.816486336573007,-0.05233766233766235,-0.13022077477614857,1.0081195125892464,-0.10015151515151527,20.160153529354954,20.16022146599739,57.55240567478688,-2.708170984893826,-0.1487449200395678,998.84,-1.68,77.25,False
HAOS / PANGAEA,HAOS_Flight_02,HAOS_Flight_02_seg00,train,10.1594/PANGAEA.918817,CC BY 4.0,fixed-wing UAV,2020-02-27 16:23:06+00:00,343.0,65.03096,24.51707,27.52,383072.455096759,7214202.48462372,-992.5321378029766,-690.4003166696057,1.8299999999999983,-992.4969002116629,-691.1633087520709,2.062121212121207,16.862842189110438,11.071187609897379,-0.1704329004329005,-0.03181094552141417,-0.34668795512359907,-0.08214285714285696,20.172422804125144,20.173142768590573,56.71336372109539,0.7996516330630313,-0.48406944660069423,998.84,-1.64,77.74,False
HAOS / PANGAEA,HAOS_Flight_02,HAOS_Flight_02_seg00,train,10.1594/PANGAEA.918817,CC BY 4.0,fixed-wing UAV,2020-02-27 16:23:07+00:00,344.0,65.03106,24.51742,27.52,383089.259301048,7214213.14786982,-975.7279335139901,-679.7370705697685,1.8299999999999983,-975.6683775131712,-680.3309470766831,1.8390043290043245,16.949179573086838,10.123110426325809,-0.21662337662337627,0.220698174017798,-1.2589502940156194,-0.018722943722943586,19.742139015424097,19.74332744477562,59.151708940912954,3.4919880927914972,-0.6286607108007894,998.84,-1.64,77.74,False
HAOS / PANGAEA,HAOS_Flight_02,HAOS_Flight_02_seg00,train,10.1594/PANGAEA.918817,CC BY 4.0,fixed-wing UAV,2020-02-27 16:23:08+00:00,345.0,65.03115,24.51777,27.9,383106.39683682,7214222.29693459,-958.5903977419948,-670.5880057998002,2.2099999999999973,-958.5985410654893,-670.9170878994192,1.6288744588744546,17.304238537146034,8.55328702186614,-0.20787878787878766,0.42333350160623695,-1.6338472170151022,-0.11036796536796517,19.302730123712387,19.30384945598477,63.697339906678394,4.890164058688785,-0.6170172140825094,998.79,-1.68,78.01,False
HAOS / PANGAEA,HAOS_Flight_02,HAOS_Flight_02_seg00,train,10.1594/PANGAEA.918817,CC BY 4.0,fixed-wing UAV,2020-02-27 16:23:09+00:00,346.0,65.03123,24.51813,26.83,383123.664208656,7214229.88772539,-941.3230259059928,-662.9972149999812,1.139999999999997,-941.0599004388791,-663.2243730329508,1.4232467532467492,17.79584657629931,6.855415992295605,-0.4373593073593066,0.47635827486078597,-1.5813023247181377,-0.25249999999999956,19.07062882535881,19.07564329081303,68.93203705829052,4.926255638725937,-1.313771601459564,998.93,-1.63,78.09,False
HAOS / PANGAEA,HAOS_Flight_02,HAOS_Flight_02_seg00,train,10.1594/PANGAEA.918817,CC BY 4.0,fixed-wing UAV,2020-02-27 16:23:10+00:00,347.0,65.03129,24.51851,26.23,383141.837571418,7214235.96148155,-923.1496631440241,-656.9234588397667,0.5399999999999991,-923.0068479128906,-657.206255914828,0.7541558441558414,18.256955086867606,5.390682372429865,-0.7128787878787868,0.40820898302112596,-1.2619278963999534,-0.10133116883116872,19.036172553439595,19.049516047672565,73.54985118413026,3.983469603876157,-2.144646888715517,999.01,-1.66,77.9,False
HAOS / PANGAEA,HAOS_Flight_02,HAOS_Flight_02_seg00,train,10.1594/PANGAEA.918817,CC BY 4.0,fixed-wing UAV,2020-02-27 16:23:11+00:00,348.0,65.03133,24.51891,26.23,383160.44111142,7214240.52798662,-904.546123142005,-652.3569537699223,0.5399999999999991,-904.5459902651439,-652.443008288091,-0.00251082251082441,18.612264542341563,4.331560199495698,-0.640021645021644,0.2988008395900579,-0.8538181465351045,0.1330627705627705,19.10965214638823,19.120366964628488,76.89897626604284,2.698591478346091,-1.9182367454883773,999.01,-1.66,77.9,False
HAOS / PANGAEA,HAOS_Flight_02,HAOS_Flight_02_seg00,train,10.1594/PANGAEA.918817,CC BY 4.0,fixed-wing UAV,2020-02-27 16:23:12+00:00,349.0,65.03137,24.5193,25.24,383179.325848131,7214244.14718499,-885.6613864310202,-648.7377553991973,-0.45000000000000284,-885.7823188282075,-648.5431355158366,-0.5258874458874467,18.854556766047722,3.6830460793596558,-0.4467532467532458,0.15377395488582124,-0.4835215663825636,0.12165584415584402,19.210911984255265,19.2161059460622,78.94703414082244,1.5087526562591935,-1.332183641843531,999.14,-1.72,77.43,False
HAOS / PANGAEA,HAOS_Flight_02,HAOS_Flight_02_seg00,train,10.1594/PANGAEA.918817,CC BY 4.0,fixed-wing UAV,2020-02-27 16:23:13+00:00,350.0,65.03141,24.5197,23.8,383198.174578685,7214247.41395702,-866.8126558769727,-645.4709833692759,-1.8900000000000006,-866.8368767330485,-645.0769161293717,-0.896017316017316,18.919812452113206,3.3645170667305706,-0.396709956709956,-0.00446690540152872,-0.23717002839441648,0.0598268398268397,19.216640661558387,19.22073508233262,79.91648157856122,0.6951470983669839,-1.1826509353589736,999.33,-1.62,77.52,False
HAOS / PANGAEA,HAOS_Flight_02,HAOS_Flight_02_seg00,train,10.1594/PANGAEA.918817,CC BY 4.0,fixed-wing UAV,2020-02-27 16:23:14+00:00,351.0,65.03145,24.5201,24.63,383217.063651392,7214250.92423274,-847.9235831699916,-641.9607076495886,-1.0600000000000023,-847.9426939239811,-641.8141013823755,-1.3193073593073588,18.845622955244664,3.208706022570823,-0.3270995670995664,-0.1000143783337819,-0.14473966289881446,0.2122727272727271,19.116832868195687,19.119631090513323,80.33732833755641,0.377518828197308,-0.9802667703336045,999.22,-1.65,77.83,False
HAOS / PANGAEA,HAOS_Flight_02,HAOS_Flight_02_seg00,train,10.1594/PANGAEA.918817,CC BY 4.0,fixed-wing UAV,2020-02-27 16:23:15+00:00,352.0,65.03148,24.52049,25.01,383235.83985791,7214254.22331327,-829.1473766519921,-638.6616271194071,-0.6799999999999997,-829.1456308225592,-638.6595040842301,-1.5502164502164488,18.719783695445642,3.0750377409329417,0.027835497835498213,-0.5574404733405913,-0.22250360608288133,0.3109307359307355,18.970665742467617,18.970686163852225,80.67151923495584,0.4016209236647264,0.08406955368492597,999.17,-1.69,77.43,False
HAOS / PANGAEA,HAOS_Flight_02,HAOS_Flight_02_seg00,train,10.1594/PANGAEA.918817,CC BY 4.0,fixed-wing UAV,2020-02-27 16:23:16+00:00,353.0,65.03152,24.52089,23.87,383254.524181866,7214257.54541511,-810.4630526959663,-635.339525279589,-1.8200000000000003,-810.5031265330898,-635.6640259005096,-1.2636363636363623,17.73074200856348,2.76369881040506,0.29476190476190456,-0.3452776479491888,-0.15157807499949172,0.07540043290043247,17.94483890395431,17.94725962004704,81.14057018488586,0.2940244872257522,0.9410557829684708,999.32,-1.66,77.86,False
HAOS / PANGAEA,HAOS_Flight_02,HAOS_Flight_02_seg00,train,10.1594/PANGAEA.918817,CC BY 4.0,fixed-wing UAV,2020-02-27 16:23:17+00:00,354.0,65.03155,24.52128,24.1,383272.93687744,7214260.20863968,-792.0503571219742,-632.6763007091358,-1.5899999999999999,-793.6841468054322,-633.13210646342,-0.9606926406926397,18.029228399547264,2.7718815909339583,0.17863636363636315,1.3907409829503479,0.25775489823701037,-0.05067640692640729,18.241063681627786,18.241938361578065,81.25956820940735,-0.11168239688544239,0.5610847428290339,999.29,-1.65,77.66,False
HAOS / PANGAEA,HAOS_Flight_02,HAOS_Flight_02_seg00,train,10.1594/PANGAEA.918817,CC BY 4.0,fixed-wing UAV,2020-02-27 16:23:18+00:00,355.0,65.03158,24.52166,25.16,383291.195244525,7214262.70055125,-773.791990037018,-630.1843891395256,-0.5300000000000011,-774.4446697339953,-630.1202627186417,-0.906363636363636,20.512223974464177,3.279208606879081,0.19340909090908998,2.002836800507424,0.44054637496861915,0.10271645021645012,20.772687391524787,20.773587762889182,80.91720539111498,-0.3362628417696615,0.533450690210299,999.15,-1.66,77.94,False
HAOS / PANGAEA,HAOS_Flight_02,HAOS_Flight_02_seg00,train,10.1594/PANGAEA.918817,CC BY 4.0,fixed-wing UAV,2020-02-27 16:23:19+00:00,356.0,65.03161,24.52204,25.77,383309.155375955,7214265.35821619,-755.831858607009,-627.5267241997644,0.0799999999999983,-752.6596988565038,-626.5736892496618,-0.5738744588744598,22.034902000562113,3.6529743408711965,0.3840692640692634,0.3880766158554536,0.1922292181288583,-0.01691017316017257,22.335647017927187,22.338948876548383,80.58704252586801,-0.3409938405382636,0.9851238861220626,999.07,-1.71,77.47,False
HAOS / PANGAEA,HAOS_Flight_02,HAOS_Flight_02_seg00,train,10.1594/PANGAEA.918817,CC BY 4.0,fixed-wing UAV,2020-02-27 16:23:20+00:00,357.0,65.03164,24.52241,24.93,383326.853094252,7214268.5504676,-738.1341403099941,-624.3344727894291,-0.7600000000000016,-730.3748657328711,-622.8143140368993,-0.13822510822510925,21.288377206175085,3.6636670431367975,0.15958874458874484,-1.3389785068796414,-0.09178137951090548,-0.32611471861471797,21.601330058016373,21.601919563843417,80.23521771003846,-0.3742337759207194,0.42328852641410347,999.18,-1.64,77.91,False
HAOS / PANGAEA,HAOS_Flight_02,HAOS_Flight_02_seg00,train,10.1594/PANGAEA.918817,CC BY 4.0,fixed-wing UAV,2020-02-27 16:23:21+00:00,358.0,65.03172,24.52316,25.31,383362.337806175,7214275.39617352,-702.6494283869979,-617.4887668695301,-0.38000000000000256,-710.0829444441537,-619.2463551633882,-0.2546969696969701,19.35694498680283,3.4694115818493856,-0.2681601731601725,-1.8720833690168774,-0.2154403003214611,-0.24544372294372274,19.665404545708736,19.66723279530832,79.83857497402659,-0.33785980395521154,-0.7812447445913696,999.13,-1.67,77.9,False
HAOS / PANGAEA,HAOS_Flight_02,HAOS_Flight_02_seg00,train,10.1594/PANGAEA.918817,CC BY 4.0,fixed-wing UAV,2020-02-27 16:23:22+00:00,359.0,65.03175,24.52354,25.85,383380.382524838,7214278.30026438,-684.6047097240225,-614.5846760096028,0.16000000000000014,-691.6609757592654,-615.8754908732005,-0.6745454545454542,17.54421046814133,3.2327864424938753,-0.33129870129870065,-1.7809628797393202,-0.29795358743058387,0.03759740259740238,17.839569196962465,17.842645206434337,79.55949810212803,-0.0746650169819231,-1.0639178221197465,999.06,-1.72,77.87,False
HAOS / PANGAEA,HAOS_Flight_02,HAOS_Flight_02_seg00,train,10.1594/PANGAEA.918817,CC BY 4.0,fixed-wing UAV,2020-02-27 16:23:23+00:00,360.0,65.031765,24.52373,24.825000000000003,383389.4707745745,7214279.882305181,-675.5164599874988,-613.0026352088898,-0.8649999999999984,-674.994523507871,-612.7807822784005,-0.9172943722943714,15.79501922732419,2.873504406988218,-0.19296536796536773,-1.7641065850890811,-0.3976541993014848,0.12917748917748878,16.0542723275931,16.055431965592067,79.68924494006274,0.28751949198576116,-0.6886371784656684,999.1949999999999,-1.69,77.565,True
HAOS / PANGAEA,HAOS_Flight_02,HAOS_Flight_02_seg00,train,10.1594/PANGAEA.918817,CC BY 4.0,fixed-wing UAV,2020-02-27 16:23:24+00:00,361.0,65.03178,24.52392,23.8,383398.559024311,7214281.46434598,-666.4282102509751,-611.4205944091082,-1.8900000000000006,-660.070937304617,-610.1284820592241,-1.0604761904761897,14.015997297963168,2.4374780438909056,-0.07294372294372309,-0.5605588369769237,-0.1461654635865557,0.14398268398268357,14.226365645201204,14.226552648399327,80.13453708609956,0.1671768906655041,-0.2937736134786633,999.33,-1.66,77.26,False
HAOS / PANGAEA,HAOS_Flight_02,HAOS_Flight_02_seg00,train,10.1594/PANGAEA.918817,CC BY 4.0,fixed-wing UAV,2020-02-27 16:23:25+00:00,362.0,65.03182,24.52431,24.4,383417.003246956,7214285.05276375,-647.9839876060141,-607.8321766396984,-1.2900000000000027,-646.9625289119447,-607.9058261906187,-1.0631818181818176,14.673901553370342,2.5811734798151065,0.09499999999999942,1.6723698031795777,0.3976288064567939,0.12693722943722913,14.899189351468266,14.899492217216846,80.02359872139374,-0.3413757573573216,0.3653235865875274,999.25,-1.64,77.82,False
HAOS / PANGAEA,HAOS_Flight_02,HAOS_Flight_02_seg00,train,10.1594/PANGAEA.918817,CC BY 4.0,fixed-wing UAV,2020-02-27 16:23:26+00:00,363.0,65.03186,24.5247,25.16,383435.43141677,7214288.34240393,-629.5558177920175,-604.5425364598632,-0.5300000000000011,-630.7231341978763,-604.9661350995939,-0.8704761904761908,17.360736904322323,3.2327356568044934,0.18093073593073516,1.9966025608578093,0.5223637113702466,0.016785714285714376,17.659155293724393,17.660082152104465,79.4517855713849,-0.5079291512544184,0.5870158940696973,999.15,-1.67,77.39,False
HAOS / PANGAEA,HAOS_Flight_02,HAOS_Flight_02_seg00,train,10.1594/PANGAEA.918817,CC BY 4.0,fixed-wing UAV,2020-02-27 16:23:27+00:00,364.0,65.03189,24.52508,24.86,383453.6821158,7214291.32241221,-611.3051187620149,-601.5625281799585,-0.8300000000000018,-612.2410551033,-601.4403548770097,-0.7013203463203472,18.66710667508596,3.6259009025555997,0.12857142857142817,0.4918740828554746,0.19369994667846413,-0.14049242424242378,19.01599403066251,19.016428675922228,79.00774041888491,-0.30760160321634067,0.38738379711470866,999.19,-1.65,77.64,False
HAOS / PANGAEA,HAOS_Flight_02,HAOS_Flight_02_seg00,train,10.1594/PANGAEA.918817,CC BY 4.0,fixed-wing UAV,2020-02-27 16:23:28+00:00,365.0,65.03193,24.52546,25.77,383471.715361029,7214294.74822407,-593.271873532969,-598.1367163192481,0.0799999999999983,-593.3889208477044,-597.7143332944827,-0.6133333333333345,18.344485070033272,3.6201355501614216,-0.1000541125541124,-0.43135089139411775,-0.06786343681801554,-0.217402597402597,18.698275692860456,18.698543384757414,78.83658236495222,-0.049359260304954085,-0.30658568484063486,999.07,-1.7,77.52,False
HAOS / PANGAEA,HAOS_Flight_02,HAOS_Flight_02_seg00,train,10.1594/PANGAEA.918817,CC BY 4.0,fixed-wing UAV,2020-02-27 16:23:29+00:00,366.0,65.03197,24.52584,24.93,383489.438456223,7214298.75454043,-575.5487783389981,-594.1303999591619,-0.7600000000000016,-575.5520849632335,-594.2000837766868,-0.901428571428572,17.804404892297725,3.4901740289195686,-0.3062337662337658,-0.28901434450753527,-0.10046839074618674,-0.05462662337662316,18.143267300048795,18.14585152150765,78.909021898275,0.13494518664361568,-0.9669832965970343,999.18,-1.67,77.53,False
HAOS / PANGAEA,HAOS_Flight_02,HAOS_Flight_02_seg00,train,10.1594/PANGAEA.918817,CC BY 4.0,fixed-wing UAV,2020-02-27 16:23:30+00:00,367.0,65.03201,24.52621,23.72,383507.135868189,7214302.67227763,-557.8513663730118,-590.212662759237,-1.9700000000000024,-557.780111063109,-590.7339852366435,-1.2258008658008661,17.7664563810182,3.419198768669048,-0.20930735930735872,-0.028245822002020304,-0.09317147111900681,0.09098484848484859,18.092481658365454,18.093692329896367,79.10647273823946,0.27294272135989733,-0.6628108610422996,999.34,-1.64,77.57,False
HAOS / PANGAEA,HAOS_Flight_02,HAOS_Flight_02_seg00,train,10.1594/PANGAEA.918817,CC BY 4.0,fixed-wing UAV,2020-02-27 16:23:31+00:00,368.0,65.03205,24.52658,24.4,383524.803430062,7214305.71838875,-540.1838044999749,-587.1665516393259,-1.2900000000000027,-540.0191722011971,-587.3616862393487,-1.3200432900432895,17.747913248293685,3.303831086681555,-0.12426406926406863,-0.023011535291445284,-0.09465050241550443,0.08728354978354966,18.05280378551437,18.053231458029668,79.4549073409948,0.2818207391767952,-0.3943816348145484,999.25,-1.71,77.96,False
HAOS / PANGAEA,HAOS_Flight_02,HAOS_Flight_02_seg00,train,10.1594/PANGAEA.918817,CC BY 4.0,fixed-wing UAV,2020-02-27 16:23:32+00:00,369.0,65.03208,24.52696,24.1,383542.675466813,7214308.547994,-522.3117677490227,-584.3369463896379,-1.5899999999999999,-522.2842845665216,-584.1263230632804,-1.4743290043290034,17.72043331043531,3.2298977638380393,-0.034740259740259405,-0.02626267852024,-0.006057667418019719,0.12310606060606033,18.012384524943702,18.012418026463802,79.67011421659305,0.003657740731142446,-0.11050551310851732,999.29,-1.67,77.85,False
HAOS / PANGAEA,HAOS_Flight_02,HAOS_Flight_02_seg00,train,10.1594/PANGAEA.918817,CC BY 4.0,fixed-wing UAV,2020-02-27 16:23:33+00:00,370.0,65.03211,24.52733,24.55,383560.603819539,7214311.71294616,-504.38341502298135,-581.1719942297786,-1.1400000000000006,-504.57830558032646,-580.9018907116726,-1.3895238095238083,17.695387891253205,3.2917157518455156,0.12194805194805203,-0.011056904948929969,0.10225274863967115,0.04094155844155817,17.998948447419323,17.999361559239606,79.46222282245708,-0.3260076039053378,0.3881894437626029,999.23,-1.67,77.86,False
HAOS / PANGAEA,HAOS_Flight_02,HAOS_Flight_02_seg00,train,10.1594/PANGAEA.918817,CC BY 4.0,fixed-wing UAV,2020-02-27 16:23:34+00:00,371.0,65.03215,24.5277,24.78,383578.210389653,7214315.151855,-486.7768449090072,-577.733085389249,-0.9100000000000001,-486.8935087840152,-577.5428915595894,-1.2304329004328993,17.69831950053745,3.4344032611173816,0.04714285714285693,0.008773003517688949,0.10814480887813716,-0.036158008658009,18.028467458524528,18.02852909563222,79.01809900878237,-0.33227866500055536,0.14982308386708504,999.2,-1.68,77.59,False
HAOS / PANGAEA,HAOS_Flight_02,HAOS_Flight_02_seg00,train,10.1594/PANGAEA.918817,CC BY 4.0,fixed-wing UAV,2020-02-27 16:23:35+00:00,372.0,65.03219,24.52807,24.18,383595.660804328,7214318.8795392,-469.32643023401033,-574.005401189439,-1.5100000000000016,-469.18166657925156,-574.0330841894379,-1.2952380952380944,17.712933898288583,3.50800536960179,0.04963203463203403,-0.0023899438219103786,-0.02353814059819115,0.00746753246753229,18.05696898591499,18.057037195984215,78.79766549245596,0.07204354887051102,0.15748484443395075,999.28,-1.65,77.49,False
HAOS / PANGAEA,HAOS_Flight_02,HAOS_Flight_02_seg00,train,10.1594/PANGAEA.918817,CC BY 4.0,fixed-wing UAV,2020-02-27 16:23:36+00:00,373.0,65.03223,24.52844,24.25,383613.301604448,7214322.60422432,-451.6856301139924,-570.280716069974,-1.4400000000000013,-451.467640987438,-570.5268808203858,-1.1311688311688313,17.69353961289363,3.3873269799209993,0.06207792207792151,-0.034889139875488695,-0.18356371156315276,-0.03683982683982662,18.014864087800852,18.01497104550397,79.1621861065234,0.5540736987374534,0.19743634148165307,999.27,-1.68,77.5,False
HAOS / PANGAEA,HAOS_Flight_02,HAOS_Flight_02_seg00,train,10.1594/PANGAEA.918817,CC BY 4.0,fixed-wing UAV,2020-02-27 16:23:37+00:00,374.0,65.03226,24.52882,24.63,383631.191484983,7214325.81505058,-433.7957495789742,-567.0698898099363,-1.0600000000000023,-433.7945873534643,-567.2584302295959,-1.1710822510822514,17.643155618537605,3.1408779464754844,-0.024047619047619206,-0.054094768189713704,-0.22216530009859525,0.0381277056277059,17.920548385989505,17.92056452075584,79.90581288993087,0.6685614570319803,-0.07688527282049806,999.22,-1.69,77.48,False
HAOS / PANGAEA,HAOS_Flight_02,HAOS_Flight_02_seg00,train,10.1594/PANGAEA.918817,CC BY 4.0,fixed-wing UAV,2020-02-27 16:23:38+00:00,375.0,65.0323,24.5292,24.63,383649.058732451,7214328.67748617,-415.9285021109972,-564.2074542194605,-1.0600000000000023,-416.1813297503628,-564.2451249274349,-1.1792640692640697,17.585350076514203,2.942996379723809,0.1383333333333333,-0.05641685520257056,-0.12728326297283843,0.06536796536796552,17.82991208628426,17.83044870763876,80.49930902058736,0.3722518020916783,0.44452025908700304,999.22,-1.68,77.94,False
HAOS / PANGAEA,HAOS_Flight_02,HAOS_Flight_02_seg00,train,10.1594/PANGAEA.918817,CC BY 4.0,fixed-wing UAV,2020-02-27 16:23:39+00:00,376.0,65.03233,24.52957,25.09,383666.570122264,7214331.55260692,-398.41711229801876,-561.3323334697634,-0.6000000000000014,-398.6238872004359,-561.3724374701483,-0.8944155844155848,17.530321908132464,2.8863114205298075,0.10668831168831183,-0.025731843244813035,0.026494107882427897,-0.07701298701298687,17.766344019494554,17.76666435251369,80.65031649411424,-0.0978487497322916,0.34406158634900913,999.16,-1.69,77.47,False
HAOS / PANGAEA,HAOS_Flight_02,HAOS_Flight_02_seg00,train,10.1594/PANGAEA.918817,CC BY 4.0,fixed-wing UAV,2020-02-27 16:23:40+00:00,377.0,65.03236,24.52993,24.25,383683.787538749,7214334.19045225,-381.1996958130039,-558.6944881398231,-1.4400000000000013,-381.1206859340979,-558.4725020863752,-0.965887445887446,17.533886390024577,2.9959845954886646,-0.015692640692640425,0.054854056282295005,0.17432384258052025,-0.013625541125541096,17.788004262274466,17.788011184324862,80.30361152112278,-0.5210854558597192,-0.0505465275693335,999.27,-1.7,77.7,False
HAOS / PANGAEA,HAOS_Flight_02,HAOS_Flight_02_seg00,train,10.1594/PANGAEA.918817,CC BY 4.0,fixed-wing UAV,2020-02-27 16:23:41+00:00,378.0,65.03239,24.53029,24.82,383701.169105989,7214337.34526831,-363.81812857300974,-555.5396720794961,-0.870000000000001,-363.55611442038673,-555.3804682791709,-0.9258008658008656,17.640030020697054,3.234959105690848,0.07943722943722964,-0.2767956026078764,0.17562076913748115,0.07346320346320334,17.934202506567875,17.934378434169556,79.6081455823948,-0.7275098653813317,0.25378258199109943,999.19,-1.73,77.86,False
HAOS / PANGAEA,HAOS_Flight_02,HAOS_Flight_02_seg00,train,10.1594/PANGAEA.918817,CC BY 4.0,fixed-wing UAV,2020-02-27 16:23:42+00:00,379.0,65.03243,24.53067,25.39,383719.005006708,7214340.8561216,-345.9822278540232,-552.0288187898695,-0.3000000000000007,-345.84062589270377,-552.0025838749935,-0.8070129870129867,16.980295184808824,3.347226133763627,0.13123376623376626,-0.0049248092715146186,0.13982835588416265,0.047067099567099396,17.30706062142824,17.307558165587423,78.8485917903601,-0.4411933649725761,0.43444678418259464,999.12,-1.76,78.02,False
HAOS / PANGAEA,HAOS_Flight_02,HAOS_Flight_02_seg00,train,10.1594/PANGAEA.918817,CC BY 4.0,fixed-wing UAV,2020-02-27 16:23:43+00:00,380.0,65.03247,24.53105,24.18,383736.994349098,7214344.39577452,-327.9928854639875,-548.4891658695415,-1.5100000000000016,-329.5955240507691,-548.6860160116437,-0.6633333333333331,17.630180402154025,3.5146158174591733,0.17357142857142843,1.6864341978377553,0.256462989328611,-0.010676406926407062,17.97709056985668,17.977928479044696,78.72575885244964,0.20616131111415348,0.5531819096217359,999.28,-1.71,78.01,False
HAOS / PANGAEA,HAOS_Flight_02,HAOS_Flight_02_seg00,train,10.1594/PANGAEA.918817,CC BY 4.0,fixed-wing UAV,2020-02-27 16:23:44+00:00,381.0,65.03251,24.53143,25.69,383755.141151892,7214348.02486861,-309.84608266997384,-544.8600717792287,0.0,-310.5802650883957,-544.9733522400752,-0.4598701298701299,20.353163580484335,3.860152112420849,0.10988095238095213,2.146903693346772,0.2302911994541148,-0.0665151515151517,20.715985182099864,20.71627659326543,79.26091441258842,0.4985886646216792,0.3039032768393451,999.08,-1.73,77.72,False
HAOS / PANGAEA,HAOS_Flight_02,HAOS_Flight_02_seg00,train,10.1594/PANGAEA.918817,CC BY 4.0,fixed-wing UAV,2020-02-27 16:23:45+00:00,382.0,65.03255,24.53181,25.39,383772.951311171,7214351.71697817,-292.0359233909985,-541.1679622195661,-0.3000000000000007,-288.8891968898004,-540.965711786802,-0.44357142857142884,21.92398778884757,3.975198216367403,0.040541125541125045,0.39415162655312486,-0.06726787385866828,0.013079004329004149,22.281459589195403,22.281496471462773,79.722936181693,0.37242704687762285,0.10424958102994862,999.12,-1.7,77.8,False
HAOS / PANGAEA,HAOS_Flight_02,HAOS_Flight_02_seg00,train,10.1594/PANGAEA.918817,CC BY 4.0,fixed-wing UAV,2020-02-27 16:23:46+00:00,383.0,65.03258,24.53218,25.39,383790.50195188,7214354.79274417,-274.4852826819988,-538.0921962196007,-0.3000000000000007,-266.7322895107006,-537.0229558073404,-0.3787878787878798,21.141466833590584,3.7256163647035123,0.13603896103896043,-1.4174471716245947,-0.3332382394020783,0.05712121212121207,21.46722704898696,21.46765808772997,80.00576850634366,0.22182927333770733,0.3630815458536813,999.12,-1.7,77.8,False
HAOS / PANGAEA,HAOS_Flight_02,HAOS_Flight_02_seg00,train,10.1594/PANGAEA.918817,CC BY 4.0,fixed-wing UAV,2020-02-27 16:23:47+00:00,384.0,65.03264,24.53292,25.24,383825.89764779,7214360.264774,-239.08958677196642,-532.6201663892716,-0.45000000000000284,-246.60626322261925,-533.514479057395,-0.17149350649350797,19.08909344559838,3.3087217375632463,0.1547835497835492,-2.0356073796035403,-0.3997228396753769,0.058766233766233675,19.373722618831174,19.37434091933695,80.16659472836841,0.13358445661244944,0.4577465896478073,999.14,-1.7,77.96,False
HAOS / PANGAEA,HAOS_Flight_02,HAOS_Flight_02_seg00,train,10.1594/PANGAEA.918817,CC BY 4.0,fixed-wing UAV,2020-02-27 16:23:48+00:00,385.0,65.03268,24.53329,25.54,383843.454823422,7214363.56313766,-221.5324111399823,-529.3218027297407,-0.15000000000000213,-228.55410261950382,-530.4055123322139,-0.06922077922078143,17.070252074383504,2.9261706853527585,0.2535714285714278,-1.9835246902629322,-0.3347229976650965,0.07747835497835504,17.319237303149702,17.321093476804514,80.27293741956856,-0.033401346076064146,0.8388091477725765,999.1,-1.68,77.75,False
HAOS / PANGAEA,HAOS_Flight_02,HAOS_Flight_02_seg00,train,10.1594/PANGAEA.918817,CC BY 4.0,fixed-wing UAV,2020-02-27 16:23:49+00:00,386.0,65.03269499999999,24.53347,25.884999999999998,383852.042025485,7214365.21387535,-212.94520907697733,-527.6710650399327,0.19499999999999673,-212.46575907385224,-527.6621376866894,0.33564935064934764,15.122044065072515,2.6392757422330533,0.30974025974025926,-1.9298231467374336,-0.2342916906104051,-0.05340909090909046,15.3506349428789,15.353759545402509,80.09979203621629,-0.40564175409951836,1.1559392696302284,999.0550000000001,-1.685,77.405,True
HAOS / PANGAEA,HAOS_Flight_02,HAOS_Flight_02_seg00,train,10.1594/PANGAEA.918817,CC BY 4.0,fixed-wing UAV,2020-02-27 16:23:50+00:00,387.0,65.03271,24.53365,26.23,383860.629227548,7214366.86461304,-204.35800701397238,-526.0203273491934,0.5399999999999991,-198.3100144893588,-525.1269608477478,0.5502597402597371,13.210605780908637,2.4575873041319483,0.14675324675324686,-0.6208062050756311,-0.004738058722494998,-0.20233766233766182,13.437255689165376,13.43805703855434,79.46165391136952,-0.4139732160314516,0.6257235541124511,999.01,-1.69,77.06,False
HAOS / PANGAEA,HAOS_Flight_02,HAOS_Flight_02_seg00,train,10.1594/PANGAEA.918817,CC BY 4.0,fixed-wing UAV,2020-02-27 16:23:51+00:00,388.0,65.03275,24.53401,26.83,383877.822229391,7214369.93845155,-187.16500517097302,-522.9464888395742,1.139999999999997,-186.04454751203497,-522.7469630784256,0.6291558441558414,13.880431654921253,2.6297996247880633,-0.09493506493506437,1.72935153856519,0.31600470136294234,-0.2039718614718612,14.127357466754898,14.127676442360562,79.27184560415338,0.01896880402421348,-0.3850186906547227,998.93,-1.71,77.64,False
HAOS / PANGAEA,HAOS_Flight_02,HAOS_Flight_02_seg00,train,10.1594/PANGAEA.918817,CC BY 4.0,fixed-wing UAV,2020-02-27 16:23:52+00:00,389.0,65.03278,24.53439,26.38,383895.404992184,7214372.98166724,-169.5822423779755,-519.9032731493935,0.6899999999999977,-170.5491511795163,-519.8673615981717,0.3603896103896084,16.669308858039017,3.089596706857833,-0.26119047619047553,2.1250496870658253,0.37006422462349065,-0.060919913419913596,16.95321402023005,16.955225922428088,79.49959151941795,0.09936342251845257,-0.8826602458680574,998.99,-1.73,77.66,False
HAOS / PANGAEA,HAOS_Flight_02,HAOS_Flight_02_seg00,train,10.1594/PANGAEA.918817,CC BY 4.0,fixed-wing UAV,2020-02-27 16:23:53+00:00,390.0,65.03282,24.53476,25.39,383913.064395743,7214376.42670351,-151.92283881898038,-516.4582368796691,-0.3000000000000007,-152.70592979595693,-516.5677696647099,0.10677489177489026,18.130531029052904,3.3699280740350446,-0.21677489177489156,0.6846611911846097,0.14978322300058267,0.05184523809523778,18.441056656808463,18.44233070881562,79.47057244919029,-0.07023903818751347,-0.673481709955169,999.12,-1.68,77.81,False
HAOS / PANGAEA,HAOS_Flight_02,HAOS_Flight_02_seg00,train,10.1594/PANGAEA.918817,CC BY 4.0,fixed-wing UAV,2020-02-27 16:23:54+00:00,391.0,65.03285,24.53513,25.39,383930.848418118,7214379.97261888,-134.13881644397043,-512.9123215097934,-0.3000000000000007,-134.28808912141048,-513.1275054501016,-0.07316017316017479,18.038631240408236,3.3891631528589983,-0.15749999999999997,-0.24256588550715463,-0.04819428235759915,0.15101731601731588,18.354254109173958,18.354929859689715,79.35911344304293,0.009756987852315754,-0.49164971409579933,999.12,-1.68,77.81,False
HAOS / PANGAEA,HAOS_Flight_02,HAOS_Flight_02_seg00,train,10.1594/PANGAEA.918817,CC BY 4.0,fixed-wing UAV,2020-02-27 16:23:55+00:00,392.0,65.03289,24.5355,25.09,383948.435423663,7214383.0532348,-116.5518108989927,-509.8317055897787,-0.6000000000000014,-116.62866731514046,-509.7894433589919,-0.20822510822510967,17.645399258038594,3.2735395093198463,0.08525974025974023,-0.20871950260178807,-0.14292506261696758,0.22621753246753218,17.946480877728284,17.946683401619815,79.49008642489491,0.32640136232371103,0.2721974609712017,999.16,-1.7,77.72,False
HAOS / PANGAEA,HAOS_Flight_02,HAOS_Flight_02_seg00,train,10.1594/PANGAEA.918817,CC BY 4.0,fixed-wing UAV,2020-02-27 16:23:56+00:00,393.0,65.03292,24.53587,26.15,383965.873152949,7214386.19722551,-99.11408161302097,-506.687714879401,0.4599999999999973,-98.99729060533329,-506.5804264314619,0.09735930735930566,17.62119223520466,3.103313027625063,0.2949350649350644,-0.034450522007738016,-0.14296932039616195,0.04414502164502149,17.892371769485017,17.894802436182207,80.01191616769034,0.43157384229874285,0.9443691634643298,999.02,-1.71,77.75,False
HAOS / PANGAEA,HAOS_Flight_02,HAOS_Flight_02_seg00,train,10.1594/PANGAEA.918817,CC BY 4.0,fixed-wing UAV,2020-02-27 16:23:57+00:00,394.0,65.03296,24.53624,26.15,383983.509588813,7214389.49955453,-81.47764574899338,-503.38538585975766,0.4599999999999973,-81.38628284473114,-503.58281730374176,0.3816450216450191,17.57649821402312,2.9876008685275224,0.1735497835497832,-0.05424084648931782,-0.025698773500408834,-0.19080086580086528,17.828601975959423,17.829446652786352,80.3532341094924,0.05125223883968105,0.5577193368825107,999.02,-1.72,77.77,False
HAOS / PANGAEA,HAOS_Flight_02,HAOS_Flight_02_seg00,train,10.1594/PANGAEA.918817,CC BY 4.0,fixed-wing UAV,2020-02-27 16:23:58+00:00,395.0,65.03299,24.53661,26.0,384001.182078888,7214392.48979715,-63.805155673995614,-500.3951432397589,0.3099999999999987,-63.844294177287054,-500.60522469440684,0.44445887445887206,17.512710542226024,3.0519154806242454,-0.08666666666666617,-0.056904383266967784,0.07612855792208961,-0.2662445887445882,17.77664812715458,17.776859389323516,80.1144206453697,-0.27315951033145475,-0.27933246174287046,999.04,-1.76,77.79,False
HAOS / PANGAEA,HAOS_Flight_02,HAOS_Flight_02_seg00,train,10.1594/PANGAEA.918817,CC BY 4.0,fixed-wing UAV,2020-02-27 16:23:59+00:00,396.0,65.03302,24.53698,26.53,384018.769684533,7214395.10808184,-46.217550028988626,-497.7768585495651,0.8399999999999999,-46.36086176027909,-497.4789863424933,0.20831168831168678,17.462689447489183,3.1398579843717016,-0.3589393939393931,-0.04453812531898116,0.037197266415034846,-0.11154761904761898,17.74272332257573,17.746353664626273,79.8069150888295,-0.14335857124916543,-1.1589487757134598,998.97,-1.72,77.76,False
HAOS / PANGAEA,HAOS_Flight_02,HAOS_Flight_02_seg00,train,10.1594/PANGAEA.918817,CC BY 4.0,fixed-wing UAV,2020-02-27 16:24:00+00:00,397.0,65.03305,24.53735,25.24,384036.15387214,7214398.19287679,-28.833362422010396,-494.6920635998249,-0.45000000000000284,-28.91891528230869,-494.32550872566344,-0.2734199134199141,17.423634291588062,3.126310013454315,-0.3097619047619041,-0.020507656549833442,0.027292774307852596,0.07729437229437205,17.701888210787804,17.70459823505944,79.82770350287137,-0.09863408344238596,-1.0025054042482688,999.14,-1.73,77.77,False
HAOS / PANGAEA,HAOS_Flight_02,HAOS_Flight_02_seg00,train,10.1594/PANGAEA.918817,CC BY 4.0,fixed-wing UAV,2020-02-27 16:24:01+00:00,398.0,65.03309,24.53771,25.01,384053.376542149,7214401.83000108,-11.610692412999924,-491.0549393091351,-0.6799999999999997,-11.513593177102969,-491.22636631558464,-0.4112121212121215,17.421674134389516,3.194443532987407,-0.204350649350649,0.044568750247405475,0.13586279582455063,0.01743506493506483,17.712120119576362,17.71329891121899,79.60964692194472,-0.4042321036938855,-0.6610112289016105,999.17,-1.73,77.82,False
HAOS / PANGAEA,HAOS_Flight_02,HAOS_Flight_02_seg00,train,10.1594/PANGAEA.918817,CC BY 4.0,fixed-wing UAV,2020-02-27 16:24:02+00:00,399.0,65.03313,24.53808,24.48,384070.733757408,7214405.20239837,5.7465228459914215,-487.6825420195237,-1.2100000000000009,5.924432986470341,-487.9366216596886,-0.6821212121212121,17.512771792082873,3.3980356051034164,-0.27489177489177447,0.11300003515712476,0.07374807357186342,0.07612554112554107,17.839389614421343,17.841507427990138,79.0192392954836,-0.16638506020172533,-0.8828156368311612,999.24,-1.72,77.42,False
HAOS / PANGAEA,HAOS_Flight_02,HAOS_Flight_02_seg00,train,10.1594/PANGAEA.918817,CC BY 4.0,fixed-wing UAV,2020-02-27 16:24:03+00:00,400.0,65.03316,24.53845,25.09,384088.322503874,7214407.94263375,23.335269312025048,-484.9423066396266,-0.6000000000000014,23.511950407062777,-484.4302951053778,-0.9609956709956704,17.647674204703765,3.3419396801311336,-0.05209956709956687,0.04422718801324699,-0.37120793675458685,0.20318181818181774,17.96131859471909,17.961394155963887,79.27687680154128,1.2004301163710225,-0.16619475466689626,999.16,-1.75,77.6,False
HAOS / PANGAEA,HAOS_Flight_02,HAOS_Flight_02_seg00,train,10.1594/PANGAEA.918817,CC BY 4.0,fixed-wing UAV,2020-02-27 16:24:04+00:00,401.0,65.03319,24.53882,25.62,384105.915411653,7214410.70723902,40.928177091002,-482.1777013698593,-0.07000000000000028,41.219781395877874,-481.25274229942636,-0.7863203463203459,17.601226168109367,2.6556197315942427,0.13147186147186102,-0.26653145186605975,-1.0087505698585062,0.03640692640692614,17.800434791874345,17.800920302898092,81.42009952822565,3.149013599879741,0.4231720126771621,999.09,-1.75,77.72,False
HAOS / PANGAEA,HAOS_Flight_02,HAOS_Flight_02_seg00,train,10.1594/PANGAEA.918817,CC BY 4.0,fixed-wing UAV,2020-02-27 16:24:05+00:00,402.0,65.03323,24.53919,24.18,384123.380746326,7214413.92524193,58.39351176400669,-478.9596984591335,-1.5100000000000016,58.71440274328151,-479.1190556421893,-0.6980519480519484,17.114611300971646,1.3244385404141212,0.020714285714285408,-0.7598630553397445,-1.5925067898674286,-0.1520346320346318,17.165781585196772,17.165794083359888,85.57490400130075,5.232682051291107,0.06913990866567696,999.28,-1.73,77.65,False
HAOS / PANGAEA,HAOS_Flight_02,HAOS_Flight_02_seg00,train,10.1594/PANGAEA.918817,CC BY 4.0,fixed-wing UAV,2020-02-27 16:24:06+00:00,403.0,65.03325,24.53955,24.78,384140.496638663,7214415.37559368,75.50940410100156,-477.5093467095867,-0.9100000000000001,75.44900399782117,-478.6038652185981,-0.744891774891775,16.081500057429878,-0.5293938481406144,-0.17259740259740258,-1.3115946274623447,-1.8563766416073548,-0.10129870129870117,16.090211370381876,16.091137057614965,91.88546363080786,6.891909744330519,-0.6145800837679891,999.2,-1.7,77.49,False
HAOS / PANGAEA,HAOS_Flight_02,HAOS_Flight_02_seg00,train,10.1594/PANGAEA.918817,CC BY 4.0,fixed-wing UAV,2020-02-27 16:24:07+00:00,404.0,65.03323,24.53988,25.47,384156.154721742,7214413.42171881,91.16748717997689,-479.4632215797901,-0.22000000000000242,90.87740285814127,-480.17784333847055,-1.0432467532467535,14.491422046046956,-2.3883147428005884,-0.18188311688311692,-1.9126260173734408,-2.3966315909665923,0.12668831168831166,14.686911187425844,14.688037367039257,99.35872348996179,10.794466077931162,-0.7095162580683956,999.11,-1.77,77.28,False
HAOS / PANGAEA,HAOS_Flight_02,HAOS_Flight_02_seg00,train,10.1594/PANGAEA.918817,CC BY 4.0,fixed-wing UAV,2020-02-27 16:24:08+00:00,405.0,65.03319,24.54017,24.63,384169.493139922,7214408.55095171,104.50590535998344,-484.33398867957294,-1.0600000000000023,104.43184808991508,-483.3804947041993,-1.108658008658009,12.256248022682996,-5.322657030073799,0.08077922077922073,-2.615460879598899,-3.3694577999039836,0.21642857142857122,13.36212159252096,13.362365761190066,113.47439578667019,17.613008727595965,0.346371046620175,999.22,-1.68,77.65,False
HAOS / PANGAEA,HAOS_Flight_02,HAOS_Flight_02_seg00,train,10.1594/PANGAEA.918817,CC BY 4.0,fixed-wing UAV,2020-02-27 16:24:09+00:00,406.0,65.03314,24.54041,24.25,384180.357976633,7214401.78426149,115.3707420710125,-491.10067889932543,-1.4400000000000013,115.38989890350726,-490.82315739861815,-0.8816883116883121,9.260500286849158,-9.127230342608556,0.2509740259740255,-3.1597661541502546,-3.066358368318646,0.1398809523809521,13.002430514706381,13.00485245020032,134.58474094515373,19.565140137111854,1.105790722332572,999.27,-1.72,77.44,False
HAOS / PANGAEA,HAOS_Flight_02,HAOS_Flight_02_seg00,train,10.1594/PANGAEA.918817,CC BY 4.0,fixed-wing UAV,2020-02-27 16:24:10+00:00,407.0,65.03307,24.54059,24.63,384188.595103925,7214393.47443565,123.60786936298246,-499.41050473973155,-1.0600000000000023,122.9528486636134,-501.6349553894164,-0.6067099567099579,5.936715714382487,-11.45537376671109,0.36054112554112494,-3.128139205485038,-1.3289435662982356,0.1556601731601731,12.902332409624572,12.907368884155092,152.6046760608939,15.55709746838727,1.6006493887096176,999.22,-1.75,77.84,False
HAOS / PANGAEA,HAOS_Flight_02,HAOS_Flight_02_seg00,train,10.1594/PANGAEA.918817,CC BY 4.0,fixed-wing UAV,2020-02-27 16:24:11+00:00,408.0,65.03298,24.5407,25.85,384193.430010212,7214383.47591486,128.44277565000812,-509.4090255293995,0.16000000000000014,127.26333033227223,-513.7339049320403,-0.16060606060606217,3.0042218758790824,-11.785117475205027,0.5622943722943717,-2.615374788324999,0.2633407181834855,0.1008874458874458,12.162004069391415,12.174995603490263,165.69893588192826,11.849647714453562,2.6471104864234665,999.06,-1.73,77.89,False
HAOS / PANGAEA,HAOS_Flight_02,HAOS_Flight_02_seg00,train,10.1594/PANGAEA.918817,CC BY 4.0,fixed-wing UAV,2020-02-27 16:24:12+00:00,409.0,65.03279,24.54074,26.15,384194.365608705,7214362.57225968,129.37837414297974,-530.3126807091758,0.4599999999999973,128.96129241537156,-525.2051903398265,0.5178787878787856,0.7059661377324886,-10.92869233034412,0.5623160173160165,-1.9526933504117778,1.0660485397102946,-0.18247835497835488,10.95147041446706,10.965897297634948,176.30397148980103,9.817247749001192,2.9393372989654694,999.02,-1.77,77.41,False
HAOS / PANGAEA,HAOS_Flight_02,HAOS_Flight_02_seg00,train,10.1594/PANGAEA.918817,CC BY 4.0,fixed-wing UAV,2020-02-27 16:24:13+00:00,410.0,65.03271,24.5407,26.99,384192.459442622,7214353.15324067,127.47220806003315,-539.7316997190937,1.2999999999999972,128.6752626077372,-535.5912895927286,0.964025974025971,-0.9011648249444733,-9.653020395784438,0.19733766233766198,-1.2483666386264787,1.409525857345244,-0.4626515151515146,9.694993594796623,9.697001750857037,185.33343137993063,8.074113973754727,1.1660713324893766,998.91,-1.77,77.78,False
HAOS / PANGAEA,HAOS_Flight_02,HAOS_Flight_02_seg00,train,10.1594/PANGAEA.918817,CC BY 4.0,fixed-wing UAV,2020-02-27 16:24:14+00:00,411.0,65.03267,24.540680000000002,26.61,384191.341108653,7214348.7267571855,126.35387409100076,-544.1581832040101,0.9199999999999982,127.15896276548261,-544.5112311313953,0.9125541125541096,-1.7907671395204687,-8.109640615653632,-0.36298701298701264,-0.6167238622461468,1.5183109950004052,-0.4757359307359301,8.305005590789529,8.312934345623244,192.45219943731047,6.273771792867492,-2.5026347709598475,998.96,-1.7349999999999999,77.58,True
HAOS / PANGAEA,HAOS_Flight_02,HAOS_Flight_02_seg00,train,10.1594/PANGAEA.918817,CC BY 4.0,fixed-wing UAV,2020-02-27 16:24:15+00:00,412.0,65.03263,24.54066,26.23,384190.222774684,7214344.3002737,125.23554012202658,-548.5846666898578,0.5399999999999991,125.09372832869627,-551.8105708240358,0.23805194805194574,-2.134612549436767,-6.616398405783627,-0.7541341991341983,-0.2672657509118537,0.6003131639692469,-0.2612662337662334,6.952215373553171,6.992997711323294,197.88097496566562,3.0744904304230714,-6.190892810791574,999.01,-1.7,77.38,False
HAOS / PANGAEA,HAOS_Flight_02,HAOS_Flight_02_seg00,train,10.1594/PANGAEA.918817,CC BY 4.0,fixed-wing UAV,2020-02-27 16:24:16+00:00,413.0,65.03255,24.54062,25.24,384188.084690737,7214335.57978503,123.09745617501903,-557.3051553592086,-0.45000000000000284,122.88973766660908,-557.7440279429626,-0.595714285714287,-2.325298641344176,-6.909014287715138,-0.8855194805194795,-0.2877014039427763,-1.0172510662174261,0.022002164502164523,7.289821136302933,7.3434077205115385,198.6011802981566,-0.24354080927454438,-6.925981010011532,999.14,-1.72,77.27,False
HAOS / PANGAEA,HAOS_Flight_02,HAOS_Flight_02_seg00,train,10.1594/PANGAEA.918817,CC BY 4.0,fixed-wing UAV,2020-02-27 16:24:17+00:00,414.0,65.03247,24.54058,24.02,384185.509106321,7214326.85312992,120.52187175903236,-566.0318104699254,-1.6700000000000017,120.44313104600792,-565.6285993994661,-1.5329870129870131,-2.7100153573223196,-8.65090053821848,-0.7101298701298693,-0.40582436496610796,-1.4185792137052147,0.3112012987012984,9.065443362520755,9.09321438169816,197.39389334711655,-0.37982716527737614,-4.479044895481862,999.3,-1.71,77.63,False
HAOS / PANGAEA,HAOS_Flight_02,HAOS_Flight_02_seg00,train,10.1594/PANGAEA.918817,CC BY 4.0,fixed-wing UAV,2020-02-27 16:24:18+00:00,415.0,65.03238,24.54052,23.04,384182.305032842,7214317.74356349,117.31779827998253,-575.1413768995553,-2.650000000000002,117.46970695196444,-575.0458290193995,-2.0159740259740255,-3.136947371276392,-9.746172715125567,-0.26311688311688264,-0.3747992917899907,-0.6890958917934142,0.39180735930735905,10.238570281207037,10.24195059045869,197.84152596760185,0.819190948438254,-1.4720970911783076,999.43,-1.73,77.99,False
HAOS / PANGAEA,HAOS_Flight_02,HAOS_Flight_02_seg00,train,10.1594/PANGAEA.918817,CC BY 4.0,fixed-wing UAV,2020-02-27 16:24:19+00:00,416.0,65.0323,24.54045,23.49,384178.836505793,7214308.08408684,113.84927123098169,-584.8008535495028,-2.200000000000003,114.16923630345514,-585.1209448297172,-2.0592207792207784,-3.459613940902301,-10.029092321805308,0.07348484848484882,-0.43959781886209015,-0.08750725252298253,0.31136363636363606,10.609034895756528,10.609289393844271,199.03227524399304,2.098403366946311,0.3968602596101006,999.37,-1.76,77.63,False
HAOS / PANGAEA,HAOS_Flight_02,HAOS_Flight_02_seg00,train,10.1594/PANGAEA.918817,CC BY 4.0,fixed-wing UAV,2020-02-27 16:24:20+00:00,417.0,65.03221,24.54038,23.8,384175.028702679,7214298.07561787,110.04146811697865,-594.8093225192279,-1.8900000000000006,110.55047907015984,-595.1040136630102,-1.869004329004328,-4.016143009000572,-9.921187220171532,0.3596103896103895,-0.8146600747815178,0.32131827374499267,0.21820346320346284,10.703240655354765,10.709280095261065,202.03833270149448,4.716188243187961,1.9243153120451701,999.33,-1.74,77.98,False
HAOS / PANGAEA,HAOS_Flight_02,HAOS_Flight_02_seg00,train,10.1594/PANGAEA.918817,CC BY 4.0,fixed-wing UAV,2020-02-27 16:24:21+00:00,418.0,65.03211,24.5403,24.86,384171.071852045,7214288.07552259,106.08461748302216,-604.8094177991152,-0.8300000000000018,106.13695028545399,-604.9633192700603,-1.3399999999999994,-5.088934090465337,-9.386455774315323,0.5098917748917745,-1.3261886614381488,0.9047314253871548,0.0006601731601730554,10.677209475339412,10.68937752174466,208.46465173036896,8.69237521599444,2.734091579216487,999.19,-1.79,77.71,False
HAOS / PANGAEA,HAOS_Flight_02,HAOS_Flight_02_seg00,train,10.1594/PANGAEA.918817,CC BY 4.0,fixed-wing UAV,2020-02-27 16:24:22+00:00,419.0,65.03203,24.5402,25.01,384165.928111325,7214278.81929451,100.94087676302297,-614.0656458791345,-0.6799999999999997,100.37261088922916,-613.8769252116408,-0.8492207792207789,-6.66852033187687,-8.111724369397223,0.3609307359307356,-1.7255286118800512,1.5485478160929063,-0.17590909090909085,10.500915943941651,10.507116952707221,219.42308313348337,12.582598165351682,1.9685587526332233,999.17,-1.77,77.89,False
HAOS / PANGAEA,HAOS_Flight_02,HAOS_Flight_02_seg00,train,10.1594/PANGAEA.918817,CC BY 4.0,fixed-wing UAV,2020-02-27 16:24:23+00:00,420.0,65.03196,24.54005,24.55,384158.589958418,7214271.01013126,93.60272385599092,-621.8748091291636,-1.1400000000000006,92.79990962170025,-621.1867680088548,-0.6181385281385282,-8.53999131422544,-6.28936014212951,0.1580735930735928,-1.8751249730778383,1.9598224969314515,-0.17753246753246732,10.60601257044575,10.607190481238682,233.62984806107232,14.329557834965923,0.8538816211084789,999.23,-1.73,77.87,False
HAOS / PANGAEA,HAOS_Flight_02,HAOS_Flight_02_seg00,train,10.1594/PANGAEA.918817,CC BY 4.0,fixed-wing UAV,2020-02-27 16:24:24+00:00,421.0,65.03191,24.53985,25.54,384148.630188365,7214265.74037727,83.6429538030061,-627.1445631198585,-0.15000000000000213,83.29262826077829,-626.4556454958998,-0.5330735930735933,-10.418770278032547,-4.19207937553432,0.005865800865800963,-1.7154442956425466,2.067278810941076,-0.1312770562770561,11.23050771769445,11.230509249576103,248.08219880341522,13.082986797295826,0.029926127202856822,999.1,-1.8,77.86,False
HAOS / PANGAEA,HAOS_Flight_02,HAOS_Flight_02_seg00,train,10.1594/PANGAEA.918817,CC BY 4.0,fixed-wing UAV,2020-02-27 16:24:25+00:00,422.0,65.03188,24.5396,25.09,384136.774023595,7214263.25812243,71.78678903297987,-629.6268179593608,-0.6000000000000014,71.96236906563516,-629.5709267599234,-0.6064069264069263,-11.970879905510532,-2.154802520247358,-0.1044805194805194,-1.24743431536743,1.84444249765167,0.019523809523809305,12.163270103611948,12.163718830701864,259.795821655664,9.843168005105408,-0.4921493586502883,999.16,-1.76,77.6,False
HAOS / PANGAEA,HAOS_Flight_02,HAOS_Flight_02_seg00,train,10.1594/PANGAEA.918817,CC BY 4.0,fixed-wing UAV,2020-02-27 16:24:26+00:00,423.0,65.03187,24.53933,25.05,384124.10526221,7214262.14819452,59.11802764801541,-630.7367458697408,-0.6400000000000006,59.35086844975722,-630.7652505363945,-0.742034632034632,-12.913638908767407,-0.5031943802309797,0.04491341991341957,-0.641982919883759,1.3360685308582845,0.1671645021645019,12.923438956033626,12.923517000631671,267.76853481362605,6.219644558912957,0.19912184775570493,999.17,-1.77,77.72,False
HAOS / PANGAEA,HAOS_Flight_02,HAOS_Flight_02_seg00,train,10.1594/PANGAEA.918817,CC BY 4.0,fixed-wing UAV,2020-02-27 16:24:27+00:00,424.0,65.03186,24.53905,25.01,384111.067783821,7214262.32961458,46.080549259029794,-630.5553258098662,-0.6799999999999997,46.135091248100345,-630.5773155203854,-0.5165800865800871,-13.25484574527805,0.5173345414692108,0.2298484848484844,-0.13544196831154132,0.7230948914765065,0.11621212121212104,13.264937646250464,13.266928849017768,272.2351107734899,3.1612297648927217,0.9926944774557226,999.17,-1.77,77.84,False
HAOS / PANGAEA,HAOS_Flight_02,HAOS_Flight_02_seg00,train,10.1594/PANGAEA.918817,CC BY 4.0,fixed-wing UAV,2020-02-27 16:24:28+00:00,425.0,65.03187,24.53877,25.09,384097.706740186,7214263.22937405,32.71950562403072,-629.655566339381,-0.6000000000000014,32.84117695920112,-629.7305814534561,-0.2823376623376632,-13.18452284539049,0.9429954027220333,0.27733766233766166,0.18838018293988235,0.22660377662771225,0.027499999999999858,13.218202714067393,13.22111187340647,274.09099434341147,1.0373862260042679,1.2019747885019616,999.16,-1.78,77.98,False
HAOS / PANGAEA,HAOS_Flight_02,HAOS_Flight_02_seg00,train,10.1594/PANGAEA.918817,CC BY 4.0,fixed-wing UAV,2020-02-27 16:24:29+00:00,426.0,65.03187,24.53849,25.24,384084.621631462,7214264.38192499,19.634396900015417,-628.5030153999105,-0.45000000000000284,19.766045557319366,-628.6913247149413,0.03809523809523624,-12.878085379398286,0.9705420947246353,0.28484848484848413,0.37401087364267305,-0.1596353589395676,-0.028755411255411104,12.914605491330517,12.917746461981086,274.3098832254984,-0.6099296441986155,1.2635283525514112,999.14,-1.71,78.14,False
HAOS / PANGAEA,HAOS_Flight_02,HAOS_Flight_02_seg00,train,10.1594/PANGAEA.918817,CC BY 4.0,fixed-wing UAV,2020-02-27 16:24:30+00:00,427.0,65.03187,24.53822,26.99,384071.960876625,7214265.18746778,6.973642062977888,-627.6974726095796,1.2999999999999972,7.085006200404549,-627.7894972640069,0.2873593073593051,-12.436501098105143,0.6237246848428981,0.21982683982683945,0.47417111733189365,-0.5085173261702494,-0.136450216450216,12.452132028116825,12.454072261118492,272.87113505501424,-2.2665875137449745,1.0113803736646167,998.91,-1.75,77.99,False
HAOS / PANGAEA,HAOS_Flight_02,HAOS_Flight_02_seg00,train,10.1594/PANGAEA.918817,CC BY 4.0,fixed-wing UAV,2020-02-27 16:24:31+00:00,428.0,65.03187,24.53796,26.23,384059.709830619,7214265.4530258,-5.277403943007812,-627.4319145893678,0.5399999999999991,-5.106956638890923,-627.4438753452555,0.47774891774891515,-11.929743144734498,-0.04649255761586346,0.01194805194805218,0.47707321367705546,-0.7397634514659615,-0.2816017316017309,11.929833739715463,11.929839722862951,269.77670819800846,-3.566809920323201,0.05738325747651655,999.01,-1.74,77.91,False
HAOS / PANGAEA,HAOS_Flight_02,HAOS_Flight_02_seg00,train,10.1594/PANGAEA.918817,CC BY 4.0,fixed-wing UAV,2020-02-27 16:24:32+00:00,429.0,65.03187,24.53771,25.54,384048.080116798,7214265.32372732,-16.90711776399985,-627.5612130695954,-0.15000000000000213,-16.774480089064447,-627.8824823792386,0.31125541125540945,-11.482354670751032,-0.8558022180890248,-0.34337662337662234,0.35581185810540816,-0.7955302108599369,-0.3566991341991337,11.514202804423942,11.519321756374621,265.7375152143678,-4.040870423594398,-1.7081688039847072,999.1,-1.72,78.11,False
HAOS / PANGAEA,HAOS_Flight_02,HAOS_Flight_02_seg00,train,10.1594/PANGAEA.918817,CC BY 4.0,fixed-wing UAV,2020-02-27 16:24:33+00:00,430.0,65.03185,24.53748,25.62,384036.923220489,7214264.00129152,-28.064014072995633,-628.8836488695815,-0.07000000000000028,-28.071665980392986,-629.1554797814335,-0.20900432900432958,-11.218119428523682,-1.6375529793357373,-0.7014502164502152,0.15632067014531614,-0.7081502840533744,-0.16972943722943734,11.337009450148301,11.358688994726016,261.6949673508197,-3.6177698176185373,-3.540525308476312,999.09,-1.73,77.83,False
HAOS / PANGAEA,HAOS_Flight_02,HAOS_Flight_02_seg00,train,10.1594/PANGAEA.918817,CC BY 4.0,fixed-wing UAV,2020-02-27 16:24:34+00:00,431.0,65.03183,24.53724,25.16,384025.82162064,7214261.77105398,-39.165613921999466,-631.1138864094391,-0.5300000000000011,-39.21071894611181,-631.15758833791,-1.091645021645021,-11.1697133304604,-2.2721027861957737,-0.682835497835497,-0.041942706965153675,-0.520039194953938,0.2162445887445884,11.398462482093949,11.418897112804178,258.5019755791308,-2.5117671775297192,-3.428259863410286,999.15,-1.71,77.96,False
HAOS / PANGAEA,HAOS_Flight_02,HAOS_Flight_02_seg00,train,10.1594/PANGAEA.918817,CC BY 4.0,fixed-wing UAV,2020-02-27 16:24:35+00:00,432.0,65.0318,24.53701,23.87,384014.760584216,7214259.0703125,-50.22665034601232,-633.8146278895438,-1.8200000000000003,-50.411092641313786,-633.6996853538251,-1.5746753246753236,-11.30200484245399,-2.6776313692436133,-0.2689610389610384,-0.17583074245992059,-0.26031852900698027,0.3374567099567097,11.61486216915254,11.617975867116003,256.67143299576026,-1.0637320169628486,-1.326539958571176,999.32,-1.7,77.86,False
HAOS / PANGAEA,HAOS_Flight_02,HAOS_Flight_02_seg00,train,10.1594/PANGAEA.918817,CC BY 4.0,fixed-wing UAV,2020-02-27 16:24:36+00:00,433.0,65.03177,24.53677,23.57,384003.371058885,7214256.23628882,-61.61617567698704,-636.6486515691504,-2.120000000000001,-61.81472863101979,-636.5128510763973,-1.6295670995670979,-11.521374815380241,-2.792739844209734,-0.007922077922077664,0.04798428609211669,0.05994381008616756,0.21704545454545415,11.855018914953897,11.855021561905035,256.37451154520505,0.23561707339298638,-0.03828771304383711,999.36,-1.67,77.61,False
HAOS / PANGAEA,HAOS_Flight_02,HAOS_Flight_02_seg00,train,10.1594/PANGAEA.918817,CC BY 4.0,fixed-wing UAV,2020-02-27 16:24:37+00:00,434.0,65.03174,24.53652,23.57,383991.600309674,7214253.42911194,-73.38692488800734,-639.4558284496889,-2.120000000000001,-73.45384227207427,-639.2851650422446,-1.590519480519479,-11.206036270269756,-2.557743749071278,0.1651298701298699,-0.025238525360961717,0.1283471042550559,0.22940476190476136,11.494229072735349,11.495415166514153,257.1426671425462,0.6320901341296966,0.8230733652709414,999.36,-1.67,77.7,False
HAOS / PANGAEA,HAOS_Flight_02,HAOS_Flight_02_seg00,train,10.1594/PANGAEA.918817,CC BY 4.0,fixed-wing UAV,2020-02-27 16:24:38+00:00,435.0,65.03171,24.53627,24.78,383979.704065294,7214250.83781964,-85.28316926799016,-642.0471207499504,-0.9100000000000001,-84.2268011715593,-641.6283385745398,-1.299307359307358,-11.571851866102165,-2.5360456356996224,0.45088744588744506,-0.9459371082571657,-0.21391287232341938,0.19053030303030266,11.846488217077805,11.85506569219345,257.63869181346445,0.008292890522348979,2.1796741317086554,999.2,-1.71,77.66,False
HAOS / PANGAEA,HAOS_Flight_02,HAOS_Flight_02_seg00,train,10.1594/PANGAEA.918817,CC BY 4.0,fixed-wing UAV,2020-02-27 16:24:39+00:00,436.0,65.03169,24.53603,25.77,383967.984769622,7214248.44213743,-97.00246494001476,-644.4428029591218,0.0799999999999983,-96.5975460042786,-644.3572563136438,-0.6887445887445888,-13.097910486784087,-2.985569493718117,0.5461904761904752,-1.1622751009778085,-0.4075384541380629,-0.035075757575757566,13.433870786993182,13.44496963023383,257.15925292359094,-0.598365297576677,2.3282330861033866,999.07,-1.74,78.14,False
HAOS / PANGAEA,HAOS_Flight_02,HAOS_Flight_02_seg00,train,10.1594/PANGAEA.918817,CC BY 4.0,fixed-wing UAV,2020-02-27 16:24:40+00:00,437.0,65.03166,24.53578,25.01,383956.383954021,7214245.95776817,-108.60328054102138,-646.9271722193807,-0.6799999999999997,-110.42262214512748,-647.5994775619761,-0.20692640692640762,-13.896402068057782,-3.351122543975748,0.38073593073592993,-0.08443858042319974,-0.20466306937140644,-0.20826839826839819,14.294754728286284,14.299824215381685,256.4419612183111,-0.7564534186667927,1.525692891928472,999.17,-1.71,77.92,False
HAOS / PANGAEA,HAOS_Flight_02,HAOS_Flight_02_seg00,train,10.1594/PANGAEA.918817,CC BY 4.0,fixed-wing UAV,2020-02-27 16:24:41+00:00,438.0,65.03163,24.53555,25.47,383945.181932006,7214243.33015674,-119.80530255602207,-649.5547836497426,-0.22000000000000242,-124.39035014039416,-651.0595014015953,0.07272727272727103,-13.266787647630487,-3.39489563246093,0.12965367965367885,0.960585368080551,0.061298343555563406,-0.22853896103896087,13.694267809657557,13.694881559154533,255.64634608625732,-0.76509433415576,0.5424449701043167,999.11,-1.71,77.73,False
HAOS / PANGAEA,HAOS_Flight_02,HAOS_Flight_02_seg00,train,10.1594/PANGAEA.918817,CC BY 4.0,fixed-wing UAV,2020-02-27 16:24:42+00:00,439.0,65.03157,24.53509,26.15,383923.421938959,7214237.24697447,-141.56529560300987,-655.6379659194499,0.4599999999999973,-136.95619744038845,-654.3892688268979,0.05238095238095007,-11.97523133189668,-3.2285258568646213,-0.0763419913419918,1.204051656935082,0.23113176371853683,-0.07294372294372271,12.402803903185898,12.403038851851003,254.91177254999957,-0.37989661505413536,-0.35266369597727254,999.02,-1.72,78.17,False
HAOS / PANGAEA,HAOS_Flight_02,HAOS_Flight_02_seg00,train,10.1594/PANGAEA.918817,CC BY 4.0,fixed-wing UAV,2020-02-27 16:24:43+00:00,440.0,65.03154,24.53486,25.77,383912.451120032,7214234.14540146,-152.53611452999758,-658.7395389294252,0.0799999999999983,-148.34081280418752,-657.5165531153245,-0.07995670995671254,-10.858684333760323,-2.932632105023856,-0.01623376623376658,1.0727946550252199,0.37121381726143454,0.06704545454545485,11.247726726928803,11.247738441963996,254.88655285614908,0.4473557469033163,-0.08269454508737581,999.07,-1.74,77.67,False
HAOS / PANGAEA,HAOS_Flight_02,HAOS_Flight_02_seg00,train,10.1594/PANGAEA.918817,CC BY 4.0,fixed-wing UAV,2020-02-27 16:24:44+00:00,441.0,65.031525,24.53474,25.619999999999997,383906.71769771504,7214232.698018415,-158.26953684695764,-660.1869219746441,-0.07000000000000384,-158.6735661079091,-660.2545330369456,0.019913419913416913,-9.82964202184624,-2.4860982223417523,0.0577489177489179,1.0192699917531343,0.4942444610385337,0.02535714285714325,10.139159070099268,10.139323527054328,255.80648404380622,1.3415171011132547,0.32633214029007784,999.09,-1.7149999999999999,77.595,True
HAOS / PANGAEA,HAOS_Flight_02,HAOS_Flight_02_seg00,train,10.1594/PANGAEA.918817,CC BY 4.0,fixed-wing UAV,2020-02-27 16:24:45+00:00,442.0,65.03151,24.53462,25.47,383900.984275398,7214231.25063537,-164.0029591639759,-661.634305019863,-0.22000000000000242,-168.00009684788,-662.488749560008,0.03554112554112325,-8.820144350254054,-1.9441431829467888,0.034480519480519924,0.24573187123858986,0.32755234887622464,0.046158008658008655,9.031867972635395,9.031933789689816,257.5695870583756,1.549960946655639,0.21873422530223458,999.11,-1.69,77.52,False
HAOS / PANGAEA,HAOS_Flight_02,HAOS_Flight_02_seg00,train,10.1594/PANGAEA.918817,CC BY 4.0,fixed-wing UAV,2020-02-27 16:24:46+00:00,443.0,65.03148,24.53437,25.47,383889.12644335,7214228.78246615,-175.860791212006,-664.1024742396548,-0.22000000000000242,-176.3138548084172,-664.1428194028392,0.08887445887445676,-9.33817827936906,-1.830993524589303,0.1500649350649352,-1.1548775676613872,-0.10458544252071533,0.052034632034631836,9.515992374123051,9.517175544724605,258.9064059371175,0.7403089184106609,0.9034659193556662,999.11,-1.69,77.52,False
HAOS / PANGAEA,HAOS_Flight_02,HAOS_Flight_02_seg00,train,10.1594/PANGAEA.918817,CC BY 4.0,fixed-wing UAV,2020-02-27 16:24:47+00:00,444.0,65.03146,24.53413,26.3,383877.465739339,7214226.6304823,-187.52149522298714,-666.2544580893591,0.6099999999999994,-186.67645340661812,-666.1507366091867,0.3356709956709937,-11.129899485576829,-2.1533140679882194,0.1385497835497836,-1.3851684298421247,-0.23723512208309216,-0.06572510822510828,11.336287930113603,11.337134562002914,259.0502048951969,0.15674872868910358,0.70022239020128,999.0,-1.69,78.14,False
HAOS / PANGAEA,HAOS_Flight_02,HAOS_Flight_02_seg00,train,10.1594/PANGAEA.918817,CC BY 4.0,fixed-wing UAV,2020-02-27 16:24:48+00:00,445.0,65.03144,24.53388,26.3,383865.989970474,7214224.40137981,-198.99726408801507,-668.4835605798289,0.6099999999999994,-198.57365377957086,-668.4494475388157,0.36597402597402395,-12.10851513905331,-2.3054637687554873,0.01861471861471864,-0.47082651824601385,-0.05557499593726334,-0.09129870129870125,12.32604162177491,12.326055677688485,259.2199033944957,0.1626674204198663,0.0865276976467173,999.0,-1.69,78.14,False
HAOS / PANGAEA,HAOS_Flight_02,HAOS_Flight_02_seg00,train,10.1594/PANGAEA.918817,CC BY 4.0,fixed-wing UAV,2020-02-27 16:24:49+00:00,446.0,65.03141,24.53364,26.15,383854.253844259,7214222.17222413,-210.7333903029794,-670.7127162599936,0.4599999999999973,-210.89348368472474,-670.7616641466976,0.37290043290043096,-12.071552522068856,-2.264464059862746,-0.04404761904761892,0.13165768004198952,0.04130707593893135,-0.07691558441558438,12.28210803451415,12.282187018777266,259.3755397360366,0.07584086739795554,-0.20548034931215728,999.02,-1.73,77.91,False
HAOS / PANGAEA,HAOS_Flight_02,HAOS_Flight_02_seg00,train,10.1594/PANGAEA.918817,CC BY 4.0,fixed-wing UAV,2020-02-27 16:24:50+00:00,447.0,65.03139,24.53339,26.0,383842.32467008,7214219.87870163,-222.66256448201602,-673.0062387594953,0.3099999999999987,-222.71675882370857,-672.9783756585412,0.2778787878787861,-11.84519977896933,-2.2228496168776246,-0.13521645021645012,0.11168009386592814,0.02621188169766242,-0.06799783549783549,12.051963251808731,12.052721755328015,259.3715851292916,0.02458586837085155,-0.642800406267063,999.04,-1.65,77.8,False
HAOS / PANGAEA,HAOS_Flight_02,HAOS_Flight_02_seg00,train,10.1594/PANGAEA.918817,CC BY 4.0,fixed-wing UAV,2020-02-27 16:24:51+00:00,448.0,65.03136,24.53313,25.24,383830.303848366,7214217.6208207,-234.6833861959749,-675.2641196893528,-0.45000000000000284,-234.5838832426634,-675.2073633804529,0.10246753246753074,-11.848192334337,-2.2120402964674213,-0.1800432900432899,0.038313509157092085,0.023124987090170634,0.053073593073593106,12.052915990109518,12.05426063476841,259.4247114727783,0.07497840090200683,-0.8558056399623155,999.14,-1.64,77.85,False
HAOS / PANGAEA,HAOS_Flight_02,HAOS_Flight_02_seg00,train,10.1594/PANGAEA.918817,CC BY 4.0,fixed-wing UAV,2020-02-27 16:24:52+00:00,449.0,65.03134,24.53288,25.92,383818.489719808,7214215.51220234,-246.4975147540099,-677.3727380493656,0.23000000000000043,-246.41314349238257,-677.402456251476,-0.08220779220779369,-11.768572760655147,-2.1765996426972833,-0.029069264069263905,0.10475800430867821,0.017591507914858084,0.12566017316017303,11.968161547515317,11.968196850383844,259.5215419310956,-0.00935495303063062,-0.13916447090373701,999.05,-1.64,78.58,False
HAOS / PANGAEA,HAOS_Flight_02,HAOS_Flight_02_seg00,train,10.1594/PANGAEA.918817,CC BY 4.0,fixed-wing UAV,2020-02-27 16:24:53+00:00,450.0,65.03132,24.53264,25.77,383806.822922376,7214213.2605544,-258.16431218601065,-679.6243859892711,0.0799999999999983,-258.1210287639737,-679.5605626658474,0.04432900432900293,-11.638676325719644,-2.176857280637705,0.07127705627705617,0.13761419655444485,-0.02817365351776857,0.07845238095238066,11.840502279681056,11.840716813347232,259.40600156671707,-0.258049944786419,0.3449030349797392,999.07,-1.64,78.19,False
HAOS / PANGAEA,HAOS_Flight_02,HAOS_Flight_02_seg00,train,10.1594/PANGAEA.918817,CC BY 4.0,fixed-wing UAV,2020-02-27 16:24:54+00:00,451.0,65.03129,24.5324,25.77,383795.327853123,7214211.13922822,-269.659381438978,-681.745712169446,0.0799999999999983,-269.69049614382186,-681.7561708127514,0.06034632034631867,-11.493344367546257,-2.2329469497328205,0.1278354978354974,0.14073751795393719,-0.06926493272908374,0.008062770562770369,11.708245676929076,11.70894353670882,259.00544204152277,-0.46447718272608746,0.6255543031648146,999.07,-1.62,77.84,False
HAOS / PANGAEA,HAOS_Flight_02,HAOS_Flight_02_seg00,train,10.1594/PANGAEA.918817,CC BY 4.0,fixed-wing UAV,2020-02-27 16:24:55+00:00,452.0,65.03127,24.53216,25.54,383783.923469323,7214208.92493778,-281.0637652389705,-683.9600026095286,-0.15000000000000213,-281.1077174990662,-684.0264565653131,0.29999999999999777,-11.35720128981177,-2.3153871460958726,0.08740259740259691,0.10394452388169384,-0.08089052624714554,-0.05544372294372277,11.590817001989468,11.59114653464621,258.4770472012649,-0.49283632088088236,0.4320407297024294,999.1,-1.63,77.81,False
HAOS / PANGAEA,HAOS_Flight_02,HAOS_Flight_02_seg00,train,10.1594/PANGAEA.918817,CC BY 4.0,fixed-wing UAV,2020-02-27 16:24:56+00:00,453.0,65.03125,24.53192,26.61,383772.488831751,7214206.61861488,-292.4984028110048,-686.2663255091757,0.9199999999999982,-292.4048987234454,-686.3869451049432,0.2351515151515125,-11.28545531978287,-2.3947280022271116,0.01694805194805188,0.01781802979240865,-0.06141557069133796,-0.03475108225108179,11.53673367896937,11.536746127740306,258.019769399761,-0.31533503843802846,0.08417037058044585,998.96,-1.68,77.81,False
HAOS / PANGAEA,HAOS_Flight_02,HAOS_Flight_02_seg00,train,10.1594/PANGAEA.918817,CC BY 4.0,fixed-wing UAV,2020-02-27 16:24:57+00:00,454.0,65.03122,24.53168,25.47,383761.215785961,7214204.01185766,-303.77144860097906,-688.8730827299878,-0.22000000000000242,-303.67862813863195,-688.8159125697673,0.3338961038961015,-11.321565230226952,-2.4382182874785485,0.017900432900433333,-0.05573193497025386,-0.01869420606129779,-0.06009740259740216,11.581137581415682,11.58115141534626,257.8463771243888,-0.033032289568946986,0.08855938656217999,999.11,-1.62,77.83,False
HAOS / PANGAEA,HAOS_Flight_02,HAOS_Flight_02_seg00,train,10.1594/PANGAEA.918817,CC BY 4.0,fixed-wing UAV,2020-02-27 16:24:58+00:00,455.0,65.03119,24.53144,26.45,383750.082011005,7214201.57104309,-314.90522355696885,-691.3138972995803,0.759999999999998,-315.0480291838993,-691.2633816799002,0.27095238095237917,-11.396919189723377,-2.432116414349707,-0.10324675324675243,-0.03551382518926971,0.01647747921239784,-0.13211038961038934,11.653538401276851,11.653995759484824,257.9537048206231,0.11605606507597617,-0.5076096403530878,998.98,-1.66,77.82,False
HAOS / PANGAEA,HAOS_Flight_02,HAOS_Flight_02_seg00,train,10.1594/PANGAEA.918817,CC BY 4.0,fixed-wing UAV,2020-02-27 16:24:59+00:00,456.0,65.03117,24.53121,25.39,383738.788108217,7214199.13987451,-326.19912634498905,-693.745065880008,-0.3000000000000007,-326.4724665180787,-693.6801453984667,0.12740259740259666,-11.392592880605491,-2.405263329053753,-0.24632034632034533,0.03543235815602941,0.02523990150524469,-0.0828030303030304,11.643730683303941,11.646335815969117,258.0784892545408,0.08559068820588966,-1.2118977913670648,999.12,-1.65,78.02,False
HAOS / PANGAEA,HAOS_Flight_02,HAOS_Flight_02_seg00,train,10.1594/PANGAEA.918817,CC BY 4.0,fixed-wing UAV,2020-02-27 16:25:00+00:00,457.0,65.03114,24.53096,25.92,383727.099823489,7214196.74279322,-337.88741107296664,-696.1421471694484,0.23000000000000043,-337.8332149451103,-696.0739083380078,-0.22168831168831152,-11.326054473411318,-2.381636611339218,-0.26885281385281323,0.3250703952993774,0.06252466062346684,-0.027391774891775328,11.573750597068864,11.57687283849436,258.1248861970349,-0.031169437071177693,-1.3307148416909331,999.05,-1.64,77.81,False
HAOS / PANGAEA,HAOS_Flight_02,HAOS_Flight_02_seg00,train,10.1594/PANGAEA.918817,CC BY 4.0,fixed-wing UAV,2020-02-27 16:25:01+00:00,458.0,65.03112,24.53072,25.01,383715.463163022,7214194.54285919,-349.524071539985,-698.3420811994001,-0.6799999999999997,-349.12457546490134,-698.4434186211452,-0.41030303030302984,-10.742452090006736,-2.280214007806819,-0.301103896103896,-0.030486243839419558,-0.046672798925953884,0.015438311688311224,10.981787323905364,10.98591445368739,258.0161503803984,-0.1937286535843912,-1.5705695886062925,999.17,-1.59,77.88,False
HAOS / PANGAEA,HAOS_Flight_02,HAOS_Flight_02_seg00,train,10.1594/PANGAEA.918817,CC BY 4.0,fixed-wing UAV,2020-02-27 16:25:02+00:00,459.0,65.03109,24.53048,25.01,383704.408475437,7214192.09644278,-360.5787591249682,-700.7884976090863,-0.6799999999999997,-359.31811912512376,-700.6343363536214,-0.8238961038961035,-11.387026961090157,-2.4749822091911255,-0.23797619047619079,-1.175176949799976,-0.2991980820817446,0.11160173160173131,11.65289320076378,11.655322930560109,257.7374288898661,-0.20801274082252022,-1.1699357431685886,999.17,-1.59,77.88,False
HAOS / PANGAEA,HAOS_Flight_02,HAOS_Flight_02_seg00,train,10.1594/PANGAEA.918817,CC BY 4.0,fixed-wing UAV,2020-02-27 16:25:03+00:00,460.0,65.03106,24.53026,24.63,383693.526404025,7214189.52919928,-371.46083053702023,-703.355741109699,-1.0600000000000023,-371.89862938708166,-703.3933830395274,-0.8862554112554114,-13.092805989606688,-2.8786101719703083,-0.07790043290043336,-0.9646036089394698,-0.23295037648784955,0.09647727272727283,13.405519952752735,13.40574629332876,257.6001248987534,-0.09563101322377499,-0.33294611501224797,999.22,-1.6,77.86,False
HAOS / PANGAEA,HAOS_Flight_02,HAOS_Flight_02_seg00,train,10.1594/PANGAEA.918817,CC BY 4.0,fixed-wing UAV,2020-02-27 16:25:04+00:00,461.0,65.03104,24.53002,24.63,383682.149231692,7214186.99808807,-382.83800286997575,-705.8868523193523,-1.0600000000000023,-385.50373110433713,-706.391556697562,-0.9796969696969702,-13.316234178969097,-2.9408829621668247,-0.04502164502164513,0.16019869451135094,0.057659026550823,0.050292207792208055,13.637114258753863,13.637188575906267,257.5461668634186,0.09608143628138659,-0.18915591860911066,999.22,-1.6,77.86,False
HAOS / PANGAEA,HAOS_Flight_02,HAOS_Flight_02_seg00,train,10.1594/PANGAEA.918817,CC BY 4.0,fixed-wing UAV,2020-02-27 16:25:05+00:00,462.0,65.03101,24.52977,24.63,383670.260589471,7214184.43660052,-394.7266450909665,-708.4483398692682,-1.0600000000000023,-398.53109774501985,-709.275148963861,-0.9762987012987017,-12.772408600583987,-2.7632921188686623,0.02268398268398275,0.5364022628139935,0.21936114970390008,0.05769480519480524,13.067907437477258,13.06792712550632,257.7922877713162,0.4517411463111754,0.09945702256845206,999.22,-1.61,77.88,False
HAOS / PANGAEA,HAOS_Flight_02,HAOS_Flight_02_seg00,train,10.1594/PANGAEA.918817,CC BY 4.0,fixed-wing UAV,2020-02-27 16:25:06+00:00,463.0,65.03096,24.52926,25.16,383646.268747333,7214179.36499357,-418.7184872290236,-713.5199468191713,-0.5300000000000011,-411.0485483055051,-711.9181409352993,-0.9343290043290047,-12.24342965334111,-2.5021606627590245,0.07036796536796536,0.5536775533076366,0.2983326899196186,0.03450216450216445,12.496494614833837,12.496692734844732,258.44964915604095,0.8428475247349687,0.3226300606542157,999.15,-1.62,77.93,False
HAOS / PANGAEA,HAOS_Flight_02,HAOS_Flight_02_seg00,train,10.1594/PANGAEA.918817,CC BY 4.0,fixed-wing UAV,2020-02-27 16:25:07+00:00,464.0,65.030945,24.529135,24.855,383640.216299677,7214178.311821651,-424.7709348850185,-714.5731187388301,-0.8350000000000009,-423.01795705170207,-714.2794702893791,-0.835562770562771,-11.665053493968713,-2.166626739029425,0.09168831168831165,0.5955351422852999,0.3813085169814201,0.019837662337662265,11.864558333264199,11.864912607766195,259.4779828207861,1.3029387899675053,0.4427681645326852,999.19,-1.61,77.885,True
HAOS / PANGAEA,HAOS_Flight_02,HAOS_Flight_02_seg00,train,10.1594/PANGAEA.918817,CC BY 4.0,fixed-wing UAV,2020-02-27 16:25:08+00:00,465.0,65.03093,24.52901,24.55,383634.163852021,7214177.25864973,-430.8233825410134,-715.6262906594202,-1.1400000000000006,-434.37865529344253,-716.2513944133582,-0.7509523809523814,-11.05235936877051,-1.7395436287961843,0.11004329004328989,0.6438704697266502,0.440986624472373,0.061168831168830956,11.188416315678223,11.188957466118916,261.05552673597595,1.732511149937937,0.5635125301875549,999.23,-1.6,77.84,False
HAOS / PANGAEA,HAOS_Flight_02,HAOS_Flight_02_seg00,train,10.1594/PANGAEA.918817,CC BY 4.0,fixed-wing UAV,2020-02-27 16:25:09+00:00,466.0,65.03091,24.52875,25.31,383621.896649845,7214175.37500421,-443.09058471699245,-717.5099361799657,-0.38000000000000256,-445.1226757892431,-717.7585575469715,-0.6154761904761912,-10.377312554515413,-1.284653490084679,0.21402597402597356,-0.08328481113653652,0.24739134275085917,0.15560606060606033,10.456526691195789,10.45871682192647,262.94300512066195,1.306647650199515,1.172576069344708,999.13,-1.62,78.14,False
HAOS / PANGAEA,HAOS_Flight_02,HAOS_Flight_02_seg00,train,10.1594/PANGAEA.918817,CC BY 4.0,fixed-wing UAV,2020-02-27 16:25:10+00:00,467.0,65.03089,24.52848,25.24,383609.301267438,7214173.72690803,-455.68596712400904,-719.1580323595554,-0.45000000000000284,-455.13328040247336,-718.8207013935275,-0.32290043290043424,-11.218928991043583,-1.244760943294466,0.42125541125541055,-0.971326223618874,-0.07877515630144671,0.08694805194805194,11.287772034907045,11.29562984669476,263.668822036375,0.1901027296577003,2.1372651038447823,999.14,-1.62,77.78,False
HAOS / PANGAEA,HAOS_Flight_02,HAOS_Flight_02_seg00,train,10.1594/PANGAEA.918817,CC BY 4.0,fixed-wing UAV,2020-02-27 16:25:11+00:00,468.0,65.03088,24.52822,25.62,383596.743037038,7214172.51904607,-468.2441975239781,-720.3658943194896,-0.07000000000000028,-467.56053377133026,-720.2480794335604,0.22703463203462995,-12.319965001753161,-1.4422038026875725,0.38792207792207745,-0.17315175046016407,-0.13474253935888214,-0.19797077922077871,12.404091641587838,12.410156042187731,263.3232105799774,-0.5640883963874385,1.791268286778866,999.09,-1.56,77.9,False
HAOS / PANGAEA,HAOS_Flight_02,HAOS_Flight_02_seg00,train,10.1594/PANGAEA.918817,CC BY 4.0,fixed-wing UAV,2020-02-27 16:25:12+00:00,469.0,65.03086,24.52796,26.11,383584.730105431,7214171.23824644,-480.2571291310014,-721.6466939495876,0.41999999999999815,-479.7732104059797,-721.7051089989027,0.4529437229437207,-11.565232491963911,-1.5142460220122302,0.025313852813853108,0.8532174132101318,-0.15712099112431588,-0.35748917748917686,11.663942026963168,11.663969495823537,262.54064524360007,-1.3599954898936342,0.12434686737857419,999.02,-1.6,77.98,False
HAOS / PANGAEA,HAOS_Flight_02,HAOS_Flight_02_seg00,train,10.1594/PANGAEA.918817,CC BY 4.0,fixed-wing UAV,2020-02-27 16:25:13+00:00,470.0,65.03084,24.52773,26.61,383573.820543182,7214169.70626291,-491.16669137997087,-723.1786774797365,0.9199999999999982,-490.6909987552581,-723.2765714775849,0.27766233766233617,-10.613530175332897,-1.7564457849362043,-0.32705627705627627,0.6882428674225878,-0.34262106233495615,-0.3002002164502162,10.757886622293531,10.762856980675904,260.60321960019013,-2.361197466449418,-1.7413433528455866,998.96,-1.64,78.05,False
HAOS / PANGAEA,HAOS_Flight_02,HAOS_Flight_02_seg00,train,10.1594/PANGAEA.918817,CC BY 4.0,fixed-wing UAV,2020-02-27 16:25:14+00:00,471.0,65.03082,24.52752,26.07,383563.847186016,7214167.82354049,-501.1400485460181,-725.0613998994231,0.379999999999999,-501.0002707566455,-725.2180005687751,-0.20116883116883189,-10.188746757118736,-2.1994881466821425,-0.5750865800865793,0.2283004091563754,-0.486578955844152,-0.1814826839826838,10.423449936949513,10.439302331223503,257.8182503107013,-2.8228232259264474,-3.15794308123137,999.03,-1.57,77.48,False
HAOS / PANGAEA,HAOS_Flight_02,HAOS_Flight_02_seg00,train,10.1594/PANGAEA.918817,CC BY 4.0,fixed-wing UAV,2020-02-27 16:25:15+00:00,472.0,65.0308,24.52732,24.25,383554.31181928,7214165.35233356,-510.6754152820213,-727.5326068298891,-1.4400000000000013,-511.06849226949555,-727.6755477709492,-0.8725108225108225,-10.156929357020147,-2.7296036966245083,-0.6900216450216439,-0.15221850066131992,-0.47571718652159234,-0.05072510822510812,10.517316687450458,10.53992790178008,254.95757314833722,-2.2661791747781126,-3.7536901846528914,999.27,-1.57,77.19,False
HAOS / PANGAEA,HAOS_Flight_02,HAOS_Flight_02_seg00,train,10.1594/PANGAEA.918817,CC BY 4.0,fixed-wing UAV,2020-02-27 16:25:16+00:00,473.0,65.03077,24.52711,23.87,383544.158920585,7214162.32860716,-520.8283139769919,-730.556333229877,-1.8200000000000003,-521.3141294706858,-730.6772079620241,-1.5812121212121197,-10.493183758441376,-3.150922519725327,-0.6765367965367955,-0.41458849145001864,-0.27001175881787276,0.25950216450216385,10.956058511788356,10.976926717018674,253.285891961145,-0.7656771670015203,-3.5335287107977846,999.32,-1.59,77.98,False
HAOS / PANGAEA,HAOS_Flight_02,HAOS_Flight_02_seg00,train,10.1594/PANGAEA.918817,CC BY 4.0,fixed-wing UAV,2020-02-27 16:25:17+00:00,474.0,65.03074,24.52688,23.34,383533.138461738,7214159.11231986,-531.8487728239852,-733.7726205298677,-2.3500000000000014,-532.0548597863783,-733.9773928103998,-2.2255844155844136,-10.986106339920184,-3.269627214260254,-0.17101731601731618,-0.43891113821032945,0.03962345391880717,0.6167640692640683,11.462329372002259,11.463605085427686,253.42621881433416,0.7987349289094495,-0.8547864174162018,999.39,-1.58,77.68,False
HAOS / PANGAEA,HAOS_Flight_02,HAOS_Flight_02_seg00,train,10.1594/PANGAEA.918817,CC BY 4.0,fixed-wing UAV,2020-02-27 16:25:18+00:00,475.0,65.0307,24.52664,23.87,383521.658537626,7214155.58911164,-543.3286969360197,-737.2958287494257,-1.8200000000000003,-543.2863421505261,-737.2164623905446,-1.923246753246752,-11.371006034862035,-3.071675611887713,0.556991341991341,-0.2599206497909279,0.3225852931845452,0.4101190476190472,11.778580954832147,11.79174324112376,254.88336181896392,1.8623444062984236,2.707414157478101,999.32,-1.58,77.25,False
HAOS / PANGAEA,HAOS_Flight_02,HAOS_Flight_02_seg00,train,10.1594/PANGAEA.918817,CC BY 4.0,fixed-wing UAV,2020-02-27 16:25:19+00:00,476.0,65.03067,24.52639,24.02,383510.035049585,7214152.24960628,-554.9521849770099,-740.6353341098875,-1.6700000000000017,-554.7968718561024,-740.1207440341752,-1.1116017316017315,-11.50594763950204,-2.6244566278911634,0.6492207792207783,-0.009484589500459606,0.5021866965410311,-0.0789069264069262,11.801466166313592,11.819310102320543,257.15090762693103,2.4146670186051598,3.148774423225332,999.3,-1.56,77.65,False
HAOS / PANGAEA,HAOS_Flight_02,HAOS_Flight_02_seg00,train,10.1594/PANGAEA.918817,CC BY 4.0,fixed-wing UAV,2020-02-27 16:25:20+00:00,477.0,65.03064,24.52615,24.63,383498.503500958,7214150.1412068,-566.4837336040218,-742.7437335895374,-1.0600000000000023,-566.2982374295302,-742.465375646327,-0.6248051948051956,-11.389975213862954,-2.0673022188056507,0.39917748917748863,0.16560885561520422,0.5129011853364602,-0.2389935064935061,11.576064695581621,11.582945070410947,259.71269585617426,2.3538065184270214,1.9749480730366633,999.22,-1.57,77.48,False
HAOS / PANGAEA,HAOS_Flight_02,HAOS_Flight_02_seg00,train,10.1594/PANGAEA.918817,CC BY 4.0,fixed-wing UAV,2020-02-27 16:25:21+00:00,478.0,65.03063,24.52592,27.06,383487.339976634,7214148.65194242,-577.6472579279798,-744.2329979697242,1.3699999999999974,-577.5768222838283,-744.2553484717865,-0.3132467532467543,-11.174729928271631,-1.598654257218243,0.17123376623376604,0.18039598551143854,0.35203108456067866,-0.25158008658008607,11.28850231004679,11.289800946280245,261.85852066378504,1.620556263554741,0.8690452875234297,998.9,-1.6,77.48,False
HAOS / PANGAEA,HAOS_Flight_02,HAOS_Flight_02_seg00,train,10.1594/PANGAEA.918817,CC BY 4.0,fixed-wing UAV,2020-02-27 16:25:22+00:00,479.0,65.03061,24.52568,25.62,383476.308850522,7214147.23673516,-588.6783840400167,-745.6482052290812,-0.07000000000000028,-588.6476972860735,-745.6626841607634,-0.2823376623376635,-11.029183242840077,-1.3632400496842934,-0.10398268398268354,0.08580149789548841,0.0731154326178114,-0.2633658008658003,11.113114164679835,11.113600624270058,262.95380838328373,0.3109272854350453,-0.5360869140915512,999.09,-1.61,77.34,False
HAOS / PANGAEA,HAOS_Flight_02,HAOS_Flight_02_seg00,train,10.1594/PANGAEA.918817,CC BY 4.0,fixed-wing UAV,2020-02-27 16:25:23+00:00,480.0,65.03059,24.52545,24.18,383465.309710053,7214146.09317261,-599.6775245089666,-746.7917677797377,-1.5100000000000016,-599.6351887695084,-746.9818285711551,-0.5212121212121213,-11.003126932480654,-1.4524233919826202,-0.35549783549783454,-0.02287731619395572,-0.20984926990942654,-0.19239177489177478,11.098573602128313,11.104265608895668,262.4803752346551,-1.049652372462987,-1.8346108882012802,999.28,-1.52,77.67,False
HAOS / PANGAEA,HAOS_Flight_02,HAOS_Flight_02_seg00,train,10.1594/PANGAEA.918817,CC BY 4.0,fixed-wing UAV,2020-02-27 16:25:24+00:00,481.0,65.03058,24.52522,24.55,383454.498325967,7214144.48950213,-610.4889085949981,-748.3954382594675,-1.1400000000000006,-610.6539511510348,-748.5675309447287,-0.9933333333333326,-11.074937875227988,-1.7829385895031464,-0.4887662337662331,-0.09208331374679801,-0.352550583242504,0.06256493506493457,11.217536224773196,11.228179344193293,260.85450363835776,-1.6980673228464893,-2.494891932903919,999.23,-1.59,77.63,False
HAOS / PANGAEA,HAOS_Flight_02,HAOS_Flight_02_seg00,train,10.1594/PANGAEA.918817,CC BY 4.0,fixed-wing UAV,2020-02-27 16:25:25+00:00,482.0,65.03055,24.52499,24.55,383443.326399274,7214142.40704705,-621.6608352879994,-750.47789333947,-1.1400000000000006,-621.7850645199644,-750.5477057501614,-1.4987445887445876,-11.18729355997425,-2.157524558467628,-0.2303679653679654,-0.10786585119080883,-0.33336920500232736,0.3060173160173154,11.39343887583693,11.395767583489057,259.0842405889622,-1.5479684736958463,-1.1583257731585912,999.23,-1.61,77.58,False
HAOS / PANGAEA,HAOS_Flight_02,HAOS_Flight_02_seg00,train,10.1594/PANGAEA.918817,CC BY 4.0,fixed-wing UAV,2020-02-27 16:25:26+00:00,483.0,65.03053,24.52475,24.1,383431.913066434,7214140.15627846,-633.0741681280197,-752.7286619292572,-1.5899999999999999,-633.0285382709833,-752.8825800616639,-1.4540692640692634,-11.290669577609606,-2.449676999507801,0.12326839826839775,-0.09376186189254554,-0.19796627011945134,0.21393939393939357,11.553360416462244,11.554018002871912,257.75856669096606,-0.8682227643164894,0.6112932279987895,999.29,-1.55,77.08,False
HAOS / PANGAEA,HAOS_Flight_02,HAOS_Flight_02_seg00,train,10.1594/PANGAEA.918817,CC BY 4.0,fixed-wing UAV,2020-02-27 16:25:27+00:00,484.0,65.0305,24.52451,24.4,383420.553448004,7214137.49137232,-644.4337865579873,-755.3935680696741,-1.2900000000000027,-644.3664036751836,-755.447059749177,-1.252207792207792,-11.374817283759342,-2.553457098706531,0.19751082251082175,-0.0554366913642923,-0.007056996418810968,0.03761904761904758,11.657899098630294,11.659572115599008,257.3477950603292,0.023860925917679195,0.9706254845350231,999.25,-1.6,77.37,False
HAOS / PANGAEA,HAOS_Flight_02,HAOS_Flight_02_seg00,train,10.1594/PANGAEA.918817,CC BY 4.0,fixed-wing UAV,2020-02-27 16:25:28+00:00,485.0,65.03047,24.52427,24.63,383409.207231137,7214134.66378573,-655.7800034249667,-758.2211546599865,-1.0600000000000023,-655.778172838502,-757.989494259077,-1.05904761904762,-11.40154296033819,-2.463790992345423,0.1985064935064929,0.25622009445410754,0.18650312065261687,0.007748917748918116,11.664709509044783,11.666398448465749,257.80628854280144,0.6509140701550071,0.9749481140649343,999.22,-1.53,77.22,False
HAOS / PANGAEA,HAOS_Flight_02,HAOS_Flight_02_seg00,train,10.1594/PANGAEA.918817,CC BY 4.0,fixed-wing UAV,2020-02-27 16:25:29+00:00,486.0,65.03045,24.52403,24.63,383397.834298345,7214132.27145143,-667.1529362169676,-760.6134889591485,-1.0600000000000023,-667.16948959586,-760.3746417338679,-0.8551948051948063,-10.862377094851126,-2.180450857401297,0.21300865800865798,0.12121499570432093,0.17989694115451016,-0.06322510822510774,11.079061426505787,11.081108914755559,258.6496232006392,0.7581079152513758,1.1014465194530314,999.22,-1.53,77.22,False
HAOS / PANGAEA,HAOS_Flight_02,HAOS_Flight_02_seg00,train,10.1594/PANGAEA.918817,CC BY 4.0,fixed-wing UAV,2020-02-27 16:25:30+00:00,487.0,65.03043,24.52379,25.24,383386.474800622,7214130.25244591,-678.5124339400209,-762.6324944794178,-0.45000000000000284,-677.5029270282042,-762.3503959738796,-0.6330303030303039,-11.159112968929549,-2.1039971100364028,0.07205627705627743,-0.9917404428603618,-0.1100873296426812,-0.15604437229437207,11.355730099486038,11.355958708952599,259.3225043733042,0.3825393009517332,0.363557879423255,999.14,-1.6,77.6,False
HAOS / PANGAEA,HAOS_Flight_02,HAOS_Flight_02_seg00,train,10.1594/PANGAEA.918817,CC BY 4.0,fixed-wing UAV,2020-02-27 16:25:31+00:00,488.0,65.0304,24.52355,25.39,383375.101173071,7214128.3340997,-689.886061490979,-764.5508406898007,-0.3000000000000007,-689.4877155337191,-764.5826359539407,-0.7110822510822514,-12.84585798057185,-2.4006255166866595,-0.09908008658008616,-1.3769789292099688,-0.2737210058300832,-0.09674242424242416,13.068246635581554,13.068622230057203,259.41470180254265,-0.056044528687195595,-0.4343935481698743,999.12,-1.54,77.49,False
HAOS / PANGAEA,HAOS_Flight_02,HAOS_Flight_02_seg00,train,10.1594/PANGAEA.918817,CC BY 4.0,fixed-wing UAV,2020-02-27 16:25:32+00:00,489.0,65.03038,24.52331,24.71,383363.786650691,7214126.35926403,-701.2005838709883,-766.5256763594225,-0.9800000000000004,-703.1946429893479,-767.1516470072529,-0.8311904761904763,-13.913070827349486,-2.651439121696569,-0.12142857142857089,-0.3452097329461594,-0.1254580235431888,-0.027483766233766083,14.163462474370679,14.16398299070094,259.21041531592977,-0.2488512214298311,-0.49120574959797075,999.21,-1.57,76.95,False
HAOS / PANGAEA,HAOS_Flight_02,HAOS_Flight_02_seg00,train,10.1594/PANGAEA.918817,CC BY 4.0,fixed-wing UAV,2020-02-27 16:25:33+00:00,490.0,65.03036,24.52308,24.71,383352.553624147,7214124.16553186,-712.4336104149697,-768.7194085298106,-0.9800000000000004,-717.3138571884181,-769.8855141973338,-0.9539393939393932,-13.536277446464169,-2.651541563773037,-0.15404761904761832,0.7571104298682201,0.09181344484736087,0.01495670995670989,13.793530359268814,13.794390542572177,258.916999359683,-0.23360287594852897,-0.6398587784120944,999.21,-1.58,77.74,False
HAOS / PANGAEA,HAOS_Flight_02,HAOS_Flight_02_seg00,train,10.1594/PANGAEA.918817,CC BY 4.0,fixed-wing UAV,2020-02-27 16:25:34+00:00,491.0,65.03031,24.5226,24.18,383330.082840912,7214119.23466958,-734.9043936500093,-773.6502708094195,-1.5100000000000016,-730.2671978822763,-772.454730134799,-1.139285714285713,-12.398849967613046,-2.4678122320018474,-0.0915151515151511,1.1322128644177667,0.2220375559784884,0.12389610389610356,12.642055913964152,12.642387146213835,258.7432095640327,0.0012485678798181974,-0.4147537704731302,999.28,-1.53,77.8,False
HAOS / PANGAEA,HAOS_Flight_02,HAOS_Flight_02_seg00,train,10.1594/PANGAEA.918817,CC BY 4.0,fixed-wing UAV,2020-02-27 16:25:35+00:00,492.0,65.03028,24.52236,24.78,383318.488869731,7214117.10541897,-746.4983648309717,-775.7795214196667,-0.9100000000000001,-742.1115571236442,-774.8211386613375,-1.1369696969696954,-11.271851717628635,-2.2074664518160603,0.0937445887445888,1.1579220286550083,0.31751999700162514,0.2260930735930732,11.485971847436376,11.486354396762268,258.9194964954427,0.47735144014182745,0.46761824778069805,999.2,-1.56,77.9,False
HAOS / PANGAEA,HAOS_Flight_02,HAOS_Flight_02_seg00,train,10.1594/PANGAEA.918817,CC BY 4.0,fixed-wing UAV,2020-02-27 16:25:36+00:00,493.0,65.03027,24.522235000000002,24.895000000000003,383312.552538394,7214116.148576194,-752.4346961679985,-776.7363641951233,-0.7949999999999982,-752.8109013175335,-776.8696630384311,-0.9517965367965353,-10.08300591030303,-1.8327722379985971,0.3606709956709953,1.2471595621914275,0.40049463422823806,0.27423160173160127,10.248222395302719,10.254567071832067,259.6979124443164,0.9885198936068479,2.0156081353485695,999.185,-1.57,77.575,True
HAOS / PANGAEA,HAOS_Flight_02,HAOS_Flight_02_seg00,train,10.1594/PANGAEA.918817,CC BY 4.0,fixed-wing UAV,2020-02-27 16:25:37+00:00,494.0,65.03026,24.52211,25.01,383306.616207057,7214115.19173342,-758.3710275049671,-777.6932069696486,-0.6799999999999997,-762.2775689442502,-778.4866831373347,-0.4156277056277048,-8.77753259324578,-1.4064771833595842,0.6422077922077913,0.5608178872882377,0.2173687618939084,0.10353896103896063,8.889502600978476,8.912670045568584,260.89653628265637,0.7175154669968257,4.132062691268057,999.17,-1.58,77.25,False
HAOS / PANGAEA,HAOS_Flight_02,HAOS_Flight_02_seg00,train,10.1594/PANGAEA.918817,CC BY 4.0,fixed-wing UAV,2020-02-27 16:25:38+00:00,495.0,65.03024,24.52187,25.62,383295.054985393,7214113.1411595,-769.9322491689818,-779.7437808895484,-0.07000000000000028,-770.3659665040251,-779.6826174051503,0.33261904761904726,-8.961370135726554,-1.3980347142107803,0.5677489177489166,-0.8402876495523799,-0.168672392594317,-0.20040043290043288,9.069766026289223,9.087518616500065,261.13294337831,-0.18157205517824335,3.5819256166723643,999.09,-1.54,77.93,False
HAOS / PANGAEA,HAOS_Flight_02,HAOS_Flight_02_seg00,train,10.1594/PANGAEA.918817,CC BY 4.0,fixed-wing UAV,2020-02-27 16:25:39+00:00,496.0,65.03022,24.52163,26.23,383283.959714097,7214111.43333207,-781.0275204649661,-781.4516083197668,0.5399999999999991,-780.2003092157033,-781.2827525657563,0.7198701298701282,-10.45810789235054,-1.7438219685482181,0.24140692640692557,-1.1143517527012534,-0.2721965254366978,-0.34414502164502114,10.60249667512497,10.605244601146797,260.53339217229984,-0.4902498972610523,1.304335100981441,999.01,-1.54,77.24,False
HAOS / PANGAEA,HAOS_Flight_02,HAOS_Flight_02_seg00,train,10.1594/PANGAEA.918817,CC BY 4.0,fixed-wing UAV,2020-02-27 16:25:40+00:00,497.0,65.0302,24.5214,27.59,383273.123010911,7214109.75143052,-791.8642236510059,-783.1335098696873,1.8999999999999986,-791.2821822887262,-783.1702613422467,0.8154329004328984,-11.190073641129061,-1.942427765084176,-0.1205411255411257,-0.3028340537450731,-0.1398751648501957,-0.33505952380952325,11.357410519852724,11.358050179472182,260.15244358378794,-0.4491328808587414,-0.608082135385199,998.83,-1.65,77.24,False
HAOS / PANGAEA,HAOS_Flight_02,HAOS_Flight_02_seg00,train,10.1594/PANGAEA.918817,CC BY 4.0,fixed-wing UAV,2020-02-27 16:25:41+00:00,498.0,65.03018,24.52118,26.68,383262.475253852,7214107.77624271,-802.5119807099691,-785.1086976798251,0.9899999999999984,-802.5804564979614,-785.1676080959246,0.4787878787878768,-11.063775999840686,-2.0235722982486095,-0.42871212121212093,0.12661296024595003,-0.12083581207798488,-0.22931818181818137,11.247310088233984,11.255477702157476,259.63512641058236,-0.722951192957785,-2.1828783351914667,998.95,-1.6,78.18,False
HAOS / PANGAEA,HAOS_Flight_02,HAOS_Flight_02_seg00,train,10.1594/PANGAEA.918817,CC BY 4.0,fixed-wing UAV,2020-02-27 16:25:42+00:00,499.0,65.03016,24.52095,25.09,383251.663593001,7214105.61241913,-813.3236415609717,-787.2725212592632,-0.6000000000000014,-813.4097342884075,-787.2174059387439,-0.041991341991343516,-10.93684772063716,-2.1840993892401457,-0.5791774891774885,-0.04143363517161447,-0.19384226251344217,-0.021672077922077815,11.152799119794341,11.16782766568572,258.70654119787235,-0.9206746152481384,-2.9727642794349136,999.16,-1.55,77.28,False
HAOS / PANGAEA,HAOS_Flight_02,HAOS_Flight_02_seg00,train,10.1594/PANGAEA.918817,CC BY 4.0,fixed-wing UAV,2020-02-27 16:25:43+00:00,500.0,65.03013,24.52072,24.55,383240.703891799,7214103.42153672,-824.2833427629666,-789.4634036691859,-1.1400000000000006,-824.4541519392358,-789.5358068744049,-0.6795670995671002,-11.146643270183915,-2.411256823275494,-0.47205627705627656,-0.19154459906428656,-0.1655263354884653,0.25034632034632,11.404464724857936,11.414230275810858,257.7937771800861,-0.6167351628108922,-2.370247291726361,999.23,-1.54,77.51,False
HAOS / PANGAEA,HAOS_Flight_02,HAOS_Flight_02_seg00,train,10.1594/PANGAEA.918817,CC BY 4.0,fixed-wing UAV,2020-02-27 16:25:44+00:00,501.0,65.03011,24.52048,24.33,383229.370546331,7214101.0198013,-835.6166882310063,-791.8651390895247,-1.360000000000003,-835.7030208287754,-792.0399195852949,-0.9861038961038966,-11.319936918765734,-2.5151520602170763,-0.07848484848484855,-0.14520243931590926,-0.06513689531544742,0.3777380952380949,11.595989036337077,11.596254636833885,257.47307087225056,-0.16120737007062005,-0.38778769930388685,999.26,-1.57,77.19,False
HAOS / PANGAEA,HAOS_Flight_02,HAOS_Flight_02_seg00,train,10.1594/PANGAEA.918817,CC BY 4.0,fixed-wing UAV,2020-02-27 16:25:45+00:00,502.0,65.03008,24.52024,25.16,383217.783265791,7214098.30044635,-847.2039687709766,-794.5844940394163,-0.5300000000000011,-847.0940257767672,-794.566110994839,-0.8365367965367972,-11.437048148815734,-2.5415306139063887,0.2834199134199131,-0.10417133907378684,-0.011116061236691621,0.22490259740259733,11.716033809261255,11.719461381269864,257.47136243994487,0.05699949247412273,1.3857589213598127,999.15,-1.55,77.83,False
HAOS / PANGAEA,HAOS_Flight_02,HAOS_Flight_02_seg00,train,10.1594/PANGAEA.918817,CC BY 4.0,fixed-wing UAV,2020-02-27 16:25:46+00:00,503.0,65.03005,24.52,25.16,383206.234240316,7214095.57137853,-858.7529942460242,-797.3135618595406,-0.5300000000000011,-858.5771171264068,-797.1229808131077,-0.41926406926407034,-11.528279596913308,-2.5373841826904595,0.3713203463203461,-0.07763683522006204,0.07045859443144309,-0.06851731601731575,11.804217422395073,11.810056213023156,257.5870698571988,0.4144159727785544,1.8017353241209306,999.15,-1.55,77.83,False
HAOS / PANGAEA,HAOS_Flight_02,HAOS_Flight_02_seg00,train,10.1594/PANGAEA.918817,CC BY 4.0,fixed-wing UAV,2020-02-27 16:25:47+00:00,504.0,65.03003,24.51976,26.15,383194.864801973,7214093.2271883,-870.1224325890071,-799.6577520892024,0.4599999999999973,-870.1505849705939,-799.64087936022,-0.09389610389610503,-11.592321819255858,-2.4006134250435025,0.14638528138528162,-0.04619226964808831,0.2073403362706756,-0.17317099567099553,11.83827985721298,11.839184880231443,258.300194385502,1.0305265575194102,0.7084501689421717,999.02,-1.59,77.65,False
HAOS / PANGAEA,HAOS_Flight_02,HAOS_Flight_02_seg00,train,10.1594/PANGAEA.918817,CC BY 4.0,fixed-wing UAV,2020-02-27 16:25:48+00:00,505.0,65.03,24.51952,25.39,383183.4146868,7214091.11388851,-881.5725477620144,-801.7710518799722,-0.3000000000000007,-881.7617607649186,-801.9242076631947,-0.1264935064935071,-11.620664136209484,-2.1227035101491083,0.02497835497835503,-0.02280299850605161,0.27064767011415825,-0.06383116883116904,11.812946506210238,11.81297291441922,259.6481229722376,1.3113658893892155,0.12115116120805743,999.12,-1.56,78.47,False
HAOS / PANGAEA,HAOS_Flight_02,HAOS_Flight_02_seg00,train,10.1594/PANGAEA.918817,CC BY 4.0,fixed-wing UAV,2020-02-27 16:25:49+00:00,506.0,65.02998,24.51927,25.69,383171.658789269,7214088.76990196,-893.3284452930093,-804.1150384293869,0.0,-893.3919132430128,-803.8862863805182,-0.04393939393939497,-11.637927816267961,-1.859318084815186,0.018722943722943544,-0.001044817350532412,0.18763217463731507,-0.07670995670995662,11.78551770594675,11.785532577945132,260.9229261642804,0.9008510060742498,0.09102228512107323,999.08,-1.55,77.51,False
HAOS / PANGAEA,HAOS_Flight_02,HAOS_Flight_02_seg00,train,10.1594/PANGAEA.918817,CC BY 4.0,fixed-wing UAV,2020-02-27 16:25:50+00:00,507.0,65.02996,24.51902,25.39,383159.849756396,7214086.96305641,-905.1374781659688,-805.9218839798123,-0.3000000000000007,-905.0376163974545,-805.6428438328251,-0.08904761904762001,-11.622753770910549,-1.7474391608744781,-0.1284415584415582,0.058146870376873494,0.03301622656883296,-0.05117965367965353,11.75338031547406,11.754082102576449,261.4498249843861,0.11512564076274288,-0.6261063699914476,999.12,-1.54,77.44,False
HAOS / PANGAEA,HAOS_Flight_02,HAOS_Flight_02_seg00,train,10.1594/PANGAEA.918817,CC BY 4.0,fixed-wing UAV,2020-02-27 16:25:51+00:00,508.0,65.02994,24.51878,24.93,383148.254380133,7214085.603893,-916.7328544289921,-807.2810473898426,-0.7600000000000016,-916.6374207848339,-807.3811647022671,-0.3008225108225113,-11.521634075514214,-1.79328563167752,-0.08363636363636352,0.13323136791049706,-0.08231898229388435,-0.004069264069264111,11.660356989682233,11.660656935531275,261.1531774458059,-0.5035836590644795,-0.4109589850065981,999.18,-1.54,77.67,False
HAOS / PANGAEA,HAOS_Flight_02,HAOS_Flight_02_seg00,train,10.1594/PANGAEA.918817,CC BY 4.0,fixed-wing UAV,2020-02-27 16:25:52+00:00,509.0,65.02992,24.51854,26.38,383136.841782995,7214083.9867106,-928.1454515670193,-808.8982297899202,0.6899999999999977,-928.0808845484829,-809.2294150961801,-0.25632034632034706,-11.356291035089555,-1.9120771254622468,-0.1365800865800864,0.1435079467132141,-0.15585922399230867,-0.12889610389610354,11.51613585398207,11.516945737799652,260.44265766625716,-0.8827536724984324,-0.6794896964434718,998.99,-1.6,77.65,False
HAOS / PANGAEA,HAOS_Flight_02,HAOS_Flight_02_seg00,train,10.1594/PANGAEA.918817,CC BY 4.0,fixed-wing UAV,2020-02-27 16:25:53+00:00,510.0,65.0299,24.5183,24.71,383125.566339126,7214081.84791478,-939.420895436022,-811.037025609985,-0.9800000000000004,-939.350002855013,-811.2053189531916,-0.5739826839826841,-11.234618182087786,-2.1050040796621374,-0.3414285714285706,0.052201057503225456,-0.21583192304757404,-0.13943722943722903,11.43012195353539,11.435220213973995,259.38767010080903,-1.104491004264391,-1.710970451466772,999.21,-1.55,78.05,False
HAOS / PANGAEA,HAOS_Flight_02,HAOS_Flight_02_seg00,train,10.1594/PANGAEA.918817,CC BY 4.0,fixed-wing UAV,2020-02-27 16:25:54+00:00,511.0,65.02987,24.51806,24.78,383114.438296658,7214079.38365765,-950.5489379040082,-813.501282739453,-0.9100000000000001,-950.5501209126585,-813.4394232555044,-0.9391774891774882,-11.251888920083104,-2.343740971557395,-0.41545454545454447,0.16404846069545442,-0.13917804360326613,-0.029534632034632108,11.493394886266012,11.500901203426825,258.2336756577284,-0.8572585892627855,-2.070183166997202,999.2,-1.55,77.31,False
HAOS / PANGAEA,HAOS_Flight_02,HAOS_Flight_02_seg00,train,10.1594/PANGAEA.918817,CC BY 4.0,fixed-wing UAV,2020-02-27 16:25:55+00:00,512.0,65.02985,24.51783,24.78,383103.29073842,7214076.84926031,-961.6964961420163,-816.0356800798327,-0.9100000000000001,-961.8537806951792,-815.8928008963064,-1.404891774891773,-10.906521260696877,-2.3833601668686697,-0.4004978354978348,-0.16667594192776392,-0.03313998600822288,0.18629329004328946,11.163897692788538,11.17107918740565,257.67315292228346,0.007480987701877176,-2.0545691061944065,999.2,-1.55,77.31,False
HAOS / PANGAEA,HAOS_Flight_02,HAOS_Flight_02_seg00,train,10.1594/PANGAEA.918817,CC BY 4.0,fixed-wing UAV,2020-02-27 16:25:56+00:00,513.0,65.02982,24.51759,23.42,383091.87791512,7214074.57074591,-973.10931944201,-818.3141944799572,-2.2699999999999996,-972.3631634340522,-818.2061435892417,-1.7401731601731578,-11.585240803938632,-2.4100209435738407,-0.042867965367965555,-1.068140429644103,-0.05426089420762992,0.3297294372294363,11.83325844531882,11.833336093264823,258.24863763313215,0.7552976478185659,-0.2075626725053008,999.38,-1.55,78.17,False
HAOS / PANGAEA,HAOS_Flight_02,HAOS_Flight_02_seg00,train,10.1594/PANGAEA.918817,CC BY 4.0,fixed-wing UAV,2020-02-27 16:25:57+00:00,514.0,65.0298,24.51734,23.87,383080.235725501,7214072.19107505,-984.7515090609668,-820.6938653392717,-1.8200000000000003,-985.0242623030565,-820.7128427834541,-1.4906277056277042,-13.042802119985083,-2.4918819552839295,0.25896103896103784,-0.7043556198727856,0.03301048394015993,0.2000162337662333,13.27871088698587,13.281235772316402,259.1837482179206,0.7628282477635203,1.1172390248337354,999.32,-1.59,77.32,False
HAOS / PANGAEA,HAOS_Flight_02,HAOS_Flight_02_seg00,train,10.1594/PANGAEA.918817,CC BY 4.0,fixed-wing UAV,2020-02-27 16:25:58+00:00,515.0,65.02977,24.5171,24.25,383068.44063135,7214069.90547477,-996.5466032120166,-822.9794656196609,-1.4400000000000013,-998.4487676740224,-823.1899074998096,-1.2222510822510821,-12.993952043684203,-2.343999975693521,0.357164502164501,0.4807394445336399,0.19072713340565883,0.13463203463203466,13.20367848743736,13.208508321579032,259.77429412865916,0.4537555370353964,1.5494946688301587,999.27,-1.55,78.22,False
HAOS / PANGAEA,HAOS_Flight_02,HAOS_Flight_02_seg00,train,10.1594/PANGAEA.918817,CC BY 4.0,fixed-wing UAV,2020-02-27 16:25:59+00:00,516.0,65.02975,24.51686,25.47,383057.061595145,7214067.9423511,-1007.9256394170225,-824.9425892895088,-0.22000000000000242,-1011.0121663904249,-825.4008427348411,-0.7762987012987022,-12.081323230917803,-2.110427688472612,0.5282251082251072,0.9475240708687238,0.19834121191385634,0.002510822510822769,12.264268263463013,12.275638386786468,260.0912592919914,0.13718544452936537,2.466219354975713,999.11,-1.53,77.53,False
HAOS / PANGAEA,HAOS_Flight_02,HAOS_Flight_02_seg00,train,10.1594/PANGAEA.918817,CC BY 4.0,fixed-wing UAV,2020-02-27 16:26:00+00:00,517.0,65.02971,24.51641,25.58,383035.736068689,7214064.41281054,-1029.2511658730218,-828.472129849717,-0.11000000000000298,-1022.611414135858,-827.4107628767548,-0.16580086580086792,-11.098903901946755,-1.9473175518658081,0.36218614718614656,0.9826502005013538,0.1066473051573098,-0.2080735930735924,11.268438821436337,11.274257947983411,260.0486650177179,-0.35649357367800005,1.8409467613071804,999.09,-1.55,77.49,False
HAOS / PANGAEA,HAOS_Flight_02,HAOS_Flight_02_seg00,train,10.1594/PANGAEA.918817,CC BY 4.0,fixed-wing UAV,2020-02-27 16:26:01+00:00,518.0,65.02969999999999,24.516295,25.634999999999998,383030.426272589,7214063.35485652,-1034.5609619729803,-829.5300838695839,-0.05500000000000327,-1033.2099741943184,-829.2954778385728,-0.05192640692640904,-10.116022829915096,-1.8971330781579923,0.11207792207792232,0.923604082444399,-0.005349253183368319,-0.23100649350649288,10.292377364419002,10.29298757758028,259.3782721446354,-0.9991672987950495,0.6238926032168434,999.085,-1.56,77.47,True
HAOS / PANGAEA,HAOS_Flight_02,HAOS_Flight_02_seg00,train,10.1594/PANGAEA.918817,CC BY 4.0,fixed-wing UAV,2020-02-27 16:26:02+00:00,519.0,65.02969,24.51618,25.69,383025.116476489,7214062.2969025,-1039.870758072997,-830.5880378894508,0.0,-1042.8434597956882,-831.2050290330708,0.05835497835497671,-9.251695737057958,-1.9580160582325448,-0.09982683982683921,0.770035118502733,-0.07116991502550718,-0.23318181818181785,9.456622065800921,9.45714895163139,258.0503304201278,-1.3777323753366775,-0.604808368305054,999.08,-1.57,77.45,False
HAOS / PANGAEA,HAOS_Flight_02,HAOS_Flight_02_seg00,train,10.1594/PANGAEA.918817,CC BY 4.0,fixed-wing UAV,2020-02-27 16:26:03+00:00,520.0,65.02967,24.51596,25.54,383014.693765202,7214060.07445266,-1050.2934693599818,-832.8104877294973,-0.15000000000000213,-1051.7133656684343,-833.2115099550379,-0.25158008658008746,-8.57595259290963,-2.0394729082090066,-0.35428571428571337,-0.14791416280218073,-0.15765060197452385,-0.12375541125541126,8.815124084160807,8.822240701006681,256.62280739396203,-0.7216902279652101,-2.301516907493767,999.1,-1.56,77.78,False
HAOS / PANGAEA,HAOS_Flight_02,HAOS_Flight_02_seg00,train,10.1594/PANGAEA.918817,CC BY 4.0,fixed-wing UAV,2020-02-27 16:26:04+00:00,521.0,65.02964,24.51575,24.78,383004.393440471,7214057.49973644,-1060.5937940910226,-835.3852039491758,-0.9100000000000001,-1059.9953649815075,-835.2839748494888,-0.65021645021645,-9.547524062662319,-2.2733172621815925,-0.3473376623376617,-1.31550541919313,-0.20068012251721257,-0.0023160173160177433,9.814437686472353,9.820581986487715,256.6069499641974,0.5451365891430696,-2.0268792185422138,999.2,-1.54,77.88,False
HAOS / PANGAEA,HAOS_Flight_02,HAOS_Flight_02_seg00,train,10.1594/PANGAEA.918817,CC BY 4.0,fixed-wing UAV,2020-02-27 16:26:05+00:00,522.0,65.02961,24.51553,25.39,382993.991723854,7214054.82909129,-1070.9955107080168,-838.0558490995318,-0.3000000000000007,-1070.808413793759,-837.758144479401,-0.9462554112554109,-11.20696343129589,-2.4408331532434318,-0.35891774891774886,-0.9719679138382844,-0.08549419924560198,-0.06425865800865815,11.469685951776343,11.475300335192268,257.71308057224815,0.6924214934914429,-1.792356281673544,999.12,-1.59,77.51,False
HAOS / PANGAEA,HAOS_Flight_02,HAOS_Flight_02_seg00,train,10.1594/PANGAEA.918817,CC BY 4.0,fixed-wing UAV,2020-02-27 16:26:06+00:00,523.0,65.02958,24.5153,23.72,382983.127916544,7214052.2864274,-1081.8593180180178,-840.5985129894689,-1.9700000000000024,-1082.4092918440992,-840.1656411559757,-1.3680519480519477,-11.491459890338888,-2.4443056606727964,-0.47585497835497803,0.06118546688361448,-0.2084087104853154,0.02861471861471876,11.74854376397622,11.758176667089577,257.9917929511803,-1.0846855110519433,-2.3194012661640055,999.34,-1.54,77.57,False
HAOS / PANGAEA,HAOS_Flight_02,HAOS_Flight_02_seg00,train,10.1594/PANGAEA.918817,CC BY 4.0,fixed-wing UAV,2020-02-27 16:26:07+00:00,524.0,65.02956,24.51507,23.87,382972.014671659,7214049.76298581,-1092.9725629030145,-843.1219545798376,-1.8200000000000003,-1093.7913335744367,-842.6467558007466,-1.897965367965367,-11.08459249752866,-2.8576505742140625,-0.30168831168831134,0.8176840011756212,-0.7116590533808562,0.3172673160173157,11.447023964357488,11.450998798270131,255.54370955014426,-4.708652705132841,-1.5096907785696858,999.32,-1.55,77.6,False
HAOS / PANGAEA,HAOS_Flight_02,HAOS_Flight_02_seg00,train,10.1594/PANGAEA.918817,CC BY 4.0,fixed-wing UAV,2020-02-27 16:26:08+00:00,525.0,65.02953,24.51484,24.33,382960.969268048,7214047.19921052,-1104.0179665139876,-845.6857298696414,-1.360000000000003,-1104.5784768391566,-845.8809423044038,-1.9714285714285704,-9.856091887987645,-3.867623767434509,0.15867965367965342,1.875462354726551,-1.198681450902484,0.44633116883116847,10.587778846900807,10.5889678507101,248.57448754091462,-10.583790708743994,0.8586308775607021,999.26,-1.55,77.63,False
HAOS / PANGAEA,HAOS_Flight_02,HAOS_Flight_02_seg00,train,10.1594/PANGAEA.918817,CC BY 4.0,fixed-wing UAV,2020-02-27 16:26:09+00:00,526.0,65.02949,24.51462,23.34,382950.677863117,7214043.58252733,-1114.3093714449788,-849.3024130593985,-2.3500000000000014,-1113.503517350412,-850.3820033356157,-1.5806060606060601,-7.333667788075559,-5.25501347601903,0.5909740259740256,3.056762153005991,-1.4240798189766508,0.2693831168831168,9.022075695703215,9.041410296982137,234.37612813265628,-19.722232658948265,3.747697896363394,999.39,-1.56,77.61,False
HAOS / PANGAEA,HAOS_Flight_02,HAOS_Flight_02_seg00,train,10.1594/PANGAEA.918817,CC BY 4.0,fixed-wing UAV,2020-02-27 16:26:10+00:00,527.0,65.02944,24.51449,23.87,382944.299528019,7214037.18737885,-1120.6877065430162,-855.6975615397096,-1.8200000000000003,-1119.2458124153077,-856.3909692564418,-0.7894805194805192,-3.7425675819756634,-6.7157834053878105,0.697445887445887,3.8016485380695713,-1.3495671800478988,-0.0712121212121212,7.688209079736155,7.719779117283903,209.13002222301807,-28.158797037796724,5.183473198986818,999.32,-1.55,77.6,False
HAOS / PANGAEA,HAOS_Flight_02,HAOS_Flight_02_seg00,train,10.1594/PANGAEA.918817,CC BY 4.0,fixed-wing UAV,2020-02-27 16:26:11+00:00,528.0,65.02936,24.51447,26.3,382942.814611867,7214028.82520023,-1122.1726226949831,-864.0597401596606,0.6099999999999994,-1120.9886525143634,-863.8135701463913,-0.18571428571428622,0.26962928806358377,-7.954147836114828,0.4485497835497832,3.8012144661759635,-1.0195352581321515,-0.19856060606060588,7.95871646383711,7.971346477231712,178.05853405706284,-26.460931104917414,3.225752567660656,999.0,-1.58,77.58,False
HAOS / PANGAEA,HAOS_Flight_02,HAOS_Flight_02_seg00,train,10.1594/PANGAEA.918817,CC BY 4.0,fixed-wing UAV,2020-02-27 16:26:12+00:00,529.0,65.02928,24.51454,26.91,382945.75511652,7214020.03007773,-1119.2321180420113,-872.8548626592383,1.2199999999999989,-1118.7065538391805,-872.2992649286715,0.10761904761904717,3.8598613503762635,-8.754853921652114,0.3003246753246752,2.973325165667177,-0.5574676862129309,-0.2543614718614716,9.567967225779771,9.572679444346015,156.20816001318326,-16.24334592432853,1.7978415043758162,998.92,-1.62,77.33,False
HAOS / PANGAEA,HAOS_Flight_02,HAOS_Flight_02_seg00,train,10.1594/PANGAEA.918817,CC BY 4.0,fixed-wing UAV,2020-02-27 16:26:13+00:00,530.0,65.02921,24.51467,25.85,382951.935645482,7214011.23932806,-1113.0515890800161,-881.6456123292446,0.16000000000000014,-1113.2689298136108,-881.3232779896955,0.41493506493506416,6.2162796193979375,-9.06908320854069,-0.06017316017315999,1.6352219479534256,-0.1971050829151011,-0.42971861471861433,10.995017169153346,10.995181824744058,145.57184220840577,-7.069579597514518,-0.31356328461324146,999.06,-1.55,77.81,False
HAOS / PANGAEA,HAOS_Flight_02,HAOS_Flight_02_seg00,train,10.1594/PANGAEA.918817,CC BY 4.0,fixed-wing UAV,2020-02-27 16:26:14+00:00,531.0,65.02913,24.51484,25.39,382959.422213194,7214002.47261758,-1105.5650213679764,-890.4123228099197,-0.3000000000000007,-1106.2739946003846,-890.4374313457529,-0.01272727272727281,7.130305246283115,-9.149064087482316,-0.5591125541125535,0.39289628390957887,-0.10039470392464978,-0.2909632034632033,11.599423545247028,11.612890830030109,142.06900081815422,-1.3188540979275531,-2.7596211186062196,999.12,-1.58,77.49,False
HAOS / PANGAEA,HAOS_Flight_02,HAOS_Flight_02_seg00,train,10.1594/PANGAEA.918817,CC BY 4.0,fixed-wing UAV,2020-02-27 16:26:15+00:00,532.0,65.02905,24.515,24.55,382966.687615246,7213993.49419973,-1098.299619316007,-899.3907406590879,-1.1400000000000006,-1099.0083193210446,-899.6214061646601,-0.7032900432900426,7.002072187217095,-9.26987261638999,-0.6420995670995666,-0.4353083852686268,-0.14135992103274475,0.09867965367965331,11.617209356773088,11.634940700027895,142.93413401255066,2.1797780656424166,-3.163599743425233,999.23,-1.59,78.01,False
HAOS / PANGAEA,HAOS_Flight_02,HAOS_Flight_02_seg00,train,10.1594/PANGAEA.918817,CC BY 4.0,fixed-wing UAV,2020-02-27 16:26:16+00:00,533.0,65.02897,24.51514,25.01,382973.006595235,7213984.02850957,-1091.9806393269682,-908.8564308192581,-0.6799999999999997,-1092.2698502259504,-908.9771765785329,-1.296926406926406,6.259688475745861,-9.431783929547805,-0.3617532467532468,-0.874690017439832,-0.1434588321691308,0.208311688311688,11.319993282112044,11.325772084877848,146.42855694943904,4.135690314221503,-1.8303794239600815,999.17,-1.63,77.92,False
HAOS / PANGAEA,HAOS_Flight_02,HAOS_Flight_02_seg00,train,10.1594/PANGAEA.918817,CC BY 4.0,fixed-wing UAV,2020-02-27 16:26:17+00:00,534.0,65.02888,24.51527,23.64,382978.356568982,7213974.27465954,-1086.6306655799854,-918.6102808499709,-2.0500000000000007,-1086.488942369553,-918.4849740237557,-1.4267965367965363,5.252692152337431,-9.55679028072825,-0.2254761904761906,-1.0153949914684972,-0.08953613812181516,0.03795454545454552,10.905182956605964,10.907513686882123,151.20551464099367,4.910670202652658,-1.1844820657609636,999.35,-1.56,77.67,False
HAOS / PANGAEA,HAOS_Flight_02,HAOS_Flight_02_seg00,train,10.1594/PANGAEA.918817,CC BY 4.0,fixed-wing UAV,2020-02-27 16:26:18+00:00,535.0,65.0288,24.51538,24.33,382983.172448979,7213964.61277783,-1081.814785583003,-928.2721625594422,-1.360000000000003,-1081.7644659212756,-928.0907571399894,-1.7478787878787871,4.228898492808867,-9.610856205791436,-0.2858441558441558,-0.9902815597169479,-0.015000358694635452,0.00555194805194803,10.5001018790715,10.503991924611858,156.24989735474435,4.974435224165291,-1.5593772264846464,999.26,-1.59,77.82,False
HAOS / PANGAEA,HAOS_Flight_02,HAOS_Flight_02_seg00,train,10.1594/PANGAEA.918817,CC BY 4.0,fixed-wing UAV,2020-02-27 16:26:19+00:00,536.0,65.02871,24.51547,23.49,382987.231950757,7213955.14564446,-1077.7552838050178,-937.7392959296703,-2.200000000000003,-1078.0311453839352,-937.7066864353386,-1.9984848484848479,3.2721290329035355,-9.586790998117522,-0.21437229437229455,-0.9009121777296514,0.03267753843090304,0.13258658008657992,10.12982675318573,10.13209482437624,161.15438508932425,4.742085311720234,-1.212340043841407,999.37,-1.6,77.7,False
HAOS / PANGAEA,HAOS_Flight_02,HAOS_Flight_02_seg00,train,10.1594/PANGAEA.918817,CC BY 4.0,fixed-wing UAV,2020-02-27 16:26:20+00:00,537.0,65.02863,24.51554,24.18,382990.035238606,7213945.69502042,-1074.951995956013,-947.1899199699983,-1.5100000000000016,-1075.2202078554685,-947.2643391362244,-2.1766233766233762,2.427074137349564,-9.54550112892963,-0.02067099567099595,-1.0149362092018919,0.160999872474747,0.1697727272727274,9.849227414908642,9.849249106436998,165.73406797818484,5.604369574919755,-0.12024893135948644,999.28,-1.61,77.93,False
HAOS / PANGAEA,HAOS_Flight_02,HAOS_Flight_02_seg00,train,10.1594/PANGAEA.918817,CC BY 4.0,fixed-wing UAV,2020-02-27 16:26:21+00:00,538.0,65.02855,24.51558,22.81,382991.819966916,7213936.08176991,-1073.1672676460003,-956.8031704798341,-2.8800000000000026,-1073.176997109236,-956.7976886931979,-2.0398268398268398,1.2422566144997518,-9.264791253168028,0.12517316017316027,-0.8029030362536105,-0.21010222733710293,0.12340367965367977,9.347703378961443,9.348541425328065,172.36312423916377,4.777432659898642,0.767190064719822,999.46,-1.58,77.32,False
HAOS / PANGAEA,HAOS_Flight_02,HAOS_Flight_02_seg00,train,10.1594/PANGAEA.918817,CC BY 4.0,fixed-wing UAV,2020-02-27 16:26:22+00:00,539.0,65.02846,24.51562,23.72,382993.065056793,7213926.4166787,-1071.922177769011,-966.468261689879,-1.9700000000000024,-1072.735694626469,-965.7939216425605,-1.9262770562770557,0.8212680648423429,-9.965705583603835,0.22613636363636358,0.3132667027879279,-0.9446137388905811,0.09017316017316002,9.999488437585322,10.002045124291394,175.2889332979821,-0.9371769597428801,1.2955113840058181,999.34,-1.68,77.61,False
HAOS / PANGAEA,HAOS_Flight_02,HAOS_Flight_02_seg00,train,10.1594/PANGAEA.918817,CC BY 4.0,fixed-wing UAV,2020-02-27 16:26:23+00:00,540.0,65.02837,24.51565,24.33,382994.023415827,7213916.70441215,-1070.9638187349774,-976.180528239347,-1.360000000000003,-1071.5344609795513,-976.7290998604055,-1.5875541125541126,1.8687900200756076,-11.15401873094919,0.3055194805194803,1.036426489117673,-0.5614911173076393,0.040102813852813834,11.309487609502899,11.313613575797808,170.488770319678,-4.958338081089885,1.5474370723069064,999.26,-1.64,77.68,False
HAOS / PANGAEA,HAOS_Flight_02,HAOS_Flight_02_seg00,train,10.1594/PANGAEA.918817,CC BY 4.0,fixed-wing UAV,2020-02-27 16:26:24+00:00,541.0,65.02828,24.51568,24.55,382995.149689304,7213906.81832374,-1069.837545257993,-986.0666166497394,-1.1400000000000006,-1068.9981145863178,-988.1019591044588,-1.315238095238095,2.894121043077689,-11.088687818219114,0.30634199134199125,1.140358258027959,0.4958983533118726,0.0003354978354977445,11.460145467746301,11.464239161739668,165.37225713580233,-6.350137513340884,1.531213055907663,999.23,-1.64,77.39,False
HAOS / PANGAEA,HAOS_Flight_02,HAOS_Flight_02_seg00,train,10.1594/PANGAEA.918817,CC BY 4.0,fixed-wing UAV,2020-02-27 16:26:25+00:00,542.0,65.02819,24.51571,24.86,382996.029068196,7213896.6248007,-1068.9581663659774,-996.2601396897808,-0.8300000000000018,-1065.746218893396,-998.9064754968438,-0.9748701298701301,4.1495065361315255,-10.162222024325445,0.3061904761904758,1.747726890515537,1.3545787918755536,-0.015075757575757631,10.976755484435435,10.981025160375198,157.78849529299623,-11.34928447138567,1.597819499789427,999.19,-1.67,77.48,False
HAOS / PANGAEA,HAOS_Flight_02,HAOS_Flight_02_seg00,train,10.1594/PANGAEA.918817,CC BY 4.0,fixed-wing UAV,2020-02-27 16:26:26+00:00,543.0,65.02804,24.51596,24.86,383007.500967575,7213879.37861257,-1057.4862669869908,-1013.5063278190792,-0.8300000000000018,-1060.6991015140547,-1008.4264031531097,-0.7028571428571435,6.389574824108763,-8.379530234468007,0.276190476190476,2.534777377766318,2.349726274189237,0.014448051948051904,10.537703420729205,10.541322239756562,142.673688193031,-18.569782921491313,1.5013638103033315,999.19,-1.67,77.48,False
HAOS / PANGAEA,HAOS_Flight_02,HAOS_Flight_02_seg00,train,10.1594/PANGAEA.918817,CC BY 4.0,fixed-wing UAV,2020-02-27 16:26:27+00:00,544.0,65.02802,24.51609,25.085,383013.482638833,7213876.98951754,-1051.5045957289985,-1015.8954228498042,-0.6050000000000004,-1052.9670692451784,-1015.6655359657798,-0.42248917748917814,9.219061291664161,-5.4627694759469705,0.3350865800865796,2.796197329800634,3.4724066863935548,0.06380952380952354,10.71601331871132,10.721251067993537,120.64892945001361,-22.922810147865786,1.7910385452340145,999.1600000000001,-1.6749999999999998,77.44,True
HAOS / PANGAEA,HAOS_Flight_02,HAOS_Flight_02_seg00,train,10.1594/PANGAEA.918817,CC BY 4.0,fixed-wing UAV,2020-02-27 16:26:28+00:00,545.0,65.028,24.51622,25.31,383019.464310091,7213874.60042251,-1045.5229244710063,-1018.2845178795978,-0.38000000000000256,-1042.2609789307264,-1019.3519421050037,-0.03268398268398433,11.981969483710031,-1.4347168616808972,0.40380952380952306,2.33176634025034,4.298062122441024,0.03655844155844157,12.067560034313065,12.074314362036015,96.82806789729943,-21.68384551494899,1.9165391828031642,999.13,-1.68,77.4,False
HAOS / PANGAEA,HAOS_Flight_02,HAOS_Flight_02_seg00,train,10.1594/PANGAEA.918817,CC BY 4.0,fixed-wing UAV,2020-02-27 16:26:29+00:00,546.0,65.02801,24.51654,26.68,383034.481135165,7213874.14561517,-1030.5060993969673,-1018.7393252197653,0.9899999999999984,-1029.0031302777584,-1018.5349696891416,0.385129870129868,13.882593972164841,3.133354768935078,0.40820346320346274,1.8475511069364643,3.888765617259594,-0.022326839826839695,14.231806895260902,14.237659834796133,77.28123842011564,-14.427959572906898,1.6429343947914177,998.95,-1.66,77.92,False
HAOS / PANGAEA,HAOS_Flight_02,HAOS_Flight_02_seg00,train,10.1594/PANGAEA.918817,CC BY 4.0,fixed-wing UAV,2020-02-27 16:26:30+00:00,547.0,65.02805,24.5169,26.3,383051.441620479,7213878.14621231,-1013.5456140830065,-1014.7387280799448,0.6099999999999994,-1014.4957909863967,-1013.0852325671335,0.7837229437229412,15.67707169758296,6.342814372838291,0.3591558441558437,1.694723744071979,2.658602891068597,-0.10472943722943726,16.911589847777194,16.9154031610196,67.97214875148563,-6.6760018742911305,1.2166225267701314,999.0,-1.67,77.46,False
HAOS / PANGAEA,HAOS_Flight_02,HAOS_Flight_02_seg00,train,10.1594/PANGAEA.918817,CC BY 4.0,fixed-wing UAV,2020-02-27 16:26:31+00:00,548.0,65.02813,24.51725,26.83,383068.696525362,7213886.58686075,-996.2907092000241,-1006.2980796396732,1.139999999999997,-997.6489868825925,-1005.849340943465,1.1034415584415553,17.2720414603088,8.450560551072272,0.19874458874458822,0.8682657240207732,1.9278206539893006,-0.12706168831168824,19.228504617727427,19.22953169594934,63.92923467153338,-4.16398010403148,0.5921844097301826,998.93,-1.64,78.48,False
HAOS / PANGAEA,HAOS_Flight_02,HAOS_Flight_02_seg00,train,10.1594/PANGAEA.918817,CC BY 4.0,fixed-wing UAV,2020-02-27 16:26:32+00:00,549.0,65.02823,24.5176,26.91,383085.497562332,7213897.23076775,-979.4896722299745,-995.6541726393625,1.2199999999999989,-979.9517080657791,-996.184111464989,1.1812121212121176,17.413603145624506,10.198455680816892,0.1050324675324672,-0.06770463207399757,1.0288785999051697,-0.05792207792207765,20.18023966128475,20.180512991649294,59.64418854342267,-2.7230940709949016,0.29820571328036866,998.92,-1.63,78.08,False
HAOS / PANGAEA,HAOS_Flight_02,HAOS_Flight_02_seg00,train,10.1594/PANGAEA.918817,CC BY 4.0,fixed-wing UAV,2020-02-27 16:26:33+00:00,550.0,65.02833,24.51794,26.91,383101.968358383,7213908.14074317,-963.018876179005,-984.7441972196102,1.2199999999999989,-962.8217805913434,-985.4524295818312,1.3135064935064897,17.136632196160804,10.508317750882611,0.08290043290043292,-0.10047425300916757,-0.2901211172046487,-0.04417207792207761,20.101962714620917,20.10213365446028,58.48304652954357,0.5799528210664535,0.2362862803638564,998.92,-1.64,77.97,False
HAOS / PANGAEA,HAOS_Flight_02,HAOS_Flight_02_seg00,train,10.1594/PANGAEA.918817,CC BY 4.0,fixed-wing UAV,2020-02-27 16:26:34+00:00,551.0,65.02843,24.51829,27.06,383118.830117962,7213918.22556786,-946.1571166000213,-974.6593725299463,1.3699999999999974,-945.6784436734575,-975.1674759632238,1.3470129870129834,17.21265463960617,9.618213446407594,0.016688311688311974,0.12638171682633015,-1.1576813846388632,0.0011580086580086357,19.717644627161018,19.71765168935588,60.804094185555584,3.1448214007396866,0.04849309421624382,998.9,-1.66,77.76,False
HAOS / PANGAEA,HAOS_Flight_02,HAOS_Flight_02_seg00,train,10.1594/PANGAEA.918817,CC BY 4.0,fixed-wing UAV,2020-02-27 16:26:35+00:00,552.0,65.02851,24.51866,26.83,383136.53297523,7213926.93858131,-928.4542593319784,-965.9463590793312,1.139999999999997,-928.3964713121311,-966.216002689016,1.3468831168831137,17.389395629813464,8.192954981604885,0.08521645021645019,0.18166179888601164,-1.4547978199945533,0.006764069264069028,19.22278834354631,19.22297722893536,64.77268933102295,4.1522144950965005,0.2539959797275027,998.93,-1.64,76.29,False
HAOS / PANGAEA,HAOS_Flight_02,HAOS_Flight_02_seg00,train,10.1594/PANGAEA.918817,CC BY 4.0,fixed-wing UAV,2020-02-27 16:26:36+00:00,553.0,65.02859,24.51903,27.67,383154.433243429,7213934.33732057,-910.5539911329979,-958.5476198196411,1.9800000000000004,-910.8996524138306,-958.781566000014,1.5174458874458838,17.575978237378195,6.708617806418488,0.03021645021645003,0.14521685879472557,-1.4234719676322811,-0.1730844155844153,18.812776612541466,18.812800878849774,69.10852317574859,4.201545376882253,0.092026478396269,998.82,-1.71,77.45,False
HAOS / PANGAEA,HAOS_Flight_02,HAOS_Flight_02_seg00,train,10.1594/PANGAEA.918817,CC BY 4.0,fixed-wing UAV,2020-02-27 16:26:37+00:00,554.0,65.02865,24.5194,26.3,383171.985847266,7213940.15427407,-893.0013872960117,-952.7306663198397,0.6099999999999994,-893.2445148373747,-952.798767076179,1.4073160173160137,17.679829347402915,5.3460110463403225,-0.26095238095238044,0.08710313901971745,-1.2528958662707055,-0.23121212121212079,18.470414176755273,18.472257469134814,73.17578008478745,3.785253181968447,-0.8094282709304881,999.0,-1.69,77.06,False
HAOS / PANGAEA,HAOS_Flight_02,HAOS_Flight_02_seg00,train,10.1594/PANGAEA.918817,CC BY 4.0,fixed-wing UAV,2020-02-27 16:26:38+00:00,555.0,65.02869,24.51976,27.29,383189.347566239,7213944.82469603,-875.6396683229832,-948.0602443600073,1.5999999999999979,-875.5399937190248,-948.0895439073333,0.995541125541123,17.75018451541763,4.202826073877077,-0.43220779220779154,0.11612679399820536,-0.9832204289147626,-0.20179653679653678,18.240964813809406,18.24608453653216,76.67902953968547,3.069758931884765,-1.3573322401394416,998.87,-1.7,77.72,False
HAOS / PANGAEA,HAOS_Flight_02,HAOS_Flight_02_seg00,train,10.1594/PANGAEA.918817,CC BY 4.0,fixed-wing UAV,2020-02-27 16:26:39+00:00,556.0,65.02873,24.52014,26.83,383207.077120508,7213948.62884539,-857.910114053986,-944.2560949996114,1.139999999999997,-857.7441458065394,-944.3931149284249,0.5429004329004307,17.912082935399326,3.3795701885107974,-0.664545454545454,0.2215208925337322,-0.6256381324492963,-0.1263528138528138,18.228115913162682,18.240225612772765,79.31529794855697,2.0529821567001822,-2.08791705967753,998.93,-1.65,77.57,False
HAOS / PANGAEA,HAOS_Flight_02,HAOS_Flight_02_seg00,train,10.1594/PANGAEA.918817,CC BY 4.0,fixed-wing UAV,2020-02-27 16:26:40+00:00,557.0,65.02877,24.52052,24.93,383225.117327629,7213951.56785852,-839.8699069329887,-941.3170818695799,-0.7600000000000016,-839.7158278482261,-941.3304035303117,-0.333549783549785,18.193226300485094,2.951549808978484,-0.6849134199134191,0.26340484131114295,-0.2826965354469735,0.10979437229437233,18.431091381020916,18.443812943323866,80.78499385308584,1.003540145024144,-2.1281756327469434,999.18,-1.67,77.54,False
HAOS / PANGAEA,HAOS_Flight_02,HAOS_Flight_02_seg00,train,10.1594/PANGAEA.918817,CC BY 4.0,fixed-wing UAV,2020-02-27 16:26:41+00:00,558.0,65.0288,24.52091,24.55,383243.499185733,7213954.15366834,-821.4880488290219,-938.7312720492482,-1.1400000000000006,-821.3576932055693,-938.4900153104679,-0.8269264069264076,18.43889261802161,2.8141771176168504,-0.44495670995670933,0.14177926476997982,-0.0457881970080507,0.22899350649350622,18.65240879426167,18.6577153023082,81.32237823860527,0.20808452571094432,-1.3665423857451464,999.23,-1.66,77.91,False
HAOS / PANGAEA,HAOS_Flight_02,HAOS_Flight_02_seg00,train,10.1594/PANGAEA.918817,CC BY 4.0,fixed-wing UAV,2020-02-27 16:26:42+00:00,559.0,65.02883,24.5213,24.63,383262.194480034,7213956.86026113,-802.7927545279963,-936.0246792593971,-1.0600000000000023,-802.8380426121829,-935.702049295078,-1.2234632034632036,18.476784830025053,2.8599734149623828,-0.2269264069264067,-0.059265548828136616,0.1270484093967923,0.28348484848484795,18.696818595401076,18.698195666520768,81.20116290450773,-0.41498703313718055,-0.6953742919208044,999.22,-1.66,78.32,False
HAOS / PANGAEA,HAOS_Flight_02,HAOS_Flight_02_seg00,train,10.1594/PANGAEA.918817,CC BY 4.0,fixed-wing UAV,2020-02-27 16:26:43+00:00,560.0,65.02886,24.52169,23.57,383280.714895807,7213960.08351583,-784.2723387550213,-932.8014245592058,-2.120000000000001,-784.4041235455192,-932.7700684805432,-1.280779220779221,18.32036152036534,3.068273936410435,0.12201298701298657,-0.20670423673558957,0.21074860441007104,0.1983658008658006,18.57552021305833,18.57592092884599,80.49240417233091,-0.7487372537706605,0.3763409360464005,999.36,-1.66,77.43,False
HAOS / PANGAEA,HAOS_Flight_02,HAOS_Flight_02_seg00,train,10.1594/PANGAEA.918817,CC BY 4.0,fixed-wing UAV,2020-02-27 16:26:44+00:00,561.0,65.0289,24.52208,25.24,383299.057143424,7213963.41047788,-765.9300911379978,-929.4744625091553,-0.45000000000000284,-766.1973195714522,-929.5655014222572,-0.9794372294372304,18.063376356553874,3.281470623782525,0.16980519480519451,-0.682238414644047,0.055451394679664645,-0.10692640692640654,18.359019986188184,18.359805245629378,79.70368839696641,-0.5559454162306544,0.5299217274173357,999.14,-1.68,77.79,False
HAOS / PANGAEA,HAOS_Flight_02,HAOS_Flight_02_seg00,train,10.1594/PANGAEA.918817,CC BY 4.0,fixed-wing UAV,2020-02-27 16:26:45+00:00,562.0,65.02893,24.52245,25.24,383316.796061795,7213966.51390318,-748.1911727670231,-926.3710372094065,-0.45000000000000284,-748.2773708324114,-926.2071272329781,-0.941168831168832,16.955884691077244,3.1791767257697643,-0.0918398268398265,-0.34836025745428856,-0.09423658471490626,-0.18811688311688257,17.25135328925774,17.251597748167494,79.3805133398696,0.09891544209978255,-0.3050186655644847,999.14,-1.68,77.79,False
HAOS / PANGAEA,HAOS_Flight_02,HAOS_Flight_02_seg00,train,10.1594/PANGAEA.918817,CC BY 4.0,fixed-wing UAV,2020-02-27 16:26:46+00:00,563.0,65.02897,24.52282,24.4,383334.347686526,7213969.95954724,-730.6395480359788,-922.9253931492567,-1.2900000000000027,-732.2855501892977,-923.2071479707176,-1.1631168831168834,17.366655841645297,3.0929974543527123,-0.20642857142857063,1.6477552888602531,0.0970364058948121,-0.18348484848484803,17.639936745203627,17.64114455271786,79.90151928116597,0.581311641579329,-0.6704641986365624,999.25,-1.66,77.77,False
HAOS / PANGAEA,HAOS_Flight_02,HAOS_Flight_02_seg00,train,10.1594/PANGAEA.918817,CC BY 4.0,fixed-wing UAV,2020-02-27 16:26:47+00:00,564.0,65.02901,24.52319,24.48,383351.92729503,7213973.29643554,-713.0599395320169,-919.5885048499331,-1.2100000000000009,-713.5440591491208,-920.0211323242727,-1.3540259740259732,20.25139526879775,3.3732495375593885,-0.45880952380952256,2.4198890108510795,0.25615266532622627,-0.1960606060606061,20.530412143347938,20.535538194916317,80.54313662302826,0.438373045574762,-1.2802214675512902,999.24,-1.7,78.25,False
HAOS / PANGAEA,HAOS_Flight_02,HAOS_Flight_02_seg00,train,10.1594/PANGAEA.918817,CC BY 4.0,fixed-wing UAV,2020-02-27 16:26:48+00:00,565.0,65.02904,24.52356,23.42,383369.673531239,7213976.09701771,-695.313703323016,-916.7879226794466,-2.2699999999999996,-691.7827596517022,-916.4606488955989,-2.0807359307359286,22.206433863347456,3.605302785005165,-0.5985497835497828,0.7693707657554114,0.05496573415524608,0.09391774891774834,22.49719789437766,22.505158851742816,80.7782653723155,0.18744781628729304,-1.5240248237933336,999.38,-1.66,77.33,False
HAOS / PANGAEA,HAOS_Flight_02,HAOS_Flight_02_seg00,train,10.1594/PANGAEA.918817,CC BY 4.0,fixed-wing UAV,2020-02-27 16:26:49+00:00,566.0,65.02907,24.52394,23.04,383387.645935321,7213978.55808462,-677.3412992410013,-914.3268557693809,-2.650000000000002,-669.1311914224259,-912.8105267542624,-2.551125541125539,21.790136800308574,3.4831810058698807,-0.27097402597402587,-1.141643065960352,-0.20023559131337265,0.3623376623376616,22.06677619625972,22.06843987731274,80.91803225560284,0.041718193314294834,-0.7035412693579497,999.43,-1.65,77.31,False
HAOS / PANGAEA,HAOS_Flight_02,HAOS_Flight_02_seg00,train,10.1594/PANGAEA.918817,CC BY 4.0,fixed-wing UAV,2020-02-27 16:26:50+00:00,567.0,65.02913,24.52472,23.42,383424.521407163,7213984.26241809,-640.4658273989917,-908.622522299178,-2.2699999999999996,-648.2024860510851,-909.4942868838591,-2.6226839826839803,19.923147731426752,3.2048316023784196,0.12612554112554042,-1.998210263504916,-0.2282643222261811,0.3777922077922071,20.17926562409689,20.179659778598413,80.8617017589441,-0.28573109243890715,0.35810852733265003,999.38,-1.7,77.67,False
HAOS / PANGAEA,HAOS_Flight_02,HAOS_Flight_02_seg00,train,10.1594/PANGAEA.918817,CC BY 4.0,fixed-wing UAV,2020-02-27 16:26:51+00:00,568.0,65.02917,24.52511,22.58,383443.133687119,7213987.78470364,-621.8535474429955,-905.1002367492765,-3.110000000000003,-629.2848959595724,-906.4008635495055,-2.298874458874458,17.79371627329874,3.0266523614175185,0.4846103896103884,-2.191090794414066,-0.17656018469557466,0.1818290043290044,18.049292599199855,18.05579714554993,80.34657007072502,-0.6297990730471054,1.5379805450304425,999.49,-1.66,76.86,False
HAOS / PANGAEA,HAOS_Flight_02,HAOS_Flight_02_seg00,train,10.1594/PANGAEA.918817,CC BY 4.0,fixed-wing UAV,2020-02-27 16:26:52+00:00,569.0,65.029185,24.5253,23.74,383452.008104978,7213989.479709825,-612.9791295839823,-903.4052305649966,-1.9500000000000028,-612.6150535044876,-903.4409821610241,-1.6534632034632035,15.54096614259862,2.8517112329872703,0.4897835497835492,-2.2309499675059783,-0.22922606154816094,-0.12185064935064893,15.80043941166645,15.808028767919833,79.60210361284987,-0.6251437368663654,1.7754915838074459,999.34,-1.68,77.215,True
HAOS / PANGAEA,HAOS_Flight_02,HAOS_Flight_02_seg00,train,10.1594/PANGAEA.918817,CC BY 4.0,fixed-wing UAV,2020-02-27 16:26:53+00:00,570.0,65.0292,24.52549,24.9,383460.882522837,7213991.17471601,-604.1047117249691,-901.7102243797854,-0.7900000000000027,-598.2029636743752,-900.697441083531,-1.3193073593073597,13.331816338286785,2.5682002383211966,0.24090909090909052,-0.833879349396625,-0.11787811978379636,-0.20719696969696944,13.576928199777868,13.579065377705719,79.0962825969923,-0.1402551015196423,1.0165499584675137,999.19,-1.7,77.57,False
HAOS / PANGAEA,HAOS_Flight_02,HAOS_Flight_02_seg00,train,10.1594/PANGAEA.918817,CC BY 4.0,fixed-wing UAV,2020-02-27 16:26:54+00:00,571.0,65.02924,24.52584,25.47,383477.866932091,7213994.36620367,-587.120302470983,-898.5187367191538,-0.22000000000000242,-585.951420827914,-898.3045816843817,-1.1716450216450225,13.87320744380537,2.6159549934196775,0.07538961038961034,1.6990727849657787,0.24300788389820127,-0.10711038961038921,14.117687675623586,14.117888967540747,79.32159340981059,0.2788763568894403,0.3059612548014036,999.11,-1.72,77.7,False
HAOS / PANGAEA,HAOS_Flight_02,HAOS_Flight_02_seg00,train,10.1594/PANGAEA.918817,CC BY 4.0,fixed-wing UAV,2020-02-27 16:26:55+00:00,572.0,65.02927,24.52621,24.55,383495.14019703,7213997.63761189,-569.8470375320176,-895.2473284993321,-1.1400000000000006,-570.4565487867644,-895.4655310966916,-1.168528138528139,16.729961908218343,3.054216006117599,0.026688311688312094,2.1922412650670537,0.34689605265583623,-0.07672077922077891,17.00646526655265,17.006486207575108,79.65403531077118,0.2017164203846542,0.08991441447923236,999.23,-1.69,77.43,False
HAOS / PANGAEA,HAOS_Flight_02,HAOS_Flight_02_seg00,train,10.1594/PANGAEA.918817,CC BY 4.0,fixed-wing UAV,2020-02-27 16:26:56+00:00,573.0,65.02931,24.52659,23.49,383513.161268326,7214000.79884847,-551.8259662360069,-892.0860919198021,-2.200000000000003,-552.4914970114773,-892.1961496721465,-1.1182683982683983,18.257689973939478,3.30974709873135,-0.07805194805194748,0.7217853360911874,0.09657494626731022,-0.06559523809523804,18.555259875357464,18.555424035808112,79.7250262505799,0.10745041762694903,-0.2410109510666,999.37,-1.64,77.28,False
HAOS / PANGAEA,HAOS_Flight_02,HAOS_Flight_02_seg00,train,10.1594/PANGAEA.918817,CC BY 4.0,fixed-wing UAV,2020-02-27 16:26:57+00:00,574.0,65.02934,24.52697,24.18,383531.325170047,7214004.01349972,-533.662064514996,-888.8714406695217,-1.5100000000000016,-533.9411688388855,-888.8460368992289,-1.324632034632034,18.173532580400718,3.2473658986522196,-0.10450216450216399,-0.2544336426109908,-0.08816162601726774,0.13273809523809488,18.46138325615434,18.46167902529457,79.86893614602508,0.13149546962958508,-0.3243239654851095,999.28,-1.66,77.74,False
HAOS / PANGAEA,HAOS_Flight_02,HAOS_Flight_02_seg00,train,10.1594/PANGAEA.918817,CC BY 4.0,fixed-wing UAV,2020-02-27 16:26:58+00:00,575.0,65.02938,24.52734,24.48,383549.103947732,7214007.23508109,-515.8832868299796,-885.6498592998832,-1.2100000000000009,-516.1444318506759,-885.701417874842,-1.3272727272727263,17.748822688717496,3.1334238466968145,0.18742424242424227,-0.2666444764161042,-0.04817176514575294,0.17896103896103857,18.023291925688305,18.024266411846824,79.98801718983907,0.0016555573159556026,0.5957974297972727,999.24,-1.63,77.72,False
HAOS / PANGAEA,HAOS_Flight_02,HAOS_Flight_02_seg00,train,10.1594/PANGAEA.918817,CC BY 4.0,fixed-wing UAV,2020-02-27 16:26:59+00:00,576.0,65.02941,24.52771,25.85,383566.574636387,7214010.40557525,-498.4125981749967,-882.4793651392683,0.16000000000000014,-498.44352346145047,-882.5791892058353,-0.9497835497835494,17.64024362756851,3.1510223683607137,0.25341991341991316,-0.08024009583809288,0.027359538502963687,-0.12231601731601721,17.919462525586,17.921254388529803,79.87224726065699,-0.13107738227810725,0.8102320916593577,999.06,-1.71,77.51,False
HAOS / PANGAEA,HAOS_Flight_02,HAOS_Flight_02_seg00,train,10.1594/PANGAEA.918817,CC BY 4.0,fixed-wing UAV,2020-02-27 16:27:00+00:00,577.0,65.02945,24.52808,23.87,383583.963029377,7214013.46103371,-481.0242051850073,-879.4239066792652,-1.8200000000000003,-480.8639445955389,-879.3993731381206,-0.8204329004329,17.58834249704131,3.188142923702742,-0.05720779220779215,0.01463256991557671,0.024340311964380135,-0.28798701298701274,17.874955862747893,17.87504740767628,79.72586242528286,-0.06824365614286597,-0.18337129796550744,999.32,-1.64,77.44,False
HAOS / PANGAEA,HAOS_Flight_02,HAOS_Flight_02_seg00,train,10.1594/PANGAEA.918817,CC BY 4.0,fixed-wing UAV,2020-02-27 16:27:01+00:00,578.0,65.02948,24.52845,24.86,383601.563357243,7214016.48755043,-463.4238773189718,-876.397389959544,-0.8300000000000018,-463.26683846736785,-876.2029033584298,-1.0641991341991337,17.669508767399662,3.199702992289474,-0.3225541125541123,0.09590356141414702,0.016193548905818034,-0.12666666666666648,17.95688278404912,17.959779521909653,79.73575994837125,0.0037139670461685346,-1.0290762732811158,999.19,-1.72,77.51,False
HAOS / PANGAEA,HAOS_Flight_02,HAOS_Flight_02_seg00,train,10.1594/PANGAEA.918817,CC BY 4.0,fixed-wing UAV,2020-02-27 16:27:02+00:00,579.0,65.02952,24.52882,24.86,383619.406039697,7214019.91921582,-445.58119486499345,-872.9657245697454,-0.8300000000000018,-445.52492706073957,-872.9999671535417,-1.4655411255411246,17.780149619869604,3.220530021514378,-0.3105411255411251,0.04958526730598578,0.05415038000063532,0.1832251082251082,18.069464134954988,18.072132411950644,79.73329035937519,-0.14090468798903716,-0.9845861671425665,999.19,-1.71,77.46,False
HAOS / PANGAEA,HAOS_Flight_02,HAOS_Flight_02_seg00,train,10.1594/PANGAEA.918817,CC BY 4.0,fixed-wing UAV,2020-02-27 16:27:03+00:00,580.0,65.02955,24.5292,23.57,383637.265418357,7214023.33783913,-427.72181620501215,-869.5471012592316,-2.120000000000001,-427.70653922762864,-869.761843315401,-1.685281385281384,17.768679302011634,3.3080037522907446,0.0438961038961041,-0.08853108006020705,0.12255994442980978,0.24887445887445864,18.07398276426384,18.07403606920279,79.45395057239318,-0.43554442036421087,0.13915342169323802,999.36,-1.65,77.53,False
HAOS / PANGAEA,HAOS_Flight_02,HAOS_Flight_02_seg00,train,10.1594/PANGAEA.918817,CC BY 4.0,fixed-wing UAV,2020-02-27 16:27:04+00:00,581.0,65.02959,24.52957,23.87,383655.074358074,7214026.49639267,-409.9128764880006,-866.3885477194563,-1.8200000000000003,-409.9875684567163,-866.3839596489602,-1.3777489177489164,17.60308745974919,3.4656499103739975,0.18720779220779216,-0.19819757052484022,0.1376143700223622,0.08437229437229421,17.94099822799318,17.94197492402433,78.86220151864677,-0.5542101673927107,0.5978389261623454,999.32,-1.66,77.26,False
HAOS / PANGAEA,HAOS_Flight_02,HAOS_Flight_02_seg00,train,10.1594/PANGAEA.918817,CC BY 4.0,fixed-wing UAV,2020-02-27 16:27:05+00:00,582.0,65.02962,24.52995,24.1,383672.723150228,7214029.79517596,-392.26408433401957,-863.0897644292563,-1.5899999999999999,-392.50036430813026,-862.830543494653,-1.3108658008657996,17.372284160961954,3.583232492335469,0.21264069264069252,-0.2025971097857422,0.0649185687115903,0.10320346320346299,17.73797654929497,17.739251058810375,78.34553023760776,-0.33534624239973987,0.6868218950771455,999.29,-1.67,77.68,False
HAOS / PANGAEA,HAOS_Flight_02,HAOS_Flight_02_seg00,train,10.1594/PANGAEA.918817,CC BY 4.0,fixed-wing UAV,2020-02-27 16:27:06+00:00,583.0,65.02966,24.53031,25.39,383689.874352979,7214033.40901881,-375.11288158298703,-859.4759215796366,-0.3000000000000007,-375.2430001347924,-859.2174946642892,-0.9524675324675314,17.197893240177706,3.595487047797178,0.39361471861471814,-0.12891373382876736,-0.03890269967823201,0.11135281385281343,17.569719946869593,17.574128472221247,78.1915090338473,0.03954979342259746,1.2833835908891456,999.12,-1.67,77.84,False
HAOS / PANGAEA,HAOS_Flight_02,HAOS_Flight_02_seg00,train,10.1594/PANGAEA.918817,CC BY 4.0,fixed-wing UAV,2020-02-27 16:27:07+00:00,584.0,65.0297,24.53066,25.39,383706.742396223,7214037.36332987,-358.2448383389856,-855.5216105198488,-0.3000000000000007,-358.10457782777485,-855.6395693990587,-0.5236363636363633,17.11445669330442,3.505427092979005,0.43534632034631937,-0.054744508907575096,-0.15094092207581866,-0.06494588744588761,17.46976379380052,17.475187364655714,78.42462982445295,0.4495622392856877,1.4275147417703498,999.12,-1.68,77.71,False
HAOS / PANGAEA,HAOS_Flight_02,HAOS_Flight_02_seg00,train,10.1594/PANGAEA.918817,CC BY 4.0,fixed-wing UAV,2020-02-27 16:27:08+00:00,585.0,65.02974,24.53102,25.16,383723.754247886,7214041.0369142,-341.23298667598283,-851.8480261899531,-0.5300000000000011,-341.01408674818356,-852.2066404783312,-0.0817748917748926,17.088404222362556,3.2936052036455408,0.2637229437229429,-0.003755481512797587,-0.25165655957209765,-0.2652705627705624,17.40291337978614,17.404911487720508,79.09063351241866,0.8109170221362667,0.868191136605909,999.15,-1.71,77.89,False
HAOS / PANGAEA,HAOS_Flight_02,HAOS_Flight_02_seg00,train,10.1594/PANGAEA.918817,CC BY 4.0,fixed-wing UAV,2020-02-27 16:27:09+00:00,586.0,65.02978,24.53138,25.62,383741.007024969,7214044.0349891,-323.98020959302085,-848.8499512895942,-0.07000000000000028,-323.92776938304974,-849.0523589917676,0.003809523809522458,17.106945730278824,3.0021139738348097,-0.09519480519480542,0.02676093531235324,-0.2647441100446031,-0.2706277056277051,17.3683701172735,17.368630993303277,80.04646386872548,0.8746658911016678,-0.31403096070608383,999.09,-1.69,77.74,False
HAOS / PANGAEA,HAOS_Flight_02,HAOS_Flight_02_seg00,train,10.1594/PANGAEA.918817,CC BY 4.0,fixed-wing UAV,2020-02-27 16:27:10+00:00,587.0,65.02981,24.53175,25.47,383758.352913657,7214046.629833,-306.63432090496644,-846.255107389763,-0.22000000000000242,-306.8001952876259,-846.2024125306616,-0.27216450216450344,17.141926092987262,2.7641169835563346,-0.27753246753246735,0.02671192907006059,-0.1431703584015338,-0.07257575757575732,17.363351429842748,17.365569300968996,80.839965294622,0.48028954731517987,-0.915726734066815,999.11,-1.74,77.91,False
HAOS / PANGAEA,HAOS_Flight_02,HAOS_Flight_02_seg00,train,10.1594/PANGAEA.918817,CC BY 4.0,fixed-wing UAV,2020-02-27 16:27:11+00:00,588.0,65.02984,24.53211,26.15,383775.463665223,7214049.23262481,-289.5235693390132,-843.6523155793548,0.4599999999999973,-289.6439171970752,-843.524125024655,-0.5512554112554122,17.160369588418945,2.715773257031742,-0.24034632034632006,-0.3834880009974029,-0.0035873074759820156,0.02044372294372307,17.373937630679542,17.375599993912342,81.00704296335584,-0.1984249676465011,-0.7925636502447914,999.02,-1.73,78.04,False
HAOS / PANGAEA,HAOS_Flight_02,HAOS_Flight_02_seg00,train,10.1594/PANGAEA.918817,CC BY 4.0,fixed-wing UAV,2020-02-27 16:27:12+00:00,589.0,65.02987,24.53247,24.25,383792.432834296,7214051.97524133,-272.5544002659735,-840.9096990590915,-1.4400000000000013,-272.479456110788,-840.7708660165981,-0.7528571428571436,16.374950090992456,2.7569423686043706,-0.23664502164502121,-0.1448338323335605,0.13769899729999224,0.0453030303030305,16.60541242204781,16.607098559729483,80.443115359329,-0.5305444791172812,-0.8164713319271347,999.27,-1.66,77.9,False
HAOS / PANGAEA,HAOS_Flight_02,HAOS_Flight_02_seg00,train,10.1594/PANGAEA.918817,CC BY 4.0,fixed-wing UAV,2020-02-27 16:27:13+00:00,590.0,65.0299,24.53283,24.25,383809.505504934,7214054.93645629,-255.48172962799435,-837.9484840994701,-1.4400000000000013,-256.8940170150903,-838.0102402874462,-1.0245454545454546,16.870701923751824,2.9911712516317266,-0.14974025974025906,1.5689903618924461,0.34638869177621245,0.13245129870129876,17.133817112852338,17.134471424647412,79.94595400512128,-0.23446208941302724,-0.5007212596894891,999.27,-1.7,77.54,False
HAOS / PANGAEA,HAOS_Flight_02,HAOS_Flight_02_seg00,train,10.1594/PANGAEA.918817,CC BY 4.0,fixed-wing UAV,2020-02-27 16:27:14+00:00,591.0,65.02993,24.53319,24.55,383826.782786309,7214058.19185903,-238.20444825297454,-834.693081359379,-1.1400000000000006,-238.73805226328437,-834.7885235133347,-1.0523376623376617,19.51293081477735,3.4497197521567955,0.028257575757576314,2.1645821652434307,0.3647847995071061,0.20782467532467486,19.8155251091337,19.81554525722913,79.97419118050294,0.04978769748001311,0.08170556792157324,999.23,-1.69,78.05,False
HAOS / PANGAEA,HAOS_Flight_02,HAOS_Flight_02_seg00,train,10.1594/PANGAEA.918817,CC BY 4.0,fixed-wing UAV,2020-02-27 16:27:15+00:00,592.0,65.02997,24.53356,25.16,383844.114150028,7214061.5004665,-220.87308453401783,-831.3844738891348,-0.5300000000000011,-217.8681553855356,-831.1108007831326,-0.968030303030302,21.199866254238685,3.7207408506459387,0.26590909090909065,0.550143752927454,0.06649967044134542,0.16763528138528064,21.523899313908565,21.525541789230342,80.0455294000813,0.0829531575713821,0.7078036088968013,999.15,-1.68,78.11,False
HAOS / PANGAEA,HAOS_Flight_02,HAOS_Flight_02_seg00,train,10.1594/PANGAEA.918817,CC BY 4.0,fixed-wing UAV,2020-02-27 16:27:16+00:00,593.0,65.03,24.53392,25.01,383861.225006321,7214064.62312415,-203.7622282410157,-828.2618162399158,-0.6799999999999997,-196.338319754807,-827.3470418120428,-0.5205194805194804,20.613218320632257,3.5827190930394863,0.3635281385281376,-1.201914555961956,-0.22703798398481467,-0.010508658008658273,20.92225240345023,20.925410350604377,80.1400974956457,0.04760305617693865,0.9954249673769495,999.17,-1.71,77.72,False
HAOS / PANGAEA,HAOS_Flight_02,HAOS_Flight_02_seg00,train,10.1594/PANGAEA.918817,CC BY 4.0,fixed-wing UAV,2020-02-27 16:27:17+00:00,594.0,65.03006,24.53464,25.62,383895.495866694,7214069.79122891,-169.49136786797317,-823.093711479567,-0.07000000000000028,-176.6417187442711,-823.9453625970536,-0.24097402597402678,18.796037142314773,3.2666648826763094,0.2448917748917741,-1.8171027329618283,-0.2857282165784909,-0.06025974025974015,19.077791059527495,19.079362769558024,80.14073551243519,-0.09852419763570211,0.7354360105074095,999.09,-1.71,77.62,False
HAOS / PANGAEA,HAOS_Flight_02,HAOS_Flight_02_seg00,train,10.1594/PANGAEA.918817,CC BY 4.0,fixed-wing UAV,2020-02-27 16:27:18+00:00,595.0,65.0301,24.53501,25.54,383912.98869968,7214073.09928228,-151.9985348819755,-819.7856581099331,-0.15000000000000213,-158.74624547017746,-820.8137120466902,-0.030735930735932164,16.9790128547086,3.0112626598825045,0.24300865800865729,-1.8411244144698458,-0.24415916769089563,0.007878787878787985,17.243972289677416,17.245684490185646,79.94304910037431,-0.27852242516573306,0.8073806116059075,999.1,-1.7,77.86,False
HAOS / PANGAEA,HAOS_Flight_02,HAOS_Flight_02_seg00,train,10.1594/PANGAEA.918817,CC BY 4.0,fixed-wing UAV,2020-02-27 16:27:19+00:00,596.0,65.03012000000001,24.535195,25.845,383921.7555411135,7214074.868966594,-143.23169344849885,-818.0159737952054,0.15499999999999758,-142.6836930348539,-817.9228372772886,0.2450432900432878,15.113788313375082,2.778346547294518,0.2606493506493501,-1.9156348646653818,-0.23042089129327792,-0.05502164502164468,15.367036367444978,15.369246722021561,79.58369066210372,-0.4605187344682189,0.9717342665592889,999.06,-1.685,77.775,True
HAOS / PANGAEA,HAOS_Flight_02,HAOS_Flight_02_seg00,train,10.1594/PANGAEA.918817,CC BY 4.0,fixed-wing UAV,2020-02-27 16:27:20+00:00,597.0,65.03014,24.53538,26.15,383930.522382547,7214076.63865091,-134.4648520150222,-816.2462894795462,0.4599999999999973,-128.5186688434273,-815.2570189521011,0.490562770562768,13.147743125377836,2.5504208772959487,0.13296536796536793,-0.779544497744979,-0.0672533292569426,-0.09195887445887399,13.392826286571001,13.393486317286673,79.02201163143786,-0.31032116443524,0.5688197510282927,999.02,-1.67,77.69,False
HAOS / PANGAEA,HAOS_Flight_02,HAOS_Flight_02_seg00,train,10.1594/PANGAEA.918817,CC BY 4.0,fixed-wing UAV,2020-02-27 16:27:21+00:00,598.0,65.03017,24.53574,26.3,383947.883658095,7214080.09616336,-117.10357646702323,-812.7887770291418,0.6099999999999994,-116.38820678409822,-812.8219955226967,0.5109740259740236,13.554699317885124,2.643839888780633,0.0767316017316021,1.4541526371537543,0.24845911176203117,-0.05571428571428551,13.81013261905124,13.810345784754535,78.96304833323325,0.11571109062361977,0.3183424675198744,999.0,-1.7,77.86,False
HAOS / PANGAEA,HAOS_Flight_02,HAOS_Flight_02_seg00,train,10.1594/PANGAEA.918817,CC BY 4.0,fixed-wing UAV,2020-02-27 16:27:22+00:00,599.0,65.03021,24.5361,26.61,383964.758085219,7214083.12321287,-100.22914934298024,-809.7617275193334,0.9199999999999982,-101.40927020765704,-809.9693391745399,0.6440259740259722,16.056048399685345,3.047339100820011,0.02153679653679691,1.914153238478871,0.31590179236934546,-0.16057359307359306,16.3426731536926,16.342687344559643,79.2534338126851,0.18265432064370776,0.07550581351392922,998.96,-1.73,77.66,False
HAOS / PANGAEA,HAOS_Flight_02,HAOS_Flight_02_seg00,train,10.1594/PANGAEA.918817,CC BY 4.0,fixed-wing UAV,2020-02-27 16:27:23+00:00,600.0,65.03024,24.53645,25.92,383981.439279568,7214086.16280108,-83.54795499402098,-806.7221393091604,0.23000000000000043,-84.27610998472753,-806.7273173210567,0.5540476190476175,17.383005794842866,3.275643473519324,-0.24441558441558403,0.6071739113741934,0.0946769482341665,-0.21772186147186148,17.688943739781365,17.690632255718157,79.32835697452066,0.06586925486004455,-0.7916295355831978,999.05,-1.74,77.71,False
HAOS / PANGAEA,HAOS_Flight_02,HAOS_Flight_02_seg00,train,10.1594/PANGAEA.918817,CC BY 4.0,fixed-wing UAV,2020-02-27 16:27:24+00:00,601.0,65.03027,24.5368,25.77,383998.123341549,7214089.36646156,-66.86389301298186,-803.5184788294137,0.0799999999999983,-66.64325861797131,-803.4180522275012,0.1551948051948041,17.27039622243373,3.236692997288344,-0.41390692640692606,-0.21008510803839364,-0.036263799982265255,-0.04879870129870137,17.57107757761455,17.57595192819656,79.3851723224052,-0.010843449451757501,-1.3494183782780946,999.07,-1.73,78.07,False
HAOS / PANGAEA,HAOS_Flight_02,HAOS_Flight_02_seg00,train,10.1594/PANGAEA.918817,CC BY 4.0,fixed-wing UAV,2020-02-27 16:27:25+00:00,602.0,65.03031,24.53716,26.07,384015.174240642,7214092.73416972,-49.812993920000736,-800.150770669803,0.379999999999999,-49.73531753986006,-800.25393132648,-0.27376623376623466,16.96283557876608,3.2031158735547933,-0.34201298701298677,-0.10419827589973707,0.0006937986517527861,0.09328463203463191,17.262611105266522,17.2659988142869,79.30667007561715,-0.06557451643971127,-1.1350158553357141,999.03,-1.78,77.91,False
HAOS / PANGAEA,HAOS_Flight_02,HAOS_Flight_02_seg00,train,10.1594/PANGAEA.918817,CC BY 4.0,fixed-wing UAV,2020-02-27 16:27:26+00:00,603.0,65.03034,24.53752,24.86,384032.337780329,7214095.91943454,-32.64945423300378,-796.96550584957,-0.8300000000000018,-32.717587460439155,-797.0118204803916,-0.5288311688311694,17.061999670634258,3.2380805945918496,-0.22733766233766223,0.07933265359725183,-0.010947609334380104,0.03290043290043296,17.366548266647456,17.368036190384707,79.25402328952578,0.08382511554276936,-0.7499904083474479,999.19,-1.72,78.06,False
HAOS / PANGAEA,HAOS_Flight_02,HAOS_Flight_02_seg00,train,10.1594/PANGAEA.918817,CC BY 4.0,fixed-wing UAV,2020-02-27 16:27:27+00:00,604.0,65.03038,24.53788,24.25,384049.460891917,7214099.0278401,-15.526342644996475,-793.857100289315,-1.4400000000000013,-15.611318198591547,-793.7777701372963,-0.7284415584415591,17.121500885960582,3.181220654886033,-0.27621212121212085,0.03574079265152719,-0.07199177234045351,-0.049036796536796295,17.414532937837368,17.416723302014276,79.47432030670268,0.25469343714792025,-0.9086928685170707,999.27,-1.73,77.91,False
HAOS / PANGAEA,HAOS_Flight_02,HAOS_Flight_02_seg00,train,10.1594/PANGAEA.918817,CC BY 4.0,fixed-wing UAV,2020-02-27 16:27:28+00:00,605.0,65.03041,24.53824,24.93,384066.549582034,7214102.24733896,1.562347472005058,-790.6376014295965,-0.7600000000000016,1.5254143114820065,-790.6493791706196,-1.0812554112554111,17.133481255937312,3.0940970499109426,-0.3254112554112548,0.012596154882627886,-0.0416964509522586,0.07291125541125534,17.410617924181288,17.413658690435252,79.76341016382162,0.14236910777662692,-1.0707558469649394,999.18,-1.74,78.15,False
HAOS / PANGAEA,HAOS_Flight_02,HAOS_Flight_02_seg00,train,10.1594/PANGAEA.918817,CC BY 4.0,fixed-wing UAV,2020-02-27 16:27:29+00:00,606.0,65.03045,24.5386,25.09,384083.564055078,7214105.45688621,18.57682051602751,-787.4280541799963,-0.6000000000000014,18.655644313283076,-787.5895760374744,-1.3792640692640687,17.146693195725838,3.097827752981516,-0.13038961038961017,0.03540914911995685,0.09272049286889228,0.19188311688311654,17.424282606049903,17.424770465805018,79.75905852225594,-0.2779170068009768,-0.4287484937328761,999.16,-1.75,77.81,False
HAOS / PANGAEA,HAOS_Flight_02,HAOS_Flight_02_seg00,train,10.1594/PANGAEA.918817,CC BY 4.0,fixed-wing UAV,2020-02-27 16:27:30+00:00,607.0,65.03048,24.53896,24.02,384100.776601539,7214108.46337339,35.78936697699828,-784.4215669995174,-1.6700000000000017,35.818800702933686,-784.4537236646565,-1.3420346320346315,17.204299554177226,3.279538035648727,0.05835497835497827,0.07829359294940019,0.22002383298143968,0.11585497835497816,17.514088411251368,17.5141856271032,79.20757615021967,-0.657319073309763,0.19090240509912104,999.3,-1.72,77.58,False
HAOS / PANGAEA,HAOS_Flight_02,HAOS_Flight_02_seg00,train,10.1594/PANGAEA.918817,CC BY 4.0,fixed-wing UAV,2020-02-27 16:27:31+00:00,608.0,65.03051,24.53932,23.87,384117.973398864,7214111.4067645,52.98616430198308,-781.4781758897007,-1.8200000000000003,53.06424342163753,-781.030499966177,-1.2625541125541122,17.30328038162464,3.5378754189443953,0.10132034632034614,0.0812155207715115,0.11413125623346332,0.10571428571428565,17.661259140986722,17.661549769419032,78.44442037563641,-0.3133829154844487,0.3286948281137801,999.32,-1.71,77.71,False
HAOS / PANGAEA,HAOS_Flight_02,HAOS_Flight_02_seg00,train,10.1594/PANGAEA.918817,CC BY 4.0,fixed-wing UAV,2020-02-27 16:27:32+00:00,609.0,65.03055,24.53969,24.52,384135.25182197,7214114.78859397,70.2645874079899,-778.0963464193046,-1.1700000000000017,70.42536146618296,-777.3779728267677,-1.1393939393939392,17.36673059572025,3.507800548115654,0.26978354978354957,-0.033240304836688495,-0.3294128934103071,0.19672077922077913,17.7174489210407,17.719502798707982,78.58081031925076,1.0365229635352178,0.8723752700946138,999.24,-1.75,77.75,False
HAOS / PANGAEA,HAOS_Flight_02,HAOS_Flight_02_seg00,train,10.1594/PANGAEA.918817,CC BY 4.0,fixed-wing UAV,2020-02-27 16:27:33+00:00,610.0,65.03059,24.54005,25.16,384152.472421977,7214118.40714297,87.48518741503358,-774.4777974197641,-0.5300000000000011,87.79770461307803,-774.0148988699457,-0.7229870129870131,17.23679977195126,2.879049632123781,0.4947619047619044,-0.33133211161803544,-1.0235063799292163,0.021006493506493445,17.4755884925965,17.48259084074711,80.51746630270685,3.2106648115218053,1.6217021039366937,999.15,-1.79,77.79,False
HAOS / PANGAEA,HAOS_Flight_02,HAOS_Flight_02_seg00,train,10.1594/PANGAEA.918817,CC BY 4.0,fixed-wing UAV,2020-02-27 16:27:34+00:00,611.0,65.03062,24.54041,25.47,384169.565505773,7214121.74038699,104.57827121100854,-771.1445533996448,-0.22000000000000242,104.89896101008549,-771.6198735625202,-0.14987012987013043,16.704066372484178,1.460787788257221,0.31179653679653646,-0.8258753847816429,-1.8234569108893766,-0.2885173160173158,16.767818413218762,16.770717081241234,85.00213994229438,6.151587407152793,1.0652886729066409,999.11,-1.78,77.92,False
HAOS / PANGAEA,HAOS_Flight_02,HAOS_Flight_02_seg00,train,10.1594/PANGAEA.918817,CC BY 4.0,fixed-wing UAV,2020-02-27 16:27:35+00:00,612.0,65.03064,24.54076,25.85,384186.115671068,7214122.72239354,121.12843650602736,-770.1625468498096,0.16000000000000014,121.20583735804638,-771.0933232934312,-0.0993939393939401,15.585049002387976,-0.767864189654972,-0.08227272727272719,-1.483099102311975,-2.4820660720528736,-0.2576298701298699,15.603953595822723,15.60417048811765,92.82064111701243,9.65207400285854,-0.30209243649800005,999.06,-1.8,77.87,False
HAOS / PANGAEA,HAOS_Flight_02,HAOS_Flight_02_seg00,train,10.1594/PANGAEA.918817,CC BY 4.0,fixed-wing UAV,2020-02-27 16:27:36+00:00,613.0,65.03062,24.54108,25.85,384201.187584173,7214120.26814256,136.20034961099736,-772.6167978299782,0.16000000000000014,136.06905901486144,-773.1556019418301,-0.3144155844155848,13.737868167860228,-3.503344355848526,-0.20346320346320332,-2.2541092138880927,-2.749475281147369,-0.1115367965367965,14.17753305315008,14.17899293843983,104.30628794801146,13.339376835594859,-0.8222010550694873,999.06,-1.8,77.87,False
HAOS / PANGAEA,HAOS_Flight_02,HAOS_Flight_02_seg00,train,10.1594/PANGAEA.918817,CC BY 4.0,fixed-wing UAV,2020-02-27 16:27:37+00:00,614.0,65.03058,24.54136,25.09,384214.038800762,7214115.15669488,149.0515661999816,-777.7282455097884,-0.6000000000000014,148.68157369376684,-778.1000120051283,-0.5063203463203467,11.07683057461179,-6.26681475194971,-0.3053463203463202,-2.9586387677520136,-2.492253995699059,-0.029058441558441575,12.7267098149486,12.730372307566583,119.49939478820215,16.518334134060787,-1.3744086170951966,999.16,-1.74,77.52,False
HAOS / PANGAEA,HAOS_Flight_02,HAOS_Flight_02_seg00,train,10.1594/PANGAEA.918817,CC BY 4.0,fixed-wing UAV,2020-02-27 16:27:38+00:00,615.0,65.03051,24.54157,23.95,384223.68617571,7214107.27703246,158.69894114800263,-785.6079079294577,-1.740000000000002,158.22272016408502,-785.6892314457295,-0.9251082251082252,7.8205906323562004,-8.487852347246644,-0.26158008658008647,-3.295554129100772,-1.7854731853837507,0.14795454545454534,11.541458976557422,11.544422872073474,137.34295621613302,17.994525114584413,-1.298351410003745,999.31,-1.75,77.67,False
HAOS / PANGAEA,HAOS_Flight_02,HAOS_Flight_02_seg00,train,10.1594/PANGAEA.918817,CC BY 4.0,fixed-wing UAV,2020-02-27 16:27:39+00:00,616.0,65.03043,24.54171,24.86,384230.120005465,7214097.78974557,165.13277090300107,-795.0951948193833,-0.8300000000000018,164.32275495847924,-795.0757166996216,-1.0294805194805197,4.485722316410246,-9.837761122717211,-0.009437229437229522,-3.0483067844210225,-0.7532335807361505,0.20270562770562772,10.812180566730612,10.812184685293095,155.48844501737096,16.43503989800259,-0.05000964203296551,999.19,-1.81,77.78,False
HAOS / PANGAEA,HAOS_Flight_02,HAOS_Flight_02_seg00,train,10.1594/PANGAEA.918817,CC BY 4.0,fixed-wing UAV,2020-02-27 16:27:40+00:00,617.0,65.03034,24.54178,25.09,384232.725068068,7214087.22330138,167.73783350602025,-805.6616390096024,-0.6000000000000014,167.1941647969055,-805.364753691164,-0.9439826839826843,1.7239770635141554,-9.994319508718945,0.14383116883116898,-2.530231160257877,-0.37178155907946575,0.08213744588744601,10.141918918916824,10.142938763642928,170.21303601213822,13.810301699578154,0.8125056593777311,999.16,-1.78,77.47,False
HAOS / PANGAEA,HAOS_Flight_02,HAOS_Flight_02_seg00,train,10.1594/PANGAEA.918817,CC BY 4.0,fixed-wing UAV,2020-02-27 16:27:41+00:00,618.0,65.03024,24.54178,24.25,384232.253148981,7214076.44195487,167.26591441902565,-816.4429855197668,-1.4400000000000013,167.77070908550755,-815.0643557170595,-0.7418181818181817,-0.5747400041055073,-10.581324240876143,0.1548376623376625,-2.0371945693122555,-0.8529243729303744,-0.09264069264069275,10.596921664468049,10.5980528147651,183.1090484165273,10.572878284862485,0.8371217199760488,999.27,-1.79,77.43,False
HAOS / PANGAEA,HAOS_Flight_02,HAOS_Flight_02_seg00,train,10.1594/PANGAEA.918817,CC BY 4.0,fixed-wing UAV,2020-02-27 16:27:42+00:00,619.0,65.03015,24.54175,25.85,384230.449602775,7214066.198238,165.46236821298953,-826.6867023892701,0.16000000000000014,166.0446847886945,-826.5274021729163,-0.6343073593073593,-2.3504120751103557,-11.700168254579694,-0.041450216450216515,-1.2348730004237183,-0.45067696214363195,-0.11880411255411269,11.933916964194909,11.933988948743952,191.35879258186318,5.870263801936216,-0.19900531564139398,999.06,-1.85,78.85,False
HAOS / PANGAEA,HAOS_Flight_02,HAOS_Flight_02_seg00,train,10.1594/PANGAEA.918817,CC BY 4.0,fixed-wing UAV,2020-02-27 16:27:43+00:00,620.0,65.03006,24.54171,24.93,384228.217022478,7214056.39946416,163.22978791600326,-836.4854762293398,-0.7600000000000016,163.06988493528684,-838.4646922262189,-0.8247186147186147,-3.044486004952944,-11.482678165163406,-0.08277056277056288,-0.3801148132840737,0.5281380503731157,-0.03867965367965365,11.879427295921078,11.879715646644751,194.84957602039972,2.466016028487156,-0.39920503370220717,999.18,-1.81,77.57,False
HAOS / PANGAEA,HAOS_Flight_02,HAOS_Flight_02_seg00,train,10.1594/PANGAEA.918817,CC BY 4.0,fixed-wing UAV,2020-02-27 16:27:44+00:00,621.0,65.02997,24.54166,24.55,384225.855415373,7214046.62925041,160.86818081099773,-846.2556899795309,-1.1400000000000006,159.9557127787886,-849.4927585032431,-0.799848484848485,-3.110641701678503,-10.643892153833463,-0.11880952380952381,-0.05390607354821242,0.778720287993167,-0.14643939393939367,11.089117727694068,11.08975417588716,196.29082463883748,1.3852479493325465,-0.6138471962577499,999.23,-1.78,78.8,False
HAOS / PANGAEA,HAOS_Flight_02,HAOS_Flight_02_seg00,train,10.1594/PANGAEA.918817,CC BY 4.0,fixed-wing UAV,2020-02-27 16:27:45+00:00,622.0,65.02979,24.54156,24.4,384220.056884846,7214027.05047389,155.06965028401464,-865.8344664992765,-1.2900000000000027,156.84860153192983,-859.7524765338858,-1.0623376623376624,-3.1522981520493687,-9.925237589177073,-0.37564935064935023,-0.08159400742064804,0.6940921576284609,-0.025541125541125254,10.413804532495671,10.420577588390707,197.6200719190648,1.594167387314989,-2.065891887691359,999.25,-1.77,78.25,False
HAOS / PANGAEA,HAOS_Flight_02,HAOS_Flight_02_seg00,train,10.1594/PANGAEA.918817,CC BY 4.0,fixed-wing UAV,2020-02-27 16:27:46+00:00,623.0,65.029745,24.541525,24.555,384218.24990862596,7214022.177916771,153.262674063968,-870.7070236187428,-1.1350000000000016,153.65111647468987,-869.3432336815972,-1.5511471861471855,-3.273829716519799,-9.25570783857654,-0.16989177489177432,-0.06167798302431038,0.6605092020114967,0.2589826839826838,9.817641702866087,9.819111559659113,199.47915941346747,1.6109597084447924,-0.9913898375309422,999.23,-1.775,78.38,True
HAOS / PANGAEA,HAOS_Flight_02,HAOS_Flight_02_seg00,train,10.1594/PANGAEA.918817,CC BY 4.0,fixed-wing UAV,2020-02-27 16:27:47+00:00,624.0,65.0297,24.54149,24.71,384216.442932406,7214017.30535965,151.45569784397958,-875.5795807391405,-0.9800000000000004,150.30094209889023,-878.2638922110389,-1.402121212121211,-3.2756541180979895,-8.60421918515408,0.1423160173160174,0.22145419508638753,0.6139100175945487,0.12874458874458833,9.206655075953798,9.207754967220323,200.8419913359544,-0.02734019180314827,0.8856047832060767,999.21,-1.78,78.51,False
HAOS / PANGAEA,HAOS_Flight_02,HAOS_Flight_02_seg00,train,10.1594/PANGAEA.918817,CC BY 4.0,fixed-wing UAV,2020-02-27 16:27:48+00:00,625.0,65.02962,24.54141,23.19,384212.582824829,7214007.67959636,147.59559026698116,-885.2053440297022,-2.5,147.0998082384939,-886.5516720519054,-1.2665151515151507,-2.830921326347024,-8.027887803387443,0.08759740259740234,0.41061646936173446,-0.1743705619320508,-0.05525974025974045,8.512408480550217,8.512859181537369,199.42447902986117,-2.7556115008811863,0.5895845254647151,999.41,-1.78,78.1,False
HAOS / PANGAEA,HAOS_Flight_02,HAOS_Flight_02_seg00,train,10.1594/PANGAEA.918817,CC BY 4.0,fixed-wing UAV,2020-02-27 16:27:49+00:00,626.0,65.02953,24.54135,24.55,384208.944841071,7213998.16488543,143.95760650897864,-894.7200549598783,-1.1400000000000006,144.63909944619618,-894.3196678178138,-1.2269264069264063,-2.4544211793745205,-8.95296030901818,0.03179653679653649,0.2049508835292997,-1.152306138122583,-0.06003246753246749,9.283301224274538,9.28335567779073,195.33076833419202,-3.1186691994094184,0.19624486951504022,999.23,-1.79,78.43,False
HAOS / PANGAEA,HAOS_Flight_02,HAOS_Flight_02_seg00,train,10.1594/PANGAEA.918817,CC BY 4.0,fixed-wing UAV,2020-02-27 16:27:50+00:00,627.0,65.02944,24.54129,25.54,384205.818640493,7213988.44575102,140.83140593097778,-904.4391893697903,-0.15000000000000213,142.19096587974485,-904.4575926699417,-1.2029220779220777,-2.4210195592884247,-10.33250007963261,-0.032467532467532645,-0.10562594078839993,-0.5786855288950221,0.043468614718614684,10.612346281669526,10.612395947321675,193.18714063104233,-0.2801965718468181,-0.17529081018141346,999.1,-1.9,78.21,False
HAOS / PANGAEA,HAOS_Flight_02,HAOS_Flight_02_seg00,train,10.1594/PANGAEA.918817,CC BY 4.0,fixed-wing UAV,2020-02-27 16:27:51+00:00,628.0,65.02935,24.54126,24.4,384204.070401462,7213978.37714692,139.08316690003267,-914.5077934693545,-1.2900000000000027,139.79706032761933,-914.984667977079,-1.2918614718614716,-2.6656730609513204,-10.110331366808225,0.11873376623376586,-0.7002046072328412,0.6102953315430284,0.06968614718614713,10.455841105073654,10.456515237964888,194.77037519049838,4.782734610526941,0.6506077536721964,999.25,-1.83,77.85,False
HAOS / PANGAEA,HAOS_Flight_02,HAOS_Flight_02_seg00,train,10.1594/PANGAEA.918817,CC BY 4.0,fixed-wing UAV,2020-02-27 16:27:52+00:00,629.0,65.02926,24.54124,24.18,384202.60529747,7213968.40951953,137.6180629080045,-924.4754208596423,-1.5100000000000016,136.8596197578422,-924.6782554035582,-0.965454545454546,-3.821428773754107,-9.111909416546553,0.10690476190476161,-1.6452740779226787,1.2948518696400129,-0.021866883116882813,9.880800123888022,9.881378431997403,202.7526098520962,11.804153136494014,0.619884280752519,999.28,-1.78,78.83,False
HAOS / PANGAEA,HAOS_Flight_02,HAOS_Flight_02_seg00,train,10.1594/PANGAEA.918817,CC BY 4.0,fixed-wing UAV,2020-02-27 16:27:53+00:00,630.0,65.02918,24.54116,24.48,384198.50190091,7213959.31909274,133.51466634799726,-933.565847649239,-1.2100000000000009,132.15420278011112,-933.2084868101721,-1.0780519480519484,-5.956221216796678,-7.520627627528199,0.07500000000000023,-2.3830813464878204,1.9578707671323343,0.13008658008658014,9.593560918416024,9.593854079323874,218.3786814634864,18.03507750763408,0.4479145918198769,999.24,-1.77,78.38,False
HAOS / PANGAEA,HAOS_Flight_02,HAOS_Flight_02_seg00,train,10.1594/PANGAEA.918817,CC BY 4.0,fixed-wing UAV,2020-02-27 16:27:54+00:00,631.0,65.02911,24.541,24.48,384190.774997084,7213952.34920642,125.78776252199896,-940.5357339698821,-1.2100000000000009,124.94717732424886,-939.7195106586146,-0.8154545454545455,-8.587591466729748,-5.196167882281884,0.3670779220779219,-2.561245286690884,2.4793087653442853,0.16226190476190436,10.037274922024771,10.043984969183517,238.82276486736436,19.300133260928064,2.0944575880104406,999.24,-1.78,78.41,False
HAOS / PANGAEA,HAOS_Flight_02,HAOS_Flight_02_seg00,train,10.1594/PANGAEA.918817,CC BY 4.0,fixed-wing UAV,2020-02-27 16:27:55+00:00,632.0,65.02907,24.54077,26.15,384180.095480013,7213948.49234217,115.10824545100331,-944.3925982192159,0.4599999999999973,114.97901984665162,-943.6008225747358,-0.34389610389610464,-11.078711790178446,-2.5620100968396287,0.39952380952380895,-2.106330213010601,2.4951944872756826,-0.11558441558441568,11.371092764820236,11.378109242775071,256.97894798534253,15.128109152944711,2.0122618034227355,999.02,-1.83,78.18,False
HAOS / PANGAEA,HAOS_Flight_02,HAOS_Flight_02_seg00,train,10.1594/PANGAEA.918817,CC BY 4.0,fixed-wing UAV,2020-02-27 16:27:56+00:00,633.0,65.02906,24.54051,25.16,384167.403360486,7213947.56892215,102.41612592397723,-945.316018239595,-0.5300000000000011,102.78975374389196,-944.8435308522938,-0.016406926406927702,-12.80025189275095,-0.20577890773051877,0.13590909090909054,-1.2761643981737762,1.9812610846091445,-0.252294372294372,12.801905853299385,12.802627259970228,269.0789831732538,9.443641970023371,0.6082473084257827,999.15,-1.79,77.68,False
HAOS / PANGAEA,HAOS_Flight_02,HAOS_Flight_02_seg00,train,10.1594/PANGAEA.918817,CC BY 4.0,fixed-wing UAV,2020-02-27 16:27:57+00:00,634.0,65.02907,24.54022,26.3,384154.01008392,7213948.866181,89.02284935797798,-944.0187593894079,0.6099999999999994,89.37851606114972,-944.0123803901969,-0.07207792207792357,-13.631040586525998,1.4005120723786604,-0.10506493506493514,-0.5304763600336901,1.1083920266513587,-0.18519480519480486,13.702799040210632,13.703201822091712,275.8662319253893,4.5879903221118825,-0.43930144306381674,999.0,-1.8,78.82,False
HAOS / PANGAEA,HAOS_Flight_02,HAOS_Flight_02_seg00,train,10.1594/PANGAEA.918817,CC BY 4.0,fixed-wing UAV,2020-02-27 16:27:58+00:00,635.0,65.02908,24.53993,25.24,384140.305107493,7213951.25768767,75.31787293101661,-941.6272527193651,-0.45000000000000284,75.52767257083997,-942.0425067075365,-0.22653679653679798,-13.86120461281833,2.0110051455721987,-0.23448051948051915,-0.07820467552114252,0.16055534195226073,-0.06167748917748901,14.006324821805826,14.008287408814464,278.2549638174776,0.6256922482153728,-0.9591016516282052,999.14,-1.75,78.35,False
HAOS / PANGAEA,HAOS_Flight_02,HAOS_Flight_02_seg00,train,10.1594/PANGAEA.918817,CC BY 4.0,fixed-wing UAV,2020-02-27 16:27:59+00:00,636.0,65.0291,24.53964,25.16,384126.585452776,7213953.36392414,61.598218213999644,-939.5210162494332,-0.5300000000000011,61.656106835513064,-939.9903700990525,-0.5410389610389619,-13.787449937568283,1.7216227562831818,-0.22841991341991316,0.13804102351448577,-0.571158415196436,0.0019588744588742574,13.894522686868513,13.896400122073002,277.11761642182,-2.2981092645002077,-0.9418328701033054,999.15,-1.77,78.12,False
HAOS / PANGAEA,HAOS_Flight_02,HAOS_Flight_02_seg00,train,10.1594/PANGAEA.918817,CC BY 4.0,fixed-wing UAV,2020-02-27 16:28:00+00:00,637.0,65.02911,24.53934,24.4,384112.88810503,7213954.66629765,47.90087046800181,-938.2186427395791,-1.2900000000000027,47.9527726957034,-938.5992611949702,-0.6833766233766243,-13.585122565789359,0.8686883151793268,-0.23056277056277064,0.22770585359932127,-0.9292974036934822,-0.007142857142857187,13.612867975428555,13.614820370009218,273.6587452884771,-3.85312346103837,-0.970332681875465,999.25,-1.75,78.27,False
HAOS / PANGAEA,HAOS_Flight_02,HAOS_Flight_02_seg00,train,10.1594/PANGAEA.918817,CC BY 4.0,fixed-wing UAV,2020-02-27 16:28:01+00:00,638.0,65.0291,24.53906,25.09,384099.412557974,7213955.00432119,34.42532341199694,-937.8806191999465,-0.6000000000000014,34.48586170393435,-938.2529934686938,-1.0021645021645031,-13.33203823036964,-0.13697205110378263,-0.24270562770562754,0.24671273281210748,-0.8997089056392724,0.05966450216450231,13.33274183050213,13.334950721339066,269.4113694997433,-3.862619401843404,-1.0428816949760795,999.16,-1.79,78.39,False
HAOS / PANGAEA,HAOS_Flight_02,HAOS_Flight_02_seg00,train,10.1594/PANGAEA.918817,CC BY 4.0,fixed-wing UAV,2020-02-27 16:28:02+00:00,639.0,65.02909,24.53878,24.86,384086.162929722,7213954.134314,21.175695159996394,-938.7506263898686,-0.8300000000000018,21.28869623496412,-938.8732052971777,-1.1687878787878794,-13.091697100165144,-0.9307294960992181,-0.11123376623376602,0.4830828728349559,-0.5805329148056728,0.1258333333333333,13.124739630079583,13.125210981471197,265.9335064847903,-2.701863389204983,-0.4855770810996527,999.19,-1.77,78.29,False
HAOS / PANGAEA,HAOS_Flight_02,HAOS_Flight_02_seg00,train,10.1594/PANGAEA.918817,CC BY 4.0,fixed-wing UAV,2020-02-27 16:28:03+00:00,640.0,65.02907,24.5385,24.33,384073.227111605,7213952.67508097,8.239877043000888,-940.2098594196141,-1.360000000000003,8.30246750360406,-940.1144524608923,-1.2246320346320352,-12.365872484699729,-1.2980378807151283,0.008961038961039058,0.12823469722695258,-0.2764985150450343,0.10899891774891762,12.433812956918134,12.433816186024487,264.0076427213333,-1.2637578473985616,0.04129301489460961,999.26,-1.77,78.26,False
HAOS / PANGAEA,HAOS_Flight_02,HAOS_Flight_02_seg00,train,10.1594/PANGAEA.918817,CC BY 4.0,fixed-wing UAV,2020-02-27 16:28:04+00:00,641.0,65.02905,24.53824,24.33,384060.63108187,7213950.95825156,-4.356152691994794,-941.9266888294369,-1.360000000000003,-3.4430487344353367,-941.469281058608,-1.1508658008658013,-12.835227705711238,-1.4837265261892867,0.10676406926406923,-0.9549917523859142,-0.1626399829389129,0.12045454545454554,12.920701012792422,12.921142102324428,263.4059907899932,-0.24746115315528092,0.4734256563304824,999.26,-1.72,78.04,False
HAOS / PANGAEA,HAOS_Flight_02,HAOS_Flight_02_seg00,train,10.1594/PANGAEA.918817,CC BY 4.0,fixed-wing UAV,2020-02-27 16:28:05+00:00,642.0,65.02904,24.53797,24.25,384047.971259965,7213949.56489467,-17.015974597015884,-943.3200457198545,-1.4400000000000013,-17.367987907818417,-943.0819055132708,-1.0111038961038967,-14.275855989471557,-1.623317846592954,0.24987012987013013,-0.6562715627654834,-0.030986386957039258,0.1269751082251085,14.367853878126619,14.370026449001388,263.5127204150227,0.1794754027172786,0.9963256125772642,999.27,-1.68,78.67,False
HAOS / PANGAEA,HAOS_Flight_02,HAOS_Flight_02_seg00,train,10.1594/PANGAEA.918817,CC BY 4.0,fixed-wing UAV,2020-02-27 16:28:06+00:00,643.0,65.02902,24.5377,25.39,384035.288095566,7213948.37385132,-29.6991389960167,-944.5110890697688,-0.3000000000000007,-31.99476071337845,-944.7159167517939,-0.651125541125541,-14.147770831242205,-1.5456993001033652,0.3607142857142862,0.5677904474488003,0.06344791583200049,0.016233766233766045,14.231957202707145,14.236527688155077,263.7649415954278,-0.004803666416695714,1.451872156033784,999.12,-1.74,78.7,False
HAOS / PANGAEA,HAOS_Flight_02,HAOS_Flight_02_seg00,train,10.1594/PANGAEA.918817,CC BY 4.0,fixed-wing UAV,2020-02-27 16:28:07+00:00,644.0,65.02901,24.53744,25.39,384022.928392056,7213947.28403348,-42.05884250596864,-945.6009069094434,-0.3000000000000007,-45.66352957030283,-946.1733041134776,-0.28967532467532436,-13.140275094573957,-1.496422014928953,0.2823376623376622,1.0567844101309447,-0.060834512483381786,-0.10367965367965415,13.22520731058098,13.228220702854141,263.5031130821894,-0.8265962130812099,1.2229902480000285,999.12,-1.74,78.7,False
HAOS / PANGAEA,HAOS_Flight_02,HAOS_Flight_02_seg00,train,10.1594/PANGAEA.918817,CC BY 4.0,fixed-wing UAV,2020-02-27 16:28:08+00:00,645.0,65.02897,24.53694,25.92,383999.235811903,7213944.39720873,-65.75142265897011,-948.4877316597849,0.23000000000000043,-58.275310902526364,-947.7087607816518,-0.08645021645021654,-12.034202010980316,-1.6673683250701288,0.1533549783549779,1.1286922375622028,-0.22687486848627714,-0.18375541125541142,12.149161912351396,12.150129749180298,262.11174916926535,-1.831233497134313,0.7231878604567146,999.05,-1.76,78.49,False
HAOS / PANGAEA,HAOS_Flight_02,HAOS_Flight_02_seg00,train,10.1594/PANGAEA.918817,CC BY 4.0,fixed-wing UAV,2020-02-27 16:28:09+00:00,646.0,65.02896,24.536825,25.615000000000002,383993.70844049705,7213943.167491495,-71.27879406494321,-949.7174488948658,-0.07499999999999929,-69.73193359226346,-949.5080407636178,0.017034632034631438,-10.882890619449551,-1.9501717519015074,-0.08517316017316062,1.1238828982832914,-0.28942508743153894,-0.17235930735930732,11.056241590016818,11.056569656273663,259.84064608792073,-2.5192945290340294,-0.44137657740534575,999.0899999999999,-1.72,78.29499999999999,True
HAOS / PANGAEA,HAOS_Flight_02,HAOS_Flight_02_seg00,train,10.1594/PANGAEA.918817,CC BY 4.0,fixed-wing UAV,2020-02-27 16:28:10+00:00,647.0,65.02895,24.53671,25.31,383988.181069091,7213941.93777426,-76.80616547097452,-950.9471661299467,-0.38000000000000256,-80.04109214142547,-951.6091042854548,-0.2567965367965378,-9.786436214413733,-2.2462184999332067,-0.19136363636363676,1.0412416273242453,-0.2622203248929793,-0.08781385281385257,10.040907893623505,10.042731270404138,257.0731601111973,-2.7731270567065205,-1.0918336891404026,999.13,-1.68,78.1,False
HAOS / PANGAEA,HAOS_Flight_02,HAOS_Flight_02_seg00,train,10.1594/PANGAEA.918817,CC BY 4.0,fixed-wing UAV,2020-02-27 16:28:11+00:00,648.0,65.02892,24.53648,25.24,383977.35235092,7213939.04466475,-87.63488364202203,-953.8402756396681,-0.45000000000000284,-89.30480602109093,-954.0004777634842,-0.36569264069264207,-8.80040736480106,-2.474612401687466,-0.26080086580086576,0.08898493572075594,-0.27295117565222426,-0.07418831168831115,9.14171079858853,9.145430193087291,254.29439197450768,-1.6382388473860539,-1.6341292463664103,999.14,-1.69,78.13,False
HAOS / PANGAEA,HAOS_Flight_02,HAOS_Flight_02_seg00,train,10.1594/PANGAEA.918817,CC BY 4.0,fixed-wing UAV,2020-02-27 16:28:12+00:00,649.0,65.02889,24.53626,25.16,383966.63917855,7213936.22305338,-98.34805601200787,-956.6618870096281,-0.5300000000000011,-97.64190687102759,-956.5583290888297,-0.7783982683982693,-9.608466342972221,-2.792120851237655,-0.33974025974025907,-1.1361403804570607,-0.274544234407756,-0.01798701298701247,10.005926459451222,10.011692552013093,253.79668241642517,0.2159095299752345,-1.9446682734813503,999.15,-1.71,78.16,False
HAOS / PANGAEA,HAOS_Flight_02,HAOS_Flight_02_seg00,train,10.1594/PANGAEA.918817,CC BY 4.0,fixed-wing UAV,2020-02-27 16:28:13+00:00,650.0,65.02886,24.53603,24.4,383955.993780639,7213933.29620832,-108.99345392297255,-959.5887320693582,-1.2900000000000027,-108.52173870703537,-959.5847194659596,-1.0451731601731602,-11.072688125715182,-3.023700870502978,-0.2967748917748907,-0.7350211039984806,-0.031067141399233833,0.0127002164502166,11.478117845868043,11.48195386770137,254.72621103445815,0.8779436881711509,-1.4810930994358125,999.25,-1.67,78.11,False
HAOS / PANGAEA,HAOS_Flight_02,HAOS_Flight_02_seg00,train,10.1594/PANGAEA.918817,CC BY 4.0,fixed-wing UAV,2020-02-27 16:28:14+00:00,651.0,65.02883,24.53581,24.78,383945.256759631,7213930.26331944,-119.7304749310133,-962.6216209493577,-0.9100000000000001,-119.78728312245795,-962.6057308298357,-1.3719480519480507,-11.078508550969183,-2.854255134036123,-0.31433982683982586,0.04618238743367087,0.2332671733323366,0.015108225108224793,11.440285139980945,11.444602815773317,255.55256979276749,1.0820307234723976,-1.5738956561549087,999.2,-1.73,78.05,False
HAOS / PANGAEA,HAOS_Flight_02,HAOS_Flight_02_seg00,train,10.1594/PANGAEA.918817,CC BY 4.0,fixed-wing UAV,2020-02-27 16:28:15+00:00,652.0,65.0288,24.53558,23.42,383934.34416555,7213927.44647763,-130.64306901197415,-965.4384627593681,-2.2699999999999996,-130.67875580897373,-965.2932297340318,-1.673852813852812,-10.98032335084784,-2.557166523838305,-0.2665584415584411,-0.04727149381622908,0.29599261104561947,0.061379870129869896,11.274156355125363,11.277307077604107,256.890272481403,1.5005894393918955,-1.3544098846318444,999.38,-1.66,78.02,False
HAOS / PANGAEA,HAOS_Flight_02,HAOS_Flight_02_seg00,train,10.1594/PANGAEA.918817,CC BY 4.0,fixed-wing UAV,2020-02-27 16:28:16+00:00,653.0,65.02877,24.53535,24.1,383923.261509375,7213924.96271064,-141.7257251869887,-967.9222297491506,-1.5899999999999999,-141.74792982415363,-967.7200638775123,-1.905064935064933,-11.17305153860164,-2.262269911944884,-0.19158008658008607,-0.19663361658317058,0.30626776005698275,0.13173160173160153,11.399778324105236,11.401388019373503,258.55374867155126,1.7036216110668045,-0.9627991776463074,999.29,-1.66,78.02,False
HAOS / PANGAEA,HAOS_Flight_02,HAOS_Flight_02_seg00,train,10.1594/PANGAEA.918817,CC BY 4.0,fixed-wing UAV,2020-02-27 16:28:17+00:00,654.0,65.02875,24.53511,23.57,383911.950817495,7213923.12540047,-153.03641706699273,-969.7595399199054,-2.120000000000001,-153.02485888617701,-969.8177695579216,-2.057012987012984,-11.373590584014181,-1.9446310037243393,-0.00309523809523804,-0.1879261493037916,0.2834370498912051,0.20622294372294303,11.538637376805893,11.53863779195451,260.2975157035366,1.5474000395702012,-0.015369585627845506,999.36,-1.69,78.23,False
HAOS / PANGAEA,HAOS_Flight_02,HAOS_Flight_02_seg00,train,10.1594/PANGAEA.918817,CC BY 4.0,fixed-wing UAV,2020-02-27 16:28:18+00:00,655.0,65.02873,24.53487,23.8,383900.560850756,7213921.28933002,-164.4263838059851,-971.5956103699282,-1.8900000000000006,-164.495110992182,-971.609325884961,-1.911255411255409,-11.548903837209224,-1.6953958121624737,0.2208658008658,-0.15478677201491564,0.20363050507629055,0.13034632034631993,11.672683787415986,11.674773167089633,261.6485487506917,1.1030444420676193,1.0839982085771285,999.33,-1.63,78.1,False
HAOS / PANGAEA,HAOS_Flight_02,HAOS_Flight_02_seg00,train,10.1594/PANGAEA.918817,CC BY 4.0,fixed-wing UAV,2020-02-27 16:28:19+00:00,656.0,65.02871,24.53462,23.8,383888.917812858,7213919.69241875,-176.06942170398543,-973.1925216391683,-1.8900000000000006,-176.12266656059546,-973.2085611822465,-1.615281385281384,-11.683164128044012,-1.5373699935717582,0.2575974025974018,-0.0945396848222515,0.11387971883397086,-0.008917748917748713,11.783880113950127,11.786695336767393,262.5036045876718,0.6122839260616564,1.2522949599068895,999.33,-1.63,78.33,False
HAOS / PANGAEA,HAOS_Flight_02,HAOS_Flight_02_seg00,train,10.1594/PANGAEA.918817,CC BY 4.0,fixed-wing UAV,2020-02-27 16:28:20+00:00,657.0,65.0287,24.53437,24.1,383877.157386077,7213918.20499323,-187.82984848500928,-974.6799471592531,-1.5899999999999999,-187.86143924827002,-974.6840658721045,-1.3960606060606053,-11.737983206853727,-1.467636374494532,0.20303030303030256,0.00585520953637797,0.03872593824885939,-0.044123376623376565,11.829378947861953,11.83112114704554,262.873116602815,0.18330565183692554,0.9832838632421138,999.29,-1.63,77.66,False
HAOS / PANGAEA,HAOS_Flight_02,HAOS_Flight_02_seg00,train,10.1594/PANGAEA.918817,CC BY 4.0,fixed-wing UAV,2020-02-27 16:28:21+00:00,658.0,65.02868,24.53413,25.31,383865.397271551,7213916.72596775,-199.58996301097795,-976.1589726395905,-0.38000000000000256,-199.59863297430292,-976.1438339312356,-1.209220779220779,-11.671453708971256,-1.4599181170740394,0.1693506493506487,0.13815907291579776,-0.019303679484494296,-0.011883116883117134,11.76240590139704,11.763624961365242,262.87021589134565,-0.17989236930071217,0.8248658629258014,999.13,-1.67,77.65,False
HAOS / PANGAEA,HAOS_Flight_02,HAOS_Flight_02_seg00,train,10.1594/PANGAEA.918817,CC BY 4.0,fixed-wing UAV,2020-02-27 16:28:22+00:00,659.0,65.02866,24.53388,24.33,383853.744798992,7213915.23765412,-211.24243556999136,-977.6472862698138,-1.360000000000003,-211.20434666621253,-977.6039021062526,-1.057359307359308,-11.461665061022131,-1.5062437334635206,0.1792640692640683,0.26004441822867363,-0.07868172861012113,-0.04125541125541124,11.560213499570567,11.561603338732164,262.51333186421357,-0.5611410987097089,0.8884136458899218,999.26,-1.64,78.11,False
HAOS / PANGAEA,HAOS_Flight_02,HAOS_Flight_02_seg00,train,10.1594/PANGAEA.918817,CC BY 4.0,fixed-wing UAV,2020-02-27 16:28:23+00:00,660.0,65.02864,24.53364,24.86,383842.316992984,7213913.80642866,-222.67024157801643,-979.0785117298365,-0.8300000000000018,-222.52196309634718,-979.1563213981626,-0.8506926406926424,-11.15136487251391,-1.6172815742942817,0.08683982683982622,0.3164921404722776,-0.14769260772271764,-0.06658008658008596,11.26803169193666,11.268366313091464,261.74793369392626,-0.979715339326059,0.4415551185191523,999.19,-1.61,77.99,False
HAOS / PANGAEA,HAOS_Flight_02,HAOS_Flight_02_seg00,train,10.1594/PANGAEA.918817,CC BY 4.0,fixed-wing UAV,2020-02-27 16:28:24+00:00,661.0,65.02863,24.53341,24.33,383831.353314722,7213912.07935828,-233.63391983998008,-980.8055821098387,-1.360000000000003,-233.50707641124035,-980.8384652548411,-0.8836796536796555,-10.828680780077576,-1.8016289489089559,0.04610389610389637,0.3014024769609165,-0.2096259825947584,0.034610389610390146,10.977531339348037,10.97762815345848,260.5539011855615,-1.3375856626519638,0.2406318008278647,999.26,-1.61,77.43,False
HAOS / PANGAEA,HAOS_Flight_02,HAOS_Flight_02_seg00,train,10.1594/PANGAEA.918817,CC BY 4.0,fixed-wing UAV,2020-02-27 16:28:25+00:00,662.0,65.0286,24.53319,25.24,383820.779934553,7213910.16774941,-244.2073000089731,-982.7171909799799,-0.45000000000000284,-244.17932465650233,-982.7595792959805,-0.7584848484848496,-10.548559918592076,-2.0365335394837984,0.1560606060606065,0.231922950344142,-0.20444084335827029,0.000573593073593115,10.74335074423104,10.744484172184986,259.0727623686223,-1.2965088377295588,0.8322343223109887,999.14,-1.6,77.34,False
HAOS / PANGAEA,HAOS_Flight_02,HAOS_Flight_02_seg00,train,10.1594/PANGAEA.918817,CC BY 4.0,fixed-wing UAV,2020-02-27 16:28:26+00:00,663.0,65.02858,24.53297,25.24,383810.455916692,7213908.09082326,-254.5313178700162,-984.7941171294078,-0.45000000000000284,-254.6041962484245,-984.9115323338087,-0.5715584415584425,-10.364834879389292,-2.2105106356254964,0.0472510822510826,0.12731706760233408,-0.11693111667915446,-0.15300865800865796,10.597931842921914,10.598037177326383,257.96088351010235,-0.755304594815693,0.2554526384874084,999.14,-1.63,77.9,False
HAOS / PANGAEA,HAOS_Flight_02,HAOS_Flight_02_seg00,train,10.1594/PANGAEA.918817,CC BY 4.0,fixed-wing UAV,2020-02-27 16:28:27+00:00,664.0,65.02856,24.53275,24.71,383800.130772612,7213905.80202761,-264.8564619499957,-987.0829127794132,-0.9800000000000004,-264.9089944152809,-987.1806005672315,-0.6639826839826845,-10.293925783387408,-2.2703957728421074,-0.1499567099567094,0.03589869135444701,-0.021223061020606337,-0.12966450216450215,10.541328426684531,10.542394984731336,257.5621531789909,-0.15358383414719196,-0.8150118030154327,999.21,-1.6,77.42,False
HAOS / PANGAEA,HAOS_Flight_02,HAOS_Flight_02_seg00,train,10.1594/PANGAEA.918817,CC BY 4.0,fixed-wing UAV,2020-02-27 16:28:28+00:00,665.0,65.02853,24.53253,25.62,383789.813264053,7213903.21189015,-275.17397050897125,-989.6730502396822,-0.07000000000000028,-275.1920478151993,-989.452323879493,-0.8714718614718613,-10.293037496680398,-2.252956757666709,-0.2120779220779217,0.2285249136994878,0.08101603954236225,0.004837662337662085,10.536718419886942,10.53885250418743,257.6537158418079,0.17025930016285915,-1.1530657740713726,999.09,-1.63,77.33,False
HAOS / PANGAEA,HAOS_Flight_02,HAOS_Flight_02_seg00,train,10.1594/PANGAEA.918817,CC BY 4.0,fixed-wing UAV,2020-02-27 16:28:29+00:00,666.0,65.02851,24.53232,24.18,383779.477165958,7213901.04317606,-285.5100686040241,-991.8417643299326,-1.5100000000000016,-285.4950694086417,-991.6865140825649,-1.0881385281385278,-9.836875955988432,-2.108363693757383,-0.14028138528138523,0.0035587722654071285,0.09243040262157365,0.04066017316017298,10.06028459034125,10.061262590038792,257.9026717793166,0.4889592027826511,-0.7988849994777882,999.28,-1.6,77.59,False
HAOS / PANGAEA,HAOS_Flight_02,HAOS_Flight_02_seg00,train,10.1594/PANGAEA.918817,CC BY 4.0,fixed-wing UAV,2020-02-27 16:28:30+00:00,667.0,65.02849,24.5321,24.18,383769.027116185,7213899.14912804,-295.96011837699916,-993.735812349245,-1.5100000000000016,-294.8657997271762,-993.6690512670077,-1.1520346320346317,-10.285919952149584,-2.068095952423562,-0.13075757575757574,-1.1671217928065118,-0.051901474721091745,0.02419913419913433,10.491766778310486,10.492581554321015,258.63163424737326,0.8979820387549369,-0.7140331593502012,999.28,-1.61,77.12,False
HAOS / PANGAEA,HAOS_Flight_02,HAOS_Flight_02_seg00,train,10.1594/PANGAEA.918817,CC BY 4.0,fixed-wing UAV,2020-02-27 16:28:31+00:00,668.0,65.02847,24.53188,24.18,383758.61304621,7213897.11683591,-306.37418835196877,-995.7681044796482,-1.5100000000000016,-306.0669093129409,-995.8227059874121,-1.3496536796536793,-12.171119541601456,-2.2121666431995664,-0.09188311688311657,-1.574307002413633,-0.10542921184310217,0.16585497835497845,12.37052271139897,12.37086394155258,259.6986358568265,0.8703501204120156,-0.4255614834723961,999.28,-1.6,77.15,False
HAOS / PANGAEA,HAOS_Flight_02,HAOS_Flight_02_seg00,train,10.1594/PANGAEA.918817,CC BY 4.0,fixed-wing UAV,2020-02-27 16:28:32+00:00,669.0,65.02844,24.53165,25.09,383748.00207272,7213895.08970831,-316.9851618420216,-997.7952320799232,-0.6000000000000014,-319.2080388103791,-998.0933845534068,-1.3358008658008649,-13.43453395697685,-2.278954376109766,0.20095238095238116,-0.5158156951555668,0.02872130529374317,0.1580952380952378,13.626457195087573,13.627938859158576,260.3723344881973,0.5161293654676453,0.8448922992599903,999.16,-1.64,77.62,False
HAOS / PANGAEA,HAOS_Flight_02,HAOS_Flight_02_seg00,train,10.1594/PANGAEA.918817,CC BY 4.0,fixed-wing UAV,2020-02-27 16:28:33+00:00,670.0,65.02842,24.53142,24.48,383736.994539722,7213893.19267974,-327.9926948400098,-999.6922606499866,-1.2100000000000009,-332.9359772268946,-1000.3806147396316,-0.947748917748917,-13.20275093191259,-2.15472403261208,0.224307359307359,0.6621665921479689,0.19102980309867235,-0.10944805194805224,13.377423811288734,13.3793042277345,260.7308945877618,0.36270612587916945,0.9606229825305296,999.24,-1.65,77.14,False
HAOS / PANGAEA,HAOS_Flight_02,HAOS_Flight_02_seg00,train,10.1594/PANGAEA.918817,CC BY 4.0,fixed-wing UAV,2020-02-27 16:28:34+00:00,671.0,65.02838,24.53095,24.1,383714.590386735,7213889.58808418,-350.3968478270108,-1003.2968562096357,-1.5899999999999999,-345.6135406742043,-1002.402832618631,-0.8871861471861469,-12.110200772680912,-1.8968947699124215,-0.017943722943723317,1.135061517020489,0.22458994741054994,-0.08440476190476198,12.257861661919769,12.257874795410318,261.0977467399556,0.20107606906311698,-0.08387261069042971,999.29,-1.6,77.6,False
HAOS / PANGAEA,HAOS_Flight_02,HAOS_Flight_02_seg00,train,10.1594/PANGAEA.918817,CC BY 4.0,fixed-wing UAV,2020-02-27 16:28:35+00:00,672.0,65.02837,24.53071,25.69,383703.259628687,7213888.09379865,-361.7276058749994,-1004.7911417391151,0.0,-357.1563787722564,-1004.1744042794564,-0.9836363636363636,-10.932627897871612,-1.7055441377909801,0.055497835497835046,1.2102565829140843,0.15233736465185643,0.12744588744588728,11.064864823362003,11.065004002214314,261.13304672588805,-0.21463002412099536,0.2873749596190355,999.08,-1.67,77.35,False
HAOS / PANGAEA,HAOS_Flight_02,HAOS_Flight_02_seg00,train,10.1594/PANGAEA.918817,CC BY 4.0,fixed-wing UAV,2020-02-27 16:28:36+00:00,673.0,65.02835999999999,24.530594999999998,25.009999999999998,383697.77413837996,7213887.20840317,-367.2130961820367,-1005.676537219435,-0.6800000000000033,-367.4787964699475,-1005.813920894213,-0.7761904761904768,-9.689687606852743,-1.5922200406087086,0.23694805194805124,1.238343259523262,0.12078881430542765,0.08370129870129862,9.81963393289748,9.822492298568303,260.6684866917136,-0.4776150488196875,1.3822805836278083,999.1700000000001,-1.6400000000000001,77.585,True
HAOS / PANGAEA,HAOS_Flight_02,HAOS_Flight_02_seg00,train,10.1594/PANGAEA.918817,CC BY 4.0,fixed-wing UAV,2020-02-27 16:28:37+00:00,674.0,65.02835,24.53048,24.33,383692.288648073,7213886.32300769,-372.6985864890157,-1006.5619326997548,-1.360000000000003,-376.5357539859619,-1007.3588443606739,-0.5097402597402612,-8.455941378825088,-1.4639665091801248,0.2229004329004323,0.4095680313224648,0.039281294224508656,-0.05338744588744547,8.581733073344065,8.584627373690402,260.17781662824865,-0.1760415284114349,1.4878560206713527,999.26,-1.61,77.82,False
HAOS / PANGAEA,HAOS_Flight_02,HAOS_Flight_02_seg00,train,10.1594/PANGAEA.918817,CC BY 4.0,fixed-wing UAV,2020-02-27 16:28:38+00:00,675.0,65.02832,24.53025,25.09,383681.312435064,7213884.25963685,-383.674799497996,-1008.6253035394475,-0.6000000000000014,-384.3906792275977,-1008.7418539125732,-0.3303896103896122,-8.870551544207814,-1.5136574521596913,0.1301731601731603,-1.0899095231827403,-0.12365177380084447,-0.017196969696969183,8.998769003643009,8.999710474929495,260.3164036348908,0.3408797094538088,0.8287636354653847,999.16,-1.62,77.81,False
HAOS / PANGAEA,HAOS_Flight_02,HAOS_Flight_02_seg00,train,10.1594/PANGAEA.918817,CC BY 4.0,fixed-wing UAV,2020-02-27 16:28:39+00:00,676.0,65.0283,24.53001,26.61,383670.126105899,7213882.14093732,-394.8611286630039,-1010.744003069587,0.9199999999999982,-394.2768570743775,-1010.3861592649932,-0.24939393939394056,-10.635760425190568,-1.7112700567818138,0.18850649350649393,-1.343991954052214,-0.15054004367647167,0.021309523809523848,10.772550535007385,10.774199725612199,260.8595760471563,0.38038231715199805,1.0025039331106234,998.96,-1.7,77.73,False
HAOS / PANGAEA,HAOS_Flight_02,HAOS_Flight_02_seg00,train,10.1594/PANGAEA.918817,CC BY 4.0,fixed-wing UAV,2020-02-27 16:28:40+00:00,677.0,65.02828,24.52978,25.16,383658.842260568,7213880.39265288,-406.1449739939999,-1012.4922875091434,-0.5300000000000011,-405.6622000779788,-1012.1643940261368,0.04662337662337568,-11.558535452312242,-1.8147375395126346,0.172792207792208,-0.41688107139107444,-0.07012142956634193,-0.15345238095238106,11.70012880867879,11.701404671523374,261.0771682691948,-0.014831982258836892,0.8461056050976283,999.15,-1.59,77.12,False
HAOS / PANGAEA,HAOS_Flight_02,HAOS_Flight_02_seg00,train,10.1594/PANGAEA.918817,CC BY 4.0,fixed-wing UAV,2020-02-27 16:28:41+00:00,678.0,65.02826,24.52954,25.69,383647.45850315,7213878.93534187,-417.52873141202144,-1013.9495985191315,0.0,-417.393927979002,-1014.0156343440185,0.09619047619047545,-11.469522567972717,-1.8515129159144976,-0.1183982683982682,0.18167565505353878,-0.04994303401502975,-0.2505411255411255,11.618005337192512,11.618608615707537,260.8299120826386,-0.39105980217053615,-0.5838770130873409,999.08,-1.58,77.59,False
HAOS / PANGAEA,HAOS_Flight_02,HAOS_Flight_02_seg00,train,10.1594/PANGAEA.918817,CC BY 4.0,fixed-wing UAV,2020-02-27 16:28:42+00:00,679.0,65.02825,24.5293,25.85,383636.27244687,7213877.37228638,-428.7147876920062,-1015.5126540092751,0.16000000000000014,-428.60124521392424,-1015.8674198579658,-0.19017316017316072,-11.195184142205164,-1.9146236075426941,-0.3282900432900431,0.13393766852973954,-0.096608385878028,-0.0139935064935066,11.357725632204794,11.362469180990775,260.2950486648537,-0.5873465636025115,-1.655648221579363,999.06,-1.59,78.09,False
HAOS / PANGAEA,HAOS_Flight_02,HAOS_Flight_02_seg00,train,10.1594/PANGAEA.918817,CC BY 4.0,fixed-wing UAV,2020-02-27 16:28:43+00:00,680.0,65.02822,24.52907,25.24,383625.239785776,7213875.21695345,-439.7474487859872,-1017.6679869396612,-0.45000000000000284,-439.78429626341233,-1017.8448815591039,-0.5603896103896107,-11.201647230913238,-2.0447296876705536,-0.1463852813852814,-0.03820947179799816,-0.11749436973303773,0.09554112554112543,11.386738786038237,11.38767969483133,259.6552189554336,-0.546148701271776,-0.7365407210365528,999.14,-1.59,77.34,False
HAOS / PANGAEA,HAOS_Flight_02,HAOS_Flight_02_seg00,train,10.1594/PANGAEA.918817,CC BY 4.0,fixed-wing UAV,2020-02-27 16:28:44+00:00,681.0,65.0282,24.52883,24.71,383614.053850461,7213872.79368484,-450.93338410102297,-1020.0912555493414,-0.9800000000000004,-451.0045396757507,-1019.956879233307,-0.4829437229437235,-11.27160308580116,-2.1496123470087696,-0.13720779220779222,-0.08510919961514674,-0.05841689214651069,-0.0529761904761904,11.474749207117984,11.475569499789426,259.20275126231013,-0.2088031519563299,-0.6850740376114288,999.21,-1.58,77.72,False
HAOS / PANGAEA,HAOS_Flight_02,HAOS_Flight_02_seg00,train,10.1594/PANGAEA.918817,CC BY 4.0,fixed-wing UAV,2020-02-27 16:28:45+00:00,682.0,65.02817,24.5286,24.86,383602.78705857,7213870.50491791,-462.20017599198036,-1022.3800224792212,-0.8300000000000018,-462.32750243501465,-1022.1441062531214,-0.8348051948051951,-11.371865630143532,-2.161563471963575,-0.2523376623376622,-0.08402992966452416,0.042340764000812214,0.053257575757575754,11.575477724628342,11.578227793976113,259.2376126515209,0.28259051802019264,-1.248811831361824,999.19,-1.58,77.66,False
HAOS / PANGAEA,HAOS_Flight_02,HAOS_Flight_02_seg00,train,10.1594/PANGAEA.918817,CC BY 4.0,fixed-wing UAV,2020-02-27 16:28:46+00:00,683.0,65.02815,24.52835,24.93,383591.27571068,7213868.57135102,-473.711523881997,-1024.3135893698782,-0.7600000000000016,-473.7482709360378,-1024.280006177234,-0.9876190476190478,-11.439662945130209,-2.064930819007145,-0.030692640692640716,-0.043978886763909486,0.11567762737197995,0.18377705627705598,11.624535585797425,11.624576105117269,259.7679322983505,0.6008228621986117,-0.15127956504792445,999.18,-1.61,77.79,False
HAOS / PANGAEA,HAOS_Flight_02,HAOS_Flight_02_seg00,train,10.1594/PANGAEA.918817,CC BY 4.0,fixed-wing UAV,2020-02-27 16:28:47+00:00,684.0,65.02813,24.52811,25.16,383579.688997636,7213866.72455295,-485.29823692596983,-1026.1603874396533,-0.5300000000000011,-485.20682832527507,-1026.2739678911357,-0.8961904761904765,-11.45982340367135,-1.930208217219615,0.11521645021644977,-0.005568619502469119,0.11949871621067132,0.042922077922077806,11.621241594819192,11.62181272588559,260.43925837591814,0.5860077290414276,0.5680288113028912,999.15,-1.63,77.45,False
HAOS / PANGAEA,HAOS_Flight_02,HAOS_Flight_02_seg00,train,10.1594/PANGAEA.918817,CC BY 4.0,fixed-wing UAV,2020-02-27 16:28:48+00:00,685.0,65.02811,24.52787,24.02,383568.160949366,7213864.77242893,-496.8262851960026,-1028.112511459738,-1.6700000000000017,-496.6679177433805,-1028.1404226116733,-0.7571861471861483,-11.450800184135147,-1.8259333865858025,0.055151515151514896,0.022967878204724457,0.06371808180074368,-0.07901515151515132,11.595467113887143,11.595598271709042,260.93994775643336,0.29263896954691115,0.2725138360268426,999.3,-1.57,77.45,False
HAOS / PANGAEA,HAOS_Flight_02,HAOS_Flight_02_seg00,train,10.1594/PANGAEA.918817,CC BY 4.0,fixed-wing UAV,2020-02-27 16:28:49+00:00,686.0,65.02809,24.52763,25.24,383556.928389054,7213862.87961868,-508.05884550797055,-1030.0053217094392,-0.45000000000000284,-508.10842869354536,-1029.9258346643073,-0.7858874458874467,-11.413887647261902,-1.8027720536181278,-0.04281385281385286,0.04345600798919236,-0.011504024212797503,-0.03861471861471852,11.555380491425815,11.555459805979902,261.02453631501197,-0.09058944952660444,-0.21228568352678642,999.14,-1.58,77.6,False
HAOS / PANGAEA,HAOS_Flight_02,HAOS_Flight_02_seg00,train,10.1594/PANGAEA.918817,CC BY 4.0,fixed-wing UAV,2020-02-27 16:28:50+00:00,687.0,65.02807,24.52739,25.24,383545.608744012,7213861.04636983,-519.3784905499779,-1031.8385705593973,-0.45000000000000284,-519.4956930379043,-1031.7459667189096,-0.842813852813854,-11.363888168156763,-1.8489414350113975,-0.02207792207792214,0.030153778272961063,-0.04871609811453936,0.02615800865800888,11.513320056720184,11.513341224992793,260.7587688573802,-0.2629223685422811,-0.10987015029065035,999.14,-1.58,77.6,False
HAOS / PANGAEA,HAOS_Flight_02,HAOS_Flight_02_seg00,train,10.1594/PANGAEA.918817,CC BY 4.0,fixed-wing UAV,2020-02-27 16:28:51+00:00,688.0,65.02805,24.52715,24.93,383534.09999719,7213859.35141734,-530.8872373719933,-1033.5335230492055,-0.7600000000000016,-530.8362050298589,-1033.6237175343301,-0.830043290043291,-11.35358009071598,-1.9002042498472065,0.0095021645021649,-0.02452278844059208,-0.041565721931192456,-0.025930735930735638,11.511496734458106,11.511500656238086,260.4986915779274,-0.183580752939704,0.04729478808174628,999.18,-1.57,77.58,False
HAOS / PANGAEA,HAOS_Flight_02,HAOS_Flight_02_seg00,train,10.1594/PANGAEA.918817,CC BY 4.0,fixed-wing UAV,2020-02-27 16:28:52+00:00,689.0,65.02803,24.52691,24.48,383522.707350605,7213857.55368539,-542.2798839570023,-1035.3312549991533,-1.2100000000000009,-542.2028532193362,-1035.546375218604,-0.8238095238095242,-11.412933745037947,-1.9320728788737824,-0.07393939393939342,-0.06055108145974941,-0.02266429964396366,0.01793290043290044,11.57531694071076,11.575553088810988,260.39160735150074,-0.06083921483370153,-0.36598199573440526,999.24,-1.57,77.59,False
HAOS / PANGAEA,HAOS_Flight_02,HAOS_Flight_02_seg00,train,10.1594/PANGAEA.918817,CC BY 4.0,fixed-wing UAV,2020-02-27 16:28:53+00:00,690.0,65.028,24.52667,24.74,383511.349507963,7213855.36520417,-553.6377265990013,-1037.5197362191975,-0.9500000000000028,-553.6620725199348,-1037.4878632920777,-0.9779220779220779,-11.474682253635478,-1.9455328491351338,0.04536796536796578,-0.03680107833142188,-0.0020388520948699806,0.14972943722943705,11.638446240326106,11.638534664692223,260.37701314826,0.02032570034672789,0.22334422662271505,999.2,-1.6,77.59,False
HAOS / PANGAEA,HAOS_Flight_02,HAOS_Flight_02_seg00,train,10.1594/PANGAEA.918817,CC BY 4.0,fixed-wing UAV,2020-02-27 16:28:54+00:00,691.0,65.02798,24.52643,25.01,383499.976929276,7213853.28978733,-565.0103052859777,-1039.5951530598104,-0.6799999999999997,-565.1522177266072,-1039.4374409168743,-0.7330735930735927,-11.48653590170079,-1.9361505830635224,0.22551948051948068,-0.009311725391853543,0.034919235215340905,0.07615800865800851,11.648570131194576,11.650752985856846,260.43225875219423,0.17704669948729265,1.1091232880681188,999.17,-1.62,77.59,False
HAOS / PANGAEA,HAOS_Flight_02,HAOS_Flight_02_seg00,train,10.1594/PANGAEA.918817,CC BY 4.0,fixed-wing UAV,2020-02-27 16:28:55+00:00,692.0,65.02796,24.52618,24.78,383488.351450281,7213851.42845868,-576.6357842810103,-1041.456481709145,-0.9100000000000001,-576.6351443233364,-1041.3601644582047,-0.5268831168831165,-11.493305704419186,-1.875694378704452,0.1976839826839828,-0.012632887759934874,0.07332799524903066,-0.07141774891774885,11.645355529889935,11.647033286401644,260.7311065472346,0.36595228651485,0.9725224868112243,999.2,-1.57,77.58,False
HAOS / PANGAEA,HAOS_Flight_02,HAOS_Flight_02_seg00,train,10.1594/PANGAEA.918817,CC BY 4.0,fixed-wing UAV,2020-02-27 16:28:56+00:00,693.0,65.02794,24.52594,25.62,383476.72352124,7213849.73136428,-588.2637133219978,-1043.1535761095583,-0.07000000000000028,-588.1388291354456,-1043.1888296742832,-0.33770562770562707,-11.51180167722066,-1.789494592565461,0.08268398268398297,0.2652078082929279,0.08908217385896933,-0.1540909090909092,11.650058744593583,11.65035215748751,261.1641633252239,0.2334642626428963,0.40663861041753074,999.09,-1.61,77.52,False
HAOS / PANGAEA,HAOS_Flight_02,HAOS_Flight_02_seg00,train,10.1594/PANGAEA.918817,CC BY 4.0,fixed-wing UAV,2020-02-27 16:28:57+00:00,694.0,65.02792,24.5257,25.92,383465.296268878,7213847.9143435,-599.6909656840144,-1044.9705968899652,0.23000000000000043,-599.6587476777777,-1044.9391536433357,-0.36151515151515057,-10.96289008783333,-1.6975300309865133,-0.1104978354978356,0.11998634356012872,-0.0779876178039558,-0.10878787878787916,11.093537185407337,11.094087481882639,261.1980350725204,-0.4783473465952966,-0.5706791397623804,999.05,-1.62,77.78,False
HAOS / PANGAEA,HAOS_Flight_02,HAOS_Flight_02_seg00,train,10.1594/PANGAEA.918817,CC BY 4.0,fixed-wing UAV,2020-02-27 16:28:58+00:00,695.0,65.0279,24.52546,24.78,383453.912846959,7213846.11650908,-611.0743876029737,-1046.7684313096106,-0.9100000000000001,-610.0646093111122,-1046.5838897362562,-0.5587012987012983,-11.271828990100403,-1.9454698281733727,-0.13489177489177534,-1.0462094982617032,-0.3900371058642804,-0.022186147186147226,11.43848685947581,11.43928220760963,260.20746863203334,-0.9718494476776754,-0.6756462842298614,999.2,-1.56,77.13,False
HAOS / PANGAEA,HAOS_Flight_02,HAOS_Flight_02_seg00,train,10.1594/PANGAEA.918817,CC BY 4.0,fixed-wing UAV,2020-02-27 16:28:59+00:00,696.0,65.02788,24.52522,25.01,383442.428341477,7213844.1953965,-622.5588930849917,-1048.6895438898355,-0.6799999999999997,-622.2024056579785,-1048.8300932996824,-0.6312987012987012,-13.055309084356736,-2.477604242715074,-0.15487012987013005,-1.465918548500042,-0.4080717108369072,-0.012640692640692425,13.288326383394082,13.289228827465243,259.25433617716504,-0.6050952319825667,-0.6677291657070166,999.17,-1.56,77.27,False
HAOS / PANGAEA,HAOS_Flight_02,HAOS_Flight_02_seg00,train,10.1594/PANGAEA.918817,CC BY 4.0,fixed-wing UAV,2020-02-27 16:29:00+00:00,697.0,65.02786,24.52497,24.63,383430.924749373,7213841.94889577,-634.0624851890025,-1050.9360446194187,-1.0600000000000023,-636.1752274798257,-1051.5390982216863,-0.8684415584415583,-14.203666087100487,-2.761613249847187,-0.1601731601731602,-0.38523161676596374,-0.10418432955600565,0.09080086580086583,14.469645401860406,14.470531900964104,258.9972781680682,-0.12420305080833925,-0.6342153518072101,999.22,-1.6,77.94,False
HAOS / PANGAEA,HAOS_Flight_02,HAOS_Flight_02_seg00,train,10.1594/PANGAEA.918817,CC BY 4.0,fixed-wing UAV,2020-02-27 16:29:01+00:00,698.0,65.02783,24.52473,24.63,383419.555189939,7213839.39320559,-645.4320446230122,-1053.491734799929,-1.0600000000000023,-650.6097378321795,-1054.3533197993768,-0.9516450216450216,-13.825772317888664,-2.6859729018270855,0.026731601731601606,0.8212786244713186,0.19072832894659086,0.19940476190476172,14.084261805840088,14.084287173796799,259.00593007554835,0.13658556015292875,0.10874592796211759,999.22,-1.6,77.94,False
HAOS / PANGAEA,HAOS_Flight_02,HAOS_Flight_02_seg00,train,10.1594/PANGAEA.918817,CC BY 4.0,fixed-wing UAV,2020-02-27 16:29:02+00:00,699.0,65.02778,24.52424,25.39,383396.205738047,7213834.62881917,-668.7814965149737,-1058.2561212191358,-0.3000000000000007,-663.826772115603,-1056.9110440253405,-0.8149783549783551,-12.56110883815785,-2.3801565919540053,0.23863636363636326,1.2877362233284089,0.3487646597682783,0.11846320346320341,12.784623602056861,12.786850588018885,259.27044928837404,0.48539848193165663,1.069352472744443,999.12,-1.61,77.63,False
HAOS / PANGAEA,HAOS_Flight_02,HAOS_Flight_02_seg00,train,10.1594/PANGAEA.918817,CC BY 4.0,fixed-wing UAV,2020-02-27 16:29:03+00:00,700.0,65.02776,24.524,24.78,383384.573473344,7213832.97285372,-680.4137612180202,-1059.9120866693556,-0.9100000000000001,-675.7319555084952,-1059.1136329832848,-0.4743722943722951,-11.250299871231846,-1.9884435822905289,0.2636580086580084,1.3065110957026604,0.39099751584626574,-0.09737012987012973,11.42467308383884,11.427715021740836,259.9767270394117,0.8014783685977573,1.3220343385733544,999.2,-1.56,77.68,False
HAOS / PANGAEA,HAOS_Flight_02,HAOS_Flight_02_seg00,train,10.1594/PANGAEA.918817,CC BY 4.0,fixed-wing UAV,2020-02-27 16:29:04+00:00,701.0,65.02775,24.52388,25.16,383378.93831113295,7213832.143320736,-686.0489234290435,-1060.7416196539998,-0.5300000000000011,-686.3273718580667,-1060.8879311899216,-0.2876623376623383,-9.948086646752529,-1.5981615602614738,0.043896103896103794,1.3000451146557452,0.33153212994329806,-0.204448051948052,10.075641334624478,10.075736954284318,260.8734060255696,0.6560989956832795,0.2496164258565085,999.1500000000001,-1.565,77.535,True
HAOS / PANGAEA,HAOS_Flight_02,HAOS_Flight_02_seg00,train,10.1594/PANGAEA.918817,CC BY 4.0,fixed-wing UAV,2020-02-27 16:29:05+00:00,702.0,65.02774,24.52376,25.54,383373.303148922,7213831.31378775,-691.6840856400086,-1061.5711526395753,-0.15000000000000213,-695.6281288020002,-1062.3099561038077,-0.3865800865800875,-8.650209641920355,-1.3253793224039327,-0.14523809523809555,0.4308619711871131,0.045149035662120696,-0.07621212121212126,8.751157477581339,8.75236261255989,261.2889250307782,-0.14782923887724544,-0.9508189055451739,999.1,-1.57,77.39,False
HAOS / PANGAEA,HAOS_Flight_02,HAOS_Flight_02_seg00,train,10.1594/PANGAEA.918817,CC BY 4.0,fixed-wing UAV,2020-02-27 16:29:06+00:00,703.0,65.02772,24.52352,26.15,383362.083332196,7213829.4845622,-702.9039023660007,-1063.400378189981,0.4599999999999973,-703.6277911419074,-1063.5386898347294,-0.5781385281385294,-9.086362704378303,-1.5078634889372324,-0.10852813852813872,-1.1732473969225907,-0.30491777896190797,-0.009707792207791971,9.210626444318917,9.211265811691645,260.5777475478151,-0.6348588972768249,-0.6750807433776973,999.02,-1.6,77.59,False
HAOS / PANGAEA,HAOS_Flight_02,HAOS_Flight_02_seg00,train,10.1594/PANGAEA.918817,CC BY 4.0,fixed-wing UAV,2020-02-27 16:29:07+00:00,704.0,65.0277,24.52328,24.25,383350.582728961,7213827.5933209,-714.4045056009782,-1065.2916194899008,-1.4400000000000013,-713.8008542107568,-1065.3256830816822,-0.603636363636365,-10.996704435765537,-1.9352148803277487,-0.1646536796536795,-1.469648932347809,-0.28994555189382254,-0.07444805194805167,11.165686950681868,11.166900909153393,260.0192072362246,-0.21330309602190672,-0.8448452147722819,999.27,-1.56,77.37,False
HAOS / PANGAEA,HAOS_Flight_02,HAOS_Flight_02_seg00,train,10.1594/PANGAEA.918817,CC BY 4.0,fixed-wing UAV,2020-02-27 16:29:08+00:00,705.0,65.02768,24.52304,24.33,383338.954978183,7213825.42532718,-726.0322563789668,-1067.4596132095903,-1.360000000000003,-725.6212000134385,-1067.409119595385,-0.9074458874458884,-12.02566056907392,-2.0877545927248775,-0.25742424242424206,-0.47679338673009397,-0.04386854518173777,0.032597402597402625,12.20554101062395,12.208255346387984,260.15114135577124,0.18640766915748955,-1.2082329060305044,999.26,-1.62,78.04,False
HAOS / PANGAEA,HAOS_Flight_02,HAOS_Flight_02_seg00,train,10.1594/PANGAEA.918817,CC BY 4.0,fixed-wing UAV,2020-02-27 16:29:09+00:00,706.0,65.02765,24.52279,24.93,383327.180191619,7213823.24663464,-737.8070429430227,-1069.6383057497442,-0.7600000000000016,-737.8521753489047,-1069.501192267132,-1.118484848484849,-11.950291209225725,-2.0229519706912242,-0.09945887445887425,0.20947006071116903,0.08028860108072422,0.218290043290043,12.120305056434065,12.120713127895147,260.39202257453957,0.21074340035463462,-0.47015696470778984,999.18,-1.61,77.43,False
HAOS / PANGAEA,HAOS_Flight_02,HAOS_Flight_02_seg00,train,10.1594/PANGAEA.918817,CC BY 4.0,fixed-wing UAV,2020-02-27 16:29:10+00:00,707.0,65.02763,24.52254,24.93,383315.275793763,7213821.26828866,-749.7114407990011,-1071.6166517296806,-0.7600000000000016,-749.52178243189,-1071.4550235367674,-1.1063636363636369,-11.606720447651583,-1.927177390563429,0.17915584415584396,0.22411876242085782,0.08247813675041016,0.16717532467532442,11.765626725535373,11.766990654416594,260.5726281564805,0.21595588063398724,0.8723785605469772,999.18,-1.61,77.43,False
HAOS / PANGAEA,HAOS_Flight_02,HAOS_Flight_02_seg00,train,10.1594/PANGAEA.918817,CC BY 4.0,fixed-wing UAV,2020-02-27 16:29:11+00:00,708.0,65.02761,24.52229,24.33,383303.723843688,7213819.53050467,-761.2633908739663,-1073.3544357195497,-1.360000000000003,-761.0656162442078,-1073.3555470482588,-0.7601731601731612,-11.502053684384009,-1.857995697190404,0.2348917748917746,0.08681506784711246,0.07851911178943283,-0.08742424242424227,11.651153890032944,11.65352140407103,260.8239343358075,0.3131885002799455,1.154948649569516,999.26,-1.6,77.07,False
HAOS / PANGAEA,HAOS_Flight_02,HAOS_Flight_02_seg00,train,10.1594/PANGAEA.918817,CC BY 4.0,fixed-wing UAV,2020-02-27 16:29:12+00:00,709.0,65.02759,24.52206,25.16,383292.460319931,7213817.93851625,-772.5269146310166,-1074.9464241396636,-0.5300000000000011,-772.525889800658,-1075.1710149311482,-0.6365800865800877,-11.433090311957358,-1.7701391669845634,0.004307359307359426,0.0448671298232739,0.07800109531370936,-0.11001082251082225,11.569310556462128,11.569311358296579,261.1990051570404,0.3468458733993191,0.021331737664974818,999.15,-1.59,77.59,False
HAOS / PANGAEA,HAOS_Flight_02,HAOS_Flight_02_seg00,train,10.1594/PANGAEA.918817,CC BY 4.0,fixed-wing UAV,2020-02-27 16:29:13+00:00,710.0,65.02757,24.52182,25.31,383281.24264991,7213815.97731598,-783.7445846520131,-1076.907624409534,-0.38000000000000256,-783.9317968681225,-1076.895825382228,-0.7515584415584423,-11.412319424737461,-1.7019935065629852,0.014870129870130089,-0.01776574755621141,0.036505433948548216,0.05602813852813848,11.538536152763164,11.538545734596926,261.51762608260617,0.19172264213918483,0.0738391074408361,999.13,-1.58,77.56,False
HAOS / PANGAEA,HAOS_Flight_02,HAOS_Flight_02_seg00,train,10.1594/PANGAEA.918817,CC BY 4.0,fixed-wing UAV,2020-02-27 16:29:14+00:00,711.0,65.02755,24.52158,25.09,383269.741535765,7213814.11841736,-795.2456987969927,-1078.7665230296552,-0.6000000000000014,-795.3505286501329,-1078.5750019442742,-0.6068398268398275,-11.46862180706978,-1.697128299087467,0.11636363636363639,-0.07428543050900771,-0.026978589218458637,-0.055638528138528265,11.593512436581074,11.594096390535478,261.58245044131877,-0.07705438994954047,0.5750562151355035,999.16,-1.56,77.55,False
HAOS / PANGAEA,HAOS_Flight_02,HAOS_Flight_02_seg00,train,10.1594/PANGAEA.918817,CC BY 4.0,fixed-wing UAV,2020-02-27 16:29:15+00:00,712.0,65.02753,24.52133,24.93,383258.07465678,7213812.47924465,-806.9125777820009,-1080.4056957392022,-0.7600000000000016,-806.8690404822621,-1080.2900819804029,-0.5188311688311695,-11.560890285755477,-1.7559506849999025,-0.09640692640692644,-0.07251145539595427,-0.06927003034138579,-0.1774025974025973,11.693483099890596,11.69388050661055,261.36351730270707,-0.2821954144778359,-0.47236437635538253,999.18,-1.57,77.53,False
HAOS / PANGAEA,HAOS_Flight_02,HAOS_Flight_02_seg00,train,10.1594/PANGAEA.918817,CC BY 4.0,fixed-wing UAV,2020-02-27 16:29:16+00:00,713.0,65.02751,24.52109,24.55,383246.474670366,7213810.961427,-818.5125641960185,-1081.9235133891925,-1.1400000000000006,-818.4723092216439,-1082.086903314274,-0.7996536796536804,-11.613644717861689,-1.8356683597702386,-0.23844155844155823,-0.016542158986680988,-0.09223700417265945,-0.028593073593073476,11.757823861573122,11.760241338364205,261.0180596123631,-0.4323805460026364,-1.1617645215385595,999.23,-1.56,77.55,False
HAOS / PANGAEA,HAOS_Flight_02,HAOS_Flight_02_seg00,train,10.1594/PANGAEA.918817,CC BY 4.0,fixed-wing UAV,2020-02-27 16:29:17+00:00,714.0,65.02749,24.52084,25.54,383234.870211288,7213809.12701935,-830.1170232740114,-1083.7579210391268,-0.15000000000000213,-830.0963299179855,-1083.9614186999434,-0.995714285714286,-11.593974603728839,-1.9404246933452214,-0.1535930735930734,0.03657615738472941,-0.12412414713901398,0.04906926406926404,11.755232669005457,11.756236044530109,260.4987562107018,-0.6269519830056808,-0.7485801762081521,999.1,-1.62,77.56,False
HAOS / PANGAEA,HAOS_Flight_02,HAOS_Flight_02_seg00,train,10.1594/PANGAEA.918817,CC BY 4.0,fixed-wing UAV,2020-02-27 16:29:18+00:00,715.0,65.02747,24.5206,24.4,383223.323610856,7213806.93877041,-841.663623705972,-1085.9461699798703,-1.2900000000000027,-841.6602584291015,-1085.9677527009644,-1.1068398268398272,-11.54049240309223,-2.0839166540482665,-0.14030303030303015,0.04353376089318317,-0.12166198533230954,0.03961038961038971,11.727134071325747,11.727973331618783,259.76415564635175,-0.6222011749131166,-0.6854520402140958,999.25,-1.56,78.09,False
HAOS / PANGAEA,HAOS_Flight_02,HAOS_Flight_02_seg00,train,10.1594/PANGAEA.918817,CC BY 4.0,fixed-wing UAV,2020-02-27 16:29:19+00:00,716.0,65.02745,24.52036,23.95,383211.807283284,7213804.68501097,-853.1799512779689,-1088.199929419905,-1.740000000000002,-853.17731472417,-1088.1292520080399,-1.2763203463203463,-11.506907081942472,-2.1837486640098405,-0.07437229437229398,0.03248500228590956,-0.02595076678244368,0.10208874458874473,11.712287087500144,11.712523214841147,259.2543538608756,-0.15368993784580526,-0.3638197455869888,999.31,-1.56,77.65,False
HAOS / PANGAEA,HAOS_Flight_02,HAOS_Flight_02_seg00,train,10.1594/PANGAEA.918817,CC BY 4.0,fixed-wing UAV,2020-02-27 16:29:20+00:00,717.0,65.02742,24.52012,24.55,383200.316844668,7213802.51952113,-864.6703898939886,-1090.3654192592949,-1.1400000000000006,-864.6740725929865,-1090.335250028984,-1.2555844155844151,-11.475522398520411,-2.135818187613154,0.0638744588744593,0.040052220020129425,0.12020044623028525,0.12220779220779204,11.67258898657375,11.672763751399208,259.45677577066016,0.5468722507240052,0.31352944810587474,999.23,-1.56,77.58,False
HAOS / PANGAEA,HAOS_Flight_02,HAOS_Flight_02_seg00,train,10.1594/PANGAEA.918817,CC BY 4.0,fixed-wing UAV,2020-02-27 16:29:21+00:00,718.0,65.0274,24.51988,24.55,383188.893715222,7213800.50403638,-876.0935193399782,-1092.3809040095657,-1.1400000000000006,-876.1283595212108,-1092.4008883832662,-1.1485714285714277,-11.426802641902214,-1.94334777154927,0.1700432900432901,0.3002954515927172,0.27226176816634506,0.05273809523809492,11.590876549173014,11.592123787238371,260.3480983623236,1.1091963478231532,0.8404941551205107,999.23,-1.56,77.85,False
HAOS / PANGAEA,HAOS_Flight_02,HAOS_Flight_02_seg00,train,10.1594/PANGAEA.918817,CC BY 4.0,fixed-wing UAV,2020-02-27 16:29:22+00:00,719.0,65.02738,24.51963,24.48,383177.428585904,7213798.49537535,-887.558648657985,-1094.389565039426,-1.2100000000000009,-887.5276778767909,-1094.2219455720826,-0.9154978354978349,-10.874931495334977,-1.5912946512804638,0.16935064935064914,0.11964463597968233,0.2163471582162515,-0.09669913419913431,10.990739451712175,10.992044092790838,261.67516846630645,0.9808740191609443,0.882771328665495,999.24,-1.55,77.7,False
HAOS / PANGAEA,HAOS_Flight_02,HAOS_Flight_02_seg00,train,10.1594/PANGAEA.918817,CC BY 4.0,fixed-wing UAV,2020-02-27 16:29:23+00:00,720.0,65.02736,24.51939,25.39,383166.047321848,7213796.88293538,-898.9399127140059,-1096.002005009912,-0.3000000000000007,-897.8782225118807,-1095.5834776858271,-0.8098701298701294,-11.187513369942849,-1.510653455116767,-0.023354978354978517,-0.9876718099582718,-0.1676427222712391,-0.132689393939394,11.289044656839046,11.289068815412554,262.3098464006455,-0.10087136990487328,-0.11853436866938907,999.12,-1.56,77.36,False
HAOS / PANGAEA,HAOS_Flight_02,HAOS_Flight_02_seg00,train,10.1594/PANGAEA.918817,CC BY 4.0,fixed-wing UAV,2020-02-27 16:29:24+00:00,721.0,65.02734,24.51916,25.09,383154.781923798,7213795.51251972,-910.205310764024,-1097.3724206695333,-0.6000000000000014,-909.9027046166766,-1097.2432524823162,-0.962207792207792,-12.85027511525152,-1.926580095822942,-0.09602813852813885,-1.3260828770787612,-0.4187947001037742,-0.003863636363636347,12.993894004619001,12.994248835798967,261.4734257264967,-0.9698868692303511,-0.4234224850504415,999.16,-1.59,77.35,False
HAOS / PANGAEA,HAOS_Flight_02,HAOS_Flight_02_seg00,train,10.1594/PANGAEA.918817,CC BY 4.0,fixed-wing UAV,2020-02-27 16:29:25+00:00,722.0,65.02733,24.51892,24.18,383143.529283944,7213794.12033838,-921.4579506180016,-1098.764602009207,-1.5100000000000016,-923.5787727423838,-1099.436637877473,-1.001926406926407,-13.839679124100371,-2.3482428553243153,-0.03108225108225121,-0.2612913514022921,-0.3051523438612662,0.012494588744588975,14.037484203575842,14.037518615195978,260.3700726621848,-1.1075119812097323,-0.12686595892185515,999.28,-1.56,77.73,False
HAOS / PANGAEA,HAOS_Flight_02,HAOS_Flight_02_seg00,train,10.1594/PANGAEA.918817,CC BY 4.0,fixed-wing UAV,2020-02-27 16:29:26+00:00,723.0,65.02731,24.51868,24.55,383132.176812344,7213792.3705773,-932.8104222179973,-1100.5143630895764,-1.1400000000000006,-937.5820628648773,-1101.9397381929648,-1.0243722943722944,-13.372857818056104,-2.5368847835454744,-0.0710389610389609,0.8534928490426523,-0.1017883583638195,0.026028138528138595,13.611359617133362,13.611544995367511,259.25840176407723,-1.1238671015599755,-0.2990293260442943,999.23,-1.57,77.26,False
HAOS / PANGAEA,HAOS_Flight_02,HAOS_Flight_02_seg00,train,10.1594/PANGAEA.918817,CC BY 4.0,fixed-wing UAV,2020-02-27 16:29:27+00:00,724.0,65.02725,24.51821,24.4,383109.78252124,7213787.44325714,-955.2047133219894,-1105.441683249548,-1.2900000000000027,-950.324488378496,-1104.510407444564,-1.144004329004329,-12.132693426015067,-2.5518195720519543,0.020974025974025978,1.2158503659427424,0.0684122508865812,0.15313852813852796,12.398146349272404,12.398164090208768,258.12233845906485,-0.815439722787062,0.09692755573817163,999.25,-1.53,77.82,False
HAOS / PANGAEA,HAOS_Flight_02,HAOS_Flight_02_seg00,train,10.1594/PANGAEA.918817,CC BY 4.0,fixed-wing UAV,2020-02-27 16:29:28+00:00,725.0,65.02723,24.51798,25.09,383098.769900171,7213784.68142185,-966.2173343909672,-1108.2035185396671,-0.6000000000000014,-961.8474497169075,-1107.0433773370687,-0.9824242424242424,-10.94115708617062,-2.400060281772312,0.23523809523809502,1.1626164892845452,0.26237529418153827,0.10155844155844149,11.201303841089329,11.203773681302822,257.6275223185031,0.09991888084166814,1.2030893264434057,999.16,-1.55,77.42,False
HAOS / PANGAEA,HAOS_Flight_02,HAOS_Flight_02_seg00,train,10.1594/PANGAEA.918817,CC BY 4.0,fixed-wing UAV,2020-02-27 16:29:29+00:00,726.0,65.027215,24.51786,24.975,383093.14378523105,7213783.563868015,-971.8434493309469,-1109.3210723744705,-0.7149999999999999,-972.2068025508372,-1109.3105280081086,-0.6735281385281389,-9.807460447445976,-2.027068983688878,0.22409090909090895,1.1073650700699886,0.4533807105582355,-0.06800865800865774,10.014753571249305,10.017260395357,258.3221762207482,1.3309333196557893,1.2818409371258015,999.175,-1.56,77.505,True
HAOS / PANGAEA,HAOS_Flight_02,HAOS_Flight_02_seg00,train,10.1594/PANGAEA.918817,CC BY 4.0,fixed-wing UAV,2020-02-27 16:29:30+00:00,727.0,65.0272,24.51774,24.86,383087.517670291,7213782.44631418,-977.4695642709848,-1110.438626209274,-0.8300000000000018,-981.4623706117994,-1111.0975153044465,-0.5342424242424245,-8.726426946030642,-1.493298860655841,0.09922077922077954,0.28295809449076614,0.34456016586739224,-0.10880952380952358,8.853274463815392,8.853830441942906,260.2893889578147,1.7200191264269657,0.6421007184530719,999.19,-1.57,77.59,False
HAOS / PANGAEA,HAOS_Flight_02,HAOS_Flight_02_seg00,train,10.1594/PANGAEA.918817,CC BY 4.0,fixed-wing UAV,2020-02-27 16:29:31+00:00,728.0,65.02718,24.5175,25.39,383076.030815088,7213780.57186172,-988.9564194739796,-1112.3130786698312,-0.3000000000000007,-989.6596564428985,-1112.2971257294203,-0.4750865800865798,-9.241544258464444,-1.3379486519540933,0.006471861471861795,-1.1386781807202055,-0.07493004046716578,-0.07422077922077941,9.33789306409229,9.337895306835144,261.7622144736021,0.6087880113700547,0.03971027361446482,999.12,-1.62,77.44,False
HAOS / PANGAEA,HAOS_Flight_02,HAOS_Flight_02_seg00,train,10.1594/PANGAEA.918817,CC BY 4.0,fixed-wing UAV,2020-02-27 16:29:32+00:00,729.0,65.02716,24.51725,25.39,383064.364769989,7213778.99877321,-1000.6224645730108,-1113.8861671797931,-0.3000000000000007,-999.9454591287283,-1113.7734126083546,-0.5212987012987009,-11.003783307471053,-1.6431589415901726,-0.049220779220779276,-1.3092814623315974,-0.28035284700456486,-0.062207792207792406,11.1257906858392,11.125899562292185,261.5069649805548,-0.42868845943641787,-0.2534763231605026,999.12,-1.62,77.82,False
HAOS / PANGAEA,HAOS_Flight_02,HAOS_Flight_02_seg00,train,10.1594/PANGAEA.918817,CC BY 4.0,fixed-wing UAV,2020-02-27 16:29:33+00:00,730.0,65.02714,24.51701,25.01,383052.710459316,7213777.36714929,-1012.2767752460204,-1115.5177910998464,-0.6799999999999997,-1011.6672230578406,-1115.5834436126006,-0.5735281385281383,-11.860107183127639,-1.898654345963223,-0.11794372294372302,-0.343624577492335,-0.15753029248861594,-0.09964826839826835,12.011121126719223,12.011700189502845,260.9048375547293,-0.5078007508275102,-0.5626003007153312,999.17,-1.62,77.96,False
HAOS / PANGAEA,HAOS_Flight_02,HAOS_Flight_02_seg00,train,10.1594/PANGAEA.918817,CC BY 4.0,fixed-wing UAV,2020-02-27 16:29:34+00:00,731.0,65.02712,24.51676,24.78,383041.246104605,7213775.51704389,-1023.7411299570231,-1117.3678964991122,-0.9100000000000001,-1023.6656734949836,-1117.570721300281,-0.757186147186147,-11.691032462455723,-1.9582195265674045,-0.24851731601731597,0.2209452352686867,0.00351228320255359,-0.06489177489177483,11.853896564101756,11.856501364600936,260.49136347889976,-0.15573075112277213,-1.2010318843003114,999.2,-1.54,77.39,False
HAOS / PANGAEA,HAOS_Flight_02,HAOS_Flight_02_seg00,train,10.1594/PANGAEA.918817,CC BY 4.0,fixed-wing UAV,2020-02-27 16:29:35+00:00,732.0,65.0271,24.51653,24.86,383029.99552276,7213773.27472235,-1034.991711802024,-1119.6102180397138,-0.8300000000000018,-1035.049287982752,-1119.4998826657354,-1.0705627705627703,-11.418216712590265,-1.8916297795581158,-0.24772727272727268,0.13778482614259246,0.014914273189674532,0.0560443722943722,11.573847075133951,11.576497955782639,260.59337605248373,-0.039850403881479084,-1.226174854380219,999.19,-1.55,77.82,False
HAOS / PANGAEA,HAOS_Flight_02,HAOS_Flight_02_seg00,train,10.1594/PANGAEA.918817,CC BY 4.0,fixed-wing UAV,2020-02-27 16:29:36+00:00,733.0,65.02708,24.51629,24.4,383018.879511967,7213771.08917464,-1046.1077225949848,-1121.7957657491788,-1.2900000000000027,-1046.5021069201641,-1121.3539808593973,-1.2526406926406923,-11.415462810170538,-1.9283909801880554,-0.13642857142857157,0.17590701296569478,-0.2236504183600232,0.10726190476190473,11.577196678939911,11.578000505180476,260.4116626711368,-1.2637236499268705,-0.67515649597976,999.25,-1.56,77.77,False
HAOS / PANGAEA,HAOS_Flight_02,HAOS_Flight_02_seg00,train,10.1594/PANGAEA.918817,CC BY 4.0,fixed-wing UAV,2020-02-27 16:29:37+00:00,734.0,65.02705,24.51606,24.18,383007.835709909,7213768.88297952,-1057.151524653018,-1124.0019608698785,-1.5100000000000016,-1057.8802136030931,-1123.3566646261115,-1.3434199134199134,-11.066402686658876,-2.3389306162781622,-0.033203463203463235,0.766714633648462,-0.6706649378201064,0.07612554112554137,11.310873743926864,11.310922478782304,258.06592875263,-4.359883472734166,-0.16819327005709722,999.28,-1.56,78.14,False
HAOS / PANGAEA,HAOS_Flight_02,HAOS_Flight_02_seg00,train,10.1594/PANGAEA.918817,CC BY 4.0,fixed-wing UAV,2020-02-27 16:29:38+00:00,735.0,65.02703,24.51583,24.25,382997.007136545,7213767.00034258,-1067.9800980169675,-1125.8845978099853,-1.4400000000000013,-1068.6349122934819,-1126.0318420919536,-1.3190476190476188,-9.882033542873614,-3.269720855828268,0.015822510822511182,1.7685869795848248,-1.1508174803666975,0.050119047619047674,10.408922202491361,10.40893422831398,251.69189572566847,-9.856560964379174,0.08709474194703114,999.27,-1.57,77.45,False
HAOS / PANGAEA,HAOS_Flight_02,HAOS_Flight_02_seg00,train,10.1594/PANGAEA.918817,CC BY 4.0,fixed-wing UAV,2020-02-27 16:29:39+00:00,736.0,65.027,24.51562,24.55,382986.891126301,7213763.98712541,-1078.096108260972,-1128.8978149797767,-1.1400000000000006,-1077.6442806888404,-1129.896106337768,-1.311774891774891,-7.529228727489226,-4.640565577011557,0.06703463203463211,2.8579589053207997,-1.4617284377360988,0.09542207792207752,8.844440858832945,8.844694892831841,238.35280682387162,-18.8816982709029,0.43425333661695575,999.23,-1.55,77.65,False
HAOS / PANGAEA,HAOS_Flight_02,HAOS_Flight_02_seg00,train,10.1594/PANGAEA.918817,CC BY 4.0,fixed-wing UAV,2020-02-27 16:29:40+00:00,737.0,65.02695,24.51548,24.55,382980.064367554,7213758.34710638,-1084.9228670080192,-1134.5378340091556,-1.1400000000000006,-1083.6933697484603,-1135.3129732459768,-1.1849783549783546,-4.166115732232015,-6.193177731300466,0.20666666666666622,3.5775673062988176,-1.4762388201998533,0.1012662337662334,7.464045197198841,7.466905772603415,213.9284991838627,-27.766119287218743,1.5860170829085867,999.23,-1.55,77.65,False
HAOS / PANGAEA,HAOS_Flight_02,HAOS_Flight_02_seg00,train,10.1594/PANGAEA.918817,CC BY 4.0,fixed-wing UAV,2020-02-27 16:29:41+00:00,738.0,65.02688,24.51543,24.86,382977.546206702,7213750.59514531,-1087.4410278599826,-1142.2897950792685,-0.8300000000000018,-1085.9765121533044,-1142.282461800369,-0.8984415584415586,-0.37409411489159083,-7.593043217411264,0.2695670995670989,3.6326049537628364,-1.1557753134581503,-0.005746753246753222,7.602253067891895,7.607030835315494,182.82056824943413,-26.97503400048484,2.030791222844859,999.19,-1.57,77.7,False
HAOS / PANGAEA,HAOS_Flight_02,HAOS_Flight_02_seg00,train,10.1594/PANGAEA.918817,CC BY 4.0,fixed-wing UAV,2020-02-27 16:29:42+00:00,739.0,65.0268,24.51549,24.63,382979.976718312,7213741.96549319,-1085.0105162499822,-1150.9194471994415,-1.0600000000000023,-1084.4415579782435,-1150.4990596807993,-0.6458441558441568,3.099094175293658,-8.504728358216767,0.19517316017315978,2.941648413144094,-0.6017038231419178,-0.07756493506493475,9.051783755392941,9.053887657622415,159.97843118289302,-17.43970719596809,1.235211330547286,999.22,-1.57,77.68,False
HAOS / PANGAEA,HAOS_Flight_02,HAOS_Flight_02_seg00,train,10.1594/PANGAEA.918817,CC BY 4.0,fixed-wing UAV,2020-02-27 16:29:43+00:00,740.0,65.02672,24.51562,25.2,382985.532920104,7213733.2011917,-1079.4543144580093,-1159.6837486894801,-0.490000000000002,-1079.778323802717,-1159.2919185168025,-0.508095238095239,5.509202711396597,-8.7964508636951,0.11443722943722939,1.7208749882714187,-0.10591459390803948,-0.08621212121212092,10.379251529501628,10.37988237853123,147.94115385749797,-8.431369382382686,0.6316933912864986,999.14,-1.6,77.82,False
HAOS / PANGAEA,HAOS_Flight_02,HAOS_Flight_02_seg00,train,10.1594/PANGAEA.918817,CC BY 4.0,fixed-wing UAV,2020-02-27 16:29:44+00:00,741.0,65.02665,24.51577,25.77,382992.266300201,7213724.6081338,-1072.7209343609866,-1168.276806589216,0.0799999999999983,-1073.4231525554503,-1168.0919614081895,-0.416969696969698,6.540844151836495,-8.716557546032845,0.022748917748917935,0.4792550891912697,0.09533025236146386,-0.13145021645021615,10.897752872584137,10.897776616593614,143.11569241812765,-2.4339895779239082,0.11960402272744987,999.07,-1.63,77.95,False
HAOS / PANGAEA,HAOS_Flight_02,HAOS_Flight_02_seg00,train,10.1594/PANGAEA.918817,CC BY 4.0,fixed-wing UAV,2020-02-27 16:29:45+00:00,742.0,65.02658,24.51592,25.16,382998.846855806,7213716.14961251,-1066.140378755983,-1176.7353278798983,-0.5300000000000011,-1066.696635499044,-1176.7250336088682,-0.4625974025974032,6.467712889779136,-8.605790358972172,-0.1484632034632029,-0.36429547844295485,0.04305385051839039,-0.22622294372294338,10.765265334732515,10.76628901014533,143.07317470165015,1.4628307293155316,-0.7901129694301654,999.15,-1.64,77.82,False
HAOS / PANGAEA,HAOS_Flight_02,HAOS_Flight_02_seg00,train,10.1594/PANGAEA.918817,CC BY 4.0,fixed-wing UAV,2020-02-27 16:29:46+00:00,743.0,65.0265,24.51605,24.78,383004.901231504,7213707.6185408,-1060.086003058008,-1185.2663995893672,-0.9100000000000001,-1060.487726775892,-1185.3035421261338,-0.7138961038961038,5.812253194950586,-8.630449844996065,-0.4296969696969688,-0.7156033129489856,-0.09969076232118823,-0.20983766233766218,10.405140639568785,10.414009372713885,146.0413538767587,3.578762016152787,-2.3647774078858586,999.2,-1.59,77.46,False
HAOS / PANGAEA,HAOS_Flight_02,HAOS_Flight_02_seg00,train,10.1594/PANGAEA.918817,CC BY 4.0,fixed-wing UAV,2020-02-27 16:29:47+00:00,744.0,65.02643,24.51616,24.63,383009.925765369,7213698.89014748,-1055.061469193024,-1193.9947929093614,-1.0600000000000023,-1055.072129109143,-1193.9859332988603,-1.3219913419913407,5.036506263881165,-8.805171883614548,-0.5681385281385273,-0.7552471457238426,-0.23068995992002783,0.08980519480519433,10.143837895299313,10.159735657647094,150.2306987339557,4.318840981618769,-3.2056866890803932,999.22,-1.59,77.61,False
HAOS / PANGAEA,HAOS_Flight_02,HAOS_Flight_02_seg00,train,10.1594/PANGAEA.918817,CC BY 4.0,fixed-wing UAV,2020-02-27 16:29:48+00:00,745.0,65.02635,24.51627,24.1,383014.400600032,7213690.04416036,-1050.5866345299874,-1202.8407800300047,-1.5899999999999999,-1050.4147142481297,-1202.913885893363,-1.8501731601731584,4.3017589035029005,-9.09182976483612,-0.25008658008658013,-0.7051017755117073,-0.301625996327175,0.28110389610389563,10.058155801966208,10.06126440534021,154.67903583999623,4.345534160739022,-1.4243121817275763,999.29,-1.64,77.76,False
HAOS / PANGAEA,HAOS_Flight_02,HAOS_Flight_02_seg00,train,10.1594/PANGAEA.918817,CC BY 4.0,fixed-wing UAV,2020-02-27 16:29:49+00:00,746.0,65.02627,24.51636,23.34,383018.551603362,7213680.82516316,-1046.4356311999727,-1212.059777229093,-2.3500000000000014,-1046.468611302137,-1212.1695928285326,-1.822164502164501,3.6263027128577505,-9.408423876268898,-0.005930735930736009,-0.632607845125051,-0.2898017454880346,0.1677705627705628,10.083080442048757,10.083082186239228,158.92176705543375,3.945111155610956,-0.03370062363420461,999.39,-1.6,77.3,False
HAOS / PANGAEA,HAOS_Flight_02,HAOS_Flight_02_seg00,train,10.1594/PANGAEA.918817,CC BY 4.0,fixed-wing UAV,2020-02-27 16:29:50+00:00,747.0,65.02618,24.51644,23.26,383021.961393174,7213671.27957291,-1043.0258413879783,-1221.6053674798459,-2.4299999999999997,-1043.1621088224142,-1221.7307336459007,-1.8620346320346304,3.0365432132527985,-9.67143325581219,0.08545454545454545,-0.5674678138951208,-0.20254085808937816,0.17957792207792167,10.136923394579915,10.13728358027536,162.56925815121815,3.416710340106874,0.4829935697511197,999.4,-1.61,77.77,False
HAOS / PANGAEA,HAOS_Flight_02,HAOS_Flight_02_seg00,train,10.1594/PANGAEA.918817,CC BY 4.0,fixed-wing UAV,2020-02-27 16:29:51+00:00,748.0,65.02609,24.51651,24.4,383024.717428225,7213661.42157359,-1040.269806337019,-1231.4633667999879,-1.2900000000000027,-1040.3955248756315,-1231.512459340157,-1.65125541125541,2.491367085067509,-9.813505592447655,0.35322510822510733,-0.7979707650035834,0.09953906210500918,0.17415584415584368,10.124811206415613,10.130970829226575,165.7551877356475,4.391593860379145,1.9980721377826554,999.25,-1.64,77.75,False
HAOS / PANGAEA,HAOS_Flight_02,HAOS_Flight_02_seg00,train,10.1594/PANGAEA.918817,CC BY 4.0,fixed-wing UAV,2020-02-27 16:29:52+00:00,749.0,65.02601,24.51656,25.31,383026.719578834,7213651.43670845,-1038.2676557279774,-1241.4482319392264,-0.38000000000000256,-1038.1793746522792,-1241.357744830796,-1.1555844155844157,1.4406016832456316,-9.472355131602171,0.4337662337662328,-0.8225750948548693,0.0382558830351627,-0.01709956709956692,9.581275747464955,9.59108951550948,171.35244587197644,4.638932219316069,2.592140818277219,999.13,-1.65,77.68,False
HAOS / PANGAEA,HAOS_Flight_02,HAOS_Flight_02_seg00,train,10.1594/PANGAEA.918817,CC BY 4.0,fixed-wing UAV,2020-02-27 16:29:53+00:00,750.0,65.02592,24.51661,24.1,383028.489627687,7213641.65284214,-1036.4976068749675,-1251.2320982497185,-1.5899999999999999,-1037.5143215091402,-1250.4571696033613,-0.7837229437229445,0.8462168953577702,-9.73699382637733,0.3190259740259735,0.35597469878564425,-0.589568923060142,-0.13262987012986957,9.773695913465856,9.778901235875244,175.03305217427965,-1.3887136003929155,1.8695439702882746,999.29,-1.61,77.57,False
HAOS / PANGAEA,HAOS_Flight_02,HAOS_Flight_02_seg00,train,10.1594/PANGAEA.918817,CC BY 4.0,fixed-wing UAV,2020-02-27 16:29:54+00:00,751.0,65.02583,24.51665,25.47,383029.962974957,7213632.16967666,-1035.0242596049793,-1260.715263729915,-0.22000000000000242,-1036.4869408615637,-1260.8317324835507,-0.5175324675324687,2.15255108081692,-10.651492977722455,0.16850649350649366,1.8001105946567009,-0.37680027946464634,-0.10636363636363594,10.866820087311508,10.868126482901767,168.5750186711906,-9.00135497014673,0.8883865842194125,999.11,-1.64,77.66,False
HAOS / PANGAEA,HAOS_Flight_02,HAOS_Flight_02_seg00,train,10.1594/PANGAEA.918817,CC BY 4.0,fixed-wing UAV,2020-02-27 16:29:55+00:00,752.0,65.02575,24.51668,25.54,383031.127276389,7213623.06913051,-1033.8599581730086,-1269.815809879452,-0.15000000000000213,-1033.2092193475064,-1271.7601555588062,-0.44670995670995717,4.446438084671172,-10.490594385306622,0.10629870129870161,2.0525617917004695,0.6490145366431648,0.028841991341991086,11.394006415560817,11.394502253794979,157.03034223398618,-11.179209270609817,0.5345170119232129,999.1,-1.65,77.5,False
HAOS / PANGAEA,HAOS_Flight_02,HAOS_Flight_02_seg00,train,10.1594/PANGAEA.918817,CC BY 4.0,fixed-wing UAV,2020-02-27 16:29:56+00:00,753.0,65.02567,24.51671,24.93,383032.150600203,7213614.10074052,-1032.8366343589732,-1278.7841998692602,-0.7600000000000016,-1027.5940646922213,-1281.812921254164,-0.3049350649350655,6.257674664217859,-9.353463904436126,0.22619047619047583,1.736344652962913,1.5338643029134005,0.06711038961038929,11.253700689763503,11.25597358500378,146.21660012997097,-11.941510510971973,1.151444780565283,999.18,-1.63,77.59,False
HAOS / PANGAEA,HAOS_Flight_02,HAOS_Flight_02_seg00,train,10.1594/PANGAEA.918817,CC BY 4.0,fixed-wing UAV,2020-02-27 16:29:57+00:00,754.0,65.02554,24.51699,25.85,383044.830035222,7213598.31337391,-1020.1571993399994,-1294.5715664792806,0.16000000000000014,-1020.6938700190707,-1290.4670833676785,0.005670995670994494,7.919127390596998,-7.422865779479821,0.2405194805194802,1.870475485080135,2.480728348849084,0.006006493506493446,10.854101298987226,10.85676584573811,133.14732121204224,-16.251292381546428,1.2694276381948892,999.06,-1.65,77.72,False
HAOS / PANGAEA,HAOS_Flight_02,HAOS_Flight_02_seg00,train,10.1594/PANGAEA.918817,CC BY 4.0,fixed-wing UAV,2020-02-27 16:29:58+00:00,755.0,65.02551,24.51727,25.85,383057.712986277,7213594.48024588,-1007.2742482849862,-1298.4046945096925,0.16000000000000014,-1011.7558099110273,-1296.6586528131236,0.17610389610389485,9.99862563437813,-4.392007206737958,0.23820346320346272,1.9502028180739899,3.5143172055829837,0.053636363636363316,10.920725336738473,10.923322881356375,113.71401536687813,-20.61848654152044,1.249540564241927,999.06,-1.65,77.72,False
HAOS / PANGAEA,HAOS_Flight_02,HAOS_Flight_02_seg00,train,10.1594/PANGAEA.918817,CC BY 4.0,fixed-wing UAV,2020-02-27 16:29:59+00:00,756.0,65.025515,24.517429999999997,26.15,383065.35131539655,7213594.834413005,-999.6359191654483,-1298.0505273845047,0.4599999999999973,-1000.6966187503144,-1299.2510977811544,0.48207792207791994,11.819533026744978,-0.39423136831385364,0.3477922077922068,1.3706016090934838,4.210343662584876,0.034329004329004056,11.826105840135115,11.831218819795316,91.91034812900136,-20.631192660313133,1.684517631567849,999.02,-1.635,77.69,True
HAOS / PANGAEA,HAOS_Flight_02,HAOS_Flight_02_seg00,train,10.1594/PANGAEA.918817,CC BY 4.0,fixed-wing UAV,2020-02-27 16:30:00+00:00,757.0,65.02552,24.51759,26.45,383072.989644516,7213595.18858013,-991.9975900459685,-1297.6963602593169,0.759999999999998,-988.1167438575374,-1297.4471155497513,0.8716883116883085,12.739828852565097,4.028680118431794,0.30686147186147084,0.9853402949699159,3.706810419912358,-0.054025974025973894,13.361642963696408,13.365166166277572,72.45163004625186,-14.443502753908515,1.3156149426466335,998.98,-1.62,77.66,False
HAOS / PANGAEA,HAOS_Flight_02,HAOS_Flight_02_seg00,train,10.1594/PANGAEA.918817,CC BY 4.0,fixed-wing UAV,2020-02-27 16:30:01+00:00,758.0,65.02557,24.51793,27.06,383089.121814735,7213600.56578388,-975.8654198269942,-1292.319156509824,1.3699999999999974,-975.2169610451842,-1291.1937375442908,1.0958008658008616,13.79021361668481,7.019389471510863,0.23974025974025903,1.4739436051649477,2.232238071620884,-0.057196969696969135,15.473907720629482,15.475764780413826,63.02334262118433,-5.441127596457163,0.8876236307871482,998.9,-1.67,77.3,False
HAOS / PANGAEA,HAOS_Flight_02,HAOS_Flight_02_seg00,train,10.1594/PANGAEA.918817,CC BY 4.0,fixed-wing UAV,2020-02-27 16:30:02+00:00,759.0,65.02566,24.51826,26.83,383105.387351193,7213609.22150796,-959.5998833689955,-1283.6634324295446,1.139999999999997,-960.5363166241677,-1283.4083366067296,1.3511688311688266,15.687716062894992,8.493156261673562,0.19246753246753256,1.6010925438906725,1.2897730345224545,-0.05444805194805141,17.83923032406999,17.8402685603741,61.569374853337536,-1.2426336969130627,0.6181404272292541,998.93,-1.66,78.02,False
HAOS / PANGAEA,HAOS_Flight_02,HAOS_Flight_02_seg00,train,10.1594/PANGAEA.918817,CC BY 4.0,fixed-wing UAV,2020-02-27 16:30:03+00:00,760.0,65.02575,24.5186,27.29,383121.834194401,7213619.34648672,-943.1530401610071,-1273.5384536692873,1.5999999999999979,-943.8415289193942,-1274.2074250209437,1.4807359307359267,16.992398704466154,9.598935540555772,0.1308441558441562,0.6355526940316736,0.5811870668871393,-0.04744588744588735,19.516177321475837,19.516615931979764,60.538075227358206,-0.6122312497936072,0.3841277653287333,998.87,-1.71,77.93,False
HAOS / PANGAEA,HAOS_Flight_02,HAOS_Flight_02_seg00,train,10.1594/PANGAEA.918817,CC BY 4.0,fixed-wing UAV,2020-02-27 16:30:04+00:00,761.0,65.02585,24.51895,27.29,383138.566879648,7213629.38524853,-926.4203549139784,-1263.499691859819,1.5999999999999979,-926.5515192152354,-1264.210465525618,1.612857142857139,16.95882145095834,9.65553039544784,0.09757575757575787,-0.13061028674670183,-0.45099087210473954,-0.07532467532467524,19.51488898822901,19.515132929379917,60.34491235375032,0.9981391785830466,0.28648036408035327,998.87,-1.71,77.93,False
HAOS / PANGAEA,HAOS_Flight_02,HAOS_Flight_02_seg00,train,10.1594/PANGAEA.918817,CC BY 4.0,fixed-wing UAV,2020-02-27 16:30:05+00:00,762.0,65.02593,24.5193,27.21,383155.253996222,7213638.25949083,-909.7332383400062,-1254.6254495596513,1.5199999999999996,-909.9238860174776,-1254.896364230048,1.6758874458874424,16.73117813097275,8.696953796346293,-0.01980519480519427,0.0004801237059268715,-1.1353747840875599,-0.1439610389610388,18.85654599830316,18.85655639908476,62.5343535845243,3.062690858064826,-0.060178235059965654,998.88,-1.67,77.09,False
HAOS / PANGAEA,HAOS_Flight_02,HAOS_Flight_02_seg00,train,10.1594/PANGAEA.918817,CC BY 4.0,fixed-wing UAV,2020-02-27 16:30:06+00:00,763.0,65.02601,24.51964,27.21,383171.834393492,7213646.08785315,-893.1528410699684,-1246.7970872391015,1.5199999999999996,-893.0891629532899,-1246.8165579329254,1.5732467532467505,16.959781698370193,7.384780827272721,-0.1903463203463197,0.2271020192175115,-1.328356735503121,-0.15399350649350646,18.497815631128645,18.49879495656127,66.47029406987997,4.050161145848644,-0.5895645249590374,998.88,-1.67,78.42,False
HAOS / PANGAEA,HAOS_Flight_02,HAOS_Flight_02_seg00,train,10.1594/PANGAEA.918817,CC BY 4.0,fixed-wing UAV,2020-02-27 16:30:07+00:00,764.0,65.02608,24.51999,27.37,383188.70968894,7213652.96355349,-876.2775456219679,-1239.9213868994266,1.6799999999999997,-876.0043226207372,-1240.1268025755026,1.295194805194803,17.185382169407774,6.040240325340051,-0.3277922077922072,0.20749381450042392,-1.2698045300362537,-0.13277056277056284,18.215978247035288,18.21892727983599,70.63467587622159,3.9739563063365884,-1.0309126978044254,998.86,-1.67,77.77,False
HAOS / PANGAEA,HAOS_Flight_02,HAOS_Flight_02_seg00,train,10.1594/PANGAEA.918817,CC BY 4.0,fixed-wing UAV,2020-02-27 16:30:08+00:00,765.0,65.02613,24.52036,26.68,383206.098309862,7213658.48401815,-858.8889246999752,-1234.400922239758,0.9899999999999984,-858.7183986144744,-1234.7360772822453,0.9176623376623361,17.37476932737104,4.845171767200213,-0.4558874458874454,0.1835376331567602,-1.070598089888108,-0.14362554112554116,18.037691056036735,18.043451221879515,74.41820668255315,3.420594270096843,-1.447794336318552,998.95,-1.72,78.29,False
HAOS / PANGAEA,HAOS_Flight_02,HAOS_Flight_02_seg00,train,10.1594/PANGAEA.918817,CC BY 4.0,fixed-wing UAV,2020-02-27 16:30:09+00:00,766.0,65.02618,24.52073,25.69,383223.927314691,7213662.55161091,-841.0599198709824,-1230.33332947921,0.0,-841.2547839659951,-1230.4364590411021,0.3834199134199122,17.552457435721294,3.8990441455638347,-0.6150432900432895,0.14555215032612523,-0.794011657346914,-0.09441558441558437,17.980303314512337,17.990819479125754,77.47586441641528,2.567597225328344,-1.9591243487965442,999.08,-1.71,77.79,False
HAOS / PANGAEA,HAOS_Flight_02,HAOS_Flight_02_seg00,train,10.1594/PANGAEA.918817,CC BY 4.0,fixed-wing UAV,2020-02-27 16:30:10+00:00,767.0,65.02621,24.5211,25.62,383241.584896014,7213665.86926104,-823.4023385479813,-1227.0156793491915,-0.07000000000000028,-823.6134837430318,-1226.9379889911177,-0.3124242424242429,17.66587362802329,3.257148452506385,-0.6447186147186141,0.05116956632826941,-0.47718747940871253,0.08252164502164488,17.963632903256332,17.975198724217716,79.55340113320983,1.5274284878480013,-2.055475487321586,999.09,-1.73,78.09,False
HAOS / PANGAEA,HAOS_Flight_02,HAOS_Flight_02_seg00,train,10.1594/PANGAEA.918817,CC BY 4.0,fixed-wing UAV,2020-02-27 16:30:11+00:00,768.0,65.02624,24.52147,24.86,383258.993470124,7213668.73908342,-805.9937644379679,-1224.1458569699898,-0.8300000000000018,-805.9230367099485,-1223.9221621360894,-0.9060173160173159,17.654796568377833,2.9446691867464097,-0.44999999999999973,-0.04176541493126251,-0.1712397997312678,0.18767316017315977,17.89868482571218,17.90434077228702,80.53072139211127,0.5170657102039775,-1.4401991335962232,999.19,-1.7,77.62,False
HAOS / PANGAEA,HAOS_Flight_02,HAOS_Flight_02_seg00,train,10.1594/PANGAEA.918817,CC BY 4.0,fixed-wing UAV,2020-02-27 16:30:12+00:00,769.0,65.02627,24.52184,24.25,383276.52427243,7213671.58123069,-788.4629621320055,-1221.3037096997723,-1.4400000000000013,-788.3038906062761,-1221.0486506176248,-1.2124242424242424,17.582342798160767,2.9146688530438496,-0.2693722943722946,-0.04455643710775803,0.03283256734215456,0.12913419913419888,17.822291457468083,17.82432703436276,80.58753255361779,-0.12768327064478108,-0.8659223492990775,999.27,-1.66,77.53,False
HAOS / PANGAEA,HAOS_Flight_02,HAOS_Flight_02_seg00,train,10.1594/PANGAEA.918817,CC BY 4.0,fixed-wing UAV,2020-02-27 16:30:13+00:00,770.0,65.02631,24.52222,23.95,383294.358057245,7213674.7782683,-770.6291773170233,-1218.106672089547,-1.740000000000002,-770.758351113627,-1218.0928244300017,-1.4447619047619051,17.565683694162317,3.0103343214307188,-0.19173160173160197,0.023403909531680256,0.09135969841725,0.11088744588744598,17.821766365042038,17.8227976865936,80.27535485082171,-0.2762599904818626,-0.6163804172593108,999.31,-1.68,77.66,False
HAOS / PANGAEA,HAOS_Flight_02,HAOS_Flight_02_seg00,train,10.1594/PANGAEA.918817,CC BY 4.0,fixed-wing UAV,2020-02-27 16:30:14+00:00,771.0,65.02634,24.52259,24.4,383311.933414205,7213677.87254361,-753.0538203570177,-1215.0123967798427,-1.2900000000000027,-753.1725232179515,-1215.0279819747634,-1.5958874458874464,17.629150617224127,3.0973882498783496,-0.04759740259740264,0.062494288504581164,0.04272608234532527,0.13769480519480526,17.8991833739771,17.899246659231004,80.03501257265407,-0.10067265320594528,-0.15236023898596032,999.25,-1.66,77.68,False
HAOS / PANGAEA,HAOS_Flight_02,HAOS_Flight_02_seg00,train,10.1594/PANGAEA.918817,CC BY 4.0,fixed-wing UAV,2020-02-27 16:30:15+00:00,772.0,65.02638,24.52295,24.33,383329.397633532,7213680.95967758,-735.5896010299912,-1211.925262809731,-1.360000000000003,-735.5000498791787,-1211.898047930245,-1.5399567099567104,17.69067227117148,3.0957864861213693,0.08365800865800854,0.036345761060431414,-0.04869420448960682,0.03847402597402588,17.959503873260175,17.959698717853254,80.07400954440982,0.17312124969197268,0.26689023173089205,999.26,-1.66,78.02,False
HAOS / PANGAEA,HAOS_Flight_02,HAOS_Flight_02_seg00,train,10.1594/PANGAEA.918817,CC BY 4.0,fixed-wing UAV,2020-02-27 16:30:16+00:00,773.0,65.02641,24.52333,23.95,383347.036236385,7213684.09384311,-717.9509981769952,-1208.791097279638,-1.740000000000002,-717.7911786756085,-1208.8364090025207,-1.4285714285714293,17.70184213934499,2.999999840899136,0.029350649350649127,-0.3815162011941311,-0.1493290141839907,-0.027391774891774856,17.95425337271603,17.954277363132782,80.38125507203802,0.27160102645558365,0.09366398038533279,999.31,-1.71,78.0,False
HAOS / PANGAEA,HAOS_Flight_02,HAOS_Flight_02_seg00,train,10.1594/PANGAEA.918817,CC BY 4.0,fixed-wing UAV,2020-02-27 16:30:17+00:00,774.0,65.02645,24.5237,24.4,383364.878269849,7213687.12353158,-700.1089647129993,-1205.7614088095725,-1.2900000000000027,-700.0963656004888,-1205.8980482484467,-1.4812554112554122,16.927639868783217,2.797128457753388,0.02887445887445883,0.07972140066652855,-0.01675172254658719,0.07008658008658025,17.15718272725429,17.157207024185734,80.61721159732099,0.09441841773082237,0.09642510041658896,999.25,-1.74,77.65,False
HAOS / PANGAEA,HAOS_Flight_02,HAOS_Flight_02_seg00,train,10.1594/PANGAEA.918817,CC BY 4.0,fixed-wing UAV,2020-02-27 16:30:18+00:00,775.0,65.02648,24.52408,24.4,383382.736276509,7213689.97722681,-682.2509580529877,-1202.9077135799453,-1.2900000000000027,-683.9358989380421,-1203.242152087014,-1.3708225108225116,17.861284940678047,2.9664963958059616,0.16952380952380963,1.6220639516417918,0.31523193520888526,0.10672077922077922,18.105954838075295,18.10674843588483,80.57009190749966,-0.1304086282304145,0.5364376024076216,999.25,-1.7,77.55,False
HAOS / PANGAEA,HAOS_Flight_02,HAOS_Flight_02_seg00,train,10.1594/PANGAEA.918817,CC BY 4.0,fixed-wing UAV,2020-02-27 16:30:19+00:00,776.0,65.02651,24.52445,24.4,383400.394448463,7213692.72864526,-664.592786099005,-1200.156295129098,-1.2900000000000027,-664.3737957191327,-1199.9650554568348,-1.142207792207793,20.1717677720668,3.4275923281711584,0.24231601731601726,1.13854330003835,0.2739048553720522,0.011320346320346314,20.460904286427095,20.462339095777356,80.35639434086016,-0.23449047755815247,0.678515273865341,999.25,-1.7,77.55,False
HAOS / PANGAEA,HAOS_Flight_02,HAOS_Flight_02_seg00,train,10.1594/PANGAEA.918817,CC BY 4.0,fixed-wing UAV,2020-02-27 16:30:20+00:00,777.0,65.02654,24.52482,24.33,383417.875767441,7213695.75482283,-647.1114671209943,-1197.1301175598055,-1.360000000000003,-643.5923633939085,-1196.3869674306716,-0.8861904761904771,20.138371540754747,3.514306106550066,0.19216450216450226,-0.6669455999524416,0.0010674418003873143,-0.03692640692640681,20.44270910921583,20.443612276696797,80.10111095238335,-0.3374782233999855,0.5385729751790984,999.26,-1.69,77.84,False
HAOS / PANGAEA,HAOS_Flight_02,HAOS_Flight_02_seg00,train,10.1594/PANGAEA.918817,CC BY 4.0,fixed-wing UAV,2020-02-27 16:30:21+00:00,778.0,65.02658,24.52519,25.62,383435.402067903,7213699.0684829,-629.5851666589733,-1193.8164574895054,-0.07000000000000028,-624.0970526376232,-1192.9364432437346,-0.7578787878787884,18.837876572161917,3.429727211771933,0.16846320346320365,-1.291988167255056,-0.058402565274548124,-0.01563852813852827,19.147548733328133,19.14828980212324,79.6814378940602,-0.5273918959871963,0.5040844473413096,999.09,-1.69,77.74,False
HAOS / PANGAEA,HAOS_Flight_02,HAOS_Flight_02_seg00,train,10.1594/PANGAEA.918817,CC BY 4.0,fixed-wing UAV,2020-02-27 16:30:22+00:00,779.0,65.02665,24.52592,25.09,383470.070040226,7213705.35041123,-594.9171943360125,-1187.5345291597769,-0.6000000000000014,-605.9166102495847,-1189.5275130071277,-0.5492640692640698,17.554395206244635,3.39750097600097,0.16088744588744572,-1.2436343471640612,-0.0539197429854994,-0.06558441558441575,17.880151116222486,17.880874942496423,79.04632716040896,-0.5828428484525394,0.5155394265082192,999.16,-1.7,77.53,False
HAOS / PANGAEA,HAOS_Flight_02,HAOS_Flight_02_seg00,train,10.1594/PANGAEA.918817,CC BY 4.0,fixed-wing UAV,2020-02-27 16:30:23+00:00,780.0,65.026665,24.526094999999998,25.09,383478.461390506,7213707.1229632255,-586.5258440559846,-1185.7619771640748,-0.6000000000000014,-588.9882622251339,-1186.1414412917327,-0.43610389610389694,16.350607877833795,3.3218877258009343,0.03729437229437216,-1.1560772532093324,-0.1234035652294665,-0.1510173160173159,16.68464311987246,16.684684800969787,78.51575219715511,-0.3626694568169718,0.1280702594575175,999.16,-1.705,77.88499999999999,True
HAOS / PANGAEA,HAOS_Flight_02,HAOS_Flight_02_seg00,train,10.1594/PANGAEA.918817,CC BY 4.0,fixed-wing UAV,2020-02-27 16:30:24+00:00,781.0,65.02668,24.52627,25.09,383486.852740786,7213708.89551522,-578.134493776015,-1183.989425169304,-0.6000000000000014,-573.2153944939171,-1182.8837375555258,-0.47467532467532547,15.24224069982597,3.150693845542037,-0.1411471861471861,-1.0620135022050192,-0.19632168783454063,-0.09679653679653666,15.564471505957655,15.565111492948743,78.32098824677502,-0.07516137639842677,-0.5195753914673721,999.16,-1.71,78.24,False
HAOS / PANGAEA,HAOS_Flight_02,HAOS_Flight_02_seg00,train,10.1594/PANGAEA.918817,CC BY 4.0,fixed-wing UAV,2020-02-27 16:30:25+00:00,782.0,65.02672,24.52663,25.31,383503.778280517,7213712.64082123,-561.208954044967,-1180.2441191598773,-0.38000000000000256,-558.503780825482,-1179.8400536006486,-0.7183982683982691,14.226580873423757,2.929244350131853,-0.15629870129870116,0.24325801651588108,-0.02396589160679241,0.03362554112554127,14.525015518437357,14.525856432406101,78.36542944435826,0.25986694710553593,-0.616516401807307,999.13,-1.75,77.8,False
HAOS / PANGAEA,HAOS_Flight_02,HAOS_Flight_02_seg00,train,10.1594/PANGAEA.918817,CC BY 4.0,fixed-wing UAV,2020-02-27 16:30:26+00:00,783.0,65.02676,24.52699,24.86,383521.086339578,7213716.26002761,-543.9008949840209,-1176.6249127797782,-0.8300000000000018,-544.7622327470696,-1177.0252488552621,-0.7872727272727278,15.728756732857732,3.102762062328452,-0.07389610389610357,1.8806286981339895,0.2221821802033901,0.07722943722943731,16.031872029705145,16.032042334369418,78.84072214098609,0.5060898393930098,-0.2640929820107666,999.19,-1.76,78.23,False
HAOS / PANGAEA,HAOS_Flight_02,HAOS_Flight_02_seg00,train,10.1594/PANGAEA.918817,CC BY 4.0,fixed-wing UAV,2020-02-27 16:30:27+00:00,784.0,65.0268,24.52736,24.71,383538.690917791,7213719.49313256,-526.2963167710113,-1173.3918078299612,-0.9800000000000004,-527.0462673597665,-1173.6345294759917,-0.8661904761904763,17.987838269691736,3.373608710538633,-0.0018398268398265305,1.0494260265667776,0.062283217517745015,0.06221861471861467,18.301463366310593,18.301463458788522,79.37760912314428,0.44908139604956665,-0.005759884359623991,999.21,-1.74,78.37,False
HAOS / PANGAEA,HAOS_Flight_02,HAOS_Flight_02_seg00,train,10.1594/PANGAEA.918817,CC BY 4.0,fixed-wing UAV,2020-02-27 16:30:28+00:00,785.0,65.02683,24.52773,24.71,383556.3318277,7213722.55335027,-508.65540686197346,-1170.3315901197493,-0.9800000000000004,-508.7865562076861,-1170.2780314341849,-0.7909523809523809,17.827608785991288,3.227328497363942,0.050541125541125775,-0.3401063515406406,-0.12680524007066651,0.07637445887445879,18.117375203275202,18.117445699149265,79.73888493308522,0.20179278376733456,0.15983472446011027,999.21,-1.74,78.37,False
HAOS / PANGAEA,HAOS_Flight_02,HAOS_Flight_02_seg00,train,10.1594/PANGAEA.918817,CC BY 4.0,fixed-wing UAV,2020-02-27 16:30:29+00:00,786.0,65.02686,24.5281,24.93,383573.765420267,7213725.67053204,-491.22181429498596,-1167.2144083492458,-0.7600000000000016,-491.3910497877839,-1167.1798724812638,-0.7651082251082247,17.307625566610454,3.1199982303973,0.15090909090909105,-0.34330710485991744,-0.022955219787377246,0.1324891774891772,17.586594090717796,17.587241547934376,79.78119469067894,-0.1267495877049801,0.4916382185827839,999.18,-1.74,78.29,False
HAOS / PANGAEA,HAOS_Flight_02,HAOS_Flight_02_seg00,train,10.1594/PANGAEA.918817,CC BY 4.0,fixed-wing UAV,2020-02-27 16:30:30+00:00,787.0,65.0269,24.52846,25.28,383590.921809596,7213728.77344958,-474.0654249659856,-1164.1114908093587,-0.41000000000000014,-474.1713050744652,-1164.0380349733903,-0.48913419913419875,17.140994576271453,3.1814180577891875,0.3155194805194802,-0.13873269303053348,0.04610826378461752,-0.00721861471861493,17.43373499632808,17.436589932231065,79.48538575767526,-0.2313917888619181,1.0368381301101306,999.14,-1.73,78.24,False
HAOS / PANGAEA,HAOS_Flight_02,HAOS_Flight_02_seg00,train,10.1594/PANGAEA.918817,CC BY 4.0,fixed-wing UAV,2020-02-27 16:30:31+00:00,788.0,65.02693,24.52882,25.62,383607.825742584,7213731.95706488,-457.1614919779822,-1160.9278755094856,-0.07000000000000028,-457.109060635241,-1160.8170363656855,-0.1340692640692644,17.030160180549387,3.212214757966535,0.1364718614718612,-0.04992912632593516,-0.00023078877336502046,-0.22971861471861454,17.330455257334354,17.330992585407262,79.31841111295512,-0.029364211590435514,0.4511768415028271,999.09,-1.71,78.19,False
HAOS / PANGAEA,HAOS_Flight_02,HAOS_Flight_02_seg00,train,10.1594/PANGAEA.918817,CC BY 4.0,fixed-wing UAV,2020-02-27 16:30:32+00:00,789.0,65.02697,24.52917,25.16,383624.796665442,7213735.29332295,-440.1905691199936,-1157.5916174398735,-0.5300000000000011,-440.1109847133664,-1157.6136054574572,-0.21619047619047638,17.041136323619583,3.1809564802424575,-0.14391774891774886,0.07335327732550923,-0.030330927834882004,-0.2342748917748916,17.335478399207307,17.336075785708736,79.4266573344944,0.14239514350109522,-0.4756540308538701,999.15,-1.73,77.95,False
HAOS / PANGAEA,HAOS_Flight_02,HAOS_Flight_02_seg00,train,10.1594/PANGAEA.918817,CC BY 4.0,fixed-wing UAV,2020-02-27 16:30:33+00:00,790.0,65.027,24.52953,25.92,383641.919307664,7213738.62786941,-423.0679268980166,-1154.2570709791034,0.23000000000000043,-423.02678798800184,-1154.4551234052005,-0.4219047619047621,17.176866735200406,3.151552902296771,-0.332077922077922,0.14316287847836406,-0.04232727631409716,-0.08951298701298703,17.463591742101894,17.466748761035667,79.6032013999573,0.22095123069337877,-1.089373304064215,999.05,-1.76,78.06,False
HAOS / PANGAEA,HAOS_Flight_02,HAOS_Flight_02_seg00,train,10.1594/PANGAEA.918817,CC BY 4.0,fixed-wing UAV,2020-02-27 16:30:34+00:00,791.0,65.02704,24.5299,25.31,383659.122433632,7213741.62582434,-405.8648009300232,-1151.259116049856,-0.38000000000000256,-405.7572512429656,-1151.3104996528637,-0.8803463203463204,17.32746208057631,3.096301927614263,-0.3229437229437229,0.09587057480172234,-0.06332526416360906,0.1756601731601731,17.601932501312398,17.604894786079992,79.86855979588114,0.25865204433694217,-1.0510912140387194,999.13,-1.74,77.95,False
HAOS / PANGAEA,HAOS_Flight_02,HAOS_Flight_02_seg00,train,10.1594/PANGAEA.918817,CC BY 4.0,fixed-wing UAV,2020-02-27 16:30:35+00:00,792.0,65.02707,24.53026,23.64,383676.486336275,7213744.48462059,-388.5008982869913,-1148.4003197997808,-2.0500000000000007,-388.3718638268492,-1148.262519549972,-1.067792207792208,17.36860788480385,3.024902373969553,0.019242424242424172,-0.014902555803615769,-0.02591148438636992,0.23794372294372293,17.630047482298995,17.630057983427275,80.12050548863118,0.07465874106449337,0.06253580768857193,999.35,-1.67,77.72,False
HAOS / PANGAEA,HAOS_Flight_02,HAOS_Flight_02_seg00,train,10.1594/PANGAEA.918817,CC BY 4.0,fixed-wing UAV,2020-02-27 16:30:36+00:00,793.0,65.0271,24.53063,24.63,383694.052569296,7213747.63512383,-370.93466526601696,-1145.2498165592551,-1.0600000000000023,-371.0200354733579,-1145.2606949049245,-0.8418614718614721,17.29765696896908,3.0444789588415233,0.15294372294372294,-0.09910917062781266,0.07245486586765537,0.09624458874458869,17.563535770082098,17.564201676402522,80.01787727801013,-0.29003632253253486,0.49892051652548436,999.22,-1.71,77.65,False
HAOS / PANGAEA,HAOS_Flight_02,HAOS_Flight_02_seg00,train,10.1594/PANGAEA.918817,CC BY 4.0,fixed-wing UAV,2020-02-27 16:30:37+00:00,794.0,65.02714,24.531,24.48,383711.464090379,7213750.82167208,-353.5231441829819,-1142.063268309459,-1.2100000000000009,-353.77654988891106,-1142.173561632289,-0.7619047619047621,17.170389543548225,3.169812105704864,0.21173160173160155,-0.13289186813523202,0.11928821348755037,0.14383116883116853,17.46052650588359,17.461810219270944,79.54043284356612,-0.4641828824263728,0.6947518215630852,999.24,-1.69,77.9,False
HAOS / PANGAEA,HAOS_Flight_02,HAOS_Flight_02_seg00,train,10.1594/PANGAEA.918817,CC BY 4.0,fixed-wing UAV,2020-02-27 16:30:38+00:00,795.0,65.02717,24.53136,26.23,383728.372477383,7213753.77007555,-336.61475717899157,-1139.114864839241,0.5399999999999991,-336.67925638626144,-1138.9210706935148,-0.418398268398269,17.031873232698615,3.283055385816624,0.44060606060606,-0.1361448900788389,0.08588182897460683,0.00882034632034634,17.345407417557396,17.351002627562995,79.08951151315739,-0.3631390355357055,1.4551079369336206,999.01,-1.75,77.88,False
HAOS / PANGAEA,HAOS_Flight_02,HAOS_Flight_02_seg00,train,10.1594/PANGAEA.918817,CC BY 4.0,fixed-wing UAV,2020-02-27 16:30:39+00:00,796.0,65.02721,24.53171,26.23,383745.141585118,7213757.20123508,-319.84564944397425,-1135.683705309406,0.5399999999999991,-319.71280342351383,-1135.6074508606557,0.11930735930735792,16.898099763390547,3.3415757636540775,0.22937229437229423,-0.11648604456419775,0.07051470680710281,-0.30177489177489125,17.225327404660266,17.226854496604005,78.8141547724947,-0.3050875648698898,0.7629049604881137,999.01,-1.76,77.54,False
HAOS / PANGAEA,HAOS_Flight_02,HAOS_Flight_02_seg00,train,10.1594/PANGAEA.918817,CC BY 4.0,fixed-wing UAV,2020-02-27 16:30:40+00:00,797.0,65.02724,24.53206,24.93,383762.020271074,7213760.79519904,-302.9669634879683,-1132.0897413492203,-0.7600000000000016,-302.88305685948035,-1132.2379191662067,0.040346320346319464,16.79890114357022,3.4240847994308297,-0.16294372294372256,-0.051903068032487454,0.09265748207707247,-0.314772727272727,17.144312069754744,17.14508638070934,78.4793363834176,-0.3371124593293748,-0.5445366656567993,999.18,-1.72,78.01,False
HAOS / PANGAEA,HAOS_Flight_02,HAOS_Flight_02_seg00,train,10.1594/PANGAEA.918817,CC BY 4.0,fixed-wing UAV,2020-02-27 16:30:41+00:00,798.0,65.02728,24.53242,25.54,383778.897477753,7213764.21373177,-286.0897568090004,-1128.67120861914,-0.15000000000000213,-286.1150011363734,-1128.759281261794,-0.20658008658008722,16.794293627325573,3.5268907278082224,-0.40017316017315974,0.020622261771777062,0.053718904389029376,-0.1527922077922077,17.160631009573276,17.165296245764328,78.13992985383595,-0.16156064171071066,-1.335852887015931,999.1,-1.73,77.66,False
HAOS / PANGAEA,HAOS_Flight_02,HAOS_Flight_02_seg00,train,10.1594/PANGAEA.918817,CC BY 4.0,fixed-wing UAV,2020-02-27 16:30:42+00:00,799.0,65.02732,24.53277,25.62,383795.818226114,7213767.4492742,-269.1690084480215,-1125.435666189529,-0.07000000000000028,-269.2944696048292,-1125.1841377105902,-0.76,16.840145667113774,3.5315226082088884,-0.46852813852813796,0.03276227479651084,-0.06335259332252008,0.033149350649350706,17.206456870079364,17.212834648554956,78.15621509999619,0.22897396615246074,-1.5597663893856082,999.09,-1.73,77.81,False
HAOS / PANGAEA,HAOS_Flight_02,HAOS_Flight_02_seg00,train,10.1594/PANGAEA.918817,CC BY 4.0,fixed-wing UAV,2020-02-27 16:30:43+00:00,800.0,65.02736,24.53312,24.1,383812.487979846,7213771.12775746,-252.49925471597817,-1121.7571829296649,-1.5899999999999999,-252.43470980214585,-1121.6962360453763,-1.1436363636363631,16.859818176918594,3.4001855411631823,-0.3338744588744583,0.008916492604598147,-0.15484931873504593,0.0899350649350649,17.199265410856643,17.20250571362726,78.59787778614088,0.5120671079555182,-1.1120937198180423,999.29,-1.71,77.69,False
HAOS / PANGAEA,HAOS_Flight_02,HAOS_Flight_02_seg00,train,10.1594/PANGAEA.918817,CC BY 4.0,fixed-wing UAV,2020-02-27 16:30:44+00:00,801.0,65.02739,24.53348,24.18,383829.281085878,7213774.68438591,-235.7061486839666,-1118.2005544798449,-1.5100000000000016,-235.57483325099201,-1118.3837666282639,-1.4277489177489167,16.85797865232297,3.2218239707387966,-0.28865800865800817,-0.3860307979436328,-0.22823667757972999,0.1010281385281383,17.16308812366248,17.165515354528875,79.18034931590722,0.5164698702554401,-0.9635402644618931,999.28,-1.69,77.57,False
HAOS / PANGAEA,HAOS_Flight_02,HAOS_Flight_02_seg00,train,10.1594/PANGAEA.918817,CC BY 4.0,fixed-wing UAV,2020-02-27 16:30:45+00:00,802.0,65.02743,24.53384,24.02,383846.319101693,7213777.93916794,-218.66813286900287,-1114.945772449486,-1.6700000000000017,-218.7187524974999,-1115.2525881038987,-1.7209523809523795,16.08775658103133,2.9437121860037223,-0.13181818181818172,-0.09608367432044673,-0.11181444267424467,0.24784632034632004,16.35485717591394,16.355388386632754,79.63081752665175,0.31058738414407294,-0.4617870925260896,999.3,-1.69,77.92,False
HAOS / PANGAEA,HAOS_Flight_02,HAOS_Flight_02_seg00,train,10.1594/PANGAEA.918817,CC BY 4.0,fixed-wing UAV,2020-02-27 16:30:46+00:00,803.0,65.02746,24.53419,23.87,383863.259136067,7213780.74095458,-201.72809849499026,-1112.1439858097583,-1.8200000000000003,-203.39932008892936,-1112.4963422562564,-1.69138528138528,16.665811303682077,2.998195085390307,0.2070346320346319,1.6219450719021964,0.2768291917930128,0.20999999999999996,16.93335289244265,16.93461849345469,79.80152408419536,0.05723877135042141,0.7004885375886309,999.32,-1.71,77.88,False
HAOS / PANGAEA,HAOS_Flight_02,HAOS_Flight_02_seg00,train,10.1594/PANGAEA.918817,CC BY 4.0,fixed-wing UAV,2020-02-27 16:30:47+00:00,804.0,65.02749,24.53455,24.1,383880.090735707,7213783.40037787,-184.89649885497056,-1109.4845625199378,-1.5899999999999999,-185.38712989013575,-1109.256197933118,-1.3068831168831156,19.33164672483572,3.497370569589748,0.2881818181818182,2.1358743213365727,0.42241070614176124,-0.011645021645021625,19.645461714983544,19.647575289465486,79.74529506935261,-0.10109978224139486,0.8404189204618672,999.29,-1.72,77.66,False
HAOS / PANGAEA,HAOS_Flight_02,HAOS_Flight_02_seg00,train,10.1594/PANGAEA.918817,CC BY 4.0,fixed-wing UAV,2020-02-27 16:30:48+00:00,805.0,65.02752,24.5349,24.86,383896.968008953,7213786.45423233,-168.01922560902312,-1106.4307080591097,-0.8300000000000018,-164.73602663925791,-1105.501601117077,-1.1150216450216437,20.937559946355222,3.8430164976738297,0.18374458874458865,0.4879503355913961,0.1498619878898353,-0.060909090909091024,21.287324686503275,21.28811768058662,79.59932451971258,-0.16806830896976477,0.4945444367287319,999.19,-1.76,77.6,False
HAOS / PANGAEA,HAOS_Flight_02,HAOS_Flight_02_seg00,train,10.1594/PANGAEA.918817,CC BY 4.0,fixed-wing UAV,2020-02-27 16:30:49+00:00,806.0,65.02756,24.53526,25.01,383914.033799653,7213790.05066281,-150.9534349089954,-1102.8342775795609,-0.6799999999999997,-143.5120099974253,-1101.5701649377704,-0.9393939393939383,20.307547396018514,3.7970945453694185,0.16636363636363616,-1.2429761761652536,-0.18370202369277422,-0.03764069264069261,20.659487124031237,20.660156947310846,79.40915845141308,-0.13338806118287166,0.46137293464879814,999.17,-1.75,77.23,False
HAOS / PANGAEA,HAOS_Flight_02,HAOS_Flight_02_seg00,train,10.1594/PANGAEA.918817,CC BY 4.0,fixed-wing UAV,2020-02-27 16:30:50+00:00,807.0,65.02763,24.53598,25.01,383948.307088918,7213796.70261248,-116.68014564400073,-1096.182327909395,-0.6799999999999997,-124.12093184722089,-1097.907412026338,-0.7822943722943714,18.451607594024715,3.4756124502882813,0.10846320346320343,-1.8748887536461503,-0.39000313019164423,-0.08949134199134182,18.776093968354264,18.776407243532372,79.33254839734684,0.1319702276398127,0.3309748383922865,999.17,-1.75,77.23,False
HAOS / PANGAEA,HAOS_Flight_02,HAOS_Flight_02_seg00,train,10.1594/PANGAEA.918817,CC BY 4.0,fixed-wing UAV,2020-02-27 16:30:51+00:00,808.0,65.02766,24.53634,24.55,383965.130718165,7213799.44101667,-99.85651639697608,-1093.4439237192273,-1.1400000000000006,-106.60879480937588,-1094.6189400371939,-0.7224675324675315,16.557769888726213,3.01708828498613,-0.012619047619047474,-1.8980751785641559,-0.5106205865478728,-0.1403246753246753,16.83040597868658,16.830410709420367,79.6730989066927,0.5801342550770989,-0.04295903708303037,999.23,-1.69,77.66,False
HAOS / PANGAEA,HAOS_Flight_02,HAOS_Flight_02_seg00,train,10.1594/PANGAEA.918817,CC BY 4.0,fixed-wing UAV,2020-02-27 16:30:52+00:00,809.0,65.027675,24.536515,24.78,383973.442183643,7213800.802577525,-91.54505091899773,-1092.0823628641665,-0.9100000000000001,-91.00539206976846,-1091.8732354563658,-0.8075324675324663,14.655457236896403,2.4543712771925357,-0.17218614718614716,-1.9000365344584011,-0.5231881185779343,-0.08343073593073602,14.859554676665343,14.860552252796317,80.49281690750104,0.7728452448832321,-0.6638892093344496,999.2,-1.72,77.81,True
HAOS / PANGAEA,HAOS_Flight_02,HAOS_Flight_02_seg00,train,10.1594/PANGAEA.918817,CC BY 4.0,fixed-wing UAV,2020-02-27 16:30:53+00:00,810.0,65.02769,24.53669,25.01,383981.753649121,7213802.16413838,-83.23358544101939,-1090.7208020091057,-0.6799999999999997,-77.29788033558307,-1089.7101974828088,-1.0668398268398258,12.75769681980941,1.9707120478302613,-0.17948051948051952,-0.6878888082327208,-0.17276147176471568,0.09678571428571434,12.909009804072443,12.910257448188688,81.21878939645916,0.2419046295059112,-0.7965609972794909,999.17,-1.75,77.96,False
HAOS / PANGAEA,HAOS_Flight_02,HAOS_Flight_02_seg00,train,10.1594/PANGAEA.918817,CC BY 4.0,fixed-wing UAV,2020-02-27 16:30:54+00:00,811.0,65.02772,24.53704,24.78,383998.48872965,7213804.93116867,-66.49850491201505,-1087.953771719709,-0.9100000000000001,-65.48999843014964,-1087.9318113607053,-1.1664935064935054,13.279679620430962,2.1088483336631043,0.021385281385281507,1.5351744317891232,0.3412832808227222,0.0501190476190477,13.446082407738064,13.446099413805587,80.97662616651286,-0.36744422947035127,0.0911258236260161,999.2,-1.71,77.55,False
HAOS / PANGAEA,HAOS_Flight_02,HAOS_Flight_02_seg00,train,10.1594/PANGAEA.918817,CC BY 4.0,fixed-wing UAV,2020-02-27 16:30:55+00:00,812.0,65.02775,24.5374,24.25,384015.331090474,7213807.48662322,-49.656144088017754,-1085.398317169398,-1.4400000000000013,-50.73852109472115,-1085.4925008154826,-1.0240692640692628,15.828045683387657,2.6532786094757057,-0.07924242424242411,1.9470258616658107,0.42074633841468767,-0.12686147186147195,16.048891473709578,16.04908710477664,80.48390093751846,-0.3622667790270936,-0.2828992631052091,999.27,-1.72,77.23,False
HAOS / PANGAEA,HAOS_Flight_02,HAOS_Flight_02_seg00,train,10.1594/PANGAEA.918817,CC BY 4.0,fixed-wing UAV,2020-02-27 16:30:56+00:00,813.0,65.02778,24.53775,23.8,384032.136011933,7213810.19177131,-32.851222629018594,-1082.693169079721,-1.8900000000000006,-33.833907063374326,-1082.6252541417539,-1.3249783549783536,17.173731343762583,2.9503410104924797,-0.2323376623376624,0.6273253041049802,0.18097302066036036,-0.011049783549783643,17.42531378041518,17.426862630297734,80.25209260845867,-0.24696690383669426,-0.7638989384891639,999.33,-1.71,77.85,False
HAOS / PANGAEA,HAOS_Flight_02,HAOS_Flight_02_seg00,train,10.1594/PANGAEA.918817,CC BY 4.0,fixed-wing UAV,2020-02-27 16:30:57+00:00,814.0,65.02782,24.5381,25.01,384048.618949799,7213813.31315511,-16.368284763011616,-1079.5717852795497,-0.6799999999999997,-16.39105840719598,-1079.5918187944976,-1.4887445887445876,17.082696291597617,3.0152246507964264,-0.1013419913419914,-0.2166180237056139,0.04118210257195187,0.18194805194805197,17.346760282131456,17.34705630604059,79.98996712984507,-0.26021045763704276,-0.33472546107296786,999.17,-1.72,77.37,False
HAOS / PANGAEA,HAOS_Flight_02,HAOS_Flight_02_seg00,train,10.1594/PANGAEA.918817,CC BY 4.0,fixed-wing UAV,2020-02-27 16:30:58+00:00,815.0,65.02785,24.53844,24.78,384065.006931081,7213816.4043057,0.019696519011631608,-1076.480634689331,-0.9100000000000001,0.33148551982090646,-1076.594804840161,-1.5276623376623364,16.740495296351355,3.0327052156363834,0.13155844155844154,-0.15245454411881276,0.02994850553170636,0.21291125541125513,17.01297985927539,17.01348851105073,79.73167169318458,-0.18808099076281243,0.44304955889474357,999.2,-1.72,77.88,False
HAOS / PANGAEA,HAOS_Flight_02,HAOS_Flight_02_seg00,train,10.1594/PANGAEA.918817,CC BY 4.0,fixed-wing UAV,2020-02-27 16:30:59+00:00,816.0,65.02788,24.5388,23.11,384081.994831193,7213819.37835469,17.00759663101053,-1073.506585699506,-2.580000000000002,17.08993218550673,-1073.5264083632248,-1.2256277056277045,16.777787203359992,3.075121661859839,0.32448051948051887,0.03689152371367399,0.02307853334406218,0.0355194805194802,17.057271665670036,17.06035768335448,79.61380514831944,-0.05407416124063597,1.0898063049375246,999.42,-1.72,78.19,False
HAOS / PANGAEA,HAOS_Flight_02,HAOS_Flight_02_seg00,train,10.1594/PANGAEA.918817,CC BY 4.0,fixed-wing UAV,2020-02-27 16:31:00+00:00,817.0,65.02792,24.53916,24.86,384099.020564905,7213822.44472806,34.03333034302341,-1070.4402123298496,-0.8300000000000018,33.88705992654089,-1070.4445615164414,-0.8787012987012986,16.814278343778703,3.0788622823245078,0.20259740259740194,0.01882944276742471,0.03211269865630584,-0.05816017316017302,17.093839509472,17.09504006673062,79.62352337070331,-0.09442781621547408,0.6790418629018978,999.19,-1.77,78.55,False
HAOS / PANGAEA,HAOS_Flight_02,HAOS_Flight_02_seg00,train,10.1594/PANGAEA.918817,CC BY 4.0,fixed-wing UAV,2020-02-27 16:31:01+00:00,818.0,65.02795,24.53951,25.01,384115.834986018,7213825.5477623,50.8477514560218,-1067.337178089656,-0.6799999999999997,50.71848887306413,-1067.3686837985758,-0.8204329004329006,16.81544608889484,3.139347059172451,0.20816017316017282,-0.025080087871618417,0.05288150402202518,0.05008658008658032,17.105985125869353,17.107251613983866,79.4249495158885,-0.18982627497931404,0.697189354708347,999.17,-1.73,78.31,False
HAOS / PANGAEA,HAOS_Flight_02,HAOS_Flight_02_seg00,train,10.1594/PANGAEA.918817,CC BY 4.0,fixed-wing UAV,2020-02-27 16:31:02+00:00,819.0,65.02798,24.53986,26.0,384132.528429208,7213828.66307544,67.54119464597898,-1064.2218649499118,0.3099999999999987,67.51795210433058,-1064.1658673980965,-0.462380952380953,16.764118168035466,3.184625290368558,0.3027705627705626,-0.023537065474863894,-0.027760531787578202,-0.14075757575757544,17.06392382167454,17.066609686917676,79.24387082074469,0.07718974257920866,1.0165103559112625,999.04,-1.79,77.73,False
HAOS / PANGAEA,HAOS_Flight_02,HAOS_Flight_02_seg00,train,10.1594/PANGAEA.918817,CC BY 4.0,fixed-wing UAV,2020-02-27 16:31:03+00:00,820.0,65.02802,24.54021,25.31,384149.162241802,7213831.98449512,84.17500724003185,-1060.9004452694207,-0.38000000000000256,84.24672520913506,-1060.9994332178387,-0.21489177489177552,16.768371957945114,3.0838259955972944,-0.07335497835497806,0.0796899033050309,-0.01925631390605531,-0.31038961038961016,17.04958301223586,17.04974081456874,79.57932900104691,0.11247339209555679,-0.24651070525865063,999.13,-1.76,77.17,False
HAOS / PANGAEA,HAOS_Flight_02,HAOS_Flight_02_seg00,train,10.1594/PANGAEA.918817,CC BY 4.0,fixed-wing UAV,2020-02-27 16:31:04+00:00,821.0,65.02806,24.54057,24.71,384165.858138811,7213835.44235826,100.87090424902271,-1057.4425821295008,-0.9800000000000004,101.0546960202208,-1057.9982154069019,-0.6090909090909091,16.923497974645528,3.1461126625564475,-0.31800865800865774,0.14636976073616026,0.4003358571417266,-0.0163203463203464,17.213448480282192,17.216385744107203,79.4688176049358,-1.2029290711395804,-1.05838649810671,999.21,-1.74,77.46,False
HAOS / PANGAEA,HAOS_Flight_02,HAOS_Flight_02_seg00,train,10.1594/PANGAEA.918817,CC BY 4.0,fixed-wing UAV,2020-02-27 16:31:05+00:00,822.0,65.02809,24.54092,25.39,384182.672696342,7213839.15772728,117.68546177999815,-1053.7272131098434,-0.3000000000000007,118.09372115842612,-1054.7072078927258,-0.850909090909091,17.061111479417434,3.8844977098807476,-0.10599567099567087,-0.06194632592685423,1.2243125346003012,0.3017748917748916,17.497738350174803,17.498059391070996,77.17347085876776,-3.944008165247683,-0.34707515849597287,999.12,-1.75,78.05,False
HAOS / PANGAEA,HAOS_Flight_02,HAOS_Flight_02_seg00,train,10.1594/PANGAEA.918817,CC BY 4.0,fixed-wing UAV,2020-02-27 16:31:06+00:00,823.0,65.02813,24.54127,24.55,384199.561846826,7213842.68421833,134.57461226399755,-1050.200722059235,-1.1400000000000006,135.17691897905567,-1050.2292199871404,-0.8210822510822509,16.79960532279182,5.59473773175705,0.2855411255411255,-0.6525668925008645,2.2022221261026402,0.37366883116883076,17.706717066941607,17.70901925638731,71.58080127444043,-7.460768609668691,0.923880093105578,999.23,-1.75,77.57,False
HAOS / PANGAEA,HAOS_Flight_02,HAOS_Flight_02_seg00,train,10.1594/PANGAEA.918817,CC BY 4.0,fixed-wing UAV,2020-02-27 16:31:07+00:00,824.0,65.02819,24.54162,24.71,384216.212578735,7213848.17144618,151.22534417302813,-1044.7134942095727,-0.9800000000000004,151.69293180400976,-1043.5177324292117,-0.27982683982684,15.755977694415705,8.288941962086028,0.6413419913419907,-1.5509392271413986,3.0555889872082957,0.19314935064935027,17.803297221519273,17.814845256347706,62.251933639430376,-11.048805306971929,2.063118191394,999.21,-1.75,78.13,False
HAOS / PANGAEA,HAOS_Flight_02,HAOS_Flight_02_seg00,train,10.1594/PANGAEA.918817,CC BY 4.0,fixed-wing UAV,2020-02-27 16:31:08+00:00,825.0,65.02828,24.54195,26.07,384231.894556857,7213857.96284583,166.9073222950101,-1034.922094559297,0.379999999999999,166.68887436788708,-1033.6513360629683,0.46160173160173057,13.697726868509022,11.705915706173641,0.671839826839826,-2.317720418248058,3.2381569805769175,-0.015021645021644936,18.01821811068777,18.03073910402025,49.483190660496575,-12.633246685542698,2.135381092333767,999.03,-1.78,78.16,False
HAOS / PANGAEA,HAOS_Flight_02,HAOS_Flight_02_seg00,train,10.1594/PANGAEA.918817,CC BY 4.0,fixed-wing UAV,2020-02-27 16:31:09+00:00,826.0,65.02841,24.54221,27.37,384244.651077935,7213872.02030661,179.66384337301133,-1020.8646337799728,1.6799999999999997,179.0883855410278,-1020.1059010168644,1.063852813852812,11.12053685791959,14.765255923239863,0.6112987012987008,-3.7050739002198085,3.264477533350828,-0.11516233766233747,18.484564438663895,18.49466973452966,36.98544026834497,-15.229223939828925,1.894124986963685,998.86,-1.8,78.2,False
HAOS / PANGAEA,HAOS_Flight_02,HAOS_Flight_02_seg00,train,10.1594/PANGAEA.918817,CC BY 4.0,fixed-wing UAV,2020-02-27 16:31:10+00:00,827.0,65.02857,24.54238,27.67,384253.270425853,7213889.41040166,188.2831912910333,-1003.4745387295261,1.9800000000000004,188.92994808372626,-1004.1208242164886,1.6841991341991323,6.287579068069405,18.234870772875297,0.4415151515151511,-5.727533705880589,3.0705964020714873,-0.2755194805194805,19.288446351136898,19.29349886023019,19.02474278083872,-18.95108476335105,1.3112791729162587,998.82,-1.82,78.21,False
HAOS / PANGAEA,HAOS_Flight_02,HAOS_Flight_02_seg00,train,10.1594/PANGAEA.918817,CC BY 4.0,fixed-wing UAV,2020-02-27 16:31:11+00:00,828.0,65.02874,24.54244,27.67,384257.289977998,7213908.8304435,192.30274343601195,-984.054496889934,1.9800000000000004,191.66354367716661,-983.6361594711138,1.9468831168831142,-0.3345305538415886,20.906448727382838,0.06025974025973979,-5.7875906183447015,0.9826660044672622,-0.33831168831168823,20.90912501952535,20.909211853114815,359.0832707416429,-16.846683041910595,0.1651249982619544,998.82,-1.82,78.21,False
HAOS / PANGAEA,HAOS_Flight_02,HAOS_Flight_02_seg00,train,10.1594/PANGAEA.918817,CC BY 4.0,fixed-wing UAV,2020-02-27 16:31:12+00:00,829.0,65.02892,24.54241,27.14,384256.578586293,7213928.87785725,191.59135173098184,-964.0070831393823,1.4499999999999993,188.26088697604308,-962.3079267617229,1.8047186147186118,-5.287602168619998,20.20020278180982,-0.23510822510822538,-4.153287633801831,-1.6903936486102396,-0.19772727272727258,20.880778939489595,20.882102504234236,345.3313766970175,-12.664539471068046,-0.6450975726918385,998.89,-1.83,77.74,False
HAOS / PANGAEA,HAOS_Flight_02,HAOS_Flight_02_seg00,train,10.1594/PANGAEA.918817,CC BY 4.0,fixed-wing UAV,2020-02-27 16:31:13+00:00,830.0,65.02909,24.54228,27.14,384250.871122561,7213947.5250401,185.88388799899258,-945.3599002892151,1.4499999999999993,181.08833933992662,-943.2357539074942,1.4766666666666635,-8.641105821445251,17.52566143016236,-0.3351948051948054,-2.8717593675071242,-2.9039679248010657,-0.04703463203463179,19.540151442148435,19.543026222658685,333.75419179950677,-11.400079002310646,-0.982764347072823,998.89,-1.83,78.28,False
HAOS / PANGAEA,HAOS_Flight_02,HAOS_Flight_02_seg00,train,10.1594/PANGAEA.918817,CC BY 4.0,fixed-wing UAV,2020-02-27 16:31:14+00:00,831.0,65.02932,24.54177,26.99,384228.177551057,7213974.61014338,163.19031649501994,-918.2747970093042,1.2999999999999972,170.97867533315258,-927.2566039013982,1.134329004329001,-11.031120903634246,14.39226693220769,-0.32917748917748896,-1.8150794807668547,-2.9664815771101303,0.0569264069264073,18.133476661647524,18.136464199449037,322.53121869239624,-10.191472866228999,-1.0399775999334169,998.91,-1.82,78.29,False
HAOS / PANGAEA,HAOS_Flight_02,HAOS_Flight_02_seg00,train,10.1594/PANGAEA.918817,CC BY 4.0,fixed-wing UAV,2020-02-27 16:31:15+00:00,832.0,65.02937,24.541625,26.57,384221.5017505345,7213979.942083634,156.51451597252162,-912.9428567551076,0.879999999999999,159.02609753265813,-914.4512200430788,0.8183116883116855,-12.27126478297896,11.592698275942098,-0.22134199134199078,-0.6562307010462405,-2.2639552431203356,0.018116883116883337,16.881190499814004,16.882641528153755,313.3712460670488,-6.950583947202736,-0.7512050323274505,998.9649999999999,-1.815,78.33500000000001,True
HAOS / PANGAEA,HAOS_Flight_02,HAOS_Flight_02_seg00,train,10.1594/PANGAEA.918817,CC BY 4.0,fixed-wing UAV,2020-02-27 16:31:16+00:00,833.0,65.02942,24.54148,26.15,384214.825950012,7213985.27402389,149.8387154500233,-907.6109164999798,0.4599999999999973,146.43614576719466,-904.071207349514,0.6916450216450195,-12.343582305726727,9.864356445967019,-0.2929437229437223,0.45583816498098173,-1.007203382270518,-0.09303030303030299,15.800935169518954,15.803650472474805,308.63005079799075,-1.6169969011200505,-1.0621217121436632,999.02,-1.81,78.38,False
HAOS / PANGAEA,HAOS_Flight_02,HAOS_Flight_02_seg00,train,10.1594/PANGAEA.918817,CC BY 4.0,fixed-wing UAV,2020-02-27 16:31:17+00:00,834.0,65.02951,24.54118,25.85,384201.110672138,7213996.12625713,136.12343757599592,-896.7586832595989,0.16000000000000014,134.33893292120467,-894.7225071511448,0.23242424242424098,-11.359588453016997,9.578291511401062,-0.40740259740259677,0.499541090925959,1.1428647578917435,0.006114718614718295,14.858799349183457,14.864383437454281,310.1372522648087,4.1668729983838935,-1.5705577660198666,999.06,-1.82,78.38,False
HAOS / PANGAEA,HAOS_Flight_02,HAOS_Flight_02_seg00,train,10.1594/PANGAEA.918817,CC BY 4.0,fixed-wing UAV,2020-02-27 16:31:18+00:00,835.0,65.02961,24.54089,25.85,384187.913930887,7214008.03695956,122.92669632501202,-884.8479808298871,0.16000000000000014,123.71696886116067,-884.9146243267119,-0.12316017316017402,-11.344500123874809,12.150085961750506,-0.2807142857142857,-0.03655190882216175,3.0386737897695184,0.13354978354978309,16.62294414171335,16.625314206015066,316.96379679475854,6.861787051545695,-0.9674709272365,999.06,-1.82,78.38,False
HAOS / PANGAEA,HAOS_Flight_02,HAOS_Flight_02_seg00,train,10.1594/PANGAEA.918817,CC BY 4.0,fixed-wing UAV,2020-02-27 16:31:19+00:00,836.0,65.02973,24.54062,25.77,384175.752777201,7214022.18606099,110.76554263901198,-870.6988793993369,0.0799999999999983,111.64993267345506,-870.4223352276438,-0.32900432900433035,-11.43269227066132,15.655639090940099,-0.1403030303030306,0.9252680533607673,2.6555652849253306,0.14890692640692632,19.385703183052474,19.386210894388906,323.8608263679001,7.251258216259214,-0.4146680189539795,999.07,-1.78,78.4,False
HAOS / PANGAEA,HAOS_Flight_02,HAOS_Flight_02_seg00,train,10.1594/PANGAEA.918817,CC BY 4.0,fixed-wing UAV,2020-02-27 16:31:20+00:00,837.0,65.02988,24.54038,24.33,384165.197766634,7214038.84013839,100.2105320720002,-854.0448019998148,-1.360000000000003,100.85158431983803,-853.6033461448317,-0.4037662337662352,-9.493964017153274,17.461216531601167,0.01709956709956692,2.1070632029011556,1.5298866820985495,0.13555194805194815,19.875347431490678,19.875354787214693,331.466313227277,7.523731637267447,0.04929386960177519,999.26,-1.77,78.4,False
HAOS / PANGAEA,HAOS_Flight_02,HAOS_Flight_02_seg00,train,10.1594/PANGAEA.918817,CC BY 4.0,fixed-wing UAV,2020-02-27 16:31:21+00:00,838.0,65.03004,24.5402,25.47,384157.191713888,7214057.52361628,92.20447932602838,-835.3613241091371,-0.22000000000000242,92.6620046391485,-835.4999021644414,-0.2948051948051965,-7.218565864859009,18.715412455137198,0.13080086580086572,2.014370326580771,1.104315531905769,-0.0010606060606058176,20.05927108623871,20.059697539536995,338.90828964243497,6.502926326839723,0.3736043706851907,999.11,-1.76,78.4,False
HAOS / PANGAEA,HAOS_Flight_02,HAOS_Flight_02_seg00,train,10.1594/PANGAEA.918817,CC BY 4.0,fixed-wing UAV,2020-02-27 16:31:22+00:00,839.0,65.03022,24.54006,25.58,384151.322955943,7214077.1458047,86.33572138100863,-815.7391356891021,-0.11000000000000298,86.41445259012,-816.1725212345573,-0.14216450216450377,-5.465223363991733,19.669847595412705,0.014978354978355285,1.5206691950804156,0.7426903324838463,-0.17724025974025936,20.414983978565452,20.414989473330667,344.4721658809564,4.704226400759005,0.04203757256035665,999.1,-1.78,78.38,False
HAOS / PANGAEA,HAOS_Flight_02,HAOS_Flight_02_seg00,train,10.1594/PANGAEA.918817,CC BY 4.0,fixed-wing UAV,2020-02-27 16:31:23+00:00,840.0,65.03039,24.53995,25.69,384146.790517465,7214097.09133344,81.80328290298348,-795.7936069499701,0.0,81.73155791116504,-796.160206973616,-0.26484848484848594,-4.177227474698178,20.20079312010489,-0.223679653679653,0.9929843219820427,0.40937354912358614,-0.2642748917748914,20.62816695823093,20.629379647583217,348.316742443953,2.9450672829420226,-0.6212572297079945,999.08,-1.8,78.36,False
HAOS / PANGAEA,HAOS_Flight_02,HAOS_Flight_02_seg00,train,10.1594/PANGAEA.918817,CC BY 4.0,fixed-wing UAV,2020-02-27 16:31:24+00:00,841.0,65.03057,24.53985,25.69,384143.16256567,7214117.06009712,78.17533110798104,-775.8248432697728,0.0,78.05999764072365,-775.7709349943475,-0.5895238095238098,-3.4792547200276474,20.488594693659877,-0.5135714285714275,0.44158929302414407,0.22635827777864392,-0.1584956709956709,20.781908620911178,20.788253450931062,350.3623004468405,1.310709276884103,-1.4156297181328483,999.08,-1.77,78.31,False
HAOS / PANGAEA,HAOS_Flight_02,HAOS_Flight_02_seg00,train,10.1594/PANGAEA.918817,CC BY 4.0,fixed-wing UAV,2020-02-27 16:31:25+00:00,842.0,65.03075,24.53977,24.63,384140.018629141,7214137.41505876,75.03139457898214,-755.4698816295713,-1.0600000000000023,74.77304847110975,-755.1830175862963,-1.291991341991341,-3.2940488886498898,20.65350967566218,-0.5406709956709949,0.04785284701084791,0.13969805542663494,0.04821428571428521,20.914545656157266,20.921533049206662,350.9381609977212,0.19214729305745779,-1.4808482366266593,999.22,-1.73,78.26,False
HAOS / PANGAEA,HAOS_Flight_02,HAOS_Flight_02_seg00,train,10.1594/PANGAEA.918817,CC BY 4.0,fixed-wing UAV,2020-02-27 16:31:26+00:00,843.0,65.03094,24.53968,23.04,384136.665012456,7214158.38045943,71.67777789401589,-734.5044809598476,-2.650000000000002,71.47189986342387,-734.4639156430231,-1.6708658008657995,-3.3835490260059515,20.767990804513147,-0.41714285714285704,-0.11939048439620592,0.09252540135727827,0.14854978354978315,21.041811853253712,21.045946265991315,350.7465950329554,-0.2801076341465225,-1.135709939162187,999.43,-1.7,77.87,False
HAOS / PANGAEA,HAOS_Flight_02,HAOS_Flight_02_seg00,train,10.1594/PANGAEA.918817,CC BY 4.0,fixed-wing UAV,2020-02-27 16:31:27+00:00,844.0,65.03113,24.53959,23.19,384133.204361924,7214179.51825559,68.21712736203335,-713.3666847990826,-2.5,68.00595041909784,-713.64703597727,-2.126277056277055,-3.5328298574423016,20.838560478376735,-0.24357142857142855,-0.12019431540712944,0.013636374951943253,0.2476731601731602,21.13590522340126,21.13730864262092,350.3779457294281,-0.31605546788946987,-0.6602507430803792,999.41,-1.71,78.23,False
HAOS / PANGAEA,HAOS_Flight_02,HAOS_Flight_02_seg00,train,10.1594/PANGAEA.918817,CC BY 4.0,fixed-wing UAV,2020-02-27 16:31:28+00:00,845.0,65.03131,24.53949,23.87,384129.442732478,7214200.23920303,64.45549791603116,-692.6457373593003,-1.8200000000000003,64.40624014853927,-692.7867946862697,-2.1580086580086566,-3.6239376568202104,20.795263554417033,0.07820346320346339,-0.03710275804558982,-0.10352315195711981,0.243138528138528,21.10866908258749,21.108813946307876,350.11448409717644,-0.1474074465428212,0.21226861188287854,999.32,-1.67,77.88,False
HAOS / PANGAEA,HAOS_Flight_02,HAOS_Flight_02_seg00,train,10.1594/PANGAEA.918817,CC BY 4.0,fixed-wing UAV,2020-02-27 16:31:29+00:00,846.0,65.0315,24.53939,24.4,384125.555090471,7214220.72869007,60.56785590900108,-672.1562503194436,-1.2900000000000027,60.75807510545742,-672.0565088684359,-1.9698701298701282,-3.6070353735334812,20.631514174462495,0.24270562770562742,0.06023040409150404,-0.1559298756880878,0.07721861471861435,20.944452280185526,20.9458584770042,350.0831308363425,0.089789494829145,0.6639173728670622,999.25,-1.74,78.22,False
HAOS / PANGAEA,HAOS_Flight_02,HAOS_Flight_02_seg00,train,10.1594/PANGAEA.918817,CC BY 4.0,fixed-wing UAV,2020-02-27 16:31:30+00:00,847.0,65.03168,24.5393,23.34,384121.994298296,7214241.3181191,57.00706373399589,-651.5668212892488,-2.3500000000000014,57.192169401472306,-651.5237663373447,-1.6725974025974018,-3.5034768486372023,20.483403803040858,0.2326406926406921,0.11145128593445186,-0.11262565448944883,-0.03395021645021645,20.78086093951272,20.78216309913956,350.29406308683474,0.25037591174321605,0.6413965749921507,999.39,-1.66,78.02,False
HAOS / PANGAEA,HAOS_Flight_02,HAOS_Flight_02_seg00,train,10.1594/PANGAEA.918817,CC BY 4.0,fixed-wing UAV,2020-02-27 16:31:31+00:00,848.0,65.03186,24.53922,24.63,384118.781911569,7214261.86029346,53.79467700701207,-631.0246469294652,-1.0600000000000023,53.75112140818302,-631.0897012623542,-1.504588744588744,-3.3841328016645775,20.406262865483598,0.17480519480519452,0.0995543632955318,-0.08260600446539001,-0.07686147186147158,20.684968430106846,20.685707041593908,350.58388265982893,0.23436871266244014,0.48418548555120355,999.22,-1.73,78.14,False
HAOS / PANGAEA,HAOS_Flight_02,HAOS_Flight_02_seg00,train,10.1594/PANGAEA.918817,CC BY 4.0,fixed-wing UAV,2020-02-27 16:31:32+00:00,849.0,65.03204,24.53913,23.87,384115.4640856,7214282.12446863,50.47685103799449,-610.760471759364,-1.8200000000000003,50.42390379814315,-610.7112406063775,-1.3229870129870127,-3.3043681220461387,20.318191794110078,0.07891774891774894,0.03168182879568171,-0.11796741089204943,-0.04702380952380936,20.585134599225647,20.585285873150536,350.76280051215963,0.03350847118459795,0.21965519670522335,999.32,-1.66,78.0,False
HAOS / PANGAEA,HAOS_Flight_02,HAOS_Flight_02_seg00,train,10.1594/PANGAEA.918817,CC BY 4.0,fixed-wing UAV,2020-02-27 16:31:33+00:00,850.0,65.03222,24.53904,24.48,384112.145918736,7214302.42079046,47.15868417400634,-590.4641499295831,-1.2100000000000009,47.14238516409074,-590.453317674134,-1.3467532467532461,-3.320769144073214,20.1703280436995,0.0807575757575758,-0.06504309511109874,-0.13861106790591293,-0.026049783549783545,20.441860020523553,20.442019540268557,350.65089960219814,-0.24360577278231288,0.2263514268416167,999.24,-1.71,77.66,False
HAOS / PANGAEA,HAOS_Flight_02,HAOS_Flight_02_seg00,train,10.1594/PANGAEA.918817,CC BY 4.0,fixed-wing UAV,2020-02-27 16:31:34+00:00,851.0,65.0324,24.53895,24.86,384108.79637937,7214322.68967252,43.809144807979465,-570.1952678691596,-0.8300000000000018,43.78236550999672,-570.3705845189785,-1.161471861471861,-3.434454312268336,20.040969658298252,0.026818181818181852,-0.1255397950866044,-0.07008741760634507,-0.07174242424242416,20.333124237752784,20.33314192353867,350.27558896659497,-0.38090455952998725,0.07556968242672772,999.19,-1.74,78.24,False
HAOS / PANGAEA,HAOS_Flight_02,HAOS_Flight_02_seg00,train,10.1594/PANGAEA.918817,CC BY 4.0,fixed-wing UAV,2020-02-27 16:31:35+00:00,852.0,65.03258,24.53886,24.63,384105.272409923,7214342.6146402,40.28517536103027,-550.2703001899645,-1.0600000000000023,40.27347653955407,-550.3713783575375,-1.2931168831168824,-3.571848734246423,20.03015320848681,-0.06272727272727252,-0.11694255616383309,0.047698914430228,-0.04807359307359299,20.346133316573745,20.34623001065642,349.88909048313815,-0.30010750214736986,-0.17664273328247534,999.22,-1.73,77.89,False
HAOS / PANGAEA,HAOS_Flight_02,HAOS_Flight_02_seg00,train,10.1594/PANGAEA.918817,CC BY 4.0,fixed-wing UAV,2020-02-27 16:31:36+00:00,853.0,65.03276,24.53877,23.64,384101.744522768,7214362.49927449,36.75728820601944,-530.3856658991426,-2.0500000000000007,36.63866804150388,-530.3102781020049,-1.2869264069264061,-3.6683394245960024,20.136367487158708,-0.06932900432900413,-0.04350329242596018,0.14650444996651402,-0.020454545454545503,20.467779794397526,20.467897210578055,349.6753739623002,-0.04746893780065451,-0.19407303548591517,999.35,-1.66,77.82,False
HAOS / PANGAEA,HAOS_Flight_02,HAOS_Flight_02_seg00,train,10.1594/PANGAEA.918817,CC BY 4.0,fixed-wing UAV,2020-02-27 16:31:37+00:00,854.0,65.03294,24.53868,24.71,384098.025585251,7214382.55946874,33.03835068899207,-510.3254716498777,-0.9800000000000004,32.93679769036206,-510.0986433832201,-1.4317748917748907,-3.6588553190983433,20.323162108419837,-0.10363636363636353,0.16404700959874763,-0.2644671528193214,0.05362554112554102,20.649894438742443,20.65015449886692,349.79415260753683,0.3283766018134587,-0.2875499632486138,999.21,-1.75,78.12,False
HAOS / PANGAEA,HAOS_Flight_02,HAOS_Flight_02_seg00,train,10.1594/PANGAEA.918817,CC BY 4.0,fixed-wing UAV,2020-02-27 16:31:38+00:00,855.0,65.03312,24.53858,24.1,384094.207568162,7214403.06237522,29.220333600009326,-489.82256517000496,-1.5899999999999999,29.32095740330719,-489.6639538851652,-1.4941991341991332,-3.340245405398507,19.607433181520065,0.03792207792207791,0.1928649316521689,0.027957084526207154,0.11729437229437212,19.889913909719667,19.889950060773252,350.33212716592715,0.5406902680245264,0.10923990885054334,999.29,-1.77,78.06,False
HAOS / PANGAEA,HAOS_Flight_02,HAOS_Flight_02_seg00,train,10.1594/PANGAEA.918817,CC BY 4.0,fixed-wing UAV,2020-02-27 16:31:39+00:00,856.0,65.0333,24.53848,24.25,384090.606109603,7214423.88637338,25.618875041021965,-468.9985670093447,-1.4400000000000013,26.25630687956505,-470.88377702018,-1.3559307359307349,-3.2731254557940055,20.37907627747225,0.1309523809523807,-0.2088900436720298,1.9754194512165242,-0.03616341991341998,20.64025436307409,20.640669773495144,350.87553314358587,0.30219493289315524,0.36350899284306726,999.27,-1.72,77.99,False
HAOS / PANGAEA,HAOS_Flight_02,HAOS_Flight_02_seg00,train,10.1594/PANGAEA.918817,CC BY 4.0,fixed-wing UAV,2020-02-27 16:31:40+00:00,857.0,65.03349,24.5384,24.4,384087.446268295,7214444.76801922,22.45903373300098,-448.11692116968334,-1.2900000000000027,22.77470649171918,-448.9058013302207,-1.2322943722943718,-3.7580254927425667,23.558272083953113,-0.03440476190476205,-0.4333258002823963,2.533551066552448,-0.11844155844155835,23.85613001275914,23.85615482162432,350.9365170317135,-0.05794491677161433,-0.08263059786283516,999.25,-1.72,78.29,False
HAOS / PANGAEA,HAOS_Flight_02,HAOS_Flight_02_seg00,train,10.1594/PANGAEA.918817,CC BY 4.0,fixed-wing UAV,2020-02-27 16:31:41+00:00,858.0,65.03367,24.53832,24.48,384084.574572624,7214465.46732123,19.587338062003255,-427.41761915944517,-1.2100000000000009,18.740255894079915,-423.76723285227376,-1.424740259740259,-4.139777056358798,25.446178410577147,-0.10593073593073599,-0.19494837121421948,0.522441422377284,0.023014069264069126,25.780724384300708,25.780942013434885,350.75964331004263,-0.25309954917474786,-0.23542200919664152,999.24,-1.76,77.87,False
HAOS / PANGAEA,HAOS_Flight_02,HAOS_Flight_02_seg00,train,10.1594/PANGAEA.918817,CC BY 4.0,fixed-wing UAV,2020-02-27 16:31:42+00:00,859.0,65.03386,24.53824,24.55,384081.463825716,7214485.94269151,16.476591154001653,-406.94224887993187,-1.1400000000000006,14.495152379001583,-398.0134445090664,-1.4441558441558437,-4.147922235171006,24.60315492870768,0.011623376623376203,0.09231991164550846,-1.566860967813625,0.10706709956709937,24.95036054479011,24.950363252223465,350.430317933364,-0.4057794037744718,0.02669181372499252,999.23,-1.73,77.75,False
HAOS / PANGAEA,HAOS_Flight_02,HAOS_Flight_02_seg00,train,10.1594/PANGAEA.918817,CC BY 4.0,fixed-wing UAV,2020-02-27 16:31:43+00:00,860.0,65.03422,24.53805,24.02,384073.971999513,7214526.96159426,8.984764950990211,-365.92334612924606,-1.6700000000000017,10.444411423737904,-374.5609229948584,-1.4014935064935066,-3.955137233067781,22.312456474949897,0.10820346320346275,0.21616679822065477,-2.286287656833025,0.08100649350649358,22.660291800392436,22.660550136048812,349.9480845024937,-0.4695007550597668,0.2735867087127894,999.3,-1.72,78.22,False
HAOS / PANGAEA,HAOS_Flight_02,HAOS_Flight_02_seg00,train,10.1594/PANGAEA.918817,CC BY 4.0,fixed-wing UAV,2020-02-27 16:31:44+00:00,861.0,65.03441,24.53794,24.02,384069.933040765,7214547.58282097,4.945806203002576,-345.30211941991,-1.6700000000000017,6.584877912866021,-353.3885315591666,-1.2277489177489183,-3.715588638729696,20.03057961504163,0.17363636363636337,0.3074895309902814,-2.2898827857908373,0.12564935064935065,20.372278189902534,20.373018142473526,349.4913164232444,-0.30771111239333543,0.48832976950377155,999.3,-1.72,78.22,False
HAOS / PANGAEA,HAOS_Flight_02,HAOS_Flight_02_seg00,train,10.1594/PANGAEA.918817,CC BY 4.0,fixed-wing UAV,2020-02-27 16:31:45+00:00,862.0,65.0345,24.537889999999997,24.744999999999997,384067.998669347,7214557.767358664,3.011434785032179,-335.11758172512054,-0.9450000000000038,3.013234146278512,-334.49976376477514,-1.0542207792207798,-3.3401581710872184,17.732690903368223,0.35950216450216405,0.4246477710167036,-2.3213846050545612,0.18083333333333323,18.044527793275137,18.04810862912124,349.332662277707,-0.021448271450188888,1.1413561126770053,999.2049999999999,-1.7149999999999999,77.78,True
HAOS / PANGAEA,HAOS_Flight_02,HAOS_Flight_02_seg00,train,10.1594/PANGAEA.918817,CC BY 4.0,fixed-wing UAV,2020-02-27 16:31:46+00:00,863.0,65.03459,24.53784,25.47,384066.064297929,7214567.95189636,1.077063367003575,-324.93304402939975,-0.22000000000000242,-0.09543842930841608,-317.92314975243016,-0.5087445887445902,-2.866293096696289,15.387810404932509,0.5353030303030298,0.18407231470765484,-0.8845268768365315,0.0409523809523811,15.652486868683775,15.661637670070446,349.4484198803441,0.06054810469841529,1.95870826917123,999.11,-1.71,77.34,False
HAOS / PANGAEA,HAOS_Flight_02,HAOS_Flight_02_seg00,train,10.1594/PANGAEA.918817,CC BY 4.0,fixed-wing UAV,2020-02-27 16:31:47+00:00,864.0,65.03477,24.53775,25.62,384062.468790518,7214588.13720048,-2.5184440439916216,-304.74773990921676,-0.07000000000000028,-2.719352047114066,-303.7241429549101,0.01638528138527983,-2.9720135416719087,15.96363714969516,0.44140692640692625,-0.37400620288395237,1.8367070199617217,-0.1344480519480516,16.237936307887423,16.243934733114653,349.45375848710387,-0.0925641669892278,1.5571268820995126,999.09,-1.72,77.69,False
HAOS / PANGAEA,HAOS_Flight_02,HAOS_Flight_02_seg00,train,10.1594/PANGAEA.918817,CC BY 4.0,fixed-wing UAV,2020-02-27 16:31:48+00:00,865.0,65.03494,24.53766,25.69,384058.816181611,7214608.15729917,-6.171052951016463,-284.7276412192732,0.0,-6.039465512652233,-285.99587545303984,0.37406926406926233,-3.6143055024641937,19.061224444855952,0.26640692640692665,-0.502392904546519,2.3831757534773175,-0.18353896103896086,19.400862908703754,19.402691933150788,349.2632915463656,-0.1566655388103988,0.7867192972355418,999.08,-1.73,78.02,False
HAOS / PANGAEA,HAOS_Flight_02,HAOS_Flight_02_seg00,train,10.1594/PANGAEA.918817,CC BY 4.0,fixed-wing UAV,2020-02-27 16:31:49+00:00,866.0,65.03512,24.53756,26.99,384055.081638001,7214628.17201025,-9.905596560973208,-264.7129301391542,1.2999999999999972,-9.947963052042454,-265.6016940651982,0.5491991341991331,-3.9767993507649466,20.729988656649795,0.07432900432900452,-0.1867503469035161,0.7976036133180315,-0.1669642857142859,21.107992864814825,21.108123734286714,349.1404274094831,-0.0950233435261984,0.2017586735053069,998.91,-1.79,77.47,False
HAOS / PANGAEA,HAOS_Flight_02,HAOS_Flight_02_seg00,train,10.1594/PANGAEA.918817,CC BY 4.0,fixed-wing UAV,2020-02-27 16:31:50+00:00,867.0,65.0353,24.53746,25.85,384050.964845795,7214648.22728899,-14.022388766985387,-244.65765139926225,0.16000000000000014,-13.993064214182127,-244.53589813974025,0.5227272727272714,-3.987806196271226,20.656431671492015,-0.06752164502164512,0.02470738660800942,-0.1910563723377834,-0.17222943722943723,21.037841326002,21.037949682195364,349.0732448593132,-0.03243251832013316,-0.1838920610569343,999.06,-1.74,78.5,False
HAOS / PANGAEA,HAOS_Flight_02,HAOS_Flight_02_seg00,train,10.1594/PANGAEA.918817,CC BY 4.0,fixed-wing UAV,2020-02-27 16:31:51+00:00,868.0,65.03548,24.53735,26.07,384046.886384925,7214668.60145844,-18.100849637005012,-224.28348194994032,0.379999999999999,-17.923575444584905,-224.2888307222142,0.4141558441558429,-3.927384577548928,20.347875911974228,-0.27012987012986994,0.045717946925748265,-0.05118730027849949,-0.1569318181818179,20.723426448082137,20.72518694477342,349.0755623728428,0.09636816461529059,-0.7468082084716916,999.03,-1.72,77.53,False
HAOS / PANGAEA,HAOS_Flight_02,HAOS_Flight_02_seg00,train,10.1594/PANGAEA.918817,CC BY 4.0,fixed-wing UAV,2020-02-27 16:31:52+00:00,869.0,65.03567,24.53726,25.92,384043.089367317,7214689.11983133,-21.89786724501755,-203.76510905940086,0.23000000000000043,-21.847833369279982,-203.8401463157918,-0.01753246753246849,-3.8963703024197294,20.554057070935016,-0.38138528138528094,0.0805809354762097,0.21024784806802188,-0.004296536796536798,20.9201090725845,20.923585217206192,349.2659811885438,0.32294211204980655,-1.0444183901305215,999.05,-1.73,77.67,False
HAOS / PANGAEA,HAOS_Flight_02,HAOS_Flight_02_seg00,train,10.1594/PANGAEA.918817,CC BY 4.0,fixed-wing UAV,2020-02-27 16:31:53+00:00,870.0,65.03585,24.53716,25.24,384039.473881077,7214709.67541991,-25.513353484973777,-183.2095204796642,-0.45000000000000284,-25.716316049424364,-183.18071658034415,-0.348614718614719,-3.7662227065965084,20.76837160811027,-0.27872294372294354,0.16279566436739046,0.1957789189877701,0.06319264069264052,21.107100528690435,21.108940741013072,349.7214465969424,0.5296622125046182,-0.7565567880673834,999.14,-1.69,78.0,False
HAOS / PANGAEA,HAOS_Flight_02,HAOS_Flight_02_seg00,train,10.1594/PANGAEA.918817,CC BY 4.0,fixed-wing UAV,2020-02-27 16:31:54+00:00,871.0,65.03603,24.53706,25.01,384035.605206837,7214730.41635959,-29.38202772499062,-162.4685807991773,-0.6799999999999997,-29.380278782473,-162.30340309957126,-0.5749783549783556,-3.5707789736849485,20.945614908910557,-0.2549999999999999,0.17830485099561244,0.15268928417331296,-0.012521645021644906,21.247805684147405,21.249335787061362,350.32530561355304,0.5440320183328505,-0.6875873494150155,999.17,-1.69,78.33,False
HAOS / PANGAEA,HAOS_Flight_02,HAOS_Flight_02_seg00,train,10.1594/PANGAEA.918817,CC BY 4.0,fixed-wing UAV,2020-02-27 16:31:55+00:00,872.0,65.03622,24.53697,24.4,384031.963763997,7214751.6061429,-33.0234705649782,-141.27879748959094,-1.2900000000000027,-32.85787399679426,-141.28948676252304,-0.8586147186147187,-3.4096130046052835,21.073750176456898,-0.30376623376623335,0.1453314359390312,0.11359527544923864,0.042489177489177604,21.34779631111583,21.34995740664761,350.8095106336081,0.4341856499390539,-0.815229280725336,999.25,-1.68,77.79,False
HAOS / PANGAEA,HAOS_Flight_02,HAOS_Flight_02_seg00,train,10.1594/PANGAEA.918817,CC BY 4.0,fixed-wing UAV,2020-02-27 16:31:56+00:00,873.0,65.03641,24.53688,25.39,384028.583487004,7214772.77939069,-36.40374755801167,-120.10554969962686,-0.3000000000000007,-36.199504791683566,-120.15590274665746,-1.1825108225108223,-3.280116101806886,21.172805459809034,-0.17002164502164469,0.12324356319524377,0.0729015151732213,0.12206709956709938,21.425378705643734,21.4260533005971,351.19367691343115,0.3560180025950865,-0.45466259169865125,999.12,-1.67,77.95,False
HAOS / PANGAEA,HAOS_Flight_02,HAOS_Flight_02_seg00,train,10.1594/PANGAEA.918817,CC BY 4.0,fixed-wing UAV,2020-02-27 16:31:57+00:00,874.0,65.0366,24.5368,24.02,384025.666756218,7214794.03362557,-39.320478343986906,-98.8513148194179,-1.6700000000000017,-39.41810620040803,-98.94387584290497,-1.198658008658008,-3.163125878214796,21.21955320680334,-0.05963203463203459,0.03281232660705591,0.002644990180854734,0.07267316017315992,21.45401602539231,21.454098899682187,351.52154663879827,0.08781472244686618,-0.1592548036413472,999.3,-1.66,78.25,False
HAOS / PANGAEA,HAOS_Flight_02,HAOS_Flight_02_seg00,train,10.1594/PANGAEA.918817,CC BY 4.0,fixed-wing UAV,2020-02-27 16:31:58+00:00,875.0,65.03679,24.53672,24.48,384022.564608816,7214815.12486951,-42.4226257459959,-77.76007087994367,-1.2100000000000009,-42.52575654811316,-77.71679633305078,-1.3017748917748915,-3.2144914485927742,21.178095440170743,-0.02467532467532485,-0.09069058789018136,-0.05199207056414323,0.07858225108225098,21.420660161303548,21.420674373551005,351.3693063583249,-0.2609446689565769,-0.06600129622587414,999.24,-1.64,78.46,False
HAOS / PANGAEA,HAOS_Flight_02,HAOS_Flight_02_seg00,train,10.1594/PANGAEA.918817,CC BY 4.0,fixed-wing UAV,2020-02-27 16:31:59+00:00,876.0,65.03698,24.53663,24.02,384019.295032839,7214836.29671984,-45.69220172299538,-56.58822054974735,-1.6700000000000017,-45.84708909759358,-56.587684962563486,-1.2480086580086578,-3.3445070539951587,21.115569065675054,0.09753246753246736,-0.088182307215936,-0.04480549206012441,0.10487012987012989,21.378797543396043,21.379020019255783,350.99965730088513,-0.2519070134462334,0.2613879464192791,999.3,-1.64,77.89,False
HAOS / PANGAEA,HAOS_Flight_02,HAOS_Flight_02_seg00,train,10.1594/PANGAEA.918817,CC BY 4.0,fixed-wing UAV,2020-02-27 16:32:00+00:00,877.0,65.03716,24.53654,25.09,384015.953292359,7214857.44406124,-49.03394220297923,-35.440879149362445,-0.6000000000000014,-49.214770656103475,-35.48565820170067,-1.1067099567099568,-3.3908560630246463,21.088484456050494,0.18506493506493493,-0.04634900902950001,-0.027084609624601796,0.0875324675324676,21.35935583048408,21.360157549124608,350.8654923314324,-0.13428683107142494,0.4964182662801778,999.16,-1.68,77.39,False
HAOS / PANGAEA,HAOS_Flight_02,HAOS_Flight_02_seg00,train,10.1594/PANGAEA.918817,CC BY 4.0,fixed-wing UAV,2020-02-27 16:32:01+00:00,878.0,65.03735,24.53645,24.4,384012.467985826,7214878.54770331,-52.51924873597454,-14.337237079627812,-1.2900000000000027,-52.628801223642874,-14.410716050462497,-0.8778787878787879,-3.4372050720541587,21.06139984642585,0.27259740259740256,-0.03476175677213611,-0.020313457218485098,0.06564935064935068,21.340031447923913,21.341772455498734,350.7310836387423,-0.10085208997990597,0.73185605517302,999.25,-1.65,78.13,False
HAOS / PANGAEA,HAOS_Flight_02,HAOS_Flight_02_seg00,train,10.1594/PANGAEA.918817,CC BY 4.0,fixed-wing UAV,2020-02-27 16:32:02+00:00,879.0,65.03754,24.53635,25.31,384008.662697958,7214899.45188557,-56.324536603991874,6.566945180296898,-0.38000000000000256,-56.08918080021179,6.637141491151027,-0.5615151515151516,-3.4603795765689185,21.047857541613524,0.3163636363636363,-0.023174504514759775,-0.013542304812325767,0.04376623376623373,21.330413355253867,21.332759311828507,350.6637881514726,-0.06729548726969137,0.849724377756984,999.13,-1.68,77.5,False
