source_dataset,trajectory_id,segment_id,split,source_doi,license,vehicle_class,timestamp,elapsed_s,latitude_deg,longitude_deg,altitude_m,utm_easting_m,utm_northing_m,x_east_m,y_north_m,z_up_m,x_smooth_m,y_smooth_m,z_smooth_m,vx_mps,vy_mps,vz_mps,ax_mps2,ay_mps2,az_mps2,speed_horizontal_mps,speed_3d_mps,course_deg,turn_rate_dps,climb_angle_deg,pressure_hpa,temperature_c,relative_humidity_pct,is_interpolated
HAOS / PANGAEA,HAOS_Flight_104,HAOS_Flight_104_seg00,train,10.1594/PANGAEA.918840,CC BY 4.0,fixed-wing UAV,2020-02-28 16:40:41+00:00,0.0,65.043222,24.527563,24.97,383619.8268776,7215548.610472,0.0,0.0,0.0,0.06015892908981849,-0.003082745234427383,-0.11587878787878703,-13.64550889513974,10.871151375508106,-0.260424242424242,-0.06942020974216767,-0.10695471317261607,0.015703463203463164,17.44654250092406,17.448486066779314,308.5437528657698,-0.41706780447937913,-0.8551896112886629,1000.68,-2.87,51.09,False
HAOS / PANGAEA,HAOS_Flight_104,HAOS_Flight_104_seg00,train,10.1594/PANGAEA.918840,CC BY 4.0,fixed-wing UAV,2020-02-28 16:40:42+00:00,1.0,65.043315,24.527267,24.67,383606.2967349,7215559.556502,-13.530142700008582,10.94603000022471,-0.29999999999999716,-13.585349966049922,10.868068630273678,-0.37630303030302903,-13.714929104881907,10.76419666233549,-0.24472077922077884,-0.1041303146132524,-0.16043206975892232,0.023555194805194746,17.43465543500563,17.43637285667962,308.1266850612904,-0.6264004339361798,-0.8041768948770349,1000.72,-2.85,51.06,False
HAOS / PANGAEA,HAOS_Flight_104,HAOS_Flight_104_seg00,train,10.1594/PANGAEA.918840,CC BY 4.0,fixed-wing UAV,2020-02-28 16:40:43+00:00,2.0,65.043405,24.526968,24.22,383592.6157766,7215570.151758,-27.2111009999644,21.541286000050604,-0.75,-27.369699280673995,21.525310579436553,-0.6053203463203447,-13.853769524366244,10.550287235990261,-0.2133138528138525,-0.13884041948432735,-0.2139094263452348,0.031406926406926605,17.413658168120733,17.414964645268743,307.2909519978974,-0.8366526537274607,-0.7018268120910814,1000.78,-2.89,51.04,False
HAOS / PANGAEA,HAOS_Flight_104,HAOS_Flight_104_seg00,train,10.1594/PANGAEA.918840,CC BY 4.0,fixed-wing UAV,2020-02-28 16:40:44+00:00,3.0,65.043493,24.526661,23.77,383578.5301832,7215580.528444,-41.2966943999636,31.917971999384463,-1.1999999999999993,-41.29288901478241,31.9686431022542,-0.802930735930734,-13.992609943850562,10.33637780964502,-0.18190692640692563,-0.08118312286243512,-0.09488499648093818,0.03493290043290059,17.396374313760543,17.397325351741355,306.4533797538355,-0.4098480247061004,-0.5990972094088436,1000.84,-2.87,51.03,False
HAOS / PANGAEA,HAOS_Flight_104,HAOS_Flight_104_seg00,train,10.1594/PANGAEA.918840,CC BY 4.0,fixed-wing UAV,2020-02-28 16:40:45+00:00,4.0,65.043579,24.526349,23.85,383564.2709328,7215590.667927,-55.55594479996944,42.057454999536276,-1.1199999999999974,-55.35491916837512,42.19806619872659,-0.969134199134196,-14.016135770091115,10.360517243028385,-0.14344805194805132,-0.06325955697540575,0.02691297288722172,0.05004437229437203,17.429640830169628,17.430231117582,306.47125594848524,-0.05209736642996818,-0.4715405482718432,1000.83,-2.86,50.97,False
HAOS / PANGAEA,HAOS_Flight_104,HAOS_Flight_104_seg00,train,10.1594/PANGAEA.918840,CC BY 4.0,fixed-wing UAV,2020-02-28 16:40:46+00:00,5.0,65.043663,24.526039,24.67,383550.0416382,7215600.586885,-69.78523939999286,51.97641299944371,-0.29999999999999716,-69.32516055496464,52.68967758831097,-1.0898268398268367,-14.119129057801374,10.390203755419464,-0.08181818181818157,-0.2761421064064731,-0.3182977091268002,0.05498160173160149,17.530149441176587,17.530340374472477,306.34918502097554,-1.3747510941507275,-0.26741371957893423,1000.72,-2.88,50.87,False
HAOS / PANGAEA,HAOS_Flight_104,HAOS_Flight_104_seg00,train,10.1594/PANGAEA.918840,CC BY 4.0,fixed-wing UAV,2020-02-28 16:40:47+00:00,6.0,65.043749,24.525733,23.55,383536.0100567,7215610.724398,-83.81682090001414,62.11392599996179,-1.4199999999999982,-83.59317728397787,62.97847370956552,-1.132770562770559,-14.56841998290406,9.723921824774784,-0.03348484848484834,-0.7532105146053958,-1.162770534567212,0.0033495670995669635,17.515522157578108,17.51555416444732,303.7217537601838,-4.525005264906,-0.10953359776194659,1000.87,-2.84,50.82,False
HAOS / PANGAEA,HAOS_Flight_104,HAOS_Flight_104_seg00,train,10.1594/PANGAEA.918840,CC BY 4.0,fixed-wing UAV,2020-02-28 16:40:48+00:00,7.0,65.043835,24.525426,23.7,383521.9501751,7215620.876924,-97.87670249998337,72.2664519995451,-1.2699999999999996,-98.46200052077276,72.13752123786054,-1.1567965367965334,-15.625550087012165,8.06466268628504,-0.07511904761904764,-0.9695135440452631,-2.042599095226148,-0.03467532467532469,17.58398702698805,17.58414748108646,297.29917449116357,-7.431135699821701,-0.24476691210283533,1000.85,-2.86,50.8,False
HAOS / PANGAEA,HAOS_Flight_104,HAOS_Flight_104_seg00,train,10.1594/PANGAEA.918840,CC BY 4.0,fixed-wing UAV,2020-02-28 16:40:49+00:00,8.0,65.043904,24.525092,23.55,383506.5400382,7215629.156251,-113.28683940001065,80.54577900003642,-1.4199999999999982,-114.8442774580022,79.1077990821356,-1.2830086580086544,-16.507447070994587,5.6387236343224885,-0.10283549783549772,-0.10807479253005425,-2.5210950281722972,0.08199675324675315,17.443939148768973,17.444242264012782,288.85948236054037,-8.248702946116602,-0.3377661263997374,1000.87,-2.86,50.63,False
HAOS / PANGAEA,HAOS_Flight_104,HAOS_Flight_104_seg00,train,10.1594/PANGAEA.918840,CC BY 4.0,fixed-wing UAV,2020-02-28 16:40:50+00:00,9.0,65.043937,24.524724,23.85,383489.3532094,7215633.519626,-130.47366819996387,84.90915399976075,-1.1199999999999974,-131.47689466276194,83.41496850650552,-1.3624675324675288,-15.841699672072274,3.022472629940445,0.08887445887445866,1.3997949569274297,-2.5071597240494263,0.1901190476190473,16.12745452013038,16.127699400978248,280.8017685989304,-8.12570760619235,0.3157398365579861,1000.83,-2.87,50.47,False
HAOS / PANGAEA,HAOS_Flight_104,HAOS_Flight_104_seg00,train,10.1594/PANGAEA.918840,CC BY 4.0,fixed-wing UAV,2020-02-28 16:40:51+00:00,10.0,65.043934,24.524353,23.89,383471.8681213,7215633.874653,-147.95875629998045,85.26418100018054,-1.0799999999999983,-146.52767680214674,85.15274434201649,-1.105259740259737,-13.707857157139728,0.6244041862236358,0.2774025974025969,1.279239876294941,-2.1394803365813395,0.15726190476190446,13.722070850579385,13.724874521443398,272.60806714815567,-8.102709952826658,1.1581220927082383,1000.83,-2.89,50.46,False
HAOS / PANGAEA,HAOS_Flight_104,HAOS_Flight_104_seg00,train,10.1594/PANGAEA.918840,CC BY 4.0,fixed-wing UAV,2020-02-28 16:40:52+00:00,11.0,65.043913,24.523992,23.92,383454.7948008,7215632.150469,-165.03207680000924,83.53999700024724,-1.0499999999999972,-158.8926089770414,84.66377687895279,-0.8076623376623351,-13.283219919482391,-1.2564880432222338,0.4033982683982676,-0.6742810611497845,-1.4014978669442648,0.0939285714285713,13.342514516840303,13.348611305864027,264.59634869327704,-5.420674653521076,1.731756000924549,1000.82,-2.91,50.45,False
HAOS / PANGAEA,HAOS_Flight_104,HAOS_Flight_104_seg00,train,10.1594/PANGAEA.918840,CC BY 4.0,fixed-wing UAV,2020-02-28 16:40:53+00:00,12.0,65.0438985,24.523811000000002,24.525,383446.2158992,7215630.874827,-173.61097839998547,82.26435500010848,-0.4450000000000003,-173.09411664111153,82.63976825557202,-0.2984632034632019,-15.056419279439297,-2.178591547664894,0.4652597402597395,-1.7871149361473186,-0.43291845354271885,-0.00018398268398256423,15.213218681456869,15.22033144434558,261.7667178411135,-0.88601933511836,1.75170776548415,1000.74,-2.895,50.39,True
HAOS / PANGAEA,HAOS_Flight_104,HAOS_Flight_104_seg00,train,10.1594/PANGAEA.918840,CC BY 4.0,fixed-wing UAV,2020-02-28 16:40:54+00:00,13.0,65.043884,24.52363,25.13,383437.6369976,7215629.599185,-182.1898799999617,80.98871299996972,0.16000000000000014,-189.00544753591998,80.306593783623,0.12285714285714389,-16.85744979177703,-2.1223249503076715,0.40303030303030246,-1.8742345980516717,0.27665531813788036,-0.043755411255411214,16.990523143122516,16.9953025893081,262.8243100230403,1.6467806421980749,1.3588519623010002,1000.66,-2.88,50.33,False
HAOS / PANGAEA,HAOS_Flight_104,HAOS_Flight_104_seg00,train,10.1594/PANGAEA.918840,CC BY 4.0,fixed-wing UAV,2020-02-28 16:40:55+00:00,14.0,65.043855,24.523265,25.73,383420.3612909,7215627.054852,-199.46558670001104,78.44438000023365,0.7600000000000016,-206.80901622466558,78.39511835495668,0.507597402597403,-18.80488847554264,-1.625280911389133,0.37774891774891706,-1.9603145112545235,0.52111865367511,-0.08956709956709943,18.874993208436454,18.87877281137158,265.0602791255097,2.1000073949720677,1.1465185475674697,1000.58,-2.97,50.3,False
HAOS / PANGAEA,HAOS_Flight_104,HAOS_Flight_104_seg00,train,10.1594/PANGAEA.918840,CC BY 4.0,fixed-wing UAV,2020-02-28 16:40:56+00:00,15.0,65.043821,24.522534,26.03,383385.8046336,7215624.627227,-234.0222439999925,76.01675499975681,1.0600000000000023,-226.61522448700526,77.05603196084473,0.878354978354978,-20.778078814286076,-1.0800876429574515,0.2238961038961036,-1.3481600943715222,0.5694223128367959,-0.27945887445887396,20.806132474084492,20.807337119258992,267.02432481298445,1.8218505268373324,0.6165396994637802,1000.54,-2.99,50.32,False
HAOS / PANGAEA,HAOS_Flight_104,HAOS_Flight_104_seg00,train,10.1594/PANGAEA.918840,CC BY 4.0,fixed-wing UAV,2020-02-28 16:40:57+00:00,16.0,65.043814,24.522163,25.5,383368.3144505,7215624.538856,-251.5124270999804,75.92838399950415,0.5300000000000011,-248.36517385323774,76.23494306904178,0.9553896103896102,-21.501208664285684,-0.4864362857155413,-0.18116883116883087,0.41199142954617685,0.6387002316628028,-0.34277597402597365,21.506710447793136,21.507473501799357,268.7039801791843,1.7711083422060268,-0.48263837983715385,1000.61,-2.97,50.42,False
HAOS / PANGAEA,HAOS_Flight_104,HAOS_Flight_104_seg00,train,10.1594/PANGAEA.918840,CC BY 4.0,fixed-wing UAV,2020-02-28 16:40:58+00:00,17.0,65.043811,24.52179,25.65,383350.7389204,7215624.900929,-269.08795720001217,76.29045700002462,0.6799999999999997,-269.61764181557663,76.08315938941365,0.5160173160173163,-19.954095955193722,0.197312820368154,-0.4616558441558437,2.0695526104975244,0.5883211201566922,-0.13496753246753232,19.955071479154366,19.960410914021868,270.5665414973965,1.7862670336050925,-1.3252878598756574,1000.59,-2.98,50.47,False
HAOS / PANGAEA,HAOS_Flight_104,HAOS_Flight_104_seg00,train,10.1594/PANGAEA.918840,CC BY 4.0,fixed-wing UAV,2020-02-28 16:40:59+00:00,18.0,65.04381,24.521415,25.65,383333.093498,7215625.45984,-286.73337959998753,76.84936799947172,0.6799999999999997,-288.2733657636252,76.62956870977808,0.03207792207792276,-17.362103443290636,0.6902059545978432,-0.4511038961038955,1.555536894370256,0.2898886341932254,0.029626623376623584,17.37581710985952,17.38167181143307,272.2765142463945,1.0375263848738332,-1.4871556659493275,1000.59,-2.98,50.47,False
HAOS / PANGAEA,HAOS_Flight_104,HAOS_Flight_104_seg00,train,10.1594/PANGAEA.918840,CC BY 4.0,fixed-wing UAV,2020-02-28 16:41:00+00:00,19.0,65.04381,24.521041,24.37,383315.4939569,7215626.149245,-304.3329206999624,77.53877300024033,-0.5999999999999979,-304.3418487021579,77.46357129860934,-0.38619047619047475,-16.84302216645321,0.7770900887546048,-0.40240259740259654,-0.11814645021533465,0.022230516173728176,0.06409090909090914,16.86093902206146,16.865740201843238,272.64159426714417,0.056990719794894895,-1.3671595942334154,1000.76,-2.93,50.58,False
HAOS / PANGAEA,HAOS_Flight_104,HAOS_Flight_104_seg00,train,10.1594/PANGAEA.918840,CC BY 4.0,fixed-wing UAV,2020-02-28 16:41:01+00:00,20.0,65.04381,24.520665,23.25,383297.8231989,7215626.819128,-322.00367870001355,78.20865599997342,-1.7199999999999989,-321.9594100965316,78.1837488872873,-0.7727272727272704,-17.598396343721305,0.7346669869452995,-0.3229220779220772,-0.3592773340898816,-0.014496254322459379,0.09140692640692613,17.61372446282758,17.61668436797402,272.3904956859843,-0.10117614543018862,-1.050317306112479,1000.91,-2.91,50.56,False
HAOS / PANGAEA,HAOS_Flight_104,HAOS_Flight_104_seg00,train,10.1594/PANGAEA.918840,CC BY 4.0,fixed-wing UAV,2020-02-28 16:41:02+00:00,21.0,65.04381,24.520293,24.37,383280.2925235,7215627.513847,-339.53435410000384,78.90337499976158,-0.5999999999999979,-339.5386413896005,78.93290527249994,-1.0320346320346292,-17.561576834632973,0.7480975801096861,-0.21958874458874428,0.03149420335314801,-0.006696783513174154,0.17839826839826792,17.57750354595565,17.578875109768358,272.4392419762838,-0.017555241686381017,-0.7157361004364491,1000.76,-2.92,50.55,False
HAOS / PANGAEA,HAOS_Flight_104,HAOS_Flight_104_seg00,train,10.1594/PANGAEA.918840,CC BY 4.0,fixed-wing UAV,2020-02-28 16:41:03+00:00,22.0,65.04381,24.519919,24.07,383262.7319971,7215628.246432,-357.09488049999345,79.63595999963582,-0.8999999999999986,-357.08256376579754,79.67994404750667,-1.211904761904759,-17.53540793701501,0.7212734199189512,0.03387445887445861,0.021525107361910045,-0.049857342016004225,0.17635281385281334,17.55023552160513,17.550268212844344,272.35538520261156,-0.15980998755161643,0.11058889290772476,1000.8,-2.98,50.52,False
HAOS / PANGAEA,HAOS_Flight_104,HAOS_Flight_104_seg00,train,10.1594/PANGAEA.918840,CC BY 4.0,fixed-wing UAV,2020-02-28 16:41:04+00:00,23.0,65.043811,24.519547,23.7,383245.2182232,7215628.988774,-374.6086543999845,80.37830199953169,-1.2699999999999996,-374.60945726363053,80.37545211233784,-0.964285714285712,-17.518526619909153,0.6483828960776776,0.1331168831168824,0.015383269374936503,-0.07660322724156288,-0.051731601731601795,17.53052125044751,17.53102665039793,272.1196220011806,-0.2483270664076258,0.4350634466797098,1000.85,-2.93,50.55,False
HAOS / PANGAEA,HAOS_Flight_104,HAOS_Flight_104_seg00,train,10.1594/PANGAEA.918840,CC BY 4.0,fixed-wing UAV,2020-02-28 16:41:05+00:00,24.0,65.043811,24.519176,24.22,383227.7449782,7215629.731189,-392.08189939998556,81.12071700021625,-0.75,-392.11961700561585,80.97670983966202,-0.9456709956709941,-17.504641398265136,0.5680669654358255,-0.06958874458874498,0.0192526121194021,-0.06296862657706015,-0.06682900432900396,17.513856530161398,17.513994779959553,271.8587310697963,-0.20383316409553193,-0.22765519276113874,1000.78,-3.01,50.49,False
HAOS / PANGAEA,HAOS_Flight_104,HAOS_Flight_104_seg00,train,10.1594/PANGAEA.918840,CC BY 4.0,fixed-wing UAV,2020-02-28 16:41:06+00:00,25.0,65.043809,24.518803,23.7,383210.2215842,7215630.213081,-409.6052934000036,81.60260900016874,-1.2699999999999996,-409.6187400601608,81.51158604320949,-1.103463203463202,-17.48002139567035,0.5224456429235573,-0.0005411255411255089,0.02845742499904702,-0.024360581185238317,0.12505411255411286,17.487827121826854,17.487827130198873,271.7119556729895,-0.07688945043998477,-0.0017729023432895476,1000.85,-2.95,50.49,False
HAOS / PANGAEA,HAOS_Flight_104,HAOS_Flight_104_seg00,train,10.1594/PANGAEA.918840,CC BY 4.0,fixed-wing UAV,2020-02-28 16:41:07+00:00,26.0,65.043806,24.518432,24.45,383192.7164133,7215630.593962,-427.1104642999708,81.9834899995476,-0.5199999999999996,-427.07965979695655,82.02160112550914,-0.9467532467532451,-17.447726548267042,0.5193458030653488,0.18051948051948075,0.029301390476092593,0.025066160116125502,0.00544372294372325,17.455454212545263,17.456387628862714,271.70495216891635,0.08523414812657769,0.5925159849172988,1000.75,-3.0,50.53,False
HAOS / PANGAEA,HAOS_Flight_104,HAOS_Flight_104_seg00,train,10.1594/PANGAEA.918840,CC BY 4.0,fixed-wing UAV,2020-02-28 16:41:08+00:00,27.0,65.043804,24.518061,23.4,383175.2685435,7215631.018097,-444.55833410000196,82.40762499999255,-1.5700000000000003,-444.5141931566949,82.55027764934019,-0.7424242424242404,-17.421418614718164,0.5725779631558083,0.010346320346320992,0.027738516126390778,0.09351298368628491,-0.1381709956709954,17.4308253411346,17.430828411738922,271.88242396924267,0.3103950584480515,0.03400874072883583,1000.89,-2.94,50.6,False
HAOS / PANGAEA,HAOS_Flight_104,HAOS_Flight_104_seg00,train,10.1594/PANGAEA.918840,CC BY 4.0,fixed-wing UAV,2020-02-28 16:41:09+00:00,28.0,65.043805,24.517692,24.37,383157.9229468,7215631.78201,-461.9039307999774,83.17153799999505,-0.5999999999999979,-461.9224970263929,83.16675705182075,-0.9260606060606031,-17.39224951601426,0.7063717704379187,-0.09582251082251003,0.02946431396193816,0.16224232358753454,-0.05579004329004339,17.406587957017017,17.40685170439934,272.32574228581245,0.5376150731394008,-0.3154075920820208,1000.76,-2.97,50.71,False
HAOS / PANGAEA,HAOS_Flight_104,HAOS_Flight_104_seg00,train,10.1594/PANGAEA.918840,CC BY 4.0,fixed-wing UAV,2020-02-28 16:41:10+00:00,29.0,65.043806,24.517323,24.6,383140.5675695,7215632.609995,-479.25930809997953,83.99952299986035,-0.36999999999999744,-479.2986921887234,83.96302119021603,-0.9340692640692605,-17.362489986794287,0.8970626103308774,-0.10123376623376579,0.025504501619707298,0.18453979767754092,-0.01850649350649386,17.385648675513536,17.385943406781568,272.95765411552145,0.6115119694352886,-0.3336201084880948,1000.73,-3.01,50.84,False
HAOS / PANGAEA,HAOS_Flight_104,HAOS_Flight_104_seg00,train,10.1594/PANGAEA.918840,CC BY 4.0,fixed-wing UAV,2020-02-28 16:41:11+00:00,30.0,65.043808,24.516954,23.92,383123.1812477,7215633.511473,-496.64562989998376,84.90100099984556,-1.0499999999999972,-496.64747699998145,84.96088227248251,-1.1285281385281347,-17.341240512774846,1.0754513657930005,-0.13283549783549775,0.01652498625119847,0.14056897514551991,0.00984848484848444,17.374556632101136,17.37506441517771,273.548766224683,0.465903800463458,-0.43804082431074887,1000.82,-2.95,50.97,False
HAOS / PANGAEA,HAOS_Flight_104,HAOS_Flight_104_seg00,train,10.1594/PANGAEA.918840,CC BY 4.0,fixed-wing UAV,2020-02-28 16:41:12+00:00,31.0,65.043812,24.516584,22.87,383105.8238512,7215634.61762,-514.0030263999943,86.00714799948037,-2.099999999999998,-513.9811732142731,86.11392392180203,-1.199740259740256,-17.32944001429189,1.1782005606219172,-0.08153679653679691,-0.17931650914414377,0.07016899300541368,0.019940476190475842,17.369445810675444,17.36963718732145,273.88946171644835,0.19033012822957876,-0.2689596462918445,1000.96,-2.96,51.07,False
HAOS / PANGAEA,HAOS_Flight_104,HAOS_Flight_104_seg00,train,10.1594/PANGAEA.918840,CC BY 4.0,fixed-wing UAV,2020-02-28 16:41:13+00:00,32.0,65.043817,24.516216,24.07,383088.5091611,7215635.900117,-531.3177164999652,87.28964499942958,-0.8999999999999986,-531.3063570285652,87.31728339372634,-1.2916017316017285,-17.699873531063133,1.2157893518038279,-0.09295454545454607,-0.23259949555838944,-0.00608279218079133,0.022077922077922085,17.741580165351362,17.741823674896263,273.9294264811422,-0.07019138320201933,-0.3001905331231927,1000.8,-3.02,51.18,False
HAOS / PANGAEA,HAOS_Flight_104,HAOS_Flight_104_seg00,train,10.1594/PANGAEA.918840,CC BY 4.0,fixed-wing UAV,2020-02-28 16:41:14+00:00,33.0,65.043823,24.515848,23.47,383071.2481162,7215637.218868,-548.5787614000146,88.60839600022882,-1.5,-549.3809202763994,88.54550262540968,-1.3856493506493481,-17.79463900540867,1.1660349762603346,-0.03738095238095274,0.653617643454453,-0.12061684579462906,0.08752705627705659,17.83280165590012,17.832840834658818,273.74907895004435,-0.26357520381991595,-0.12010270230962344,1000.88,-2.97,51.27,False
HAOS / PANGAEA,HAOS_Flight_104,HAOS_Flight_104_seg00,train,10.1594/PANGAEA.918840,CC BY 4.0,fixed-wing UAV,2020-02-28 16:41:15+00:00,34.0,65.043827,24.515481,23.77,383053.9728361,7215638.330121,-565.854041500017,89.71964900009334,-1.1999999999999993,-566.8956350393826,89.64935334624701,-1.366363636363634,-16.392638244154227,0.9745556602145697,0.08209956709956712,2.0223156137425065,-0.22363098815296922,0.028430735930736195,16.421581755073536,16.421786981856815,273.4022760735023,-0.37835091544614513,0.28644740645032324,1000.84,-3.0,51.37,False
HAOS / PANGAEA,HAOS_Flight_104,HAOS_Flight_104_seg00,train,10.1594/PANGAEA.918840,CC BY 4.0,fixed-wing UAV,2020-02-28 16:41:16+00:00,35.0,65.043828,24.515114,24.15,383036.7259463,7215639.183116,-583.1009312999668,90.57264399994165,-0.8200000000000003,-582.1661967647078,90.49461394583882,-1.221450216450214,-13.750007777923656,0.7187729999543961,0.019480519480519654,1.6450762331174076,-0.22382382475529283,-0.06274891774891767,13.76878166427315,13.768795445102079,272.992377119152,-0.5497020674045627,0.08106387561513445,1000.79,-3.06,51.47,False
HAOS / PANGAEA,HAOS_Flight_104,HAOS_Flight_104_seg00,train,10.1594/PANGAEA.918840,CC BY 4.0,fixed-wing UAV,2020-02-28 16:41:17+00:00,36.0,65.043829,24.514749,23.02,383019.5439571,7215639.879489,-600.2829204999725,91.26901699975133,-1.9499999999999993,-594.3956505952299,91.0868993461558,-1.3274025974025947,-13.102485777919412,0.5269080107039841,-0.043398268398268214,-0.5413567756456814,-0.14768979656993508,-0.03953463203463198,13.113076130806398,13.113147944792832,272.3028719386932,-0.6786693268378575,-0.18962206230258122,1000.94,-2.99,51.57,False
HAOS / PANGAEA,HAOS_Flight_104,HAOS_Flight_104_seg00,train,10.1594/PANGAEA.918840,CC BY 4.0,fixed-wing UAV,2020-02-28 16:41:18+00:00,37.0,65.04382799999999,24.514567,23.545,383010.96793205,7215640.1051525,-608.8589455499896,91.49468049965799,-1.4249999999999972,-608.3711683205466,91.54842996724679,-1.3082467532467503,-14.832721329215019,0.423393406814526,-0.0595887445887443,-1.7338238363647065,-0.07021484737087391,-0.015075757575757576,14.83876288667907,14.838882532912168,271.6350384654763,-0.48337972250123673,-0.2300842223184438,1000.87,-3.01,51.595,True
HAOS / PANGAEA,HAOS_Flight_104,HAOS_Flight_104_seg00,train,10.1594/PANGAEA.918840,CC BY 4.0,fixed-wing UAV,2020-02-28 16:41:19+00:00,38.0,65.043827,24.514385,24.07,383002.391907,7215640.330816,-617.4349706000066,91.72034399956465,-0.8999999999999986,-624.0610932536599,91.93368615978486,-1.4465800865800833,-16.570133450648825,0.38647831596223625,-0.07354978354978337,-1.766665378683797,-0.016692464205632973,0.03994588744588734,16.57463990743148,16.574803094808708,271.33611249369073,-0.2092643467666944,-0.2542477269512085,1000.8,-3.03,51.62,False
HAOS / PANGAEA,HAOS_Flight_104,HAOS_Flight_104_seg00,train,10.1594/PANGAEA.918840,CC BY 4.0,fixed-wing UAV,2020-02-28 16:41:20+00:00,39.0,65.043825,24.514024,23.47,382985.4219215,7215640.845132,-634.4049560999847,92.234659999609,-1.5,-641.5114352218443,92.32138659917126,-1.455346320346317,-18.366052086582613,0.39000847840326003,0.020303030303030378,-1.82620914004346,0.0162280877251888,0.012023809523809381,18.37019259181275,18.37020381142603,271.2165097719429,-0.07466561764590189,0.06332418499301636,1000.88,-3.01,51.45,False
HAOS / PANGAEA,HAOS_Flight_104,HAOS_Flight_104_seg00,train,10.1594/PANGAEA.918840,CC BY 4.0,fixed-wing UAV,2020-02-28 16:41:21+00:00,40.0,65.043819,24.513309,23.32,382951.7553613,7215641.482555,-668.0715162999695,92.87208299990743,-1.6499999999999986,-660.7931974268251,92.71370311659138,-1.4059740259740225,-20.222551730735745,0.41893449141261385,-0.0495021645021646,-1.262963146752469,0.03281905950910868,-0.06296536796536795,20.226890631295223,20.226951205623372,271.1867812583989,0.016446336439014875,-0.14022221664514878,1000.9,-2.98,51.18,False
HAOS / PANGAEA,HAOS_Flight_104,HAOS_Flight_104_seg00,train,10.1594/PANGAEA.918840,CC BY 4.0,fixed-wing UAV,2020-02-28 16:41:22+00:00,41.0,65.043816,24.512951,23.32,382934.9108084,7215641.797001,-684.9160691999714,93.18652899935842,-1.6499999999999986,-681.9565386833158,93.15925558199649,-1.5543506493506463,-20.89197838008755,0.4556465974214774,-0.10562770562770551,0.44604818327627527,0.020109635764665512,0.02853354978354994,20.896946534261588,20.89721349051073,271.249402444821,0.0869509969062356,-0.28961026339601664,1000.9,-2.99,51.18,False
HAOS / PANGAEA,HAOS_Flight_104,HAOS_Flight_104_seg00,train,10.1594/PANGAEA.918840,CC BY 4.0,fixed-wing UAV,2020-02-28 16:41:23+00:00,42.0,65.043814,24.512589,23.7,382917.830326,7215642.240085,-701.9965515999938,93.62961299996823,-1.2699999999999996,-702.5771541870002,93.62499631143433,-1.6172294372294336,-19.330455364183194,0.4591537629419449,0.007564935064935274,2.0678219995661493,-0.007449589871299622,0.07859307359307344,19.335907704700666,19.335909184544313,271.3606832522114,0.1286600087311175,0.022416264910640863,1000.85,-3.01,51.05,False
HAOS / PANGAEA,HAOS_Flight_104,HAOS_Flight_104_seg00,train,10.1594/PANGAEA.918840,CC BY 4.0,fixed-wing UAV,2020-02-28 16:41:24+00:00,43.0,65.043811,24.512224,23.17,382900.678316,7215642.549432,-719.1485616000136,93.93895999994129,-1.7999999999999972,-720.6174494116822,94.07756310788038,-1.5392207792207757,-16.756334380955252,0.44074741767887815,0.05155844155844136,1.5560984547110763,-0.03343698862250477,0.0007088744588742979,16.762129941405824,16.762209235225217,271.5067224622832,0.012445291055228597,0.17623486953474643,1000.92,-2.99,50.91,False
HAOS / PANGAEA,HAOS_Flight_104,HAOS_Flight_104_seg00,train,10.1594/PANGAEA.918840,CC BY 4.0,fixed-wing UAV,2020-02-28 16:41:25+00:00,44.0,65.043809,24.511862,23.47,382883.6211939,7215643.058168,-736.2056836999836,94.44769599940628,-1.5,-736.0898229489108,94.50649114679209,-1.5141125541125509,-16.21825845476104,0.39227978569693533,0.00898268398268387,-0.09152251709738835,-0.07607466772851268,0.013852813852813894,16.223001902721162,16.223004389579202,271.38557383432186,-0.26533117753621605,0.0317246975249801,1000.88,-3.03,50.76,False
HAOS / PANGAEA,HAOS_Flight_104,HAOS_Flight_104_seg00,train,10.1594/PANGAEA.918840,CC BY 4.0,fixed-wing UAV,2020-02-28 16:41:26+00:00,45.0,65.043808,24.511503,23.62,382866.7182201,7215643.612577,-753.1086575000081,95.00210499949753,-1.3499999999999979,-753.0539663212043,94.86212267927425,-1.521255411255408,-16.93937941515003,0.2885980822218528,0.07926406926406915,-0.3453077570353571,-0.08295656707202426,0.04902597402597392,16.94183767551415,16.942023096907494,270.9760601072108,-0.3092877253016141,0.2680620359235766,1000.86,-2.99,50.68,False
HAOS / PANGAEA,HAOS_Flight_104,HAOS_Flight_104_seg00,train,10.1594/PANGAEA.918840,CC BY 4.0,fixed-wing UAV,2020-02-28 16:41:27+00:00,46.0,65.043805,24.511146,23.47,382849.9301634,7215643.953724,-769.8967141999747,95.34325199946761,-1.5,-769.9685817792108,95.08368731123579,-1.3555844155844126,-16.908873968831756,0.22636665155288682,0.1070346320346317,0.013320055408826192,-0.0010139338865684522,-0.025963203463203466,16.91038913670444,16.91072787218889,270.76699838371866,-0.0026653687333103074,0.3626498913108725,1000.88,-3.01,50.71,False
HAOS / PANGAEA,HAOS_Flight_104,HAOS_Flight_104_seg00,train,10.1594/PANGAEA.918840,CC BY 4.0,fixed-wing UAV,2020-02-28 16:41:28+00:00,47.0,65.0438,24.510788,23.55,382833.0616149,7215644.043796,-786.765262699977,95.43332399986684,-1.4199999999999982,-786.8717142588678,95.31485598238002,-1.3071861471861446,-16.912739304332376,0.2865702144487159,0.027337662337662216,-0.0033908288948225618,0.14320335611580148,-0.040584415584415334,16.91516695939234,16.915189050433355,270.97072936974416,0.48465383979042387,0.09259922256280043,1000.87,-3.0,50.79,False
HAOS / PANGAEA,HAOS_Flight_104,HAOS_Flight_104_seg00,train,10.1594/PANGAEA.918840,CC BY 4.0,fixed-wing UAV,2020-02-28 16:41:29+00:00,48.0,65.043794,24.510427,23.77,382816.0578186,7215644.064665,-803.7690590000129,95.45419299975038,-1.1999999999999993,-803.7940603878756,95.65682774013322,-1.3009090909090881,-16.9156556266214,0.5127733637844898,0.025865800865801036,0.02014717164746571,0.32374102158120976,0.015119047619047699,16.92342582933654,16.923445595998164,271.7363060632995,1.0989546419311673,0.08757092590421853,1000.84,-3.0,50.89,False
HAOS / PANGAEA,HAOS_Flight_104,HAOS_Flight_104_seg00,train,10.1594/PANGAEA.918840,CC BY 4.0,fixed-wing UAV,2020-02-28 16:41:30+00:00,49.0,65.043793,24.510067,24.22,382799.0842918,7215644.632391,-820.742585800006,96.02191899996251,-0.75,-820.7030255121106,96.340402709949,-1.2554545454545425,-16.872444961037445,0.9340522576111354,0.05757575757575761,0.06877128603713345,0.44036027369516617,0.06349567099567086,16.898279574654524,16.89837766032724,273.1686386536065,1.5057281551030428,0.19521721909300896,1000.78,-3.09,51.05,False
HAOS / PANGAEA,HAOS_Flight_104,HAOS_Flight_104_seg00,train,10.1594/PANGAEA.918840,CC BY 4.0,fixed-wing UAV,2020-02-28 16:41:31+00:00,50.0,65.043799,24.509708,23.1,382782.2116927,7215645.936061,-837.6151849000016,97.32558900024742,-1.8699999999999974,-837.5389503099505,97.5249322553555,-1.185757575757573,-16.778113054547134,1.3934939111748221,0.15285714285714275,0.10108444437398134,0.3569133495196368,0.04837662337662335,16.83588141297171,16.83657531262723,274.74776237350557,1.2383923824392606,0.5201882990656939,1000.93,-3.02,51.18,False
HAOS / PANGAEA,HAOS_Flight_104,HAOS_Flight_104_seg00,train,10.1594/PANGAEA.918840,CC BY 4.0,fixed-wing UAV,2020-02-28 16:41:32+00:00,51.0,65.043808,24.509351,24.07,382765.4789198,7215647.560052,-854.3479577999678,98.94957999978215,-0.8999999999999986,-854.2592516212048,99.12739053229865,-0.949740259740257,-16.670276072289482,1.647878956650409,0.15432900432900432,0.08541810617305146,0.07080135175159441,-0.07482683982683982,16.75152558372277,16.752236472295145,275.645423418485,0.2666881298141018,0.527841503331015,1000.8,-3.08,51.85,False
HAOS / PANGAEA,HAOS_Flight_104,HAOS_Flight_104_seg00,train,10.1594/PANGAEA.918840,CC BY 4.0,fixed-wing UAV,2020-02-28 16:41:33+00:00,52.0,65.04382,24.508999,24.07,382748.9503218,7215649.546666,-870.8765557999723,100.93619399983436,-0.8999999999999986,-870.8795024545294,100.82069016865631,-0.8770995670995643,-16.60727684220103,1.535096614678011,0.003203463203463097,0.033011912444948166,-0.26698392639400836,-0.0630194805194807,16.678074401138236,16.67807470879295,275.28113863313376,-0.9037177925949241,0.011005162509298682,1000.8,-3.08,51.85,False
HAOS / PANGAEA,HAOS_Flight_104,HAOS_Flight_104_seg00,train,10.1594/PANGAEA.918840,CC BY 4.0,fixed-wing UAV,2020-02-28 16:41:34+00:00,53.0,65.043829,24.508647,24.22,382732.4400961,7215651.20903,-887.3867815000121,102.59855799935758,-0.75,-887.4738053056069,102.19758376165467,-0.9433333333333308,-16.604252247399586,1.1139111038623923,0.02829004329004292,-0.009488738856020973,-0.4764866189944428,-0.02214285714285716,16.641574163599493,16.64159820958106,273.8379878332952,-1.6379504099609397,0.09740055270208521,1000.78,-3.1,51.92,False
HAOS / PANGAEA,HAOS_Flight_104,HAOS_Flight_104_seg00,train,10.1594/PANGAEA.918840,CC BY 4.0,fixed-wing UAV,2020-02-28 16:41:35+00:00,54.0,65.04383,24.508294,24.67,382715.8190519,7215652.033067,-904.0078256999841,103.4225949998945,-0.29999999999999716,-904.0880069493286,103.0485123763811,-0.8205194805194784,-16.626254319913073,0.5821233766891254,-0.04108225108225122,-0.21114341293400685,-0.4784813960560541,-0.10617965367965349,16.63644193738902,16.636492661840418,272.0052378132119,-1.6549290604436153,-0.14148667270399265,1000.72,-3.07,52.21,False
HAOS / PANGAEA,HAOS_Flight_104,HAOS_Flight_104_seg00,train,10.1594/PANGAEA.918840,CC BY 4.0,fixed-wing UAV,2020-02-28 16:41:36+00:00,55.0,65.043825,24.507939,23.4,382699.1103263,7215652.044192,-920.7165512999636,103.43372000008821,-1.5700000000000003,-920.726313945433,103.36183051503292,-1.0254978354978332,-17.0265390732676,0.15694831175028412,-0.18406926406926405,-0.267738437447008,-0.3028864902655819,-0.06689393939393931,17.027262421953495,17.02825731189321,270.5281297124079,-1.0420969060628347,-0.6193585858346843,1000.89,-3.03,52.47,False
HAOS / PANGAEA,HAOS_Flight_104,HAOS_Flight_104_seg00,train,10.1594/PANGAEA.918840,CC BY 4.0,fixed-wing UAV,2020-02-28 16:41:37+00:00,56.0,65.043816,24.507584,23.47,382682.3600804,7215651.76645,-937.4667971999734,103.1559779997915,-1.5,-938.1410850958638,103.36240899988167,-1.1886580086580065,-17.16173119480709,-0.023649603842038402,-0.17487012987012984,0.6074954974507989,-0.06646670780983754,-0.0031818181818181746,17.161747489885073,17.16263838892195,269.9210440010862,-0.22055390051231452,-0.5837968234266108,1000.88,-3.03,52.78,False
HAOS / PANGAEA,HAOS_Flight_104,HAOS_Flight_104_seg00,train,10.1594/PANGAEA.918840,CC BY 4.0,fixed-wing UAV,2020-02-28 16:41:38+00:00,57.0,65.043809,24.507231,24.07,382665.7222592,7215651.67133,-954.1046183999861,103.06085800006986,-0.8999999999999986,-955.0497763350472,103.31453130734884,-1.375238095238093,-15.811548078366002,0.02401489613060903,-0.1904329004329004,1.9676196003203188,0.10803321533981602,-0.016038961038960853,15.81156631550827,15.812713051190267,270.0870219113833,0.4562133831335197,-0.690031192137773,1000.8,-3.08,53.06,False
HAOS / PANGAEA,HAOS_Flight_104,HAOS_Flight_104_seg00,train,10.1594/PANGAEA.918840,CC BY 4.0,fixed-wing UAV,2020-02-28 16:41:39+00:00,58.0,65.043805,24.50688,23.4,382649.1830665,7215651.818721,-970.6438110999879,103.20824899990112,-1.5700000000000003,-969.7641812525958,103.41043879214288,-1.5695238095238073,-13.226491994166452,0.19241682683759365,-0.20694805194805155,1.5598183148314888,0.1884621829106976,0.16042207792207797,13.227891544271124,13.229510278283342,270.8334707673533,0.8611790367349514,-0.8963093371105828,1000.89,-3.03,53.4,False
HAOS / PANGAEA,HAOS_Flight_104,HAOS_Flight_104_seg00,train,10.1594/PANGAEA.918840,CC BY 4.0,fixed-wing UAV,2020-02-28 16:41:40+00:00,59.0,65.043805,24.506527,23.4,382632.5759128,7215652.517511,-987.2509648000123,103.90703899972141,-1.5700000000000003,-981.5027603233801,103.69936496102403,-1.789134199134196,-12.691911448703024,0.40093926195200424,0.13041125541125553,-0.6833327535655656,0.1819637608321223,0.3109956709956706,12.698242733287687,12.698912378980786,271.8093799848532,0.674897921071215,0.588408334134144,1000.89,-3.03,53.4,False
HAOS / PANGAEA,HAOS_Flight_104,HAOS_Flight_104_seg00,train,10.1594/PANGAEA.918840,CC BY 4.0,fixed-wing UAV,2020-02-28 16:41:41+00:00,60.0,65.0438055,24.5063485,23.36,382624.19696554996,7215652.9064070005,-995.6299120500335,104.29593500029296,-1.6099999999999994,-995.1480041500018,104.21231731604689,-1.3087012987012963,-14.593157501297583,0.5563443485018382,0.41504329004328966,-1.8847650214274267,0.10135206056847323,0.12908008658008646,14.603758587835799,14.6096552260619,272.1832666094957,0.14536166946316761,1.6279253901040145,1000.895,-3.07,53.655,True
HAOS / PANGAEA,HAOS_Flight_104,HAOS_Flight_104_seg00,train,10.1594/PANGAEA.918840,CC BY 4.0,fixed-wing UAV,2020-02-28 16:41:42+00:00,61.0,65.043806,24.50617,23.32,382615.8180183,7215653.295303,-1004.0088592999964,104.68483099993318,-1.6499999999999986,-1010.6890753259753,104.81205365802771,-0.9590476190476167,-16.461441491557878,0.6036433830889507,0.38857142857142846,-1.8343708651491681,0.004967097371412876,-0.0449350649350648,16.472505617359197,16.477088003316375,272.10010332377954,-0.2035828083651761,1.3513047327848366,1000.9,-3.11,53.91,False
HAOS / PANGAEA,HAOS_Flight_104,HAOS_Flight_104_seg00,train,10.1594/PANGAEA.918840,CC BY 4.0,fixed-wing UAV,2020-02-28 16:41:43+00:00,62.0,65.043805,24.505812,23.85,382598.9495658,7215653.855786,-1020.8773117999663,105.2453140001744,-1.1199999999999974,-1028.0708871331176,105.4196040822248,-0.5315584415584393,-18.26189923159592,0.566278543244664,0.32517316017316006,-1.7723674103864653,-0.05767116345186807,-0.12558441558441572,18.27067691503254,18.27357032759608,271.77610099276535,-0.3509666510228081,1.0196164600332984,1000.83,-3.07,53.94,False
HAOS / PANGAEA,HAOS_Flight_104,HAOS_Flight_104_seg00,train,10.1594/PANGAEA.918840,CC BY 4.0,fixed-wing UAV,2020-02-28 16:41:44+00:00,63.0,65.043801,24.505095,27.15,382565.177072,7215654.742842,-1054.6498055999982,106.1323699997738,2.1799999999999997,-1047.2128737891671,105.94461074451704,-0.3087012987012966,-20.00617631233081,0.4883010561852146,0.13740259740259703,-1.1488698924269727,-0.10469800973557142,-0.159404761904762,20.012134532866252,20.01260622795819,271.3981700217339,-0.3908187841595269,0.3933845841092273,1000.39,-3.25,54.14,False
HAOS / PANGAEA,HAOS_Flight_104,HAOS_Flight_104_seg00,train,10.1594/PANGAEA.918840,CC BY 4.0,fixed-wing UAV,2020-02-28 16:41:45+00:00,64.0,65.043799,24.504742,23.92,382548.584528,7215655.110208,-1071.242349600012,106.49973599985242,-1.0499999999999972,-1068.0832397577792,106.39620619459522,-0.2567532467532453,-20.559639016449864,0.35688252377352114,0.006363636363636099,0.5427882117386389,-0.13901060708250412,-0.154729437229437,20.5627362387038,20.562737223394414,270.9944634244463,-0.3807110818410295,0.01773156500767527,1000.82,-3.07,54.4,False
HAOS / PANGAEA,HAOS_Flight_104,HAOS_Flight_104_seg00,train,10.1594/PANGAEA.918840,CC BY 4.0,fixed-wing UAV,2020-02-28 16:41:46+00:00,65.0,65.043796,24.504391,24.15,382532.0613683,7215655.430415,-1087.7655092999921,106.81994299963117,-0.8200000000000003,-1088.3321518220669,106.65837579206408,-0.2959740259740244,-18.92059988885353,0.21027984202020633,-0.17205627705627696,2.1471063165591886,-0.06786631058611192,-0.17567099567099537,18.921768357266302,18.922550597858596,270.6367478580519,-0.10774990390511484,-0.5209780947264433,1000.79,-3.11,54.61,False
HAOS / PANGAEA,HAOS_Flight_104,HAOS_Flight_104_seg00,train,10.1594/PANGAEA.918840,CC BY 4.0,fixed-wing UAV,2020-02-28 16:41:47+00:00,66.0,65.043791,24.504041,24.07,382515.5562499,7215655.539497,-1104.270627699967,106.92902499996126,-0.8999999999999986,-1105.9244395354863,106.81676587863564,-0.6008658008657992,-16.265426383331487,0.2211499026012973,-0.3449783549783546,1.622473946482046,0.1266873820334098,0.1054004329004328,16.2669297260115,16.27058735191819,270.7789636166361,0.5287266938265723,-1.2149091231909022,1000.8,-3.07,54.82,False
HAOS / PANGAEA,HAOS_Flight_104,HAOS_Flight_104_seg00,train,10.1594/PANGAEA.918840,CC BY 4.0,fixed-wing UAV,2020-02-28 16:41:48+00:00,67.0,65.043785,24.503689,24.22,382498.9619218,7215655.592627,-1120.8649558000034,106.98215499985963,-0.75,-1120.8630045887298,107.10067559726667,-0.9859307359307337,-15.675651995889439,0.4636546060870259,0.03874458874458864,-0.0749308876664827,0.29042125760488346,0.19693722943722924,15.682507487324157,15.682555347682827,271.694201245705,1.009039856865303,0.14155242070376864,1000.78,-3.1,55.07,False
HAOS / PANGAEA,HAOS_Flight_104,HAOS_Flight_104_seg00,train,10.1594/PANGAEA.918840,CC BY 4.0,fixed-wing UAV,2020-02-28 16:41:49+00:00,68.0,65.043782,24.503336,24.6,382482.3377278,7215655.910857,-1137.489149799978,107.30038500018418,-0.36999999999999744,-1137.2757435272651,107.74407509080969,-0.5233766233766219,-16.415288158664453,0.8019924178110642,0.04889610389610388,-0.38585790054094105,0.30805062336819233,-0.046190476190476004,16.4348677259726,16.434940462295323,272.79704333036665,1.0309143578741176,0.1704627118821636,1000.73,-3.13,55.17,False
HAOS / PANGAEA,HAOS_Flight_104,HAOS_Flight_104_seg00,train,10.1594/PANGAEA.918840,CC BY 4.0,fixed-wing UAV,2020-02-28 16:41:50+00:00,69.0,65.043787,24.502989,24.22,382466.0574079,7215657.094745,-1153.769469699997,108.48427299968898,-0.75,-1153.6935809060587,108.7046604328888,-0.8881385281385259,-16.44736779697132,1.0797558528234106,-0.05363636363636337,-0.044186096856378754,0.20976672182867873,0.0884848484848484,16.48277222285607,16.482859491303678,273.75602996145324,0.7180054598514715,-0.18644475432174282,1000.78,-3.04,54.77,False
HAOS / PANGAEA,HAOS_Flight_104,HAOS_Flight_104_seg00,train,10.1594/PANGAEA.918840,CC BY 4.0,fixed-wing UAV,2020-02-28 16:41:51+00:00,70.0,65.043796,24.502644,24.45,382449.8534776,7215658.712328,-1169.9734000000171,110.10185599979013,-0.5199999999999996,-1170.1704791212078,109.90358679645651,-0.6306493506493487,-16.50366035237721,1.2215258614684217,0.2258658008658007,-0.05256825108068597,0.056795690469723326,0.11609307359307339,16.54880450234589,16.55034579145899,274.2330542500696,0.18377778717757653,0.7819509651954687,1000.75,-3.03,54.47,False
HAOS / PANGAEA,HAOS_Flight_104,HAOS_Flight_104_seg00,train,10.1594/PANGAEA.918840,CC BY 4.0,fixed-wing UAV,2020-02-28 16:41:52+00:00,71.0,65.043802,24.502293,24.3,382433.3533026,7215660.066956,-1186.473575000011,111.45648400019854,-0.6699999999999982,-1186.7009016108132,111.14771215582564,-0.4364069264069245,-16.552504299132693,1.1933472337628572,0.1785497835497834,-0.0533086570350747,-0.09992648054667796,-0.0733008658008657,16.595465531076123,16.59642600737705,274.1235855358084,-0.35665615927906075,0.6164186420873645,1000.77,-3.07,54.26,False
HAOS / PANGAEA,HAOS_Flight_104,HAOS_Flight_104_seg00,train,10.1594/PANGAEA.918840,CC BY 4.0,fixed-wing UAV,2020-02-28 16:41:53+00:00,72.0,65.043805,24.501934,23.25,382416.4841643,7215661.020394,-1203.342713299964,112.40992200002074,-1.7199999999999989,-1203.2754877194732,112.29028126398222,-0.2735497835497819,-16.61027766644736,1.0216729003750658,0.07926406926406929,-0.0411068999973736,-0.18701971432766484,-0.08927489177489167,16.6416687766534,16.64185754248957,273.5197419315115,-0.6519409299850513,0.2728970486314221,1000.91,-2.96,54.23,False
HAOS / PANGAEA,HAOS_Flight_104,HAOS_Flight_104_seg00,train,10.1594/PANGAEA.918840,CC BY 4.0,fixed-wing UAV,2020-02-28 16:41:54+00:00,73.0,65.043806,24.501578,26.78,382399.7376875,7215661.760469,-1220.0891900999704,113.1499969996512,1.8100000000000023,-1219.9214569437079,113.19105795657578,-0.27787878787878595,-16.63471809912744,0.8193078051075275,5.551115123125783e-17,0.02686865822585105,-0.12282226515382177,-0.059880952380952326,16.654882512853344,16.654882512853344,272.8197036758383,-0.4180860424912829,1.9096830488050188e-16,1000.44,-3.22,53.83,False
HAOS / PANGAEA,HAOS_Flight_104,HAOS_Flight_104_seg00,train,10.1594/PANGAEA.918840,CC BY 4.0,fixed-wing UAV,2020-02-28 16:41:55+00:00,74.0,65.043806,24.501227,24.52,382383.241551,7215662.42592,-1236.585326600005,113.81544800009578,-0.4499999999999993,-1236.544923917728,113.92889687419728,-0.27354978354978177,-16.556540349995657,0.7760283700674222,-0.040497835497835366,0.1074921363593262,0.031289754366881084,-0.06808441558441547,16.574717143655388,16.574766618775175,272.68356984652894,0.12732044041273538,-0.1399933655501745,1000.74,-2.98,54.06,False
HAOS / PANGAEA,HAOS_Flight_104,HAOS_Flight_104_seg00,train,10.1594/PANGAEA.918840,CC BY 4.0,fixed-wing UAV,2020-02-28 16:41:56+00:00,75.0,65.043808,24.500879,24.3,382366.8521585,7215663.333329,-1252.9747190999915,114.72285699937493,-0.6699999999999982,-1253.0345376436992,114.74311469671062,-0.3588744588744567,-16.419733826408788,0.8818873138412897,-0.13616883116883088,0.11586797348036271,0.08838212449865779,-0.1566991341991341,16.443399410232278,16.443963211920934,273.0743445566638,0.32834642629473526,-0.4744591309170745,1000.77,-2.96,53.87,False
HAOS / PANGAEA,HAOS_Flight_104,HAOS_Flight_104_seg00,train,10.1594/PANGAEA.918840,CC BY 4.0,fixed-wing UAV,2020-02-28 16:41:57+00:00,76.0,65.043809,24.500529,23.7,382350.4026599,7215664.146043,-1269.4242176999687,115.53557099960744,-1.2699999999999996,-1269.3843915705456,115.69267150187986,-0.5458874458874435,-16.324804403034932,0.9527926190647378,-0.35389610389610354,0.054481442856115336,0.004339453501188473,-0.024740259740259674,16.35258550114608,16.356414491710762,273.3402626991184,0.025447645892526155,-1.2397787755636402,1000.85,-2.89,53.53,False
HAOS / PANGAEA,HAOS_Flight_104,HAOS_Flight_104_seg00,train,10.1594/PANGAEA.918840,CC BY 4.0,fixed-wing UAV,2020-02-28 16:41:58+00:00,77.0,65.043812,24.500182,24.6,382334.0930171,7215665.116851,-1285.7338604999823,116.50637899991125,-0.36999999999999744,-1285.684146449769,116.6486999348401,-1.0666666666666638,-16.310770940696557,0.8905662208436667,-0.18564935064935023,-0.011570842640878709,-0.11962990036931487,0.24761904761904738,16.335065254647102,16.33612018059905,273.1252398484488,-0.42054049208613026,-0.6511431792996998,1000.73,-2.95,53.72,False
HAOS / PANGAEA,HAOS_Flight_104,HAOS_Flight_104_seg00,train,10.1594/PANGAEA.918840,CC BY 4.0,fixed-wing UAV,2020-02-28 16:41:59+00:00,78.0,65.043817,24.499837,23.92,382317.8515944,7215666.319315,-1301.9752831999795,117.70884300023317,-1.0499999999999972,-1302.0059334519387,117.47380394356719,-0.917186147186144,-16.34794608831669,0.713532818326108,0.1413419913419912,-0.048259652272122366,-0.1959216363347025,0.1789393939393936,16.363510332118146,16.364120750833326,272.49918171494613,-0.6920945645120378,0.49488758923538206,1000.82,-2.91,53.64,False
HAOS / PANGAEA,HAOS_Flight_104,HAOS_Flight_104_seg00,train,10.1594/PANGAEA.918840,CC BY 4.0,fixed-wing UAV,2020-02-28 16:42:00+00:00,79.0,65.043817,24.499489,24.11,382301.5101408,7215666.973296,-1318.316736800014,118.36282399948686,-0.8599999999999994,-1318.3800386264024,118.07576557149231,-0.7839826839826813,-16.4072902452408,0.49872294817426166,0.17222943722943695,-0.06219645952120345,-0.19200894272447044,-0.013906926406926451,16.414868192300833,16.415771707405593,271.7410507194247,-0.6765909578787334,0.6011414561867865,1000.8,-2.92,53.76,False
HAOS / PANGAEA,HAOS_Flight_104,HAOS_Flight_104_seg00,train,10.1594/PANGAEA.918840,CC BY 4.0,fixed-wing UAV,2020-02-28 16:42:01+00:00,80.0,65.043813,24.49914,24.3,382285.0722362,7215667.086129,-1334.7546414000099,118.47565700020641,-0.6699999999999982,-1334.8205139424203,118.47124983991571,-0.5727272727272701,-16.472339007359096,0.32951493287716715,0.11352813852813831,-0.2577806275427861,-0.10364049899157735,-0.04800324675324685,16.475634508702633,16.47602564645342,271.14599979918864,-0.3772059226335389,0.39479998435463104,1000.77,-2.94,53.89,False
HAOS / PANGAEA,HAOS_Flight_104,HAOS_Flight_104_seg00,train,10.1594/PANGAEA.918840,CC BY 4.0,fixed-wing UAV,2020-02-28 16:42:02+00:00,81.0,65.043807,24.498788,24.3,382268.4894334,7215667.157716,-1351.3374442000058,118.54724400024861,-0.6699999999999982,-1351.3247166411206,118.73479543724665,-0.5569264069264047,-16.922851500326374,0.29144195019110697,0.07622294372294325,-0.3107775071426886,-0.027855781375656363,-0.03242424242424255,16.92536089164511,16.925532524844808,270.9866388741577,-0.11416834043872166,0.25802838008588397,1000.77,-2.94,53.89,False
HAOS / PANGAEA,HAOS_Flight_104,HAOS_Flight_104_seg00,train,10.1594/PANGAEA.918840,CC BY 4.0,fixed-wing UAV,2020-02-28 16:42:03+00:00,82.0,65.043803,24.498436,24.9,382251.8765315,7215667.344038,-1367.9503460999695,118.7335660001263,-0.07000000000000028,-1368.666216943073,119.05413374029793,-0.4202813852813836,-17.093894021644473,0.27380337012585443,0.04867965367965321,0.5340267689953748,0.04138416551996471,-0.08498376623376608,17.096086719150232,17.096156024597672,270.9176631183112,0.18271219151509,0.16314442082319694,1000.69,-2.95,54.39,False
HAOS / PANGAEA,HAOS_Flight_104,HAOS_Flight_104_seg00,train,10.1594/PANGAEA.918840,CC BY 4.0,fixed-wing UAV,2020-02-28 16:42:04+00:00,83.0,65.0438,24.498084,24.6,382235.3092513,7215667.636519,-1384.5176262999885,119.02604699973017,-0.36999999999999744,-1385.5125046844096,119.28240217749835,-0.4595670995670983,-15.854797962335624,0.3742102812310364,-0.09374458874458891,1.5953543929653051,0.3270469273871903,-0.13225108225108198,15.859213466028537,15.859490528039663,271.35206325718787,1.450294612043072,-0.3386742188038589,1000.73,-2.96,54.08,False
HAOS / PANGAEA,HAOS_Flight_104,HAOS_Flight_104_seg00,train,10.1594/PANGAEA.918840,CC BY 4.0,fixed-wing UAV,2020-02-28 16:42:05+00:00,84.0,65.043798,24.497734,24.15,382218.8257975,7215668.077598,-1401.0010801000171,119.46712599974126,-0.8200000000000003,-1400.3758128677443,119.80255430276,-0.6077705627705614,-13.903185235713863,0.9278972249002351,-0.21582251082251075,1.3366621079005085,-0.4630078279082639,-0.07641774891774872,13.9341147174318,13.935786031463287,273.8182523423974,-1.8745952564522328,-0.8873710696083241,1000.79,-2.96,54.75,False
HAOS / PANGAEA,HAOS_Flight_104,HAOS_Flight_104_seg00,train,10.1594/PANGAEA.918840,CC BY 4.0,fixed-wing UAV,2020-02-28 16:42:06+00:00,85.0,65.043792,24.49738,24.15,382202.1712983,7215668.03158,-1417.6555793000152,119.42110799998045,-0.8200000000000003,-1413.3188751558373,121.13819662729883,-0.8912121212121198,-13.181473746534607,-0.5518053745854914,-0.24658008658008634,0.3852872931847173,-2.807352930636977,-0.0008982683982682593,13.193018581886502,13.195322695603181,267.6028727442834,-11.729441515334447,-1.0707446101139062,1000.79,-2.96,54.75,False
HAOS / PANGAEA,HAOS_Flight_104,HAOS_Flight_104_seg00,train,10.1594/PANGAEA.918840,CC BY 4.0,fixed-wing UAV,2020-02-28 16:42:07+00:00,86.0,65.04377249999999,24.4972105,23.884999999999998,382194.11484285,7215666.210047999,-1425.712034749973,117.5995759991929,-1.0850000000000009,-1426.7387603608136,118.69894355358902,-1.100930735930734,-13.132610649344429,-4.686808636373719,-0.21761904761904727,0.6323731895049036,-4.301846021539383,0.06293290043290051,13.943874556996775,13.945572620410701,250.35936931172847,-17.568784976204064,-0.894130302884659,1000.825,-2.935,54.725,True
HAOS / PANGAEA,HAOS_Flight_104,HAOS_Flight_104_seg00,train,10.1594/PANGAEA.918840,CC BY 4.0,fixed-wing UAV,2020-02-28 16:42:08+00:00,87.0,65.043753,24.497041,23.62,382186.0583874,7215664.388516,-1433.7684901999892,115.77804399933666,-1.3499999999999979,-1439.5840964545262,111.76457935455139,-1.3264502164502143,-11.9167273675248,-9.155497417664257,-0.12071428571428533,1.817562014282089,-4.21315972399756,0.11955627705627703,15.027691909164608,15.0281767375669,232.46530279187527,-17.222282030513643,-0.46023503700049684,1000.86,-2.91,54.7,False
HAOS / PANGAEA,HAOS_Flight_104,HAOS_Flight_104_seg00,train,10.1594/PANGAEA.918840,CC BY 4.0,fixed-wing UAV,2020-02-28 16:42:09+00:00,88.0,65.043675,24.49675,23.47,382172.0139004,7215656.223545,-1447.8129771999666,107.61307299975306,-1.5,-1450.5722150958632,100.3879487182605,-1.3423593073593048,-9.49748662078025,-13.113128084368839,0.021493506493506787,2.82562172704786,-3.269688113645987,0.15768398268398248,16.191243938282277,16.191258204345456,215.9148052507012,-15.3515670127197,0.07605879389725247,1000.88,-2.91,54.93,False
HAOS / PANGAEA,HAOS_Flight_104,HAOS_Flight_104_seg00,train,10.1594/PANGAEA.918840,CC BY 4.0,fixed-wing UAV,2020-02-28 16:42:10+00:00,89.0,65.043431,24.49641,24.0,382154.9084985,7215629.622102,-1464.9183790999814,81.01162999961525,-0.9699999999999989,-1458.5790696960867,85.53832318581371,-1.2834632034632008,-6.26548391342908,-15.694873644956232,0.19465367965367963,3.8624603955584575,-1.640237704542308,0.11240259740259712,16.89927061741365,16.900391636159885,201.76216876643585,-14.871823880220274,0.6599303229259261,1000.81,-2.95,55.08,False
HAOS / PANGAEA,HAOS_Flight_104,HAOS_Flight_104_seg00,train,10.1594/PANGAEA.918840,CC BY 4.0,fixed-wing UAV,2020-02-28 16:42:11+00:00,90.0,65.043294,24.496399,23.32,382153.8196775,7215614.463976,-1466.0072000999935,65.85350400023162,-1.6499999999999986,-1463.1031829227213,68.99820142834804,-0.9530519480519455,-1.7725658296633355,-16.393603493453455,0.24629870129870102,5.1108292863102065,0.4189257780936675,-0.07079545454545455,16.489154772791096,16.490994153516663,186.17115749026064,-18.336534505661593,0.85576410060509,1000.9,-2.95,55.31,False
HAOS / PANGAEA,HAOS_Flight_104,HAOS_Flight_104_seg00,train,10.1594/PANGAEA.918840,CC BY 4.0,fixed-wing UAV,2020-02-28 16:42:12+00:00,91.0,65.043169,24.496496,24.52,382157.8080474,7215600.352778,-1462.018830200017,51.74230599962175,-0.4499999999999993,-1462.1242013554133,52.7511161989068,-0.7908658008657987,3.9561746591913334,-14.857022088768897,0.053062770562770534,5.286959446539981,2.365811078948294,-0.10364718614718602,15.374733275091135,15.374824842508431,165.08909975511267,-21.60659344661319,0.19774396582061424,1000.74,-2.98,55.37,False
HAOS / PANGAEA,HAOS_Flight_104,HAOS_Flight_104_seg00,train,10.1594/PANGAEA.918840,CC BY 4.0,fixed-wing UAV,2020-02-28 16:42:13+00:00,92.0,65.043062,24.496671,24.45,382165.5723957,7215588.055511,-1454.2544819000177,39.445038999430835,-0.5199999999999996,-1455.1908336043386,39.284157250810246,-0.8469264069264044,8.801353063416627,-11.661981335556867,0.039004329004328986,3.333760564994691,2.4060264967303295,0.02314393939393916,14.610462840642317,14.6105149038448,142.95797059703426,-15.846486909797761,0.1529573806179814,1000.75,-3.04,55.57,False
HAOS / PANGAEA,HAOS_Flight_104,HAOS_Flight_104_seg00,train,10.1594/PANGAEA.918840,CC BY 4.0,fixed-wing UAV,2020-02-28 16:42:14+00:00,93.0,65.042973,24.496892,24.67,382175.5802869,7215577.734456,-1444.2465907000005,29.123983999714255,-0.29999999999999716,-1444.52149522858,29.427153527793067,-0.7128571428571407,10.623695789180715,-10.044969095308238,0.09935064935064886,0.7859518690531786,0.6651626894405718,-0.09829004329004332,14.620681117743922,14.621018668283003,133.39612593551715,-4.0365453002015705,0.38933106065963125,1000.72,-3.03,55.73,False
HAOS / PANGAEA,HAOS_Flight_104,HAOS_Flight_104_seg00,train,10.1594/PANGAEA.918840,CC BY 4.0,fixed-wing UAV,2020-02-28 16:42:15+00:00,94.0,65.04289,24.497126,23.4,382186.2512509,7215568.124206,-1433.5756267000106,19.513733999803662,-1.5700000000000003,-1433.9434420259772,19.19421906019377,-0.6482251082251067,10.373256801522984,-10.331655956675723,-0.15757575757575765,-0.5627917287860669,-0.44694574557152045,-0.15030303030302988,14.640613767101971,14.641461730197275,134.88487999663113,2.818195735816774,-0.6166460922702253,1000.89,-3.04,55.84,False
HAOS / PANGAEA,HAOS_Flight_104,HAOS_Flight_104_seg00,train,10.1594/PANGAEA.918840,CC BY 4.0,fixed-wing UAV,2020-02-28 16:42:16+00:00,95.0,65.042803,24.497352,23.77,382196.4798643,7215557.997846,-1423.3470132999937,9.3873739996925,-1.1999999999999993,-1423.774981625534,8.76384161444162,-1.028008658008656,9.498112331608581,-10.938860586451279,-0.2012554112554109,-1.2729243576856106,-0.9179821493360096,0.03899350649350666,14.486987567940831,14.488385435728572,139.0325174071507,6.181008322091351,-0.7959103919350274,1000.84,-3.01,56.32,False
HAOS / PANGAEA,HAOS_Flight_104,HAOS_Flight_104_seg00,train,10.1594/PANGAEA.918840,CC BY 4.0,fixed-wing UAV,2020-02-28 16:42:17+00:00,96.0,65.042703,24.497548,24.97,382205.2726959,7215546.440493,-1414.5541816999903,-2.1699790004640818,0.0,-1414.94721736276,-2.683502112708788,-1.0507359307359285,7.827408086151763,-12.167620255347742,-0.07958874458874432,-1.8957985418849148,-1.2949452489822102,0.03493506493506493,14.467871302493075,14.468090212386977,147.24689664081382,9.048574443973992,-0.31518480281679784,1000.68,-3.09,56.6,False
HAOS / PANGAEA,HAOS_Flight_104,HAOS_Flight_104_seg00,train,10.1594/PANGAEA.918840,CC BY 4.0,fixed-wing UAV,2020-02-28 16:42:18+00:00,97.0,65.042588,24.497704,23.4,382212.0768491,7215533.315185,-1407.7500284999842,-15.295287000015378,-1.5700000000000003,-1408.1201654532306,-15.571398896253866,-1.1871861471861447,5.706515247838752,-13.528751084415699,-0.13138528138528105,-2.1382589404777264,-1.2165054296671478,-0.0003030303030303605,14.683031777459828,14.683619590212073,157.12966629509867,9.542036778526953,-0.5126748564825429,1000.89,-3.07,56.88,False
HAOS / PANGAEA,HAOS_Flight_104,HAOS_Flight_104_seg00,train,10.1594/PANGAEA.918840,CC BY 4.0,fixed-wing UAV,2020-02-28 16:42:19+00:00,98.0,65.042461,24.497815,23.17,382216.7682022,7215518.997189,-1403.0586753999814,-29.613282999955118,-1.7999999999999972,-1403.5341868670826,-29.741004281540185,-1.3135064935064906,3.5508902051963105,-14.600631114682038,-0.08019480519480504,-1.9817559556296942,-0.8544896742403569,0.02687229437229427,15.026218759101717,15.026432757083784,166.3309701978677,8.17239239694169,-0.30578419796882106,1000.92,-3.09,56.83,False
HAOS / PANGAEA,HAOS_Flight_104,HAOS_Flight_104_seg00,train,10.1594/PANGAEA.918840,CC BY 4.0,fixed-wing UAV,2020-02-28 16:42:20+00:00,99.0,65.042324,24.497881,24.3,382219.24023,7215503.674556,-1400.5866475999937,-44.935916000045836,-0.6699999999999982,-1401.018385042838,-44.772661125617944,-1.3475757575757548,1.7430033365793633,-15.237730432896413,-0.07764069264069251,-1.50829212695146,-0.4416860693176723,0.07004329004329002,15.33709520662059,15.337291724880831,173.47445108898205,5.846355271094343,-0.2900448844752132,1000.77,-3.18,57.29,False
HAOS / PANGAEA,HAOS_Flight_104,HAOS_Flight_104_seg00,train,10.1594/PANGAEA.918840,CC BY 4.0,fixed-wing UAV,2020-02-28 16:42:21+00:00,100.0,65.042185,24.497904,23.02,382219.7226507,7215488.097979,-1400.1042268999736,-60.512493000365794,-1.9499999999999993,-1400.0481801939238,-60.21646514733301,-1.4687878787878756,0.5343059512933905,-15.484003253317383,0.059891774891774996,-0.8955931511925996,-0.12531951193302504,0.16270562770562744,15.493219148980332,15.49333490966456,178.02368074005642,3.3518952531211568,0.22148585151678568,1000.94,-3.09,57.92,False
HAOS / PANGAEA,HAOS_Flight_104,HAOS_Flight_104_seg00,train,10.1594/PANGAEA.918840,CC BY 4.0,fixed-wing UAV,2020-02-28 16:42:22+00:00,101.0,65.042047,24.497911,23.47,382219.4297316,7215472.719788,-1400.397146000003,-75.89068400021642,-1.5,-1399.9497731402512,-75.74066763225271,-1.2277922077922048,-0.04818296580583592,-15.488369456762463,0.24777056277056236,-0.3417184694772004,0.04972762125241914,0.03827922077922061,15.488444403082132,15.490426084493023,180.17824159522436,1.2658508746607304,0.9164895051175079,1000.88,-3.14,57.82,False
HAOS / PANGAEA,HAOS_Flight_104,HAOS_Flight_104_seg00,train,10.1594/PANGAEA.918840,CC BY 4.0,fixed-wing UAV,2020-02-28 16:42:23+00:00,102.0,65.04191,24.497919,24.75,382219.195773,7215457.42248,-1400.6311045999755,-91.18799200002104,-0.21999999999999886,-1400.1445461255355,-91.19320406085794,-0.9732467532467509,-0.1491309876610103,-15.384548010812544,0.1364502164502162,0.016797160935368538,0.1093393961568303,-0.015649350649350524,15.385270798672247,15.38587586749764,180.55538248937788,-0.06175064682310296,0.5081364278302446,1000.71,-3.19,58.07,False
HAOS / PANGAEA,HAOS_Flight_104,HAOS_Flight_104_seg00,train,10.1594/PANGAEA.918840,CC BY 4.0,fixed-wing UAV,2020-02-28 16:42:24+00:00,103.0,65.041773,24.497935,23.62,382219.3407575,7215442.137827,-1400.4861201000167,-106.47264500055462,-1.3499999999999979,-1400.2480351155732,-106.5097636538778,-0.9548917748917723,-0.014588643935098844,-15.269690664448802,0.21647186147186132,0.10539685443893632,-0.066148881512202,0.07284632034632021,15.26969763343357,15.27123197005716,180.05474030157816,-0.39153509971101474,0.8122029362366231,1000.86,-3.17,58.46,False
HAOS / PANGAEA,HAOS_Flight_104,HAOS_Flight_104_seg00,train,10.1594/PANGAEA.918840,CC BY 4.0,fixed-wing UAV,2020-02-28 16:42:25+00:00,104.0,65.041637,24.497956,24.37,382219.7452442,7215426.92946,-1400.0816333999974,-121.68101199995726,-0.5999999999999979,-1400.1737234134057,-121.73258538975554,-0.5403030303030283,0.06166272121686234,-15.516845773836948,0.28214285714285664,-0.0053405979461444986,-0.12999541997340458,-0.03594155844155848,15.516968294748477,15.519533164759375,179.77231228995583,0.0192455474405227,1.0416863296665777,1000.76,-3.17,58.01,False
HAOS / PANGAEA,HAOS_Flight_104,HAOS_Flight_104_seg00,train,10.1594/PANGAEA.918840,CC BY 4.0,fixed-wing UAV,2020-02-28 16:42:26+00:00,105.0,65.0415,24.497973,24.9,382219.931945,7215411.699267,-1399.894932599971,-136.91120500024408,-0.07000000000000028,-1400.1247096731395,-137.5434552015517,-0.39060606060605907,-0.02526983982738784,-15.529681504395612,0.14458874458874435,-0.12316158777480268,0.6460598879896864,0.05875541125541128,15.529702063876565,15.530375143499715,180.0932313964592,0.48571992481452947,0.5334349257645773,1000.69,-3.16,58.13,False
HAOS / PANGAEA,HAOS_Flight_104,HAOS_Flight_104_seg00,train,10.1594/PANGAEA.918840,CC BY 4.0,fixed-wing UAV,2020-02-28 16:42:27+00:00,106.0,65.041365,24.497982,24.3,382219.7649787,7215396.62911,-1400.0618988999631,-151.98136200010777,-0.6699999999999982,-1400.2242630930605,-152.79194839854677,-0.2511255411255396,-0.18466045433274303,-14.224725997857576,0.3996536796536792,-0.15736529047910608,1.851543573586035,0.15664502164502142,14.225924546317529,14.231537241674925,180.7437521395849,0.7767500296534067,1.6092063325926347,1000.77,-3.12,58.49,False
HAOS / PANGAEA,HAOS_Flight_104,HAOS_Flight_104_seg00,train,10.1594/PANGAEA.918840,CC BY 4.0,fixed-wing UAV,2020-02-28 16:42:28+00:00,107.0,65.041232,24.497984,25.58,382219.2902084,7215381.77284,-1400.5366691999952,-166.83763200044632,0.6099999999999994,-1400.494030581805,-165.99290719726685,0.40870129870129934,-0.3400004207856,-11.826594357223541,0.4578787878787872,-0.13280214253677514,1.5005934912977494,-0.11022727272727251,11.831480650216443,11.840337299284824,181.64673145576603,0.7768009314964748,2.216243048321927,1000.6,-3.18,58.59,False
HAOS / PANGAEA,HAOS_Flight_104,HAOS_Flight_104_seg00,train,10.1594/PANGAEA.918840,CC BY 4.0,fixed-wing UAV,2020-02-28 16:42:29+00:00,108.0,65.0411,24.497985,25.28,382218.7233113,7215367.052412,-1401.1035663000075,-181.55806000065058,0.3100000000000023,-1400.9042639346317,-176.44513711299385,0.6646320346320349,-0.4502647394062933,-11.223539015262077,0.1791991341991342,-0.05938285162255852,-0.49495871425546056,-0.1542748917748915,11.232567220482709,11.233996559210812,182.29735400257786,0.20164581488933328,0.9139925849111122,1000.64,-3.12,58.06,False
HAOS / PANGAEA,HAOS_Flight_104,HAOS_Flight_104_seg00,train,10.1594/PANGAEA.918840,CC BY 4.0,fixed-wing UAV,2020-02-28 16:42:30+00:00,109.0,65.041034,24.4979855,25.990000000000002,382218.46602319996,7215359.7136955,-1401.3608544000308,-188.896776500158,1.0200000000000031,-1401.3945600606176,-188.439985227791,0.7670995670995677,-0.45876612403071704,-12.816511785734463,0.1493290043290042,0.05670481256277071,-1.6358526492535646,-0.07653679653679663,12.824719907679409,12.825589259833734,182.0500230855447,-0.4830482383646854,0.6671128205600403,1000.5450000000001,-3.1550000000000002,57.625,True
HAOS / PANGAEA,HAOS_Flight_104,HAOS_Flight_104_seg00,train,10.1594/PANGAEA.918840,CC BY 4.0,fixed-wing UAV,2020-02-28 16:42:31+00:00,110.0,65.040968,24.497986,26.7,382218.2087351,7215352.374979,-1401.6181424999959,-196.23549300059676,1.7300000000000004,-1401.821796182693,-202.07816068446277,0.9632900432900433,-0.3368551142807519,-14.495244313769206,0.02612554112554094,0.1502290310674539,-1.7038188927798785,-0.10569264069264056,14.499157874989692,14.499181412334101,181.33125752584849,-0.7454870005885135,0.1032392113328532,1000.45,-3.19,57.19,False
HAOS / PANGAEA,HAOS_Flight_104,HAOS_Flight_104_seg00,train,10.1594/PANGAEA.918840,CC BY 4.0,fixed-wing UAV,2020-02-28 16:42:32+00:00,111.0,65.040835,24.497989,25.13,382217.7772789,7215337.581695,-1402.0495987000177,-211.0287770004943,0.16000000000000014,-1402.068270289179,-217.4304738553294,0.8193506493506496,-0.15830806189580926,-16.22414957129422,-0.06205627705627692,0.11752553127843157,-1.7606520540941801,-0.09819264069264051,16.224921902868672,16.2250405773209,180.55904908436767,-0.5037531282174206,-0.21914098886172345,1000.66,-3.11,55.88,False
HAOS / PANGAEA,HAOS_Flight_104,HAOS_Flight_104_seg00,train,10.1594/PANGAEA.918840,CC BY 4.0,fixed-wing UAV,2020-02-28 16:42:33+00:00,112.0,65.040567,24.498008,25.35,382217.459141,7215307.702245,-1402.3677365999902,-240.90822700038552,0.38000000000000256,-1402.1384123064847,-234.5264598270512,0.8391774891774895,-0.10180405172388873,-18.016548421957566,-0.17025974025974008,0.05353391471601299,-1.304312946984453,-0.17313852813852793,18.016836045923522,18.017640508258634,180.32375126941363,-0.20157953024357544,-0.5414310337025154,1000.63,-3.1,54.11,False
HAOS / PANGAEA,HAOS_Flight_104,HAOS_Flight_104_seg00,train,10.1594/PANGAEA.918840,CC BY 4.0,fixed-wing UAV,2020-02-28 16:42:34+00:00,113.0,65.040431,24.498028,25.95,382217.8171123,7215292.504092,-1402.0097652999684,-256.10637999977916,0.9800000000000004,-1402.2718783926268,-253.46357069924454,0.47883116883116944,-0.051240232463783286,-18.832775465263126,-0.40833333333333277,0.29545969566811436,0.1724760881685654,0.03461038961038965,18.83284517236946,18.837271389390523,180.15589002388052,-0.9545909993312466,-1.2420912120434096,1000.55,-3.08,52.51,False
HAOS / PANGAEA,HAOS_Flight_104,HAOS_Flight_104_seg00,train,10.1594/PANGAEA.918840,CC BY 4.0,fixed-wing UAV,2020-02-28 16:42:35+00:00,114.0,65.040294,24.498055,25.28,382218.4682597,7215277.200395,-1401.3586178999976,-271.41007700003684,0.3100000000000023,-1402.2408927714123,-272.19201075757746,0.02251082251082398,0.48911533961234,-17.671596245620435,-0.10103896103896079,0.9614100744565235,1.754503762914922,0.20219696969696935,17.678363829372625,17.678652566169124,178.41456927075114,-3.5596326201673656,-0.32746486358829435,1000.64,-3.07,51.55,False
HAOS / PANGAEA,HAOS_Flight_104,HAOS_Flight_104_seg00,train,10.1594/PANGAEA.918840,CC BY 4.0,fixed-wing UAV,2020-02-28 16:42:36+00:00,115.0,65.040156,24.498083,25.35,382219.2055418,7215261.7959,-1400.6213357999804,-286.81457199994475,0.38000000000000256,-1401.2936477134022,-288.8067631904854,0.27675324675324786,1.8715799164492637,-15.323767939433282,-0.003939393939394076,1.8424707573574892,1.7933223900915323,-0.011904761904761967,15.437638266433746,15.437638769063232,173.0366247835458,-7.460845023762485,-0.01462080130211567,1000.63,-3.05,49.96,False
HAOS / PANGAEA,HAOS_Flight_104,HAOS_Flight_104_seg00,train,10.1594/PANGAEA.918840,CC BY 4.0,fixed-wing UAV,2020-02-28 16:42:37+00:00,116.0,65.040018,24.498124,24.15,382220.5126729,7215246.291972,-1399.3142047000001,-302.31850000005215,-0.8200000000000003,-1398.4977329385138,-302.839546636444,0.014632034632035829,4.174056854327318,-14.08495146543737,-0.12484848484848472,2.682387403571738,1.2299728214466654,0.079491341991342,14.690425739470017,14.690956250396097,163.49287922322617,-11.19795835324026,-0.48692387648905805,1000.79,-2.98,48.88,False
HAOS / PANGAEA,HAOS_Flight_104,HAOS_Flight_104_seg00,train,10.1594/PANGAEA.918840,CC BY 4.0,fixed-wing UAV,2020-02-28 16:42:38+00:00,117.0,65.039889,24.498239,24.82,382225.3679847,7215231.744081,-1394.4588928999729,-316.8663910003379,-0.14999999999999858,-1392.9455340047475,-316.97666612136015,0.027056277056278416,7.23635472359274,-12.86382229653995,0.15504329004328993,3.1595790354988367,2.240719701351935,0.21300865800865781,14.759497070111207,14.760311385076156,150.64070807706526,-15.51388368367407,0.6018497371246863,1000.7,-3.06,48.02,False
HAOS / PANGAEA,HAOS_Flight_104,HAOS_Flight_104_seg00,train,10.1594/PANGAEA.918840,CC BY 4.0,fixed-wing UAV,2020-02-28 16:42:39+00:00,118.0,65.039783,24.498448,26.55,382234.7161497,7215219.562814,-1385.110727899999,-329.0476580001414,1.5800000000000018,-1384.0250234913283,-328.5671912295239,0.3247186147186157,10.493214925324992,-9.6035120627335,0.3011688311688309,2.92050326829127,3.8491447889951473,0.09103896103896106,14.224450900056953,14.227638808776339,132.46511185587804,-19.543391413517416,1.2129202948652587,1000.47,-3.2,46.77,False
HAOS / PANGAEA,HAOS_Flight_104,HAOS_Flight_104_seg00,train,10.1594/PANGAEA.918840,CC BY 4.0,fixed-wing UAV,2020-02-28 16:42:40+00:00,119.0,65.039714,24.498727,24.37,382247.5367247,7215211.336341,-1372.2901528999791,-337.27413100004196,-0.5999999999999979,-1371.9591041540975,-336.18369024682715,0.6293939393939403,13.07736126017528,-5.165532718549656,0.33712121212121204,1.9034649926400107,4.674459831194483,-0.0732359307359308,14.060586964829747,14.064627848158738,111.55392525003043,-20.72257755961334,1.3734791212273512,1000.76,-2.97,45.87,False
HAOS / PANGAEA,HAOS_Flight_104,HAOS_Flight_104_seg00,train,10.1594/PANGAEA.918840,CC BY 4.0,fixed-wing UAV,2020-02-28 16:42:41+00:00,120.0,65.039692,24.499047,26.48,382262.5090209,7215208.337411,-1357.317856699985,-340.2730609998107,1.5100000000000016,-1357.8703009709777,-338.89825666662324,0.9989610389610397,14.300144910605013,-0.254592400344535,0.15469696969696933,0.5919669353869494,4.685969929632165,-0.2407251082251084,14.302411046904492,14.303247634962105,91.01995673665135,-18.993744986254285,0.619695365968614,1000.48,-3.14,45.41,False
HAOS / PANGAEA,HAOS_Flight_104,HAOS_Flight_104_seg00,train,10.1594/PANGAEA.918840,CC BY 4.0,fixed-wing UAV,2020-02-28 16:42:42+00:00,121.0,65.039721,24.499367,26.03,382277.7118148,7215210.892896,-1342.1150628000032,-337.71757599990815,1.0600000000000023,-1343.3588143328875,-336.6928750475162,0.938787878787879,14.261295130949179,4.206407140714674,-0.14432900432900475,-0.2951847959964766,3.8057540042932487,-0.12034632034632034,14.86870538565783,14.869405862608659,73.56643527752186,-14.619387692544535,-0.5561468119306596,1000.54,-3.07,45.14,False
HAOS / PANGAEA,HAOS_Flight_104,HAOS_Flight_104_seg00,train,10.1594/PANGAEA.918840,CC BY 4.0,fixed-wing UAV,2020-02-28 16:42:43+00:00,122.0,65.039789,24.499654,25.84,382291.5111637,7215217.977702,-1328.3157138999668,-330.63277000002563,0.870000000000001,-1329.3477107090794,-330.4854423851939,0.7103030303030302,13.70977531861206,7.3569156082419624,-0.08599567099567135,-0.4971441862535926,2.238069555173837,-0.019025974025973766,15.558989252313873,15.559226902678956,61.78118135156228,-8.384518292377377,-0.31667473719920985,1000.56,-3.03,45.15,False
HAOS / PANGAEA,HAOS_Flight_104,HAOS_Flight_104_seg00,train,10.1594/PANGAEA.918840,CC BY 4.0,fixed-wing UAV,2020-02-28 16:42:44+00:00,123.0,65.039875,24.49991,25.65,382303.9285628,7215227.132063,-1315.898314799997,-321.4784089997411,0.6799999999999997,-1315.9392636956634,-321.9790438310323,0.7667965367965363,13.267006758441994,8.682546251062348,-0.18238095238095228,-0.22722698235577354,0.46316501186468884,-0.1409740259740255,15.855600831579432,15.85664972628751,56.7973986927671,-1.8912148369617756,-0.659022519351913,1000.59,-2.98,45.16,False
HAOS / PANGAEA,HAOS_Flight_104,HAOS_Flight_104_seg00,train,10.1594/PANGAEA.918840,CC BY 4.0,fixed-wing UAV,2020-02-28 16:42:45+00:00,124.0,65.039963,24.500164,25.13,382316.2730915,7215236.427573,-1303.5537861000048,-312.18289900012314,0.16000000000000014,-1302.8136971921954,-313.1203498830692,0.34554112554112565,13.255321353900513,8.28324563197134,-0.36794372294372235,0.22562188712231546,-0.9622467391805571,0.15498917748917757,15.63060147258394,15.63493156294574,57.99875167763872,3.488128345116621,-1.3484912765425023,1000.66,-2.87,45.34,False
HAOS / PANGAEA,HAOS_Flight_104,HAOS_Flight_104_seg00,train,10.1594/PANGAEA.918840,CC BY 4.0,fixed-wing UAV,2020-02-28 16:42:46+00:00,125.0,65.040038,24.500445,25.2,382329.8205875,7215244.201883,-1290.006290099991,-304.40858899988234,0.23000000000000043,-1289.4286209878624,-305.4125525670896,0.030909090909091608,13.718250532686625,6.758052772701234,0.12759740259740285,0.5628957020554708,-1.733812948044772,0.434859307359307,15.292536576911356,15.293068889314574,63.773655383000346,6.74387667250434,0.47805169276714804,1000.65,-2.97,46.9,False
HAOS / PANGAEA,HAOS_Flight_104,HAOS_Flight_104_seg00,train,10.1594/PANGAEA.918840,CC BY 4.0,fixed-wing UAV,2020-02-28 16:42:47+00:00,126.0,65.04009,24.500751,25.35,382344.4531956,7215249.509561,-1275.3736819999758,-299.1009109998122,0.38000000000000256,-1275.3771961268221,-299.6042443376667,0.6007359307359313,14.381112758011454,4.815619735881796,0.5017748917748917,0.5840924738092781,-1.8886327814266508,0.09203463203463182,15.165968402949218,15.174266889746923,71.4865050226474,7.451729709765457,1.8949729675319984,1000.63,-2.93,48.17,False
HAOS / PANGAEA,HAOS_Flight_104,HAOS_Flight_104_seg00,train,10.1594/PANGAEA.918840,CC BY 4.0,fixed-wing UAV,2020-02-28 16:42:48+00:00,127.0,65.040125,24.501065,25.35,382359.3837941,7215252.728928,-1260.4430834999657,-295.88154400046915,0.38000000000000256,-1260.6663954718395,-295.781313095326,1.034458874458875,14.886435480305181,2.980787209847932,0.3116666666666665,0.34942801309392735,-1.6339826656291905,-0.2552922077922078,15.181931817120045,15.185130549678954,78.67711480253126,6.326877786203085,1.1760477480368363,1000.63,-2.93,48.17,False
HAOS / PANGAEA,HAOS_Flight_104,HAOS_Flight_104_seg00,train,10.1594/PANGAEA.918840,CC BY 4.0,fixed-wing UAV,2020-02-28 16:42:49+00:00,128.0,65.040148,24.501381,25.73,382374.3705209,7215254.793564,-1245.456356699986,-293.8169080000371,0.7600000000000016,-1245.6043251662118,-293.64266991797086,1.2240692640692643,15.079968784199309,1.5476544046234153,-0.008809523809523934,0.0959643939373791,-1.2000916514936648,-0.30866883116883104,15.159178496494322,15.15918105625385,84.14026059505358,4.558878478408246,-0.03329655872194332,1000.58,-2.97,49.84,False
HAOS / PANGAEA,HAOS_Flight_104,HAOS_Flight_104_seg00,train,10.1594/PANGAEA.918840,CC BY 4.0,fixed-wing UAV,2020-02-28 16:42:50+00:00,129.0,65.040164,24.501698,28.66,382389.3435372,7215255.924881,-1230.48334039998,-292.68559100013226,3.6900000000000013,-1230.5064579034408,-292.6860042860792,1.016839826839827,15.07836426817994,0.5806039068606026,-0.30567099567099565,0.15651668214121628,-0.8269323370393238,-0.24521645021644994,15.089538425697034,15.092634119270958,87.79487175934776,3.12753431500684,-1.1604902998990985,1000.19,-3.27,51.09,False
HAOS / PANGAEA,HAOS_Flight_104,HAOS_Flight_104_seg00,train,10.1594/PANGAEA.918840,CC BY 4.0,fixed-wing UAV,2020-02-28 16:42:51+00:00,130.0,65.040171,24.502016,24.75,382404.3368844,7215256.08472,-1215.4899931999971,-292.5257520005107,-0.21999999999999886,-1215.447596629852,-292.48146210424966,0.612727272727273,15.393002148481742,-0.10621026945523226,-0.4992424242424238,0.20666149296653202,-0.5950009393348523,-0.1872077922077917,15.39336856456381,15.40146222806993,90.39532922506726,2.2289081472578713,-1.857583076573821,1000.71,-3.01,52.22,False
HAOS / PANGAEA,HAOS_Flight_104,HAOS_Flight_104_seg00,train,10.1594/PANGAEA.918840,CC BY 4.0,fixed-wing UAV,2020-02-28 16:42:52+00:00,131.0,65.040173,24.502336,24.15,382419.4044704,7215255.72297,-1200.422407199978,-292.88750200066715,-0.8200000000000003,-1199.7204536064773,-292.89842482498966,0.018354978354979457,15.491687254113003,-0.609397971809102,-0.6800865800865791,-0.5577434936108148,-0.37860718556251527,-0.14444805194805155,15.503668593829408,15.518577822200918,92.2526880538635,1.5326929470514867,-2.5117362345802765,1000.79,-3.03,53.07,False
HAOS / PANGAEA,HAOS_Flight_104,HAOS_Flight_104_seg00,train,10.1594/PANGAEA.918840,CC BY 4.0,fixed-wing UAV,2020-02-28 16:42:53+00:00,132.0,65.040171,24.502656,23.85,382434.4740962,7215254.986169,-1185.352781399968,-293.6243030000478,-1.1199999999999974,-1184.4642221216259,-293.70025804786786,-0.7474458874458851,14.277515161260112,-0.8634246405802628,-0.7881385281385269,-1.7738533752149124,-0.1380001579469763,0.15778138528138502,14.303598892935076,14.325295935145979,93.46071511917023,0.9934253449757737,-3.1538492171978754,1000.83,-3.05,53.6,False
HAOS / PANGAEA,HAOS_Flight_104,HAOS_Flight_104_seg00,train,10.1594/PANGAEA.918840,CC BY 4.0,fixed-wing UAV,2020-02-28 16:42:54+00:00,133.0,65.040167,24.502977,24.0,382449.5211283,7215253.941332,-1170.3057492999942,-294.6691399998963,-0.9699999999999989,-1171.1654232839571,-294.6252741061502,-1.5579220779220744,11.943980503683179,-0.8853982877030546,-0.36452380952380903,-1.4680936090935006,0.03992735281954651,0.3475432900432895,11.976752498078575,11.982298527742545,94.23953874381505,0.24577874633854332,-1.7433131624127651,1000.81,-3.12,54.22,False
HAOS / PANGAEA,HAOS_Flight_104,HAOS_Flight_104_seg00,train,10.1594/PANGAEA.918840,CC BY 4.0,fixed-wing UAV,2020-02-28 16:42:55+00:00,134.0,65.040162,24.503294,23.55,382464.4165028,7215252.727314,-1155.4103747999761,-295.8831580001861,-1.4199999999999982,-1160.5762611142595,-295.471054623274,-1.4764935064935032,11.34132794307311,-0.7835699349411698,-0.09305194805194794,0.46989660779007636,0.11597208217294508,0.07041125541125526,11.36836405800213,11.368744874449023,93.95227261184732,-0.6680165877954496,-0.46896499901446453,1000.87,-3.1,54.2,False
HAOS / PANGAEA,HAOS_Flight_104,HAOS_Flight_104_seg00,train,10.1594/PANGAEA.918840,CC BY 4.0,fixed-wing UAV,2020-02-28 16:42:56+00:00,135.0,65.040161,24.503451,23.25,382471.7977797,7215252.322259501,-1148.0290978999692,-296.2882124995813,-1.7199999999999989,-1148.482767397811,-296.1924139760325,-1.7440259740259703,12.883773719263331,-0.6534541233571645,-0.2237012987012985,1.5595149459965683,0.10909335705190415,-0.01870129870129883,12.900334396460929,12.902273823305473,92.90350556822415,-0.856607290556612,-0.993451442070231,1000.9100000000001,-3.0949999999999998,54.67,True
HAOS / PANGAEA,HAOS_Flight_104,HAOS_Flight_104_seg00,train,10.1594/PANGAEA.918840,CC BY 4.0,fixed-wing UAV,2020-02-28 16:42:57+00:00,136.0,65.04016,24.503608,22.95,382479.1790566,7215251.917205,-1140.6478209999623,-296.6932669999078,-2.0199999999999996,-1134.8087136757329,-296.7779628699883,-1.9238961038961002,14.460357835066247,-0.5653832208373615,-0.1304545454545456,1.570118555521276,0.029186204515269765,0.12852813852813844,14.471406528204723,14.47199451675532,92.2390580307341,-0.3883483189669917,-0.5164869357801076,1000.95,-3.09,55.14,False
HAOS / PANGAEA,HAOS_Flight_104,HAOS_Flight_104_seg00,train,10.1594/PANGAEA.918840,CC BY 4.0,fixed-wing UAV,2020-02-28 16:42:58+00:00,137.0,65.040161,24.503919,22.95,382493.8542674,7215251.421636,-1125.9726101999986,-297.1888359999284,-2.0199999999999996,-1119.5620517276784,-297.32318041770725,-2.0049350649350615,16.024010830305883,-0.5950817143266249,0.03335497835497836,1.556191267206657,-0.08903164720337031,0.11547619047619073,16.035056761249276,16.035091452532075,92.12680893029017,0.09174936421925556,0.11918241123506686,1000.95,-3.09,54.47,False
HAOS / PANGAEA,HAOS_Flight_104,HAOS_Flight_104_seg00,train,10.1594/PANGAEA.918840,CC BY 4.0,fixed-wing UAV,2020-02-28 16:42:59+00:00,138.0,65.040165,24.504547,22.8,382523.424905,7215250.734143,-1096.4019725999678,-297.87632900010794,-2.169999999999998,-1102.760692015121,-297.96812629864155,-1.8571861471861435,17.57274036947956,-0.7434465152441021,0.10049783549783586,1.0190781966417717,-0.13392434741908232,0.1539177489177489,17.5884597624171,17.58874687489433,92.42255675917261,0.30422500762484095,0.327375974903675,1000.97,-3.1,55.36,False
HAOS / PANGAEA,HAOS_Flight_104,HAOS_Flight_104_seg00,train,10.1594/PANGAEA.918840,CC BY 4.0,fixed-wing UAV,2020-02-28 16:43:00+00:00,139.0,65.040163,24.504864,23.55,382538.3082059,7215249.919223,-1081.5186716999742,-298.69124899990857,-1.4199999999999982,-1084.4165709887193,-298.81007344819545,-1.8039393939393897,18.062167223589427,-0.8629304091647896,0.34119047619047616,-0.47101826158177573,-0.0478010870843093,0.2066558441558437,18.08276897225559,18.085987521974367,92.73525894553984,0.23283434319190918,1.0809436850550862,1000.87,-3.12,54.69,False
HAOS / PANGAEA,HAOS_Flight_104,HAOS_Flight_104_seg00,train,10.1594/PANGAEA.918840,CC BY 4.0,fixed-wing UAV,2020-02-28 16:43:01+00:00,140.0,65.040159,24.505172,23.7,382552.8118371,7215248.871947,-1067.015040499973,-299.73852500040084,-1.2699999999999996,-1066.6363575679422,-299.69398711697113,-1.1748051948051912,16.63070384631601,-0.8390486894127207,0.5138095238095233,-1.8552094816034241,0.0763860746958187,-0.04748917748917769,16.651856146600455,16.659781311704926,92.88822544555643,0.04878021926651847,1.7673573050719855,1000.85,-3.16,54.48,False
HAOS / PANGAEA,HAOS_Flight_104,HAOS_Flight_104_seg00,train,10.1594/PANGAEA.918840,CC BY 4.0,fixed-wing UAV,2020-02-28 16:43:02+00:00,141.0,65.040155,24.50548,23.92,382567.2489252,7215247.93926,-1052.5779523999663,-300.67121199984103,-1.0499999999999972,-1051.1551632960873,-300.4881708270209,-0.7763203463203432,14.351748260382578,-0.7101582597731522,0.24621212121212077,-1.3631363927491975,0.14381470508749317,-0.2341233766233765,14.36930766889339,14.371416885330067,92.83281938407288,-0.30859520864785794,0.9816433338355485,1000.82,-3.16,54.7,False
HAOS / PANGAEA,HAOS_Flight_104,HAOS_Flight_104_seg00,train,10.1594/PANGAEA.918840,CC BY 4.0,fixed-wing UAV,2020-02-28 16:43:03+00:00,142.0,65.040155,24.505789,23.92,382581.8145832,7215247.357313,-1038.0122944000177,-301.2531590005383,-1.0499999999999972,-1037.932861047177,-301.11430363651743,-0.6823809523809496,13.904431060817615,-0.5514192792377344,0.04556277056277025,0.15245505184302033,0.12591741775622722,-0.1642532467532465,13.915360805474815,13.915435397881236,92.27103502826071,-0.5208630147518856,0.1876016844663366,1000.82,-3.16,54.7,False
HAOS / PANGAEA,HAOS_Flight_104,HAOS_Flight_104_seg00,train,10.1594/PANGAEA.918840,CC BY 4.0,fixed-wing UAV,2020-02-28 16:43:04+00:00,143.0,65.040157,24.506101,25.95,382596.4937852,7215246.962938,-1023.3330923999893,-301.647533999756,0.9800000000000004,-1023.346301174452,-301.59100938549636,-0.6851948051948027,14.656658364068619,-0.4583234242606977,-0.08229437229437225,0.4354149452404954,0.04290640587491623,-0.1349458874458872,14.663822651759284,14.664053570754575,91.79109335456911,-0.23304749041116227,-0.3215444445603757,1000.55,-3.34,55.09,False
HAOS / PANGAEA,HAOS_Flight_104,HAOS_Flight_104_seg00,train,10.1594/PANGAEA.918840,CC BY 4.0,fixed-wing UAV,2020-02-28 16:43:05+00:00,144.0,65.04016,24.506413,23.32,382611.2107585,7215246.704022,-1008.6161191000137,-301.9064500005916,-1.6499999999999986,-1008.6195443190398,-302.03095048503883,-0.8469696969696942,14.775260951298606,-0.4656064674879019,-0.22432900432900416,0.09135785584635414,-0.055891318155005365,-0.1405627705627704,14.782595359460258,14.78429738146927,91.80494004743838,0.2045204282229082,-0.8694088121697393,1000.9,-3.11,55.01,False
HAOS / PANGAEA,HAOS_Flight_104,HAOS_Flight_104_seg00,train,10.1594/PANGAEA.918840,CC BY 4.0,fixed-wing UAV,2020-02-28 16:43:06+00:00,145.0,65.040161,24.506727,23.25,382625.9802193,7215246.249002,-993.8466582999681,-302.36146999988705,-1.7199999999999989,-993.7957792718548,-302.52222232047217,-1.133852813852811,14.839374075761327,-0.5701060605707085,-0.36341991341991303,0.028551997728357037,-0.13244412665545724,-0.04931818181818165,14.850321339307,14.854767514644816,92.20013421101493,0.5073008947487623,-1.4018735001649931,1000.91,-3.13,54.81,False
HAOS / PANGAEA,HAOS_Flight_104,HAOS_Flight_104_seg00,train,10.1594/PANGAEA.918840,CC BY 4.0,fixed-wing UAV,2020-02-28 16:43:07+00:00,146.0,65.04016,24.507042,24.0,382640.7926249,7215245.504105,-979.0342526999884,-303.10636700037867,-0.9699999999999989,-978.9407961675172,-303.17116260618025,-1.5738095238095202,14.83236494675532,-0.7304947207988164,-0.32296536796536746,-0.033144343726263514,-0.14226944588057222,0.2632034632034628,14.850342502812886,14.85385401435452,92.81954183693591,0.555410704076988,-1.2458726750084523,1000.81,-3.12,55.02,False
HAOS / PANGAEA,HAOS_Flight_104,HAOS_Flight_104_seg00,train,10.1594/PANGAEA.918840,CC BY 4.0,fixed-wing UAV,2020-02-28 16:43:08+00:00,147.0,65.040156,24.507361,23.1,382655.7816859,7215244.520611,-964.0451916999882,-304.0898609999567,-1.8699999999999974,-964.1310493783442,-303.9832117620698,-1.779783549783546,14.7730853883088,-0.8546449523318529,0.16298701298701246,-0.07818101125792509,-0.08333985928398135,0.3370562770562764,14.797785979152735,14.798683544532322,93.31095561916891,0.3393571468532768,0.6310464531576495,1000.93,-3.1,55.13,False
HAOS / PANGAEA,HAOS_Flight_104,HAOS_Flight_104_seg00,train,10.1594/PANGAEA.918840,CC BY 4.0,fixed-wing UAV,2020-02-28 16:43:09+00:00,148.0,65.040154,24.507674,23.32,382670.5332428,7215243.754057,-949.2936348000076,-304.85641499981284,-1.6499999999999986,-949.3946253908996,-304.88045251084395,-1.2478354978354953,14.67600292423947,-0.8971744393667791,0.3511471861471853,-0.109743070887248,-0.017719396159193934,-0.04087662337662312,14.703400416466204,14.707592874202007,93.49825613064246,0.09441919735448619,1.3680800002482931,1000.9,-3.1,55.01,False
HAOS / PANGAEA,HAOS_Flight_104,HAOS_Flight_104_seg00,train,10.1594/PANGAEA.918840,CC BY 4.0,fixed-wing UAV,2020-02-28 16:43:10+00:00,149.0,65.040151,24.507984,23.47,382685.1055922,7215242.773211,-934.7212853999808,-305.83726100064814,-1.5,-934.7790435298652,-305.77756064080336,-1.0774891774891753,14.553599246534304,-0.8900837446502408,0.08123376623376621,-0.10943749740101794,0.005203174198356919,-0.0954761904761901,14.580792163020995,14.581018449545661,93.49979401387787,0.005871058046950841,0.3192078833696242,1000.88,-3.12,55.89,False
HAOS / PANGAEA,HAOS_Flight_104,HAOS_Flight_104_seg00,train,10.1594/PANGAEA.918840,CC BY 4.0,fixed-wing UAV,2020-02-28 16:43:11+00:00,150.0,65.040148,24.508291,24.9,382699.5011441,7215241.880401,-920.3257335000089,-306.7300709998235,-0.07000000000000028,-920.287426897831,-306.66062000014443,-1.0853679653679629,14.457127929437434,-0.8867680909700653,0.1601948051948051,-0.06420910973702121,-0.017648377735966392,0.07367965367965357,14.484298588999144,14.485184430682752,93.50999824673636,0.08536055442607314,0.633659404861138,1000.69,-3.21,56.43,False
HAOS / PANGAEA,HAOS_Flight_104,HAOS_Flight_104_seg00,train,10.1594/PANGAEA.918840,CC BY 4.0,fixed-wing UAV,2020-02-28 16:43:12+00:00,151.0,65.040146,24.508598,24.45,382713.9487524,7215241.123153,-905.8781251999899,-307.4873190000653,-0.5199999999999996,-905.8647876709904,-307.5510968227435,-0.757099567099565,14.425181027060262,-0.9253805001221735,0.22859307359307335,0.14887065600893834,-0.05056420400198647,-0.05563311688311684,14.45483229696788,14.45663970384406,93.67051512273002,0.16023124411560602,0.9060171978354833,1000.75,-3.23,55.88,False
HAOS / PANGAEA,HAOS_Flight_104,HAOS_Flight_104_seg00,train,10.1594/PANGAEA.918840,CC BY 4.0,fixed-wing UAV,2020-02-28 16:43:13+00:00,152.0,65.040143,24.508903,23.62,382728.3124166,7215240.197271,-891.5144609999843,-308.41320100054145,-1.3499999999999979,-891.4370648437105,-308.5113810003888,-0.6281818181818162,14.75486924145531,-0.9878964989740382,0.04892857142857143,0.22118075378841695,-0.03578338305491968,-0.16370129870129843,14.78790403759536,14.787984982080257,93.83046073496757,0.08286333459534374,0.18957320817062362,1000.86,-3.17,56.1,False
HAOS / PANGAEA,HAOS_Flight_104,HAOS_Flight_104_seg00,train,10.1594/PANGAEA.918840,CC BY 4.0,fixed-wing UAV,2020-02-28 16:43:14+00:00,153.0,65.040139,24.509211,23.92,382742.7814396,7215239.151175,-877.045438000001,-309.4592970004305,-1.0499999999999972,-876.3550491880798,-309.52688982069157,-0.6592424242424222,14.867542534637096,-0.9969472662320129,-0.09880952380952351,-0.5239881431276672,0.036782831766984714,-0.0449945887445887,14.900930335750541,14.901257939948767,93.83624179192071,-0.007073548433428284,-0.3799283390412668,1000.82,-3.22,56.54,False
HAOS / PANGAEA,HAOS_Flight_104,HAOS_Flight_104_seg00,train,10.1594/PANGAEA.918840,CC BY 4.0,fixed-wing UAV,2020-02-28 16:43:15+00:00,154.0,65.040135,24.509521,24.97,382757.3384928,7215238.135814,-862.4883847999736,-310.47465800028294,0.0,-861.7019797744363,-310.5052755328528,-0.8258008658008632,13.706892955199976,-0.9143308354400688,-0.041060606060605964,-1.3636420124476558,0.14015969269490824,0.12225108225108189,13.737354743979909,13.73741610839962,93.81631363810072,-0.2290233139479755,-0.17125512657908531,1000.68,-3.28,56.61,False
HAOS / PANGAEA,HAOS_Flight_104,HAOS_Flight_104_seg00,train,10.1594/PANGAEA.918840,CC BY 4.0,fixed-wing UAV,2020-02-28 16:43:16+00:00,155.0,65.040131,24.509827,24.22,382771.7166205,7215237.158146,-848.1102570999647,-311.4523260006681,-0.75,-848.9412632776798,-311.3555514915717,-0.7413636363636341,12.140258509741784,-0.7166278808421964,0.14569264069264026,-1.583143192969061,0.2459767662186465,0.0792965367965367,12.16139104720172,12.162263709873676,93.37819516402476,-0.7608084152896291,0.686366721971463,1000.78,-3.27,57.35,False
HAOS / PANGAEA,HAOS_Flight_104,HAOS_Flight_104_seg00,train,10.1594/PANGAEA.918840,CC BY 4.0,fixed-wing UAV,2020-02-28 16:43:17+00:00,156.0,65.040129,24.510131,24.07,382786.0416628,7215236.399946,-833.7852147999802,-312.210525999777,-0.8999999999999986,-837.4214627549527,-311.9385312945372,-0.5344155844155827,10.540606569261854,-0.42237730300277576,0.11753246753246743,-0.7307543136392951,0.2318797315394221,-0.08624458874458832,10.549065808594523,10.549720532553566,92.29469680752146,-1.0108540513010682,0.6383347915418596,1000.8,-3.29,57.48,False
HAOS / PANGAEA,HAOS_Flight_104,HAOS_Flight_104_seg00,train,10.1594/PANGAEA.918840,CC BY 4.0,fixed-wing UAV,2020-02-28 16:43:18+00:00,157.0,65.040131,24.5102845,24.295,382793.26633735,7215236.2979295,-826.5605402499787,-312.31254249997437,-0.6749999999999972,-827.8600501391561,-312.20030609757725,-0.5062987012986992,10.678749882463194,-0.2528684177633522,-0.026796536796536374,1.1890765629867701,0.07752295560807454,-0.05896103896103888,10.681743373106743,10.68177698434554,91.35648706142263,-0.5546144608642858,-0.1437335825877608,1000.77,-3.335,57.68,True
HAOS / PANGAEA,HAOS_Flight_104,HAOS_Flight_104_seg00,train,10.1594/PANGAEA.918840,CC BY 4.0,fixed-wing UAV,2020-02-28 16:43:19+00:00,158.0,65.040133,24.510438,24.52,382800.4910119,7215236.195913,-819.3358656999771,-312.4145590001717,-0.4499999999999993,-816.0639629900263,-312.4442681300639,-0.5880086580086554,12.918759695235394,-0.2673313917866267,-0.0003896103896103287,2.2348917863666315,-0.05455397948162499,0.033463203463203056,12.921525379624228,12.921525385498004,91.18546788579289,0.006171656281707689,-0.0017275848103471905,1000.74,-3.38,57.88,False
HAOS / PANGAEA,HAOS_Flight_104,HAOS_Flight_104_seg00,train,10.1594/PANGAEA.918840,CC BY 4.0,fixed-wing UAV,2020-02-28 16:43:20+00:00,159.0,65.040138,24.510746,24.82,382815.0199811,7215236.181355,-804.8068964999984,-312.4291170006618,-0.14999999999999858,-802.0225307486853,-312.7349688811505,-0.5070779220779199,15.148533455196457,-0.3619763767266022,0.04012987012986974,2.2166295086614127,-0.12170066238681443,-0.03098484848484867,15.152857576725072,15.152910715337534,91.36883037398604,0.25023376860642205,0.1517381658060925,1000.7,-3.3,57.71,False
HAOS / PANGAEA,HAOS_Flight_104,HAOS_Flight_104_seg00,train,10.1594/PANGAEA.918840,CC BY 4.0,fixed-wing UAV,2020-02-28 16:43:21+00:00,160.0,65.04014,24.511054,24.37,382829.5188964,7215235.83127,-790.3079811999924,-312.779202000238,-0.5999999999999979,-785.7668960796334,-313.1682208835171,-0.507748917748916,17.35201871255822,-0.5107327165602555,-0.06235930735930767,1.6869255676401735,-0.12478065903668778,-0.06249999999999989,17.359533441562757,17.359645445456252,91.68593542300573,0.2610841800511704,-0.20581830547330895,1000.76,-3.33,57.23,False
HAOS / PANGAEA,HAOS_Flight_104,HAOS_Flight_104_seg00,train,10.1594/PANGAEA.918840,CC BY 4.0,fixed-wing UAV,2020-02-28 16:43:22+00:00,161.0,65.040138,24.511673,24.15,382858.6410416,7215234.505283,-761.1858359999605,-314.10518900025636,-0.8200000000000003,-767.3184933235689,-313.756434314271,-0.6317965367965352,18.522384590476804,-0.6115376947999778,-0.08487012987013004,0.223502444424156,-0.06672411624165875,-0.019615800865800698,18.53247714877031,18.532671480621403,91.89099873408838,0.1934022606787947,-0.2623861999629953,1000.79,-3.35,57.28,False
HAOS / PANGAEA,HAOS_Flight_104,HAOS_Flight_104_seg00,train,10.1594/PANGAEA.918840,CC BY 4.0,fixed-wing UAV,2020-02-28 16:43:23+00:00,162.0,65.040139,24.51198,24.22,382873.0932549,7215234.023832,-746.733622699976,-314.5866400003433,-0.75,-748.7221268986798,-314.39129627311706,-0.677489177489176,17.79902360140653,-0.644180949043573,-0.10159090909090907,-1.1481957769478583,-0.00560811361062008,0.019080086580086725,17.81067686132499,17.81096659284238,92.07273994436332,0.15346779730217008,-0.3268077484547074,1000.78,-3.38,57.49,False
HAOS / PANGAEA,HAOS_Flight_104,HAOS_Flight_104_seg00,train,10.1594/PANGAEA.918840,CC BY 4.0,fixed-wing UAV,2020-02-28 16:43:24+00:00,163.0,65.040139,24.512289,24.3,382887.6255908,7215233.51732,-732.2012867999729,-315.0931520005688,-0.6699999999999982,-731.7204461207558,-315.04479621235816,-0.8349783549783534,16.225993036581087,-0.6227539220212179,-0.04670995670995659,-1.720456068886449,0.04006030569274799,0.09289502164502178,16.237939292612555,16.238006475261262,92.19793432869272,0.08848779080974876,-0.16481623379865232,1000.77,-3.43,57.41,False
HAOS / PANGAEA,HAOS_Flight_104,HAOS_Flight_104_seg00,train,10.1594/PANGAEA.918840,CC BY 4.0,fixed-wing UAV,2020-02-28 16:43:25+00:00,164.0,65.040141,24.512599,24.15,382902.2310887,7215233.121336,-717.5957888999837,-315.48913600016385,-0.8200000000000003,-716.2701408255176,-315.6368041171595,-0.7709090909090892,14.358111463633634,-0.5640603376580771,0.0841991341991345,-1.143452510933571,0.0019215519552062688,0.0643831168831169,14.369186785154076,14.369433473900298,92.24971552598282,0.17219569762830086,0.3357322781155615,1000.79,-3.39,57.57,False
HAOS / PANGAEA,HAOS_Flight_104,HAOS_Flight_104_seg00,train,10.1594/PANGAEA.918840,CC BY 4.0,fixed-wing UAV,2020-02-28 16:43:26+00:00,165.0,65.040141,24.51291,24.45,382916.8635469,7215232.530371,-702.963330700004,-316.0801010001451,-0.5199999999999996,-703.0042231934885,-316.1729168876743,-0.6665800865800844,13.939088014713946,-0.6189108181108054,0.08205627705627722,0.1274333271646526,-0.08372938524007623,-0.020692640692640984,13.952821409403782,13.953062693019081,92.54232572394932,0.30804657133771496,0.3369515038842816,1000.75,-3.43,57.68,False
HAOS / PANGAEA,HAOS_Flight_104,HAOS_Flight_104_seg00,train,10.1594/PANGAEA.918840,CC BY 4.0,fixed-wing UAV,2020-02-28 16:43:27+00:00,166.0,65.040139,24.51322,23.85,382931.4290637,7215231.761842,-688.3978138999664,-316.8486299999058,-1.1199999999999974,-688.3919647960897,-316.8746257533811,-0.6067965367965348,14.612978117962939,-0.7315191081382295,0.042813852813852527,0.345564186691405,-0.07197995564506243,-0.03339826839826848,14.631276420108911,14.63133906064745,92.86580866865825,0.22128680802486714,0.16765769431518163,1000.83,-3.4,57.07,False
HAOS / PANGAEA,HAOS_Flight_104,HAOS_Flight_104_seg00,train,10.1594/PANGAEA.918840,CC BY 4.0,fixed-wing UAV,2020-02-28 16:43:28+00:00,167.0,65.040137,24.513531,24.75,382946.0652157,7215230.979784,-673.7616618999746,-317.6306880004704,-0.21999999999999886,-673.7782669575627,-317.6359551039508,-0.5809523809523793,14.630216388096756,-0.7628707294009303,0.015259740259740251,0.03437036850925779,0.013757027011337186,-0.06869047619047597,14.650092262928299,14.650100210305197,92.98489933999906,-0.060256964729494336,0.059680060811731016,1000.71,-3.42,57.75,False
HAOS / PANGAEA,HAOS_Flight_104,HAOS_Flight_104_seg00,train,10.1594/PANGAEA.918840,CC BY 4.0,fixed-wing UAV,2020-02-28 16:43:29+00:00,168.0,65.040135,24.513843,24.52,382960.7048894,7215230.180591,-659.1219882000005,-318.42988099996,-0.4499999999999993,-659.1315320198962,-318.40036721218297,-0.5762770562770543,14.681718854981455,-0.7040050541155551,-0.09456709956709941,0.05667811428429559,0.1055883257236303,-0.10445887445887445,14.698588083654098,14.698892291232655,92.74529473919927,-0.420965773425448,-0.36862186332638053,1000.74,-3.46,57.33,False
HAOS / PANGAEA,HAOS_Flight_104,HAOS_Flight_104_seg00,train,10.1594/PANGAEA.918840,CC BY 4.0,fixed-wing UAV,2020-02-28 16:43:30+00:00,169.0,65.040134,24.514154,24.22,382975.3437109,7215229.502205,-644.4831666999962,-319.10826699994504,-0.75,-644.4148292475998,-319.0439652121819,-0.7700865800865782,14.743572616665347,-0.5516940779536696,-0.19365800865800864,0.04472856471690534,0.16174707792748677,-0.04283549783549784,14.75389100740999,14.755161919913002,92.14296779314816,-0.6348304223242291,-0.7520151394394912,1000.78,-3.49,57.7,False
HAOS / PANGAEA,HAOS_Flight_104,HAOS_Flight_104_seg00,train,10.1594/PANGAEA.918840,CC BY 4.0,fixed-wing UAV,2020-02-28 16:43:31+00:00,170.0,65.040135,24.514467,24.04,382990.1008618,7215229.003076,-629.7260157999699,-319.6073960000649,-0.9299999999999997,-629.6443867865655,-319.5037553680903,-0.9635930735930716,14.771175984415265,-0.3805108982605816,-0.1802380952380951,0.004136209851623107,0.1369015985013533,0.09532467532467537,14.776076221590811,14.777175449903694,91.47563389455081,-0.5318872680525416,-0.6988573877898615,1000.8,-3.47,57.7,False
HAOS / PANGAEA,HAOS_Flight_104,HAOS_Flight_104_seg00,train,10.1594/PANGAEA.918840,CC BY 4.0,fixed-wing UAV,2020-02-28 16:43:32+00:00,171.0,65.040138,24.514783,23.85,383004.9735757,7215228.701607,-614.8533018999733,-319.9088650001213,-1.1199999999999974,-614.8724772787692,-319.80498700870305,-1.1305627705627683,14.751845036368593,-0.27789088095096304,-0.003008658008657905,-0.03948716417531273,0.026998760779392228,0.17857142857142846,14.75446221719885,14.754462523954283,91.07919325704307,-0.10126294628929303,-0.011683475884609143,1000.83,-3.45,57.7,False
HAOS / PANGAEA,HAOS_Flight_104,HAOS_Flight_104_seg00,train,10.1594/PANGAEA.918840,CC BY 4.0,fixed-wing UAV,2020-02-28 16:43:33+00:00,172.0,65.040142,24.515098,23.47,383019.7895062,7215228.556167,-600.037371399987,-320.05430500023067,-1.5,-600.1406967138283,-320.05953712999224,-0.9696103896103874,14.69220165606464,-0.32651337670179714,0.17690476190476184,-0.07942894957159297,-0.10452965482289756,0.09977272727272699,14.695829356917349,14.696894086248916,91.27310800197222,0.4159939579531358,0.6896791218927738,1000.88,-3.46,58.33,False
HAOS / PANGAEA,HAOS_Flight_104,HAOS_Flight_104_seg00,train,10.1594/PANGAEA.918840,CC BY 4.0,fixed-wing UAV,2020-02-28 16:43:34+00:00,173.0,65.040145,24.515407,24.07,383034.3830808,7215228.360649,-585.4437967999838,-320.24982300028205,-0.8999999999999986,-585.48807396664,-320.45801376210665,-0.7767532467532446,14.592987137225407,-0.48695019059675815,0.19653679653679607,-0.10672320455074669,-0.14302231601512005,-0.005725108225108438,14.601109343996722,14.60243201619995,91.91118117294934,0.5747404190191217,0.771177633644396,1000.8,-3.47,58.61,False
HAOS / PANGAEA,HAOS_Flight_104,HAOS_Flight_104_seg00,train,10.1594/PANGAEA.918840,CC BY 4.0,fixed-wing UAV,2020-02-28 16:43:35+00:00,174.0,65.040146,24.515715,24.9,383048.8798184,7215227.858892,-570.9470591999707,-320.7515799999237,-0.07000000000000028,-570.9547224393775,-321.03343751118575,-0.5765367965367952,14.478755246963146,-0.6125580087320373,0.16545454545454497,-0.08862666168724331,-0.06574368824196597,-0.07181818181818153,14.491707311960333,14.492651794000164,92.42258884001046,0.2726558948509659,0.6541282595421607,1000.69,-3.54,59.36,False
HAOS / PANGAEA,HAOS_Flight_104,HAOS_Flight_104_seg00,train,10.1594/PANGAEA.918840,CC BY 4.0,fixed-wing UAV,2020-02-28 16:43:36+00:00,175.0,65.040143,24.516022,24.82,383063.2959819,7215226.959786,-556.5308956999797,-321.6506860004738,-0.14999999999999858,-556.5305634727137,-321.6831297795707,-0.4458441558441547,14.41573381385092,-0.6184375670806901,0.052900432900433,-0.02706252542884613,0.0526050508911311,-0.1757251082251078,14.428993257195094,14.429090230225276,92.45649296265128,-0.20409647690567687,0.2100602519848027,1000.7,-3.49,59.89,False
HAOS / PANGAEA,HAOS_Flight_104,HAOS_Flight_104_seg00,train,10.1594/PANGAEA.918840,CC BY 4.0,fixed-wing UAV,2020-02-28 16:43:37+00:00,176.0,65.040139,24.516329,24.22,383077.7015277,7215225.961997,-542.1253498999868,-322.6484750006348,-0.75,-542.1232548116757,-322.27031264534713,-0.47073593073592923,14.424630196105454,-0.507347906949775,-0.18599567099567066,0.1930917111492363,0.10951175323073414,-0.16586580086580074,14.433549743326608,14.43474809557523,92.01439588619911,-0.45540105754238414,-0.7382921959009311,1000.78,-3.51,60.45,False
HAOS / PANGAEA,HAOS_Flight_104,HAOS_Flight_104_seg00,train,10.1594/PANGAEA.918840,CC BY 4.0,fixed-wing UAV,2020-02-28 16:43:38+00:00,177.0,65.04014,24.516634,24.22,383092.0957108,7215225.582508,-527.7311668000184,-323.02796400059015,-0.75,-527.6813030805027,-322.69782559347027,-0.817835497835496,14.801917236149393,-0.3994140606192218,-0.2788311688311685,0.27188966677266535,0.07025121216506136,0.043203463203463216,14.807305138263235,14.809930191542044,91.5456908475665,-0.3052365513209979,-1.0787892268889496,1000.78,-3.51,60.45,False
HAOS / PANGAEA,HAOS_Flight_104,HAOS_Flight_104_seg00,train,10.1594/PANGAEA.918840,CC BY 4.0,fixed-wing UAV,2020-02-28 16:43:39+00:00,178.0,65.040146,24.516942,23.92,383106.5768126,7215225.609741,-513.2500649999711,-323.00073099974543,-1.0499999999999972,-512.5194203393769,-323.0691407665856,-1.0283982683982662,14.968409529650785,-0.36684548261965233,-0.09958874458874423,-0.4730049599591837,0.0029764491691821604,0.14464285714285727,14.972904175725525,14.973235367598669,91.4039227835571,0.04043973008767912,-0.38108375928997323,1000.82,-3.52,60.59,False
HAOS / PANGAEA,HAOS_Flight_104,HAOS_Flight_104_seg00,train,10.1594/PANGAEA.918840,CC BY 4.0,fixed-wing UAV,2020-02-28 16:43:40+00:00,179.0,65.04015,24.517252,23.7,383121.226824,7215225.529115,-498.6000535999774,-323.08135700039566,-1.2699999999999996,-497.7444840212012,-323.4315165587096,-1.0170129870129845,13.855907316231026,-0.3934611622808575,0.01045454545454605,-1.6554510889608878,-0.10651841235157633,0.05672077922077928,13.861492677277143,13.86149661976399,91.62657030774187,0.7219041359370755,0.04321332713874672,1000.85,-3.53,60.84,False
HAOS / PANGAEA,HAOS_Flight_104,HAOS_Flight_104_seg00,train,10.1594/PANGAEA.918840,CC BY 4.0,fixed-wing UAV,2020-02-28 16:43:41+00:00,180.0,65.04015,24.517562,23.7,383135.798682,7215224.977084,-484.02819559996715,-323.63338800054044,-1.2699999999999996,-484.80760570691484,-323.8560630911473,-1.007489177489174,11.65750735172901,-0.579882307322805,0.013852813852814339,-1.3678818148291327,-0.2447357727516959,0.015606060606060401,11.671921056362654,11.671929276962466,92.84773105543127,1.456578083044007,0.0680014362364882,1000.85,-3.53,60.84,False
HAOS / PANGAEA,HAOS_Flight_104,HAOS_Flight_104_seg00,train,10.1594/PANGAEA.918840,CC BY 4.0,fixed-wing UAV,2020-02-28 16:43:42+00:00,181.0,65.040145,24.517873,24.6,383150.4234923,7215223.791318,-469.40338530001463,-324.81915399990976,-0.36999999999999744,-474.42946931774316,-324.5912811733552,-0.9893073593073558,11.12014368657276,-0.8829327077842493,0.04166666666666685,0.4662639299776288,-0.22986500433272283,0.010119047619047528,11.155140777977625,11.155218594344548,94.53972647382989,0.9363569007117044,0.2140101224690255,1000.73,-3.59,61.0,False
HAOS / PANGAEA,HAOS_Flight_104,HAOS_Flight_104_seg00,train,10.1594/PANGAEA.918840,CC BY 4.0,fixed-wing UAV,2020-02-28 16:43:43+00:00,182.0,65.0401405,24.518028,24.110000000000003,383157.69194409996,7215223.002749,-462.1349335000268,-325.6077230004594,-0.8599999999999959,-462.5673183337693,-325.6219285067158,-0.9241558441558404,12.590035211684267,-1.0396123159882507,0.034090909090909394,1.474917574463234,-0.03236495451983501,-0.04053030303030308,12.632884880303635,12.632930878821702,94.72044485685467,-0.3432368509027131,0.1546171351786684,1000.7950000000001,-3.575,61.35,True
HAOS / PANGAEA,HAOS_Flight_104,HAOS_Flight_104_seg00,train,10.1594/PANGAEA.918840,CC BY 4.0,fixed-wing UAV,2020-02-28 16:43:44+00:00,183.0,65.040136,24.518183,23.62,383164.9603959,7215222.21418,-454.8664816999808,-326.39629200007766,-1.3499999999999979,-449.2493988943746,-326.6705058053317,-0.921125541125537,14.069978835499228,-0.9476626168239193,-0.039393939393939315,1.494162086584737,0.16265688960650948,-0.079166666666667,14.101856929735238,14.101911953674323,93.85325277202446,-1.0475795052863628,-0.1600569772905624,1000.86,-3.56,61.7,False
HAOS / PANGAEA,HAOS_Flight_104,HAOS_Flight_104_seg00,train,10.1594/PANGAEA.918840,CC BY 4.0,fixed-wing UAV,2020-02-28 16:43:45+00:00,184.0,65.040129,24.518489,24.07,383179.3010683,7215220.881985,-440.5258093000157,-327.72848699986935,-0.8999999999999986,-434.42736066277087,-327.5172537403636,-1.002943722943719,15.57835938485374,-0.7142985367752317,-0.1242424242424246,1.5240774557378955,0.2150145790164828,-0.04101731601731634,15.594726785785632,15.595221694585861,92.62528584628194,-1.060609734147019,-0.45646301076411105,1000.8,-3.55,61.64,False
HAOS / PANGAEA,HAOS_Flight_104,HAOS_Flight_104_seg00,train,10.1594/PANGAEA.918840,CC BY 4.0,fixed-wing UAV,2020-02-28 16:43:46+00:00,185.0,65.040132,24.519096,23.92,383207.9171678,7215220.085984,-411.90970979997655,-328.5244880001992,-1.0499999999999972,-418.09268012466714,-328.09910287888215,-1.1696103896103862,17.11813374697502,-0.5176334587909537,-0.121428571428572,1.034339831706788,0.14164951300043072,0.06411255411255407,17.125958290763904,17.126388769233987,91.73203330373042,-0.6131050416059113,-0.40623876062551945,1000.82,-3.57,62.31,False
HAOS / PANGAEA,HAOS_Flight_104,HAOS_Flight_104_seg00,train,10.1594/PANGAEA.918840,CC BY 4.0,fixed-wing UAV,2020-02-28 16:43:47+00:00,186.0,65.040136,24.5194,23.77,383222.2090265,7215220.019812,-397.6178510999889,-328.59066000021994,-1.1999999999999993,-400.1910931688208,-328.55252065794554,-1.245800865800863,17.647039048267317,-0.43099951077437026,0.0039826839826835325,-0.40653114134606483,0.038723100600691396,0.09068181818181836,17.652301485907135,17.65230193519052,91.39907576307013,-0.09279871474543931,0.012926981767922995,1000.84,-3.57,62.37,False
HAOS / PANGAEA,HAOS_Flight_104,HAOS_Flight_104_seg00,train,10.1594/PANGAEA.918840,CC BY 4.0,fixed-wing UAV,2020-02-28 16:43:48+00:00,187.0,65.04014,24.519705,23.77,383236.5961336,7215219.873332,-383.2307440000004,-328.7371399998665,-1.1999999999999993,-382.7986020281325,-328.9611019004309,-1.1616450216450191,16.30507146428289,-0.4401872575895709,0.05993506493506473,-1.7726660216455912,-0.07079437121475962,0.03190476190476199,16.311012239499927,16.311122355286443,91.54643587423953,0.4630475608734935,0.2105332740754818,1000.84,-3.59,62.66,False
HAOS / PANGAEA,HAOS_Flight_104,HAOS_Flight_104_seg00,train,10.1594/PANGAEA.918840,CC BY 4.0,fixed-wing UAV,2020-02-28 16:43:49+00:00,188.0,65.040141,24.520009,23.7,383250.928731,7215219.446608,-368.89814659999683,-329.1638639997691,-1.2699999999999996,-367.58095024025505,-329.4328951731247,-1.1259307359307336,14.101707004976134,-0.5725882532038895,0.06779220779220752,-1.3521353457772847,-0.16656316990372488,-0.021482683982683826,14.113326955820874,14.113489772035031,92.32517088481711,0.853890357837685,0.27521345815403175,1000.85,-3.59,62.65,False
HAOS / PANGAEA,HAOS_Flight_104,HAOS_Flight_104_seg00,train,10.1594/PANGAEA.918840,CC BY 4.0,fixed-wing UAV,2020-02-28 16:43:50+00:00,189.0,65.040139,24.520314,23.7,383265.2647222,7215218.653815,-354.5621553999954,-329.95665699988604,-1.2699999999999996,-354.59518801818024,-330.10627840683867,-1.0260606060606041,13.60080077272832,-0.7733135973970207,0.01696969696969708,0.03426090379095115,-0.1580884546380048,0.09975108225108234,13.622767544789362,13.622778114246067,93.2542165899149,0.6318766098337657,0.07137253938087282,1000.85,-3.61,62.16,False
HAOS / PANGAEA,HAOS_Flight_104,HAOS_Flight_104_seg00,train,10.1594/PANGAEA.918840,CC BY 4.0,fixed-wing UAV,2020-02-28 16:43:51+00:00,190.0,65.040134,24.520617,24.6,383279.4651255,7215217.49974,-340.36175209999783,-331.11073200032115,-0.36999999999999744,-340.3793486947984,-330.9795223679187,-1.0919913419913394,14.170228812558037,-0.8887651624798991,0.2672943722943722,0.25516944134331254,-0.04702130528328041,0.21953463203463164,14.198073394453484,14.200589227061958,93.58892410448465,0.13155216180865484,1.0785287604477423,1000.73,-3.63,61.34,False
HAOS / PANGAEA,HAOS_Flight_104,HAOS_Flight_104_seg00,train,10.1594/PANGAEA.918840,CC BY 4.0,fixed-wing UAV,2020-02-28 16:43:52+00:00,191.0,65.04013,24.52092,24.22,383293.7014876,7215216.495586,-326.12539000000106,-332.1148859998211,-0.75,-326.25473039306416,-331.88380873179847,-0.49147186147185973,14.111139655414945,-0.8673562079635815,0.45603896103896036,-0.035552776948790665,0.0648115887991878,0.013051948051947787,14.137771011235017,14.14512427305263,93.51732091353222,-0.25345587206737713,1.8475367121043789,1000.78,-3.63,61.35,False
HAOS / PANGAEA,HAOS_Flight_104,HAOS_Flight_104_seg00,train,10.1594/PANGAEA.918840,CC BY 4.0,fixed-wing UAV,2020-02-28 16:43:53+00:00,192.0,65.04013,24.521214,24.22,383307.5763234,7215215.937066,-312.2505541999708,-332.6734060002491,-0.75,-312.1570693839685,-332.7142347838459,-0.1799134199134187,14.099123258660455,-0.7591419848815235,0.29339826839826777,-0.010220711906853808,0.14369154449460098,-0.13715367965367956,14.119545786466011,14.122593804255972,93.08201236034989,-0.5801785617353505,1.1904110683059221,1000.78,-3.63,61.35,False
HAOS / PANGAEA,HAOS_Flight_104,HAOS_Flight_104_seg00,train,10.1594/PANGAEA.918840,CC BY 4.0,fixed-wing UAV,2020-02-28 16:43:54+00:00,193.0,65.040129,24.521515,24.6,383321.700389,7215215.294647,-298.12648859998444,-333.3158250004053,-0.36999999999999744,-298.05648387574325,-333.4020927015615,0.09532467532467578,14.090698231601237,-0.5799731189743795,0.18173160173160124,-0.006894675434651276,0.17936568619943216,-0.10240259740259716,14.102629026985824,14.10379990810459,92.35696379006151,-0.7268380043044507,0.7382933680333407,1000.73,-3.66,61.67,False
HAOS / PANGAEA,HAOS_Flight_104,HAOS_Flight_104_seg00,train,10.1594/PANGAEA.918840,CC BY 4.0,fixed-wing UAV,2020-02-28 16:43:55+00:00,194.0,65.040129,24.521814,27.15,383335.7951161,7215214.747709,-284.0317614999949,-333.8627630006522,2.1799999999999997,-283.97567292076604,-333.87418102179464,0.1835497835497838,14.085333907791153,-0.4004106124826592,0.08859307359307346,0.0018961142857847335,0.16533818505743625,-0.08042207792207759,14.091024091689004,14.09130259008189,91.62833635174098,-0.6718242639912562,0.36022522540302826,1000.39,-3.86,61.38,False
HAOS / PANGAEA,HAOS_Flight_104,HAOS_Flight_104_seg00,train,10.1594/PANGAEA.918840,CC BY 4.0,fixed-wing UAV,2020-02-28 16:43:56+00:00,195.0,65.04013,24.522117,24.15,383350.0340188,7215214.301827,-269.7928587999777,-334.30864499974996,-0.8200000000000003,-269.88581606016095,-334.20291392652683,0.2725108225108227,14.094490460172807,-0.24929674885950703,0.02088744588744605,-6.471742315738993e-05,0.14346907789882835,-0.0884848484848483,14.096695009855829,14.09671048458788,91.013315262079,-0.5833816003250012,0.08489660998460928,1000.79,-3.64,60.8,False
HAOS / PANGAEA,HAOS_Flight_104,HAOS_Flight_104_seg00,train,10.1594/PANGAEA.918840,CC BY 4.0,fixed-wing UAV,2020-02-28 16:43:57+00:00,196.0,65.040133,24.522416,25.2,383364.1336745,7215214.07521,-255.6932031000033,-334.5352619998157,0.23000000000000043,-255.78669200042043,-334.37277451951365,0.2253246753246759,14.085204472944838,-0.1134724566850025,-0.08837662337662314,-0.005321941773665628,0.08764504649761307,-0.1417207792207791,14.085661540839727,14.08593878556381,90.46157315109099,-0.35612240662692485,-0.3594819504556024,1000.65,-3.69,60.33,False
HAOS / PANGAEA,HAOS_Flight_104,HAOS_Flight_104_seg00,train,10.1594/PANGAEA.918840,CC BY 4.0,fixed-wing UAV,2020-02-28 16:43:58+00:00,197.0,65.040139,24.522711,24.82,383378.0442151,7215214.173557,-241.78266249998705,-334.4369149999693,-0.14999999999999858,-241.71540711427127,-334.42985883989684,0.09575757575757643,14.083846576625476,-0.0740066558642809,-0.26255411255411215,0.012295837986755487,-0.030889418880249764,0.017543290043290027,14.084041017372725,14.086488066266071,90.30107044882516,0.12501740342193965,-1.0679818573003346,1000.7,-3.68,59.31,False
HAOS / PANGAEA,HAOS_Flight_104,HAOS_Flight_104_seg00,train,10.1594/PANGAEA.918840,CC BY 4.0,fixed-wing UAV,2020-02-28 16:43:59+00:00,198.0,65.040143,24.523012,24.82,383392.2049386,7215214.123497,-227.6219389999751,-334.4869750002399,-0.14999999999999858,-227.61899884716948,-334.5207878312422,-0.2997835497835484,14.109796148918349,-0.17525129444550203,-0.05329004329004308,0.19446114356087207,-0.1649821488230998,0.13311688311688288,14.110884464846132,14.110985089955618,90.71160795793486,0.6488910181787484,-0.21637765250285337,1000.7,-3.68,59.31,False
HAOS / PANGAEA,HAOS_Flight_104,HAOS_Flight_104_seg00,train,10.1594/PANGAEA.918840,CC BY 4.0,fixed-wing UAV,2020-02-28 16:44:00+00:00,199.0,65.040148,24.523309,25.05,383406.2391702,7215214.085716,-213.58770739997271,-334.52475600037724,0.08000000000000185,-213.49581481643457,-334.78036142878784,-0.010822510822509734,14.47276886374722,-0.4039709535104805,0.003679653679653616,0.26008642554109684,-0.23978895230271746,-0.08358225108225113,14.478405682765322,14.478406150353097,91.59885248518265,0.9256042125259386,0.014561590964790093,1000.67,-3.66,59.18,False
HAOS / PANGAEA,HAOS_Flight_104,HAOS_Flight_104_seg00,train,10.1594/PANGAEA.918840,CC BY 4.0,fixed-wing UAV,2020-02-28 16:44:01+00:00,200.0,65.040147,24.523613,24.97,383420.5181773,7215213.420178,-199.30870029999642,-335.19029400032014,0.0,-198.67346111967504,-335.3287297382632,-0.29242424242424114,14.629969000000543,-0.654829199050937,-0.22045454545454535,-0.4837637418321421,-0.18900941279757433,-0.022510822510822467,14.644616561074809,14.646275786954108,92.56281638298674,0.8575134825067267,-0.8624439559111707,1000.68,-3.67,58.82,False
HAOS / PANGAEA,HAOS_Flight_104,HAOS_Flight_104_seg00,train,10.1594/PANGAEA.918840,CC BY 4.0,fixed-wing UAV,2020-02-28 16:44:02+00:00,201.0,65.040144,24.523916,24.15,383434.7845917,7215212.548829,-185.04228589998093,-336.0616429997608,-0.8200000000000003,-184.2358768164335,-336.0900198268897,-0.45173160173160043,13.505241380082936,-0.7819897791056292,-0.04134199134199132,-1.328811212120847,-0.07052491991012744,0.11758658008658003,13.527862090845327,13.527925262551468,93.31387945019611,0.6202038209835341,-0.17509893510576452,1000.79,-3.67,58.43,False
HAOS / PANGAEA,HAOS_Flight_104,HAOS_Flight_104_seg00,train,10.1594/PANGAEA.918840,CC BY 4.0,fixed-wing UAV,2020-02-28 16:44:03+00:00,202.0,65.04014,24.524218,24.82,383448.9790248,7215211.576069,-170.84785279998323,-337.03440300002694,-0.14999999999999858,-171.66297835950917,-336.89270929647444,-0.3751082251082238,11.972346575758849,-0.7958790388711918,0.014718614718614714,-1.546235401728211,0.03120409196154128,0.03722943722943724,11.998771019341904,11.998780046830527,93.8032240249538,0.3196497209560217,0.0702833714643049,1000.7,-3.68,58.17,False
HAOS / PANGAEA,HAOS_Flight_104,HAOS_Flight_104_seg00,train,10.1594/PANGAEA.918840,CC BY 4.0,fixed-wing UAV,2020-02-28 16:44:04+00:00,203.0,65.040137,24.524519,24.0,383463.136698,7215210.695845,-156.6901795999729,-337.9146269997582,-0.9699999999999989,-160.2911836649158,-337.6817779046321,-0.422294372294371,10.412770576626514,-0.7195815951825466,0.033116883116883156,-0.7200350669931126,0.16222132026473446,0.05135281385281391,10.437604550546276,10.43765708775354,93.95317889210816,-0.6201559964436304,0.18178991710994144,1000.81,-3.63,57.74,False
HAOS / PANGAEA,HAOS_Flight_104,HAOS_Flight_104_seg00,train,10.1594/PANGAEA.918840,CC BY 4.0,fixed-wing UAV,2020-02-28 16:44:05+00:00,204.0,65.0401365,24.5246705,24.75,383470.25317085,7215210.3261315,-149.5737067500013,-338.2843404999003,-0.21999999999999886,-150.83743720625614,-338.33187248683953,-0.30887445887445747,10.532276441772623,-0.4714363983417229,0.11742424242424253,1.1617338356002023,0.30536678239292314,-0.004783549783549834,10.542822170728291,10.543476076527556,92.56291203206655,-1.7317612323676845,0.6381247082385573,1000.71,-3.67,57.435,True
HAOS / PANGAEA,HAOS_Flight_104,HAOS_Flight_104_seg00,train,10.1594/PANGAEA.918840,CC BY 4.0,fixed-wing UAV,2020-02-28 16:44:06+00:00,205.0,65.040136,24.524822,25.5,383477.3696437,7215209.956418,-142.45723389997147,-338.6540540000424,0.5300000000000011,-139.22663078137055,-338.62465070131555,-0.18744588744588594,12.736238247826918,-0.10884803039670032,0.023549783549783487,2.2477340324644643,0.24066412337708698,-0.09680735930735936,12.736703364651722,12.736725136055805,90.48965642737278,-1.3003131733235314,0.10593806180494522,1000.61,-3.71,57.13,False
HAOS / PANGAEA,HAOS_Flight_104,HAOS_Flight_104_seg00,train,10.1594/PANGAEA.918840,CC BY 4.0,fixed-wing UAV,2020-02-28 16:44:07+00:00,206.0,65.040136,24.525127,24.22,383491.7120783,7215209.404752,-128.11479929997586,-339.205719999969,-0.75,-125.3649607106023,-338.54956854763293,-0.2617748917748905,15.027744506701552,0.009891848412451054,-0.07619047619047618,2.2758164950259676,-0.25036585496968655,-0.10620129870129853,15.027747762301697,15.027940903398104,89.96228568541949,0.7648936310243898,-0.29048633172701616,1000.78,-3.61,56.61,False
HAOS / PANGAEA,HAOS_Flight_104,HAOS_Flight_104_seg00,train,10.1594/PANGAEA.918840,CC BY 4.0,fixed-wing UAV,2020-02-28 16:44:08+00:00,207.0,65.040138,24.525429,24.82,383505.9559349,7215209.080903,-113.87094270001398,-339.5295690000057,-0.14999999999999858,-109.17114176796744,-338.60486700449064,-0.3398268398268383,17.287871237878853,-0.6095797403360734,-0.18885281385281358,1.616658726087607,-1.1010655714269149,-0.09055194805194791,17.298614956039316,17.299645799339572,92.01944368942156,3.441654069964134,-0.6254858761430725,1000.7,-3.64,56.78,False
HAOS / PANGAEA,HAOS_Flight_104,HAOS_Flight_104_seg00,train,10.1594/PANGAEA.918840,CC BY 4.0,fixed-wing UAV,2020-02-28 16:44:09+00:00,208.0,65.040147,24.526033,24.3,383534.388451,7215209.016762,-85.43842660001246,-339.59371000062674,-0.6699999999999982,-90.7892182348446,-339.7687280283051,-0.6394805194805177,18.261061958876766,-2.1922392944413787,-0.257294372294372,-0.23518876812552492,-2.0283011563779496,0.09645021645021624,18.39218032181147,18.39397992235621,96.84559382534775,6.743881819791,-0.8014775741915184,1000.77,-3.64,56.63,False
HAOS / PANGAEA,HAOS_Flight_104,HAOS_Flight_104_seg00,train,10.1594/PANGAEA.918840,CC BY 4.0,fixed-wing UAV,2020-02-28 16:44:10+00:00,209.0,65.040132,24.526339,24.22,383548.7407779,7215206.773288,-71.08609970001271,-341.837183999829,-0.75,-72.64901785021391,-342.9893455933734,-0.8544155844155823,16.817493701627804,-4.666182053091973,0.004047619047618911,-2.253581181165277,-2.7957330876235744,0.2672943722943718,17.45283212996929,17.452832599326342,105.50720732900356,11.330553363438497,0.013287899787292981,1000.78,-3.66,56.85,False
HAOS / PANGAEA,HAOS_Flight_104,HAOS_Flight_104_seg00,train,10.1594/PANGAEA.918840,CC BY 4.0,fixed-wing UAV,2020-02-28 16:44:11+00:00,210.0,65.040083,24.526632,24.07,383562.3161646,7215200.698584,-57.51071299996693,-347.91188800055534,-0.8999999999999986,-57.15423083158899,-349.101092134489,-0.6313852813852798,13.753899596546212,-7.7837054696885275,0.27729437229437165,-3.6896558358762714,-3.162922677970016,0.18094155844155815,15.803664921489988,15.806097466472846,119.50670055222474,16.921061061534886,1.0052204434761673,1000.8,-3.61,56.63,False
HAOS / PANGAEA,HAOS_Flight_104,HAOS_Flight_104_seg00,train,10.1594/PANGAEA.918840,CC BY 4.0,fixed-wing UAV,2020-02-28 16:44:12+00:00,211.0,65.039996,24.526882,24.45,383573.7028688,7215190.544385,-46.1240087999613,-358.066087000072,-0.5199999999999996,-45.141218657121485,-358.55675653275046,-0.299826839826839,9.43818202987526,-10.992027409032005,0.3659307359307352,-4.108359059203863,-2.8626610043225043,0.06691558441558454,14.488062209625246,14.492682701745387,139.34932945207333,19.102594378981166,1.446834627135852,1000.75,-3.64,56.25,False
HAOS / PANGAEA,HAOS_Flight_104,HAOS_Flight_104_seg00,train,10.1594/PANGAEA.918840,CC BY 4.0,fixed-wing UAV,2020-02-28 16:44:13+00:00,212.0,65.039883,24.527069,24.97,383581.9829451,7215177.612619,-37.84393249999266,-370.9978530006483,0.0,-38.27786677183847,-371.08514695255303,0.10047619047619058,5.537181478138486,-13.509027478333536,0.4111255411255407,-3.7082485945944264,-1.8911800238593912,0.01193722943722969,14.599801441533733,14.605588873536604,157.71188931018708,16.429436024751972,1.6130037863791773,1000.68,-3.64,55.24,False
HAOS / PANGAEA,HAOS_Flight_104,HAOS_Flight_104_seg00,train,10.1594/PANGAEA.918840,CC BY 4.0,fixed-wing UAV,2020-02-28 16:44:14+00:00,213.0,65.039752,24.527173,25.95,383586.3490805,7215162.872244,-33.47779709997121,-385.73822799976915,0.9800000000000004,-34.06685570084451,-385.5748114894175,0.5224242424242425,2.021684840686408,-14.774387456750787,0.3898051948051946,-3.889705809095677,-0.63995255630266,-0.08019480519480512,14.912066735273694,14.917160668409835,172.20820150157726,15.45468724958188,1.4973851643521552,1000.55,-3.65,53.98,False
HAOS / PANGAEA,HAOS_Flight_104,HAOS_Flight_104_seg00,train,10.1594/PANGAEA.918840,CC BY 4.0,fixed-wing UAV,2020-02-28 16:44:15+00:00,214.0,65.039615,24.527189,26.18,383586.4776309,7215147.528294,-33.34924670000328,-401.0821780003607,1.2100000000000009,-34.23449709046565,-400.6339218660546,0.8800865800865798,-2.242230140052868,-14.788932590938856,0.2507359307359305,-3.9789213706694238,0.35445713963119374,-0.19937229437229426,14.957945152336098,14.96004651353922,188.62126380935084,15.336684860661906,0.9603434904386547,1000.52,-3.62,52.64,False
HAOS / PANGAEA,HAOS_Flight_104,HAOS_Flight_104_seg00,train,10.1594/PANGAEA.918840,CC BY 4.0,fixed-wing UAV,2020-02-28 16:44:16+00:00,215.0,65.03948,24.527108,25.43,383582.0851885,7215132.648713,-37.741689099988434,-415.9617590000853,0.46000000000000085,-38.55131598095025,-415.15267667129524,1.0238961038961034,-5.936157900652439,-14.0654731774884,-0.008939393939393914,-3.1305145888481682,0.7831804578301131,-0.15339826839826823,15.266810614143479,15.26681323134884,202.88157122290107,12.061633010102708,-0.033549213292841176,1000.62,-3.54,51.37,False
HAOS / PANGAEA,HAOS_Flight_104,HAOS_Flight_104_seg00,train,10.1594/PANGAEA.918840,CC BY 4.0,fixed-wing UAV,2020-02-28 16:44:17+00:00,216.0,65.039354,24.526948,26.1,383574.0162669,7215118.985555,-45.81061069999123,-429.62491700053215,1.1300000000000026,-46.10681289177053,-428.7648682210314,0.862207792207792,-8.503259317749205,-13.22257167527863,-0.05606060606060598,-1.8353419659078511,0.6769938517686427,0.00622294372294363,15.720744916598875,15.720844873107845,212.74452982955626,7.099492867279521,-0.20431744971514437,1000.53,-3.62,50.38,False
HAOS / PANGAEA,HAOS_Flight_104,HAOS_Flight_104_seg00,train,10.1594/PANGAEA.918840,CC BY 4.0,fixed-wing UAV,2020-02-28 16:44:18+00:00,217.0,65.039242,24.526744,25.88,383563.8920826,7215106.84304,-55.93479500000831,-441.76743200048804,0.9100000000000001,-55.55783461644866,-441.5978200218525,0.9117748917748915,-9.606841832468142,-12.711485473951114,0.0035064935064933467,-0.36905448592922596,0.2242279978352144,0.01636363636363619,15.933401173275278,15.933401559115579,217.08055695746012,1.5695672586096512,0.012609189549915587,1000.56,-3.6,50.23,False
HAOS / PANGAEA,HAOS_Flight_104,HAOS_Flight_104_seg00,train,10.1594/PANGAEA.918840,CC BY 4.0,fixed-wing UAV,2020-02-28 16:44:19+00:00,218.0,65.039132,24.526537,25.65,383553.6880944,7215095.038115,-66.13878320000367,-453.57235699985176,0.6799999999999997,-65.32049655670681,-454.18783916893364,0.8692207792207787,-9.241368289607657,-12.774115679608201,-0.023333333333333595,0.8947142780335966,-0.31848454113858793,-0.03806277056277052,15.766449164608309,15.766466430517097,215.88366434677556,-3.362766423792706,-0.08479401620388156,1000.59,-3.58,50.09,False
HAOS / PANGAEA,HAOS_Flight_104,HAOS_Flight_104_seg00,train,10.1594/PANGAEA.918840,CC BY 4.0,fixed-wing UAV,2020-02-28 16:44:20+00:00,219.0,65.039013,24.526364,25.5,383545.0515018,7215082.087879,-74.77537579997443,-466.5225929999724,0.5300000000000011,-74.04057119566397,-467.1460513810689,0.8651082251082243,-7.8174132764009485,-13.34845455622829,-0.0726190476190477,1.6534137649365768,-0.7018863344131603,-0.058246753246752964,15.46910434943606,15.469274802000859,210.3550241098747,-6.585295245185914,-0.26897060633684466,1000.61,-3.51,49.25,False
HAOS / PANGAEA,HAOS_Flight_104,HAOS_Flight_104_seg00,train,10.1594/PANGAEA.918840,CC BY 4.0,fixed-wing UAV,2020-02-28 16:44:21+00:00,220.0,65.038885,24.526233,26.7,383538.3250967,7215068.001648,-81.50178089999827,-480.60882399976254,1.7300000000000004,-80.95532310950871,-480.8847482813902,0.7239826839826833,-5.934540759734503,-14.177888348434522,-0.13982683982683952,1.8662183330070725,-0.7813466883726363,-0.0023701298701297446,15.369817567220034,15.370453591054543,202.71307385640372,-7.517238461601494,-0.5212336931540694,1000.45,-3.57,48.69,False
HAOS / PANGAEA,HAOS_Flight_104,HAOS_Flight_104_seg00,train,10.1594/PANGAEA.918840,CC BY 4.0,fixed-wing UAV,2020-02-28 16:44:22+00:00,221.0,65.038749,24.526152,24.97,383533.893232,7215052.996385,-85.93364559998736,-495.61408700048923,0.0,-85.90965271513298,-495.50182807793794,0.5854545454545452,-4.0849766103868035,-14.911147932973563,-0.07735930735930718,1.7087600876594635,-0.5648038290789827,0.019296536796536645,15.460574587848571,15.460768126094646,195.32054718667172,-6.687725919170446,-0.28668564695418985,1000.68,-3.53,48.35,False
HAOS / PANGAEA,HAOS_Flight_104,HAOS_Flight_104_seg00,train,10.1594/PANGAEA.918840,CC BY 4.0,fixed-wing UAV,2020-02-28 16:44:23+00:00,222.0,65.03861,24.526101,25.43,383530.8837107,7215037.682302,-88.94316689996049,-510.92817000020295,0.46000000000000085,-89.12527633028232,-510.70704414733734,0.5692640692640689,-2.517020584415576,-15.307496006592487,-0.10123376623376623,1.4104545791117538,-0.24605510930138053,-0.03242424242424244,15.513053426524923,15.51338373436442,189.33762201806283,-5.314542718189827,-0.3738906234204318,1000.62,-3.51,47.95,False
HAOS / PANGAEA,HAOS_Flight_104,HAOS_Flight_104_seg00,train,10.1594/PANGAEA.918840,CC BY 4.0,fixed-wing UAV,2020-02-28 16:44:24+00:00,223.0,65.038473,24.526073,25.43,383528.9786735,7215022.4055,-90.84820409998065,-526.2049719998613,0.46000000000000085,-90.94369388396413,-526.1168200911229,0.38298701298701276,-1.264067452163296,-15.403258151576324,-0.14220779220779206,1.1141067695897462,-0.019283001014770207,0.05262987012987026,15.455038926114716,15.455693166722924,184.69146175029206,-4.1297322664496265,-0.5271857553450875,1000.62,-3.51,47.95,False
HAOS / PANGAEA,HAOS_Flight_104,HAOS_Flight_104_seg00,train,10.1594/PANGAEA.918840,CC BY 4.0,fixed-wing UAV,2020-02-28 16:44:25+00:00,224.0,65.038335,24.526066,25.13,383528.0484106,7215007.089737,-91.77846699999645,-541.5207350002602,0.16000000000000014,-91.65341123460891,-541.51356045049,0.2848484848484848,-0.2888070452360836,-15.346062008622027,0.004025974025974294,0.8754943946956679,0.06954205310520933,0.05079004329004337,15.348779387360102,15.348779915365169,181.0781574851636,-3.2592778583533444,0.015028642278710916,1000.66,-3.52,47.25,False
HAOS / PANGAEA,HAOS_Flight_104,HAOS_Flight_104_seg00,train,10.1594/PANGAEA.918840,CC BY 4.0,fixed-wing UAV,2020-02-28 16:44:26+00:00,225.0,65.038198,24.526082,25.65,383528.1834053,7214991.759578,-91.64347229996929,-556.8508940003812,0.6799999999999997,-91.5213079744363,-556.808944108367,0.39103896103896135,0.4869213372280399,-15.264174045365905,-0.04062770562770532,0.6757043015690023,-0.12070953842351173,-0.11021645021645014,15.271938373234423,15.271992413772823,178.17290603358538,-2.488994051628127,-0.15242273217328284,1000.59,-3.51,47.19,False
HAOS / PANGAEA,HAOS_Flight_104,HAOS_Flight_104_seg00,train,10.1594/PANGAEA.918840,CC BY 4.0,fixed-wing UAV,2020-02-28 16:44:27+00:00,226.0,65.038061,24.526114,24.82,383529.1217827,7214976.471132,-90.70509489998221,-572.1393400002271,-0.14999999999999858,-90.67956856015283,-572.0419085412218,0.20359307359307416,1.062601557901921,-15.58748108546905,-0.216406926406926,0.4093058831175682,-0.23474686802262568,-0.11918831168831164,15.623657979510146,15.625156659006908,176.10016938190734,-1.458136765072423,-0.7935664420888319,1000.7,-3.49,47.02,False
HAOS / PANGAEA,HAOS_Flight_104,HAOS_Flight_104_seg00,train,10.1594/PANGAEA.918840,CC BY 4.0,fixed-wing UAV,2020-02-28 16:44:28+00:00,227.0,65.037926,24.526155,25.43,383530.4392608,7214961.325573,-89.38761679996969,-587.2848990000784,0.46000000000000085,-89.39610485863246,-587.9839062793051,-0.04177489177489063,1.3055331034631763,-15.733667781411157,-0.2790043290043286,0.08411998424755751,0.513156316513232,-0.07611471861471866,15.787739500639528,15.79020462044925,175.25663250344053,-0.4659202640681816,-1.0124379536370682,1000.62,-3.58,46.44,False
HAOS / PANGAEA,HAOS_Flight_104,HAOS_Flight_104_seg00,train,10.1594/PANGAEA.918840,CC BY 4.0,fixed-wing UAV,2020-02-28 16:44:29+00:00,228.0,65.03779,24.526198,24.37,383531.8847553,7214946.108517,-87.94212229998084,-602.5019549997523,-0.5999999999999979,-88.06850235322648,-603.5092441040441,-0.354415584415583,1.230841526397036,-14.561168452442587,-0.3686363636363633,-0.1250317668876484,1.7302625399955502,-0.07771645021645024,14.613096782116807,14.61774573359749,175.16832885377096,-0.08593972611834913,-1.4450618846932541,1000.76,-3.52,47.12,False
HAOS / PANGAEA,HAOS_Flight_104,HAOS_Flight_104_seg00,train,10.1594/PANGAEA.918840,CC BY 4.0,fixed-wing UAV,2020-02-28 16:44:30+00:00,229.0,65.037652,24.526237,24.22,383533.1297551,7214930.743253,-86.69712249998702,-617.8672190001234,-0.75,-86.93442180583838,-617.1062431841902,-0.7790476190476172,1.0554695696878795,-12.273142701420056,-0.43443722943722907,-0.23110048809308026,1.3268815887118421,0.0010173160173160278,12.318443399308109,12.326101714989967,175.08475305120385,0.5691342488628836,-2.019825623174663,1000.78,-3.52,47.37,False
HAOS / PANGAEA,HAOS_Flight_104,HAOS_Flight_104_seg00,train,10.1594/PANGAEA.918840,CC BY 4.0,fixed-wing UAV,2020-02-28 16:44:31+00:00,230.0,65.037513,24.526264,23.77,383533.7683003,7214915.168709,-86.05857729999116,-633.4417630005628,-1.1999999999999993,-85.95756321385072,-628.0555295068842,-1.223290043290041,0.7686405502108755,-11.907405275018903,-0.36660173160173126,-0.43813016114346937,-0.7707061807038542,0.15775974025974004,11.932187925061207,11.937818289310231,176.30659735149675,2.0860097106769975,-1.7597884577992,1000.84,-3.56,47.28,False
HAOS / PANGAEA,HAOS_Flight_104,HAOS_Flight_104_seg00,train,10.1594/PANGAEA.918840,CC BY 4.0,fixed-wing UAV,2020-02-28 16:44:32+00:00,231.0,65.0374415,24.52627,23.509999999999998,383533.75504764996,7214907.213634499,-86.0718299500295,-641.3968375008553,-1.4600000000000009,-85.39714070541663,-640.921053734228,-1.5122510822510797,0.1792092474009408,-13.814555062827765,-0.11891774891774898,-0.8212023351691826,-1.90468479861363,0.18753246753246744,13.815717409467169,13.816229187779923,179.25677247255783,3.4377247718211055,-0.4931569358610369,1000.875,-3.5700000000000003,48.3,True
HAOS / PANGAEA,HAOS_Flight_104,HAOS_Flight_104_seg00,train,10.1594/PANGAEA.918840,CC BY 4.0,fixed-wing UAV,2020-02-28 16:44:33+00:00,232.0,65.03737,24.526276,23.25,383533.741795,7214899.25856,-86.08508260000963,-649.3519120002165,-1.7199999999999989,-85.59914471904884,-655.6846396325398,-1.461125541125539,-0.8737641201274897,-15.716774872246162,0.008463203463203617,-1.4139442074660487,-1.8216230074533826,0.050606060606060876,15.741044314863311,15.741046589992147,183.18204689513894,4.685144926321244,0.03080518567757021,1000.91,-3.58,49.32,False
HAOS / PANGAEA,HAOS_Flight_104,HAOS_Flight_104_seg00,train,10.1594/PANGAEA.918840,CC BY 4.0,fixed-wing UAV,2020-02-28 16:44:34+00:00,233.0,65.037228,24.526274,23.02,383533.0276129,7214883.411377,-86.79926469997736,-665.1990950005129,-1.9499999999999993,-87.14466894567161,-672.3546034787204,-1.4953246753246725,-2.6486791675311565,-17.45780107773453,-0.017705627705627225,-2.1941996843063833,-1.484488653597566,-0.030216450216450197,17.657585333285592,17.657594210183756,188.6270623252003,6.272949571522215,-0.0574516493631251,1000.94,-3.56,48.98,False
HAOS / PANGAEA,HAOS_Flight_104,HAOS_Flight_104_seg00,train,10.1594/PANGAEA.918840,CC BY 4.0,fixed-wing UAV,2020-02-28 16:44:35+00:00,234.0,65.036943,24.526223,24.22,383529.3672238,7214851.722551,-90.45965380000416,-696.8879209998995,-0.75,-90.89650305411115,-690.6002417880088,-1.4965367965367935,-5.262163488740256,-18.685752179441295,-0.05196969696969678,-2.9331443224027147,-0.2712745401148027,-0.04281385281385297,19.41256549489856,19.412635059237303,195.72794603818338,8.34458672199078,-0.15338710312173115,1000.78,-3.65,49.43,False
HAOS / PANGAEA,HAOS_Flight_104,HAOS_Flight_104_seg00,train,10.1594/PANGAEA.918840,CC BY 4.0,fixed-wing UAV,2020-02-28 16:44:36+00:00,235.0,65.036802,24.5261,23.62,383522.9649675,7214836.297611,-96.86191009997856,-712.3128610001877,-1.3499999999999979,-97.66899592315212,-709.726107837603,-1.599264069264066,-8.514967812336586,-18.000350157964135,-0.10333333333333317,-3.2938932685650286,2.1885198867885265,-0.023322510822510856,19.912741716158713,19.913009828557442,205.31623576918187,11.951179936018706,-0.2973227305156918,1000.86,-3.65,49.28,False
HAOS / PANGAEA,HAOS_Flight_104,HAOS_Flight_104_seg00,train,10.1594/PANGAEA.918840,CC BY 4.0,fixed-wing UAV,2020-02-28 16:44:37+00:00,236.0,65.036671,24.525896,23.02,383512.7835702,7214822.056703,-107.04330740001751,-726.5537689998746,-1.9499999999999993,-107.92643867878432,-726.6009421039371,-1.7032034632034598,-11.849950025870314,-14.308712405864242,-0.09861471861471849,-3.0283973254337724,4.608066226157206,0.03813852813852808,18.57849741850393,18.578759140267806,219.63030591022078,16.80057765453476,-0.3041233089764532,1000.94,-3.58,49.45,False
HAOS / PANGAEA,HAOS_Flight_104,HAOS_Flight_104_seg00,train,10.1594/PANGAEA.918840,CC BY 4.0,fixed-wing UAV,2020-02-28 16:44:38+00:00,237.0,65.036567,24.525609,23.02,383498.8098999,7214811.030078,-121.01697769999737,-737.580393999815,-1.9499999999999993,-121.36889597489275,-738.3435326493315,-1.796493506493503,-14.57176246320413,-8.784217705649723,-0.027056277056277,-2.2378782920429785,4.910977709393364,0.13392857142857134,17.01466255863733,17.014684070720303,238.9173910782514,17.50130965139418,-0.0911101923221947,1000.94,-3.58,49.45,False
HAOS / PANGAEA,HAOS_Flight_104,HAOS_Flight_104_seg00,train,10.1594/PANGAEA.918840,CC BY 4.0,fixed-wing UAV,2020-02-28 16:44:39+00:00,238.0,65.036498,24.52527,22.95,383482.6006299,7214803.986525,-137.22624769998947,-744.623947000131,-2.0199999999999996,-137.06996360519258,-744.1693775152365,-1.7573160173160138,-16.32570660995627,-4.486756987077513,0.1692424242424242,-1.1882346760803664,3.879622740245651,0.2179761904761903,16.931027274665254,16.931873126551068,254.63292521300917,13.81088373191035,0.5727091165525356,1000.95,-3.6,49.35,False
HAOS / PANGAEA,HAOS_Flight_104,HAOS_Flight_104_seg00,train,10.1594/PANGAEA.918840,CC BY 4.0,fixed-wing UAV,2020-02-28 16:44:40+00:00,239.0,65.036465,24.524909,23.55,383465.4383923,7214800.976774,-154.3884853000054,-747.6336980005726,-1.4199999999999982,-154.0203091948053,-747.3170466234865,-1.4580086580086546,-16.948231815364863,-1.0249722251584217,0.4088961038961036,-0.06738623430344148,3.714353435063032,0.12559523809523787,16.97919696951808,16.984119810972643,266.5391585420721,12.750222258285195,1.3795407162994335,1000.87,-3.6,49.45,False
HAOS / PANGAEA,HAOS_Flight_104,HAOS_Flight_104_seg00,train,10.1594/PANGAEA.918840,CC BY 4.0,fixed-wing UAV,2020-02-28 16:44:41+00:00,240.0,65.036469,24.524548,24.07,383448.4649887,7214802.023695,-171.36188889999175,-746.5867769997567,-0.8999999999999986,-170.9664272359223,-746.2193219655534,-0.9395238095238067,-16.460479078563154,2.941949883048551,0.42043290043289994,0.8431179590918276,3.6484101504355806,-0.048668831168831334,16.72131695202817,16.72660170010487,280.13336972957956,12.900415452797427,1.440314564897744,1000.8,-3.6,49.3,False
HAOS / PANGAEA,HAOS_Flight_104,HAOS_Flight_104_seg00,train,10.1594/PANGAEA.918840,CC BY 4.0,fixed-wing UAV,2020-02-28 16:44:42+00:00,241.0,65.036505,24.524203,24.75,383432.4066324,7214806.664546,-187.42024519998813,-741.9459260003641,-0.21999999999999886,-186.9412673519316,-741.4331468573894,-0.6171428571428548,-15.261995897181208,6.2718480757127395,0.3115584415584409,1.3195360484809626,2.9585419664626897,-0.12294372294372302,16.500442328931598,16.50338346257833,292.33998944766694,11.26253384490377,1.0817202618282138,1000.71,-3.6,48.79,False
HAOS / PANGAEA,HAOS_Flight_104,HAOS_Flight_104_seg00,train,10.1594/PANGAEA.918840,CC BY 4.0,fixed-wing UAV,2020-02-28 16:44:43+00:00,242.0,65.036573,24.523886,24.37,383417.770586,7214814.862586,-202.0562915999908,-733.7478860002011,-0.5999999999999979,-201.49041903028473,-733.6756258141279,-0.31640692640692475,-13.821406981601228,8.85903381597393,0.1745454545454539,1.3325472978317023,2.1528608322433627,-0.05770562770562769,16.416874583903745,16.41780244793216,302.6584374193871,8.840030858384612,0.6091501170087292,1000.76,-3.55,49.24,False
HAOS / PANGAEA,HAOS_Flight_104,HAOS_Flight_104_seg00,train,10.1594/PANGAEA.918840,CC BY 4.0,fixed-wing UAV,2020-02-28 16:44:44+00:00,243.0,65.036661,24.523602,25.13,383404.7633275,7214825.148135,-215.06355009996332,-723.4623370002955,0.16000000000000014,-214.58408131513406,-723.7150792254415,-0.268051948051947,-12.596901301517804,10.577569740199465,0.19614718614718554,0.9233236495656527,1.2198221418166213,0.03531385281385298,16.448918019400676,16.450087468691397,310.02005116443615,5.338808572805525,0.683198327922949,1000.66,-3.57,48.49,False
HAOS / PANGAEA,HAOS_Flight_104,HAOS_Flight_104_seg00,train,10.1594/PANGAEA.918840,CC BY 4.0,fixed-wing UAV,2020-02-28 16:44:45+00:00,244.0,65.036755,24.523342,24.45,383392.9690125,7214836.099675,-226.85786509996979,-712.5107970004901,-0.5199999999999996,-226.68422163332033,-712.520486333729,0.07588744588744634,-11.974759682469923,11.298678099607173,0.24517316017315985,0.22714204794310433,0.19083502499822202,-0.01235930735930714,16.463747940595116,16.465573361711982,313.3360545649981,1.0237866222801504,0.8531683746180655,1000.75,-3.48,48.17,False
HAOS / PANGAEA,HAOS_Flight_104,HAOS_Flight_104_seg00,train,10.1594/PANGAEA.918840,CC BY 4.0,fixed-wing UAV,2020-02-28 16:44:46+00:00,245.0,65.036852,24.523091,25.2,383381.570026,7214847.407233,-238.2568516000174,-701.2032390004024,0.23000000000000043,-238.5336006800739,-701.1177230262272,0.2222943722943727,-12.142617205631595,10.959239790195909,0.17142857142857126,-0.5199767695892277,-0.8030135583946958,-0.05803030303030292,16.356897303019107,16.35779560749601,312.0676244089965,-3.3296584490717955,0.6004668152013941,1000.65,-3.53,48.16,False
HAOS / PANGAEA,HAOS_Flight_104,HAOS_Flight_104_seg00,train,10.1594/PANGAEA.918840,CC BY 4.0,fixed-wing UAV,2020-02-28 16:44:47+00:00,246.0,65.036946,24.522826,25.2,383369.4929121,7214858.347542,-250.3339655000018,-690.2629300002009,0.23000000000000043,-250.96945604458352,-690.6020067533372,0.41874458874458886,-13.014713221648378,9.692650982817781,0.129112554112554,-1.0562786479419728,-1.5582427760299993,-0.07608225108225095,16.227453383586337,16.227967012786817,306.67673766685454,-6.624699850926746,0.45586008862501237,1000.65,-3.53,48.16,False
HAOS / PANGAEA,HAOS_Flight_104,HAOS_Flight_104_seg00,train,10.1594/PANGAEA.918840,CC BY 4.0,fixed-wing UAV,2020-02-28 16:44:48+00:00,247.0,65.037024,24.522528,26.48,383355.8182262,7214867.540513,-264.00865139998496,-681.069958999753,1.5100000000000016,-264.56302712337066,-681.7324210605916,0.48051948051948074,-14.25517450151554,7.84275423813591,0.019264069264069372,-1.4353151381469047,-1.9666381478350274,-0.1425919913419912,16.270181133240577,16.270192537669068,298.818224707143,-8.374083925375999,0.06783878681281638,1000.48,-3.57,48.38,False
HAOS / PANGAEA,HAOS_Flight_104,HAOS_Flight_104_seg00,train,10.1594/PANGAEA.918840,CC BY 4.0,fixed-wing UAV,2020-02-28 16:44:49+00:00,248.0,65.03708,24.522199,24.75,383340.5656658,7214874.412011,-279.26121179998154,-674.1984609998763,-0.21999999999999886,-279.4798050476146,-674.9164982770653,0.4572727272727276,-15.885343497942188,5.7593746871477265,-0.1560714285714284,-1.3614376338717449,-2.0416325033174587,-0.15582251082251067,16.897175350767125,16.89789611535674,289.92856981610254,-8.166275785177024,-0.5291996850870122,1000.71,-3.52,50.21,False
HAOS / PANGAEA,HAOS_Flight_104,HAOS_Flight_104_seg00,train,10.1594/PANGAEA.918840,CC BY 4.0,fixed-wing UAV,2020-02-28 16:44:50+00:00,249.0,65.037112,24.521845,25.2,383324.079873,7214878.623696,-295.74700460000895,-669.9867759998888,0.23000000000000043,-296.33371411925503,-670.2136716862962,0.16837662337662396,-16.97804976925903,3.759489231500993,-0.29238095238095196,-0.13071700178512913,-1.797021941005653,-0.07788419913419904,17.38930513991886,17.391762989142983,282.48567313678893,-6.145302095514014,-0.963271164119419,1000.65,-3.53,51.71,False
HAOS / PANGAEA,HAOS_Flight_104,HAOS_Flight_104_seg00,train,10.1594/PANGAEA.918840,CC BY 4.0,fixed-wing UAV,2020-02-28 16:44:51+00:00,250.0,65.037127,24.521486,24.97,383307.2122861,7214880.970232,-312.6145914999652,-667.6402400005609,0.0,-313.43590458613266,-667.3975198140633,-0.12748917748917638,-16.146777501512446,2.1653308051364206,-0.3118398268398265,1.630226963851939,-1.3168413159810086,0.042088744588744495,16.291319197014747,16.294303460308598,277.6379656250745,-3.8969544187714757,-1.096591631439906,1000.68,-3.54,52.14,False
HAOS / PANGAEA,HAOS_Flight_104,HAOS_Flight_104_seg00,train,10.1594/PANGAEA.918840,CC BY 4.0,fixed-wing UAV,2020-02-28 16:44:52+00:00,251.0,65.037134,24.521123,24.3,383290.1592122,7214882.435736,-329.66766540001845,-666.1747360005975,-0.6699999999999982,-328.6272691222799,-665.8830100760233,-0.455303030303029,-13.717595841555152,1.1258065995389757,-0.20820346320346297,1.4503730378800839,-0.8008543256886185,0.0701082251082252,13.763715928913118,13.76529058370751,274.69176429924596,-2.6007423615443868,-0.8666460429541256,1000.77,-3.5,52.16,False
HAOS / PANGAEA,HAOS_Flight_104,HAOS_Flight_104_seg00,train,10.1594/PANGAEA.918840,CC BY 4.0,fixed-wing UAV,2020-02-28 16:44:53+00:00,252.0,65.037137,24.520756,24.45,383272.9076515,7214883.474742,-346.9192260999698,-665.1357300002128,-0.5199999999999996,-340.87109626924297,-665.1459066149854,-0.5438961038961023,-13.246031425752278,0.5636221537591837,-0.17162337662337607,-0.7638292586588022,-0.4122553278260739,0.04250000000000011,13.258017139234097,13.259127914294691,272.43648090198576,-1.7797801179240638,-0.7416452885712917,1000.75,-3.48,51.66,False
HAOS / PANGAEA,HAOS_Flight_104,HAOS_Flight_104_seg00,train,10.1594/PANGAEA.918840,CC BY 4.0,fixed-wing UAV,2020-02-28 16:44:54+00:00,253.0,65.0371365,24.52057,24.335,383264.16945655004,7214883.7529575005,-355.657421049953,-664.8575144996867,-0.634999999999998,-355.1193319737845,-664.755765768505,-0.7985497835497811,-15.245254358872756,0.3012959438868279,-0.12320346320346276,-1.9835323296561,-0.20383379762600384,0.1090259740259738,15.24823136342479,15.24872908821836,271.13220406339786,-0.9586911675032568,-0.4629313844074753,1000.765,-3.49,51.465,True
HAOS / PANGAEA,HAOS_Flight_104,HAOS_Flight_104_seg00,train,10.1594/PANGAEA.918840,CC BY 4.0,fixed-wing UAV,2020-02-28 16:44:55+00:00,254.0,65.037136,24.520384,24.22,383255.4312616,7214884.031173,-364.39561599999433,-664.5792990000919,-0.75,-371.3616049869885,-664.5433147272117,-0.7903030303030278,-17.21309608506448,0.155954558507176,0.04642857142857154,-1.940626686692923,-0.09863449149824532,0.09011904761904749,17.213802562420113,17.213865175207633,270.5190985669792,-0.4102908630466441,0.15453614803628923,1000.78,-3.5,51.27,False
HAOS / PANGAEA,HAOS_Flight_104,HAOS_Flight_104_seg00,train,10.1594/PANGAEA.918840,CC BY 4.0,fixed-wing UAV,2020-02-28 16:44:56+00:00,255.0,65.037131,24.520009,23.85,383237.7266037,7214884.106505,-382.10027389996685,-664.5039670001715,-1.1199999999999974,-389.54552414391344,-664.4438566514906,-0.705692640692638,-19.126507732258602,0.10402696089033725,0.057034632034632216,-1.882772225439112,0.011594696847282648,0.013787878787878627,19.12679062573594,19.126875662010026,270.3116223373046,-0.014920874661583702,0.17085114172652394,1000.83,-3.46,51.36,False
HAOS / PANGAEA,HAOS_Flight_104,HAOS_Flight_104_seg00,train,10.1594/PANGAEA.918840,CC BY 4.0,fixed-wing UAV,2020-02-28 16:44:57+00:00,256.0,65.03712,24.519262,24.37,383202.5249579,7214884.262381,-417.3019196999958,-664.3480909997597,-0.5999999999999979,-409.6146204515057,-664.3352608054311,-0.6762337662337634,-20.978640535942702,0.17914395220174129,0.0740043290043288,-1.204149140148857,0.1014738160647255,0.02837662337662311,20.979405408445416,20.979535932251224,270.48925681765604,0.2525314330264819,0.20210859404466858,1000.76,-3.45,51.35,False
HAOS / PANGAEA,HAOS_Flight_104,HAOS_Flight_104_seg00,train,10.1594/PANGAEA.918840,CC BY 4.0,fixed-wing UAV,2020-02-28 16:44:58+00:00,257.0,65.037115,24.518892,24.75,383185.0974813,7214884.457768,-434.7293962999829,-664.152704000473,-0.21999999999999886,-431.50280521579884,-664.0855687470871,-0.5576839826839805,-21.534806012556317,0.30697459301978824,0.11378787878787844,0.6042246751685525,0.12131184151746766,-0.021325757575757526,21.536993833847642,21.537294423407744,270.8166852033575,0.36643903482248674,0.30271191064343056,1000.71,-3.49,50.66,False
HAOS / PANGAEA,HAOS_Flight_104,HAOS_Flight_104_seg00,train,10.1594/PANGAEA.918840,CC BY 4.0,fixed-wing UAV,2020-02-28 16:44:59+00:00,258.0,65.037112,24.518522,24.37,383167.6838658,7214884.791373,-452.1430118000135,-663.8190990006551,-0.5999999999999979,-452.6842324766183,-663.7213116193915,-0.44865800865800654,-19.770191185605597,0.4217676352366766,0.03135281385281374,2.268096134957844,0.09344169158021032,-0.09014069264069241,19.774689566552755,19.774714421514837,271.222134887301,0.4237258520839277,0.09084250846627474,1000.76,-3.44,50.67,False
HAOS / PANGAEA,HAOS_Flight_104,HAOS_Flight_104_seg00,train,10.1594/PANGAEA.918840,CC BY 4.0,fixed-wing UAV,2020-02-28 16:45:00+00:00,259.0,65.037111,24.518153,24.45,383150.3267231,7214885.354334,-469.5001545000123,-663.2561380006373,-0.5199999999999996,-471.04318758701004,-663.2420334766138,-0.49497835497835296,-16.99861374264063,0.4938579761802089,-0.06649350649350638,1.6719378540591094,0.04505749413081617,-0.0764448051948049,17.005786217406346,17.005916213439765,271.6641369075254,0.28137937049300876,-0.2240283291349961,1000.75,-3.41,50.12,False
HAOS / PANGAEA,HAOS_Flight_104,HAOS_Flight_104_seg00,train,10.1594/PANGAEA.918840,CC BY 4.0,fixed-wing UAV,2020-02-28 16:45:01+00:00,260.0,65.03711,24.517788,24.52,383133.134167,7214885.951868,-486.69271059997845,-662.6586039997637,-0.4499999999999993,-486.6814599618996,-662.7335956670311,-0.5816450216450193,-16.42631547748738,0.5118826234983089,-0.12153679653679605,-0.10001197792108485,0.006403687290145399,-0.04773809523809511,16.43428927535903,16.434738670848812,271.784893628287,0.01164350422293368,-0.42371278961100384,1000.74,-3.41,49.63,False
HAOS / PANGAEA,HAOS_Flight_104,HAOS_Flight_104_seg00,train,10.1594/PANGAEA.918840,CC BY 4.0,fixed-wing UAV,2020-02-28 16:45:02+00:00,261.0,65.037109,24.517424,24.19,383115.9811578,7214886.503884,-503.84571979998145,-662.1065880004317,-0.7799999999999976,-503.8958185419848,-662.2182682296171,-0.7380519480519451,-17.1986376984828,0.5066653507604997,-0.1619696969696966,-0.37305639480462105,-0.00043994919153078627,-0.017240259740259806,17.206099164579257,17.206861498950687,271.68742391597124,-0.04021841247333246,-0.5393381645080427,1000.78,-3.4,50.07,False
HAOS / PANGAEA,HAOS_Flight_104,HAOS_Flight_104_seg00,train,10.1594/PANGAEA.918840,CC BY 4.0,fixed-wing UAV,2020-02-28 16:45:03+00:00,262.0,65.037107,24.517059,23.85,383098.8029588,7214886.923571,-521.0239187999978,-661.6869010003284,-1.1199999999999974,-521.0787353588652,-661.7202649655101,-0.9055844155844125,-17.17242826709662,0.5110027251152474,-0.15601731601731567,0.01705534134103459,0.026323578946318094,0.057554112554112385,17.18002958011581,17.18073798695945,271.7044568033404,0.08946001527864338,-0.520306904678048,1000.83,-3.39,50.52,False
HAOS / PANGAEA,HAOS_Flight_104,HAOS_Flight_104_seg00,train,10.1594/PANGAEA.918840,CC BY 4.0,fixed-wing UAV,2020-02-28 16:45:04+00:00,263.0,65.037104,24.516693,24.37,383081.5627201,7214887.323932,-538.2641575000016,-661.2865399997681,-0.5999999999999979,-538.240675076178,-661.1962627793866,-1.0500865800865764,-17.16452701580073,0.5593125086531359,-0.046861471861471826,0.005396624348207979,0.06491600435217038,0.06918831168831138,17.173637301354916,17.17370123636818,271.86634394652856,0.21701920243780745,-0.1563418307088069,1000.76,-3.39,49.89,False
HAOS / PANGAEA,HAOS_Flight_104,HAOS_Flight_104_seg00,train,10.1594/PANGAEA.918840,CC BY 4.0,fixed-wing UAV,2020-02-28 16:45:05+00:00,264.0,65.037104,24.516328,23.62,383064.3883243,7214887.917246,-555.4385532999877,-660.6932260002941,-1.3499999999999979,-555.4077893904666,-660.6016399482038,-0.9993073593073561,-17.161635018400204,0.6408347338195881,-0.0176406926406929,0.02177882467427139,0.0802860313994529,0.062435064935064705,17.17359559500717,17.173604655251808,272.138495208216,0.27067535112018976,-0.05885412142839541,1000.86,-3.36,50.07,False
HAOS / PANGAEA,HAOS_Flight_104,HAOS_Flight_104_seg00,train,10.1594/PANGAEA.918840,CC BY 4.0,fixed-wing UAV,2020-02-28 16:45:06+00:00,265.0,65.037104,24.515965,23.7,383047.2890619,7214888.626843,-572.5378156999941,-659.9836290003732,-1.2699999999999996,-572.5639451129784,-659.9145933117475,-1.0853679653679622,-17.120969366452186,0.7198845714520417,0.07800865800865758,0.06499749545545797,0.05193479538763768,0.07478354978354973,17.136097159015204,17.136274717508858,272.40769464876894,0.18257705673590535,0.2608257850871885,1000.85,-3.34,49.59,False
HAOS / PANGAEA,HAOS_Flight_104,HAOS_Flight_104_seg00,train,10.1594/PANGAEA.918840,CC BY 4.0,fixed-wing UAV,2020-02-28 16:45:07+00:00,266.0,65.037106,24.515602,24.3,383030.217147,7214889.503239,-589.609730599972,-659.1072329999879,-0.6699999999999982,-589.649728123371,-659.1618708052997,-0.843290043290041,-17.03164002748929,0.7447043245948635,0.13192640692640656,0.08771851342208947,-0.025784199183561896,-0.01651515151515129,17.047913261072324,17.04842371405316,272.5036493216878,-0.07458622035830594,0.44337833757574746,1000.77,-3.4,50.01,False
HAOS / PANGAEA,HAOS_Flight_104,HAOS_Flight_104_seg00,train,10.1594/PANGAEA.918840,CC BY 4.0,fixed-wing UAV,2020-02-28 16:45:08+00:00,267.0,65.037106,24.515239,24.45,383013.1291795,7214890.231553,-606.6976981000043,-658.378918999806,-0.5199999999999996,-606.627225167957,-658.4251846625577,-0.8215151515151491,-16.945532339608008,0.6683161730849179,0.044978354978355006,0.06446611547639236,-0.10645033442415297,-0.007900432900432852,16.95870610571183,16.95876575203291,272.2585222080523,-0.35078391494919375,0.15196111372078416,1000.75,-3.34,49.9,False
HAOS / PANGAEA,HAOS_Flight_104,HAOS_Flight_104_seg00,train,10.1594/PANGAEA.918840,CC BY 4.0,fixed-wing UAV,2020-02-28 16:45:09+00:00,268.0,65.037106,24.514878,23.62,382996.1718727,7214890.87484,-623.655004900007,-657.735632000491,-1.3499999999999979,-623.540792802587,-657.8252384591299,-0.753333333333331,-16.902707796536504,0.5318036557465575,0.11612554112554085,0.026271105083992552,-0.11321326842610802,-0.005606060606060781,16.91107169825027,16.911470401022587,271.8020814917894,-0.38005570469042826,0.39343448737923886,1000.86,-3.29,50.09,False
HAOS / PANGAEA,HAOS_Flight_104,HAOS_Flight_104_seg00,train,10.1594/PANGAEA.918840,CC BY 4.0,fixed-wing UAV,2020-02-28 16:45:10+00:00,269.0,65.037104,24.514523,25.2,382979.4304814,7214891.342955,-640.396396199998,-657.2675170004368,0.23000000000000043,-640.43264076103,-657.3615773510646,-0.5892640692640674,-16.892990129440022,0.44188963623270183,0.033766233766233444,0.0009061090914883607,-0.04034804865653996,-0.06791125541125526,16.89876865230032,16.898802387225867,271.49841079867144,-0.13657167463398762,0.11448527108074594,1000.65,-3.39,49.64,False
HAOS / PANGAEA,HAOS_Flight_104,HAOS_Flight_104_seg00,train,10.1594/PANGAEA.918840,CC BY 4.0,fixed-wing UAV,2020-02-28 16:45:11+00:00,270.0,65.037101,24.514166,23.62,382962.6364547,7214891.67859,-657.1904228999629,-656.9318820005283,-1.3499999999999979,-657.3267730614671,-656.9414591866645,-0.6858008658008641,-16.900895578353527,0.4511075584334776,-0.019696969696969657,-0.017845346750107183,0.02972450878797872,-0.02940476190476171,16.906914839191852,16.906926312913914,271.52893814252144,0.09894680494948482,-0.06675095562848722,1000.86,-3.31,48.99,False
HAOS / PANGAEA,HAOS_Flight_104,HAOS_Flight_104_seg00,train,10.1594/PANGAEA.918840,CC BY 4.0,fixed-wing UAV,2020-02-28 16:45:12+00:00,271.0,65.037098,24.513805,24.22,382945.6238531,7214891.935132,-674.2030244999914,-656.67534000054,-0.75,-674.2344319177371,-656.4593622341977,-0.6286580086580067,-16.928680822940237,0.5013386538086593,-0.02504329004328998,-0.03767365465549233,0.036881751154083986,-0.06717532467532464,16.9361027054865,16.936121221140436,271.6963044085704,0.12098361165688444,-0.08472278444197284,1000.78,-3.31,49.5,False
HAOS / PANGAEA,HAOS_Flight_104,HAOS_Flight_104_seg00,train,10.1594/PANGAEA.918840,CC BY 4.0,fixed-wing UAV,2020-02-28 16:45:13+00:00,272.0,65.037097,24.513443,24.97,382928.5806217,7214892.521279,-691.2462559000123,-656.0891930004582,0.0,-691.1841347073475,-655.9387818790472,-0.735887445887444,-16.97624288766451,0.5248710607416456,-0.15404761904761893,-0.03449800801070069,0.016415266236464277,-0.014989177489177413,16.98435492479429,16.98505351420237,271.77090536583523,0.051840508198538374,-0.5196568510863464,1000.68,-3.36,49.12,False
HAOS / PANGAEA,HAOS_Flight_104,HAOS_Flight_104_seg00,train,10.1594/PANGAEA.918840,CC BY 4.0,fixed-wing UAV,2020-02-28 16:45:14+00:00,273.0,65.037098,24.513082,23.62,382911.5926717,7214893.347865,-708.234205899993,-655.2626069998369,-1.3499999999999979,-708.1869176930661,-655.4096201127144,-0.9367532467532446,-16.997676838961638,0.5341691862815878,-0.055021645021644805,-0.1975221138491179,0.021451605510094396,0.07067099567099583,17.006068171136608,17.00615717976188,271.7999854249675,0.05056007574035265,-0.18537483267220067,1000.86,-3.26,49.08,False
HAOS / PANGAEA,HAOS_Flight_104,HAOS_Flight_104_seg00,train,10.1594/PANGAEA.918840,CC BY 4.0,fixed-wing UAV,2020-02-28 16:45:15+00:00,274.0,65.037098,24.512722,24.3,382894.6597073,7214893.976382,-725.1671702999738,-654.6340899998322,-0.6699999999999982,-725.1794883852708,-654.870443506484,-0.8459307359307336,-17.371287115362747,0.5677742717618344,-0.012705627705627276,-0.2505329606049429,0.02214795664593794,-0.023896103896103693,17.38056338753271,17.380568031598333,271.87202551731593,0.04669083086692279,-0.04188464422519403,1000.77,-3.29,50.04,False
HAOS / PANGAEA,HAOS_Flight_104,HAOS_Flight_104_seg00,train,10.1594/PANGAEA.918840,CC BY 4.0,fixed-wing UAV,2020-02-28 16:45:16+00:00,275.0,65.037095,24.512362,23.4,382877.6908013,7214894.288373,-742.1360762999975,-654.3220990002155,-1.5700000000000003,-742.9294919237916,-654.2740715691907,-0.9621645021644991,-17.498742760171524,0.5784650995734637,-0.10281385281385219,0.6074423482637314,-0.012274568838989808,-0.019491341991342143,17.508301461252028,17.50860333511529,271.89336708670135,0.026849699950655035,-0.33645366135283944,1000.89,-3.28,50.31,False
HAOS / PANGAEA,HAOS_Flight_104,HAOS_Flight_104_seg00,train,10.1594/PANGAEA.918840,CC BY 4.0,fixed-wing UAV,2020-02-28 16:45:17+00:00,276.0,65.037092,24.512001,24.37,382860.6721124,7214894.661321,-759.1547651999863,-653.949151000008,-0.5999999999999979,-760.1769739056139,-653.713513307337,-1.051558441558438,-16.156402418835285,0.5432251340838548,-0.05168831168831156,1.5807203359289588,-0.01748248384316753,-0.02993506493506523,16.165532241953777,16.165614876867885,271.9257249172172,0.13878427788034753,-0.18319916555430557,1000.76,-3.28,51.05,False
HAOS / PANGAEA,HAOS_Flight_104,HAOS_Flight_104_seg00,train,10.1594/PANGAEA.918840,CC BY 4.0,fixed-wing UAV,2020-02-28 16:45:18+00:00,277.0,65.037092,24.51164,23.92,382843.6983814,7214895.346397,-776.1284961999627,-653.2640749998391,-1.0499999999999972,-775.2422967614622,-653.187621301023,-1.0655411255411222,-14.337302088313606,0.5435001318871286,-0.16268398268398265,1.8432153263005944,-0.022731472908418482,-0.05211038961038966,14.347599923503688,14.348522211124912,272.17093564246204,0.18006473704900708,-0.6496352155791685,1000.82,-3.28,51.35,False
HAOS / PANGAEA,HAOS_Flight_104,HAOS_Flight_104_seg00,train,10.1594/PANGAEA.918840,CC BY 4.0,fixed-wing UAV,2020-02-28 16:45:19+00:00,278.0,65.037094,24.511277,23.92,382826.6040823,7214896.182344,-793.2227953000111,-652.4281280003488,-1.0499999999999972,-788.8515780822411,-652.6265130435628,-1.3769264069264033,-12.469971766234096,0.4977621882670178,-0.15590909090909089,0.8413549056287195,-0.042942621134358205,0.050909090909090626,12.47990236527289,12.480876198864083,272.28585439131524,-0.04995512851018175,-0.715748245201621,1000.82,-3.27,52.25,False
HAOS / PANGAEA,HAOS_Flight_104,HAOS_Flight_104_seg00,train,10.1594/PANGAEA.918840,CC BY 4.0,fixed-wing UAV,2020-02-28 16:45:20+00:00,279.0,65.0370945,24.511094999999997,23.47,382818.0578791,7214896.5728875,-801.7689985000179,-652.0375845003873,-1.5,-800.1822402939304,-652.192096924489,-1.377359307359304,-12.654592277056167,0.45761488961841223,-0.0608658008658014,-1.4074842001069499,0.008756246800771805,0.10636363636363594,12.662863700037606,12.663009979126018,272.07102538544166,-0.17753616252631013,-0.2753979456995828,1000.8800000000001,-3.285,52.685,True
HAOS / PANGAEA,HAOS_Flight_104,HAOS_Flight_104_seg00,train,10.1594/PANGAEA.918840,CC BY 4.0,fixed-wing UAV,2020-02-28 16:45:21+00:00,280.0,65.037095,24.510913,23.02,382809.5116759,7214896.963431,-810.3152016999666,-651.6470410004258,-1.9499999999999993,-814.1607626363534,-651.711283264326,-1.4986580086580061,-15.284940166447996,0.5152746818685614,0.05681818181818099,-2.6129448035685527,0.0765585638864934,0.12008658008658013,15.293622981153616,15.293728524969152,271.9307820662626,-0.057385572542423643,0.2128617296445118,1000.94,-3.3,53.12,False
HAOS / PANGAEA,HAOS_Flight_104,HAOS_Flight_104_seg00,train,10.1594/PANGAEA.918840,CC BY 4.0,fixed-wing UAV,2020-02-28 16:45:22+00:00,281.0,65.037092,24.510551,23.4,382792.4396494,7214897.369438,-827.3872281999793,-651.2410340001807,-1.5700000000000003,-830.7521206268264,-651.1615475607518,-1.263722943722942,-17.880481884193273,0.610732017391399,0.17930735930735886,-2.591947231168774,0.11910257575775063,0.05410173160173207,17.8909090324676,17.891807542479675,271.9562542403568,0.0886926806587144,0.5742140294740486,1000.89,-3.27,53.9,False
HAOS / PANGAEA,HAOS_Flight_104,HAOS_Flight_104_seg00,train,10.1594/PANGAEA.918840,CC BY 4.0,fixed-wing UAV,2020-02-28 16:45:23+00:00,282.0,65.037088,24.510186,24.45,382775.2535683,7214897.5798,-844.5733093000017,-651.0306719997898,-0.5199999999999996,-849.92172640474,-650.4898192295432,-1.1400432900432884,-20.468834628785544,0.7534798333840627,0.16502164502164512,-1.989435998709041,0.12438423590612047,0.03511904761904791,20.48269813574097,20.483362884624498,272.10816742758004,0.14771575357127734,0.46160125778655947,1000.75,-3.29,54.81,False
HAOS / PANGAEA,HAOS_Flight_104,HAOS_Flight_104_seg00,train,10.1594/PANGAEA.918840,CC BY 4.0,fixed-wing UAV,2020-02-28 16:45:24+00:00,283.0,65.03709,24.509456,24.15,382740.8852617,7214899.155476,-878.9416158999666,-649.454996000044,-0.8200000000000003,-871.6897898843974,-649.6545878939837,-0.9336796536796518,-21.859353881611355,0.85950048920364,0.24954545454545468,-0.254775953467572,0.0761082948395142,0.045422077922077836,21.876244952286914,21.87766820633184,272.2516857474994,0.18195933768414646,0.6535528039756436,1000.79,-3.27,54.98,False
HAOS / PANGAEA,HAOS_Flight_104,HAOS_Flight_104_seg00,train,10.1594/PANGAEA.918840,CC BY 4.0,fixed-wing UAV,2020-02-28 16:45:25+00:00,284.0,65.037093,24.509094,24.52,382723.8898989,7214900.089405,-895.9369786999887,-648.5210669999942,-0.4499999999999993,-893.6404341679627,-648.7708182511359,-0.640952380952379,-20.978386535720688,0.9056964230630911,0.2558658008658008,1.4243278934039836,0.036562177403055784,0.0098268398268396,20.997928175247583,20.999487016613262,272.47208610294837,0.27843648656658004,0.6981310191075585,1000.74,-3.29,54.47,False
HAOS / PANGAEA,HAOS_Flight_104,HAOS_Flight_104_seg00,train,10.1594/PANGAEA.918840,CC BY 4.0,fixed-wing UAV,2020-02-28 16:45:26+00:00,285.0,65.037094,24.508731,23.85,382706.8107552,7214900.874576,-913.016122400004,-647.7358960006386,-1.1199999999999974,-913.6465629558388,-647.8431950478575,-0.4219480519480502,-19.010698094803388,0.9326248440097515,0.2691991341991339,2.174391455845921,-0.010199496177847323,0.022370129870129624,19.03356065352527,19.035464252948465,272.80855872063256,0.28762432328221527,0.8103027171062203,1000.83,-3.26,54.56,False
HAOS / PANGAEA,HAOS_Flight_104,HAOS_Flight_104_seg00,train,10.1594/PANGAEA.918840,CC BY 4.0,fixed-wing UAV,2020-02-28 16:45:27+00:00,286.0,65.037094,24.508367,24.75,382689.6929701,7214901.579935,-930.1339075000142,-647.030536999926,-0.21999999999999886,-931.6618303575694,-646.9055685631164,-0.10255411255411123,-16.629603624028846,0.8852974307073964,0.30060606060606004,1.538849444803219,-0.037551222861964106,0.02698051948051927,16.6531519008604,16.65586480002775,273.0473347495128,0.1360789903195453,1.034133859315991,1000.71,-3.26,54.83,False
HAOS / PANGAEA,HAOS_Flight_104,HAOS_Flight_104_seg00,train,10.1594/PANGAEA.918840,CC BY 4.0,fixed-wing UAV,2020-02-28 16:45:28+00:00,287.0,65.037094,24.508006,25.5,382672.7012271,7214902.313998,-947.1256505000056,-646.296474000439,0.5300000000000011,-946.9057702038965,-646.0726001864427,0.1792640692640699,-15.93299920519695,0.8575223982858233,0.3231601731601724,0.049972630306569954,-0.024140935030345645,-0.0342640692640693,15.956058671751258,15.959330839163822,273.0807167012716,-0.07425652627135058,1.1602603990602656,1000.61,-3.26,54.94,False
HAOS / PANGAEA,HAOS_Flight_104,HAOS_Flight_104_seg00,train,10.1594/PANGAEA.918840,CC BY 4.0,fixed-wing UAV,2020-02-28 16:45:29+00:00,288.0,65.037098,24.507656,25.65,382656.2458376,7214903.357305,-963.5810399999609,-645.2531670005992,0.6799999999999997,-963.5278287679633,-645.1905237665447,0.5437662337662337,-16.529658363415706,0.8370155606467051,0.23207792207792144,-0.22180671330755786,-0.09769163308138218,-0.13461038961038926,16.550836856787743,16.55246388976335,272.89882169697006,-0.3826975465807692,0.8033559982496942,1000.59,-3.2,54.64,False
HAOS / PANGAEA,HAOS_Flight_104,HAOS_Flight_104_seg00,train,10.1594/PANGAEA.918840,CC BY 4.0,fixed-wing UAV,2020-02-28 16:45:30+00:00,289.0,65.037101,24.507308,25.88,382639.8709004,7214904.294006,-979.9559772000066,-644.3164659999311,0.9100000000000001,-979.9650869307279,-644.3985690651493,0.6434199134199128,-16.376612631812066,0.662139132123059,0.0539393939393939,0.10057027164640431,-0.23900044694926237,-0.20491341991341933,16.389992968964787,16.3900817258772,272.3153216081101,-0.8196319648725753,0.18855947472157417,1000.56,-3.17,54.75,False
HAOS / PANGAEA,HAOS_Flight_104,HAOS_Flight_104_seg00,train,10.1594/PANGAEA.918840,CC BY 4.0,fixed-wing UAV,2020-02-28 16:45:31+00:00,290.0,65.037101,24.506962,24.97,382623.5695917,7214905.005005,-996.2572859000065,-643.6054670000449,0.0,-996.2810540315875,-643.8662455022986,0.6516450216450215,-16.328517820122897,0.3590146667481804,-0.1777489177489172,-0.036117544265067636,-0.3089969199104985,-0.21348484848484814,16.33246416597971,16.33343137282464,271.2595577672249,-1.0807760001896616,-0.6235348591129869,1000.68,-3.1,54.17,False
HAOS / PANGAEA,HAOS_Flight_104,HAOS_Flight_104_seg00,train,10.1594/PANGAEA.918840,CC BY 4.0,fixed-wing UAV,2020-02-28 16:45:32+00:00,291.0,65.037096,24.506615,25.8,382607.2247213,7214905.119995,-1012.6021562999813,-643.4904770003632,0.8300000000000018,-1012.6221225709737,-643.680539731653,0.28792207792207836,-16.4488477203422,0.04414529230206199,-0.3730303030303024,-0.1735881925352487,-0.23637943077449108,-0.09780303030303023,16.448906958635256,16.4531362281122,270.1537696077308,-0.8251818803053019,-1.2991379392539308,1000.57,-3.14,54.21,False
HAOS / PANGAEA,HAOS_Flight_104,HAOS_Flight_104_seg00,train,10.1594/PANGAEA.918840,CC BY 4.0,fixed-wing UAV,2020-02-28 16:45:33+00:00,292.0,65.037089,24.506264,24.45,382590.6841775,7214904.941158,-1029.1427000999684,-643.6693139998242,-0.5199999999999996,-1029.1787494722719,-643.7779549176945,-0.09441558441558323,-16.675694205193395,-0.11374419480080178,-0.37335497835497766,-0.2409712518425522,-0.04368768081377539,0.03212121212121205,16.67608212281804,16.68026105631545,269.6091940066143,-0.1500324568957282,-1.2825609297417928,1000.75,-3.05,53.74,False
HAOS / PANGAEA,HAOS_Flight_104,HAOS_Flight_104_seg00,train,10.1594/PANGAEA.918840,CC BY 4.0,fixed-wing UAV,2020-02-28 16:45:34+00:00,293.0,65.037079,24.50591,25.35,382573.986136,7214904.515069,-1045.8407415999682,-644.0954029997811,0.38000000000000256,-1045.9735109813605,-643.9080281212546,-0.45878787878787697,-16.930790224027305,-0.043230069325488785,-0.3087878787878783,-0.2449374547646812,0.16440267962991584,0.05541125541125522,16.93084541447687,16.93366104547386,269.85370469393933,0.5543031974182588,-1.0448551453154775,1000.63,-3.11,54.05,False
HAOS / PANGAEA,HAOS_Flight_104,HAOS_Flight_104_seg00,train,10.1594/PANGAEA.918840,CC BY 4.0,fixed-wing UAV,2020-02-28 16:45:35+00:00,294.0,65.037073,24.505548,23.4,382556.905978,7214904.466828,-1062.9208995999652,-644.1436440004036,-1.5700000000000003,-1063.0403299203265,-643.8644150563455,-0.7119913419913398,-17.165569114722757,0.2150611644590299,-0.26253246753246723,-0.1852158733774445,0.29280954327646214,0.10707792207792197,17.166916273366695,17.168923601475164,270.71780040145086,0.9709578431555895,-0.8761521088967931,1000.89,-3.0,53.86,False
HAOS / PANGAEA,HAOS_Flight_104,HAOS_Flight_104_seg00,train,10.1594/PANGAEA.918840,CC BY 4.0,fixed-wing UAV,2020-02-28 16:45:36+00:00,295.0,65.037071,24.505178,24.07,382539.4994167,7214904.993142,-1080.3274609000073,-643.6173299998045,-0.8999999999999986,-1080.304649210806,-643.4779057923365,-0.9838528138528114,-17.301221970782194,0.5423890172274355,-0.09463203463203435,-0.07646047554027291,0.3147156774590769,0.14999999999999997,17.30972176345667,17.309980437604892,271.7956203802505,1.036936310680915,-0.313232196828859,1000.8,-3.0,53.45,False
HAOS / PANGAEA,HAOS_Flight_104,HAOS_Flight_104_seg00,train,10.1594/PANGAEA.918840,CC BY 4.0,fixed-wing UAV,2020-02-28 16:45:37+00:00,296.0,65.037073,24.504809,24.07,382522.1240113,7214905.925166,-1097.7028663000092,-642.6853060005233,-0.8999999999999986,-1097.6427738618909,-642.7796370218906,-0.9012554112554085,-17.318490065803303,0.8444925193771837,0.037467532467532705,0.029249395455451577,0.27199031929868056,0.09659090909090898,17.33906761549224,17.339108096744795,272.7916730228127,0.9047540003688822,0.12380874136234257,1000.8,-3.01,54.05,False
HAOS / PANGAEA,HAOS_Flight_104,HAOS_Flight_104_seg00,train,10.1594/PANGAEA.918840,CC BY 4.0,fixed-wing UAV,2020-02-28 16:45:38+00:00,297.0,65.037076,24.504439,24.07,382504.7421737,7214906.92459,-1115.0847038999782,-641.6858820002526,-0.8999999999999986,-1114.9416293424126,-641.7889207535821,-0.908917748917746,-17.24272317987129,1.0863696558247966,0.09854978354978361,0.08912575822739655,0.18816606933654612,0.01327922077922064,17.276912388698612,17.27719345688429,273.6051283809883,0.6411880771243048,0.3268191273623825,1000.8,-2.96,53.91,False
HAOS / PANGAEA,HAOS_Flight_104,HAOS_Flight_104_seg00,train,10.1594/PANGAEA.918840,CC BY 4.0,fixed-wing UAV,2020-02-28 16:45:39+00:00,298.0,65.03708,24.504075,24.37,382487.6225953,7214907.997753,-1132.2042822999647,-640.6127190003172,-0.5999999999999979,-1132.1282202216335,-640.606897710241,-0.7041558441558413,-17.14023854934851,1.220824658050276,0.06402597402597399,0.08030979751208633,0.07499369808058987,-0.08807359307359319,17.183660563869278,17.183779843201734,274.0740491770613,0.2672843362885266,0.21348193542831184,1000.76,-2.98,54.55,False
HAOS / PANGAEA,HAOS_Flight_104,HAOS_Flight_104_seg00,train,10.1594/PANGAEA.918840,CC BY 4.0,fixed-wing UAV,2020-02-28 16:45:40+00:00,299.0,65.037083,24.503714,24.37,382470.6395238,7214909.04342,-1149.1873537999927,-639.5670520002022,-0.5999999999999979,-1149.2221064411096,-639.3472714374816,-0.780865800865798,-17.08210358484712,1.2363570519859763,-0.07759740259740278,-0.1524973120158961,-0.05502167643450662,-0.08133116883116887,17.126787253990233,17.12696304078257,274.1396970535653,-0.2154014040121667,-0.25959178345675776,1000.76,-2.98,54.55,False
HAOS / PANGAEA,HAOS_Flight_104,HAOS_Flight_104_seg00,train,10.1594/PANGAEA.918840,CC BY 4.0,fixed-wing UAV,2020-02-28 16:45:41+00:00,300.0,65.037089,24.503353,24.07,382453.6590692,7214910.399649,-1166.1678084000014,-638.2108230004087,-0.8999999999999986,-1166.2924273913277,-638.1341836062691,-0.8593506493506469,-17.445233173380302,1.1107813051812627,-0.09863636363636374,-0.2414645284639505,-0.19155400434155467,-0.02412337662337649,17.48056050535991,17.480838787477566,273.64324636903694,-0.6793253395078628,-0.32329554666934524,1000.8,-2.98,54.67,False
HAOS / PANGAEA,HAOS_Flight_104,HAOS_Flight_104_seg00,train,10.1594/PANGAEA.918840,CC BY 4.0,fixed-wing UAV,2020-02-28 16:45:42+00:00,301.0,65.037095,24.502988,23.77,382436.5349115,7214911.683345,-1183.2919660999905,-636.9271269999444,-1.1999999999999993,-1184.1125727878702,-637.1257088271191,-0.9781385281385255,-17.56503264177502,0.853249043302867,-0.12584415584415576,0.6222647635336784,-0.29775931488708807,-1.0822510822350306e-05,17.585744386761657,17.586194653422876,272.7810463745496,-0.9107853339542916,-0.4100034535851342,1000.84,-2.97,54.8,False
HAOS / PANGAEA,HAOS_Flight_104,HAOS_Flight_104_seg00,train,10.1594/PANGAEA.918840,CC BY 4.0,fixed-wing UAV,2020-02-28 16:45:43+00:00,302.0,65.037096,24.502624,24.0,382419.3785776,7214912.459501,-1200.448299999989,-636.1509710000828,-0.9699999999999989,-1201.4224926748777,-636.4276855196633,-1.1110389610389584,-16.200703646312945,0.5152626754070866,-0.09865800865800844,2.007951272188734,-0.3692002661810534,0.007521645021645151,16.208895528700445,16.209195774713734,271.82167570112836,-1.1476966249669636,-0.34873552593403734,1000.81,-2.97,55.11,False
HAOS / PANGAEA,HAOS_Flight_104,HAOS_Flight_104_seg00,train,10.1594/PANGAEA.918840,CC BY 4.0,fixed-wing UAV,2020-02-28 16:45:44+00:00,303.0,65.037091,24.502261,23.77,382402.3140222,7214912.640999,-1217.512855399982,-635.9694730006158,-1.1999999999999993,-1216.5139800804961,-636.0951834763049,-1.1754545454545424,-13.549130097397551,0.1148485109407602,-0.11080086580086546,1.6566125504270985,-0.3282508030412714,0.12896103896103878,13.549616842430249,13.550069867293367,270.4856531246157,-1.2247887385362994,-0.46852103270886863,1000.84,-2.97,55.08,False
HAOS / PANGAEA,HAOS_Flight_104,HAOS_Flight_104_seg00,train,10.1594/PANGAEA.918840,CC BY 4.0,fixed-wing UAV,2020-02-28 16:45:45+00:00,304.0,65.037083,24.501903,23.85,382385.4321352,7214912.386888,-1234.394742399978,-636.2235840000212,-1.1199999999999974,-1228.5207528696728,-636.1979884977818,-1.3326406926406893,-12.887478545458748,-0.14123893067545623,0.1592640692640691,-0.5607037402669448,-0.11147124897001959,0.25725108225108173,12.888252468631963,12.889236468424203,269.3720982240558,-0.45390325735784953,0.7079853984841659,1000.83,-2.98,54.69,False
HAOS / PANGAEA,HAOS_Flight_104,HAOS_Flight_104_seg00,train,10.1594/PANGAEA.918840,CC BY 4.0,fixed-wing UAV,2020-02-28 16:45:46+00:00,305.0,65.0370785,24.5017255,23.96,382377.04557940003,7214912.209147001,-1242.7812981999596,-636.4013249995187,-1.009999999999998,-1242.2889371714136,-636.3776613376558,-0.8569264069264042,-14.67053757793144,-0.10809398699927897,0.403701298701298,-1.7937420920999898,0.1157361634238896,0.15093073593073547,14.67093579617619,14.676489085407894,269.57784660989995,0.4708538552768885,1.5762147380047367,1000.815,-2.99,55.26,True
HAOS / PANGAEA,HAOS_Flight_104,HAOS_Flight_104_seg00,train,10.1594/PANGAEA.918840,CC BY 4.0,fixed-wing UAV,2020-02-28 16:45:47+00:00,306.0,65.037074,24.501548,24.07,382368.6590236,7214912.031406,-1251.1678539999994,-636.5790659999475,-0.8999999999999986,-1257.8618280255357,-636.4141764717804,-0.5252380952380933,-16.474962729658728,0.09023339617232295,0.46112554112554005,-1.8069364704514328,0.23270283440260187,0.08536796536796504,16.475209832030334,16.481661802564307,270.31380593460955,0.7708389546526563,1.6032361147457477,1000.8,-3.0,55.83,False
HAOS / PANGAEA,HAOS_Flight_104,HAOS_Flight_104_seg00,train,10.1594/PANGAEA.918840,CC BY 4.0,fixed-wing UAV,2020-02-28 16:45:48+00:00,307.0,65.037068,24.501192,24.45,382351.8899485,7214912.020116,-1267.9369291000185,-636.5903559997678,-0.5199999999999996,-1275.238862630731,-636.1971945453112,0.06532467532467584,-18.284410518834306,0.35731168180592476,0.5744372294372281,-1.8055801680714012,0.24097283435500572,-0.026406926406926268,18.287901455859107,18.296920992062493,271.1195245192053,0.6589484086134401,1.7991135279283703,1000.75,-3.07,55.9,False
HAOS / PANGAEA,HAOS_Flight_104,HAOS_Flight_104_seg00,train,10.1594/PANGAEA.918840,CC BY 4.0,fixed-wing UAV,2020-02-28 16:45:49+00:00,308.0,65.037065,24.500473,27.08,382318.0368421,7214913.050085,-1301.7900355000165,-635.5603870004416,2.1099999999999994,-1294.4306490632043,-635.6995531081685,0.6236363636363629,-20.08612306580153,0.5721790648823344,0.4083116883116875,-1.1781548996709148,0.1461910941685005,-0.18857142857142795,20.094271041687822,20.098419020699758,271.63170275183643,0.34167019756894973,1.1640789252704145,1000.4,-3.22,57.26,False
HAOS / PANGAEA,HAOS_Flight_104,HAOS_Flight_104_seg00,train,10.1594/PANGAEA.918840,CC BY 4.0,fixed-wing UAV,2020-02-28 16:45:50+00:00,309.0,65.037064,24.500116,25.13,382301.2326244,7214913.65313,-1318.59425319999,-634.9573419997469,0.16000000000000014,-1315.4111087623342,-635.0528364155465,0.8819480519480508,-20.640720318176136,0.6496938701429258,0.1972943722943722,0.567693378033141,0.014799343092477102,-0.2262337662337656,20.650942772136833,20.651885203230467,271.80286491434316,0.09355241912140351,0.5473740870409746,1000.66,-3.0,56.75,False
HAOS / PANGAEA,HAOS_Flight_104,HAOS_Flight_104_seg00,train,10.1594/PANGAEA.918840,CC BY 4.0,fixed-wing UAV,2020-02-28 16:45:51+00:00,310.0,65.037064,24.499764,26.4,382284.6413088,7214914.257101,-1335.1855687999632,-634.3533709999174,1.4299999999999997,-1335.7120896995566,-634.4001653678827,1.0182251082251073,-18.950736309735248,0.6017777510672886,-0.04415584415584367,2.183575790798045,-0.09877313209452154,-0.2126406926406921,18.960288582793183,18.960339999097343,271.81880759007925,-0.10567932914561089,-0.1334335670127781,1000.49,-3.06,56.2,False
HAOS / PANGAEA,HAOS_Flight_104,HAOS_Flight_104_seg00,train,10.1594/PANGAEA.918840,CC BY 4.0,fixed-wing UAV,2020-02-28 16:45:52+00:00,311.0,65.037064,24.499411,25.73,382268.0255214,7214914.871616,-1351.8013562000124,-633.7388559998944,0.7600000000000016,-1353.3125813818046,-633.8492809134119,0.7936363636363635,-16.273568736580046,0.4521476059538827,-0.22798701298701202,1.6174818846262156,-0.0792148128531096,-0.01531385281385278,16.279848797877865,16.281445112761215,271.59150625605196,-0.10144984087211871,-0.8023317626279557,1000.58,-2.97,55.82,False
HAOS / PANGAEA,HAOS_Flight_104,HAOS_Flight_104_seg00,train,10.1594/PANGAEA.918840,CC BY 4.0,fixed-wing UAV,2020-02-28 16:45:53+00:00,312.0,65.03706,24.49906,25.05,382251.5189221,7214915.149802,-1368.3079554999713,-633.4606699999422,0.08000000000000185,-1368.2592271727167,-633.4958701559749,0.5622510822510832,-15.715772540482817,0.4433481253610694,-0.07478354978354923,-0.1351587439424975,0.07987974784279572,0.09804112554112514,15.722024809306685,15.722202666413288,271.615907908335,0.26336077757354825,-0.27253165652164685,1000.67,-2.91,54.98,False
HAOS / PANGAEA,HAOS_Flight_104,HAOS_Flight_104_seg00,train,10.1594/PANGAEA.918840,CC BY 4.0,fixed-wing UAV,2020-02-28 16:45:54+00:00,313.0,65.037056,24.498713,25.73,382235.1685612,7214915.296727,-1384.6583164000185,-633.3137450003996,0.7600000000000016,-1384.7441264627703,-632.9625846626898,0.644069264069265,-16.54388622446504,0.6119071016394741,-0.03190476190476174,-0.4780616229389807,0.045899096400660255,0.005292207792207515,16.55519863091594,16.555229373914248,272.11822781119906,0.11129067912677285,-0.11041884674389282,1000.58,-2.83,52.15,False
HAOS / PANGAEA,HAOS_Flight_104,HAOS_Flight_104_seg00,train,10.1594/PANGAEA.918840,CC BY 4.0,fixed-wing UAV,2020-02-28 16:45:55+00:00,314.0,65.037053,24.498364,25.28,382218.7102634,7214915.64268,-1401.1166142000002,-632.9677920006216,0.3100000000000023,-1401.3469996216468,-632.272055952696,0.49844155844155974,-16.67189578636078,0.5351463181623899,-0.0641991341991342,-0.07388634458504839,-0.4352465389231952,-0.018365800865801016,16.680482327951943,16.68060587094932,271.8384892665885,-1.5028894480804944,-0.2205164816887169,1000.64,-2.84,50.37,False
HAOS / PANGAEA,HAOS_Flight_104,HAOS_Flight_104_seg00,train,10.1594/PANGAEA.918840,CC BY 4.0,fixed-wing UAV,2020-02-28 16:45:56+00:00,315.0,65.037049,24.498013,26.1,382202.1796477,7214915.899222,-1417.6472299000015,-632.7112500006333,1.1300000000000026,-1418.0879180354918,-631.892292026365,0.5156709956709966,-16.691658913635138,-0.25858597620691626,-0.06863636363636377,0.1979007069249974,-1.333478236956978,-0.09164502164502156,16.693661791117794,16.69380289049321,269.11244891503804,-4.6502490218962445,-0.23557155088975232,1000.53,-2.83,49.34,False
HAOS / PANGAEA,HAOS_Flight_104,HAOS_Flight_104_seg00,train,10.1594/PANGAEA.918840,CC BY 4.0,fixed-wing UAV,2020-02-28 16:45:57+00:00,316.0,65.037045,24.497663,24.9,382185.6990027,7214916.058496,-1434.1278749000048,-632.5519759999588,-0.07000000000000028,-1434.730317448917,-632.7892279051098,0.3611688311688322,-16.276094372510784,-2.131810155751566,-0.24748917748917731,0.8331838830098945,-2.3827203235073,-0.13929653679653656,16.4151107995969,16.41697637983368,262.53799122279605,-8.800453368682746,-0.8637779680196193,1000.69,-2.79,48.09,False
HAOS / PANGAEA,HAOS_Flight_104,HAOS_Flight_104_seg00,train,10.1594/PANGAEA.918840,CC BY 4.0,fixed-wing UAV,2020-02-28 16:45:58+00:00,317.0,65.037018,24.497322,25.28,382169.5279266,7214913.733536,-1450.2989509999752,-634.8769359998405,0.3100000000000023,-1450.6401067805134,-636.1559123378681,0.020692640692641998,-15.025291147615349,-5.024026623221516,-0.3472294372294369,1.8182021712134429,-3.1556934080050496,-0.08744588744588727,15.842986384562941,15.846791027319235,251.51154217767257,-13.14027556470643,-1.2555459063194068,1000.64,-2.82,47.15,False
HAOS / PANGAEA,HAOS_Flight_104,HAOS_Flight_104_seg00,train,10.1594/PANGAEA.918840,CC BY 4.0,fixed-wing UAV,2020-02-28 16:45:59+00:00,318.0,65.036955,24.497016,24.52,382154.8398506,7214907.215328,-1464.9870269999956,-641.3951440006495,-0.4499999999999993,-1464.7808997441477,-642.8372811515528,-0.33329004329004164,-12.639690030083898,-8.443196971761665,-0.42238095238095186,2.990856112879328,-3.320491849637307,-0.007088744588744367,15.200307206124737,15.206174562640726,236.25744009338317,-16.86302599716866,-1.5917059832514522,1000.74,-2.76,46.25,False
HAOS / PANGAEA,HAOS_Flight_104,HAOS_Flight_104_seg00,train,10.1594/PANGAEA.918840,CC BY 4.0,fixed-wing UAV,2020-02-28 16:46:00+00:00,319.0,65.036852,24.496779,24.07,382143.2690389,7214896.238389,-1476.5578387000132,-652.3720829999074,-0.8999999999999986,-1475.9194868406812,-653.0423062813915,-0.8240692640692617,-9.043578921856692,-11.66501032249613,-0.3614069264069256,4.044148547295379,-2.6991137835878476,0.08963203463203462,14.76004016050742,14.764464111719288,217.78549018333524,-19.027666426778108,-1.4026353988460825,1000.8,-2.71,45.23,False
HAOS / PANGAEA,HAOS_Flight_104,HAOS_Flight_104_seg00,train,10.1594/PANGAEA.918840,CC BY 4.0,fixed-wing UAV,2020-02-28 16:46:01+00:00,320.0,65.036724,24.496637,24.07,382135.9918219,7214882.272424,-1483.8350556999794,-666.3380479998887,-0.8999999999999986,-1482.8680575878611,-666.1673017965451,-1.0561038961038929,-4.551392935493141,-13.84142453893736,-0.24311688311688262,4.58525564112648,-1.4328395540793508,0.13301948051948015,14.57052541675674,14.572553542163112,198.20210723982697,-19.142991426794143,-0.9559215232645116,1000.8,-2.71,45.23,False
HAOS / PANGAEA,HAOS_Flight_104,HAOS_Flight_104_seg00,train,10.1594/PANGAEA.918840,CC BY 4.0,fixed-wing UAV,2020-02-28 16:46:02+00:00,321.0,65.036589,24.496602,23.55,382133.7566607,7214867.286136,-1486.0702168999705,-681.3243359997869,-1.4199999999999982,-1485.0222727116675,-680.7251553592662,-1.310303030303027,0.12693236039626754,-14.530689430654832,-0.09536796536796532,4.378303776840539,-0.08766782141864837,0.1950541125541122,14.531243826811929,14.531556771491424,179.49950732974696,-17.45102555635633,-0.37602448431845653,1000.87,-2.73,44.25,False
HAOS / PANGAEA,HAOS_Flight_104,HAOS_Flight_104_seg00,train,10.1594/PANGAEA.918840,CC BY 4.0,fixed-wing UAV,2020-02-28 16:46:03+00:00,322.0,65.036457,24.496673,23.55,382136.5286373,7214852.456468,-1483.298240299977,-696.1540040001273,-1.4199999999999982,-1482.6141928670686,-695.2286806578547,-1.2468398268398235,4.205214618187938,-14.016760181774657,0.14699134199134178,3.5425739431230454,0.6046956498265956,0.10938311688311658,14.633980865724988,14.634719075985895,163.30005612711432,-13.965193504584768,0.5754893611918548,1000.87,-2.73,44.25,False
HAOS / PANGAEA,HAOS_Flight_104,HAOS_Flight_104_seg00,train,10.1594/PANGAEA.918840,CC BY 4.0,fixed-wing UAV,2020-02-28 16:46:04+00:00,323.0,65.036339,24.496828,23.85,382143.2709337,7214839.01192,-1476.5559438999626,-709.5985519997776,-1.1199999999999974,-1476.6118434752916,-708.7586757228155,-1.0163203463203434,7.212080246642358,-13.32129813100164,0.12339826839826784,2.1944601587620127,0.6816038538235887,-0.04711038961038974,15.148303052785705,15.148805646376232,151.56912032057744,-8.741956943268999,0.4667218217809098,1000.83,-2.71,43.25,False
HAOS / PANGAEA,HAOS_Flight_104,HAOS_Flight_104_seg00,train,10.1594/PANGAEA.918840,CC BY 4.0,fixed-wing UAV,2020-02-28 16:46:05+00:00,324.0,65.036235,24.497019,24.15,382151.8235173,7214827.068241,-1468.0033602999756,-721.5422310000286,-0.8200000000000003,-1468.1900323737839,-721.871276919858,-1.0000432900432878,8.594134935711963,-12.65355247412748,0.0527705627705623,0.4991848180231955,1.0164918067746385,0.07804112554112566,15.296128448359818,15.296219475446136,145.8161422405763,-3.7995192726323754,0.19766560827534568,1000.79,-2.71,42.82,False
HAOS / PANGAEA,HAOS_Flight_104,HAOS_Flight_104_seg00,train,10.1594/PANGAEA.918840,CC BY 4.0,fixed-wing UAV,2020-02-28 16:46:06+00:00,325.0,65.036137,24.497218,24.52,382160.7687463,7214815.717229,-1459.0581312999711,-732.8932429999113,-0.4499999999999993,-1459.4235736038677,-734.0657806710705,-0.9107792207792188,8.21044988268875,-11.288314517452363,0.27948051948051916,-0.8574515623354273,1.6225277099514415,0.19740259740259755,13.958421541172536,13.961219190380136,143.97008177531268,-0.9946884828001751,1.1470433701574165,1000.74,-2.72,42.53,False
HAOS / PANGAEA,HAOS_Flight_104,HAOS_Flight_104_seg00,train,10.1594/PANGAEA.918840,CC BY 4.0,fixed-wing UAV,2020-02-28 16:46:07+00:00,326.0,65.036035,24.497402,24.52,382168.963804,7214803.998835,-1450.8630735999905,-744.6116369999945,-0.4499999999999993,-1451.7691326084064,-744.4479059547627,-0.4410822510822495,6.879231811041109,-9.408497054224597,0.4475757575757574,-1.4893594109337869,0.788467189439217,0.06629870129870147,11.655198287862495,11.663788886470913,143.82676527497597,3.8588043695713754,2.19915670953194,1000.74,-2.75,41.93,False
HAOS / PANGAEA,HAOS_Flight_104,HAOS_Flight_104_seg00,train,10.1594/PANGAEA.918840,CC BY 4.0,fixed-wing UAV,2020-02-28 16:46:08+00:00,327.0,65.035922,24.497555,23.77,382175.6451606,7214791.152158,-1444.1817169999704,-757.4583140006289,-1.1999999999999993,-1445.6651099817855,-752.8827747795197,-0.01562770562770399,5.231731060821176,-9.71138013857393,0.4120779220779221,-1.7042914085532743,-1.3739144425955772,-0.18878787878787862,11.030952546749951,11.038646760473554,151.68769051445543,10.1195561709701,2.1393757288429427,1000.84,-2.73,41.99,False
HAOS / PANGAEA,HAOS_Flight_104,HAOS_Flight_104_seg00,train,10.1594/PANGAEA.918840,CC BY 4.0,fixed-wing UAV,2020-02-28 16:46:09+00:00,328.0,65.03586,24.4976105,25.310000000000002,382177.98197345005,7214784.1818205,-1441.8449041499407,-764.4286515004933,0.3400000000000034,-1441.305670486764,-763.8706662319106,0.3830735930735947,3.47064899393456,-12.156325939415751,0.07000000000000019,-1.6742544353929816,-2.299118396099402,-0.13173160173160184,12.642059356940672,12.642253152994968,164.06587761691617,10.40748232859414,0.3172476465373802,1000.635,-2.855,41.519999999999996,True
HAOS / PANGAEA,HAOS_Flight_104,HAOS_Flight_104_seg00,train,10.1594/PANGAEA.918840,CC BY 4.0,fixed-wing UAV,2020-02-28 16:46:10+00:00,329.0,65.035798,24.497666,26.85,382180.3187863,7214777.211483,-1439.5080912999692,-771.3989890003577,1.8800000000000026,-1438.7238119939163,-777.1954266583512,0.12437229437229638,1.8832221900352124,-14.309616930772734,0.14861471861471842,-1.3460667246761204,-1.9694359956472454,0.12205627705627678,14.433006011309587,14.43377112389855,172.5026551716437,6.58245823595638,0.5899460741046325,1000.43,-2.98,41.05,False
HAOS / PANGAEA,HAOS_Flight_104,HAOS_Flight_104_seg00,train,10.1594/PANGAEA.918840,CC BY 4.0,fixed-wing UAV,2020-02-28 16:46:11+00:00,330.0,65.035666,24.497731,25.35,382182.8307215,7214762.362839,-1436.996156100009,-786.2476329999045,0.38000000000000256,-1437.5392261066936,-792.4899000934561,0.6803030303030315,0.7785155445823193,-16.095197930710242,0.31411255411255373,-0.8085185938286372,-1.6561498863398185,-0.19244588744588734,16.114015107411795,16.117076334699995,177.23079408882893,3.31596927371379,1.1167325144709324,1000.63,-2.82,40.89,False
HAOS / PANGAEA,HAOS_Flight_104,HAOS_Flight_104_seg00,train,10.1594/PANGAEA.918840,CC BY 4.0,fixed-wing UAV,2020-02-28 16:46:12+00:00,331.0,65.035399,24.497763,24.97,382183.1262688,7214732.554249,-1436.7006087999907,-816.0562230003998,0.0,-1437.1667809047517,-809.3858225197716,0.7525974025974038,0.26618500237793796,-17.62191670345237,-0.23627705627705625,-0.42054883754946104,-0.9876002045802466,-0.35166666666666646,17.623926995959344,17.62551076157022,179.1345937190713,1.4838170832590347,-0.7680959604900236,1000.68,-2.77,41.24,False
HAOS / PANGAEA,HAOS_Flight_104,HAOS_Flight_104_seg00,train,10.1594/PANGAEA.918840,CC BY 4.0,fixed-wing UAV,2020-02-28 16:46:13+00:00,332.0,65.035269,24.49776,23.85,382182.4196936,7214718.044848,-1437.4071840000106,-830.5656240005046,-1.1199999999999974,-1437.0068561019377,-827.7337335003608,0.20774891774891902,-0.06258213051660277,-18.070398339870735,-0.38922077922077924,-0.3340302014553913,0.5073943966253296,0.07608225108225097,18.07050670802186,18.07469793660852,180.19842825534698,1.1258173107723468,-1.2339034328610592,1000.83,-2.69,41.09,False
HAOS / PANGAEA,HAOS_Flight_104,HAOS_Flight_104_seg00,train,10.1594/PANGAEA.918840,CC BY 4.0,fixed-wing UAV,2020-02-28 16:46:14+00:00,333.0,65.035139,24.497764,27.91,382182.0569907,7214703.576822,-1437.7698868999723,-845.0336500005797,2.9400000000000013,-1437.291945165785,-845.5266191995131,-0.02584415584415467,-0.40187540053284465,-16.60712791020171,-0.0841125541125543,-0.20131337218464296,1.8909370563158916,0.18135281385281388,16.61198968406115,16.612202628944587,181.386228340616,0.8331807238365918,-0.29010692047526226,1000.29,-2.99,40.7,False
HAOS / PANGAEA,HAOS_Flight_104,HAOS_Flight_104_seg00,train,10.1594/PANGAEA.918840,CC BY 4.0,fixed-wing UAV,2020-02-28 16:46:15+00:00,334.0,65.03501,24.497773,23.55,382181.8977761,7214689.141675,-1437.9291014999617,-859.468797000125,-1.4199999999999982,-1437.8106069030034,-860.9479893207642,0.039523809523810405,-0.4652088748858887,-14.288524227238952,-0.026515151515151478,-0.02594266044656024,1.3759738902069216,-0.02071428571428563,14.296095407126629,14.296119996101284,181.86478970302016,0.24477638044981112,-0.10626709529453673,1000.87,-2.69,40.48,False
HAOS / PANGAEA,HAOS_Flight_104,HAOS_Flight_104_seg00,train,10.1594/PANGAEA.918840,CC BY 4.0,fixed-wing UAV,2020-02-28 16:46:16+00:00,335.0,65.034878,24.497781,24.22,382181.7101601,7214674.519013,-1438.1167174999719,-874.0914590004832,-0.75,-1438.2223629155567,-874.103667653991,-0.07887445887445763,-0.45376072142596513,-13.855180129787868,-0.12554112554112556,-0.10550462890068957,-0.12944202380080583,-0.08051948051948063,13.862608528742978,13.863176973384553,181.8757811015156,0.39830869635678906,-0.5188619446805788,1000.78,-2.73,39.89,False
HAOS / PANGAEA,HAOS_Flight_104,HAOS_Flight_104_seg00,train,10.1594/PANGAEA.918840,CC BY 4.0,fixed-wing UAV,2020-02-28 16:46:17+00:00,336.0,65.034747,24.497784,25.58,382181.2584849,7214659.918192,-1438.5683926999918,-888.6922800000757,0.6099999999999994,-1438.7181283458553,-888.65834958034,-0.21155844155844072,-0.6762181326872678,-14.547408274840564,-0.18755411255411275,-0.3481807645072763,-0.33747735824346137,0.06844155844155839,14.563116372462137,14.564324049643043,182.66140709573375,1.324994228019444,-0.7378547795841154,1000.6,-2.84,40.28,False
HAOS / PANGAEA,HAOS_Flight_104,HAOS_Flight_104_seg00,train,10.1594/PANGAEA.918840,CC BY 4.0,fixed-wing UAV,2020-02-28 16:46:18+00:00,337.0,65.034617,24.497778,24.37,382180.3862632,7214645.385012,-1439.4406143999659,-903.2254600003362,-0.5999999999999979,-1439.5747991809312,-903.1984842036721,-0.45398268398268316,-1.1501222504405177,-14.530134846274791,0.011341991341991209,-0.4852299166666967,-0.0067727305005007565,0.08990259740259769,14.575582315704827,14.575586728590205,184.5257695575545,1.8953403115791134,0.04458470954570471,1000.76,-2.73,39.94,False
HAOS / PANGAEA,HAOS_Flight_104,HAOS_Flight_104_seg00,train,10.1594/PANGAEA.918840,CC BY 4.0,fixed-wing UAV,2020-02-28 16:46:19+00:00,338.0,65.034486,24.497764,24.45,382179.1816981,7214630.885191,-1440.6451794999884,-917.7252810001373,-0.5199999999999996,-1441.0183728467364,-917.7186192728896,-0.1888744588744583,-1.6466779660206612,-14.560953735841565,-0.007748917748917367,-0.2465528008639808,-0.07667046536204225,-0.1364393939393935,14.653768185047024,14.653770233862092,186.452087718892,0.9298166350004426,-0.030298025451000247,1000.75,-2.74,40.1,False
HAOS / PANGAEA,HAOS_Flight_104,HAOS_Flight_104_seg00,train,10.1594/PANGAEA.918840,CC BY 4.0,fixed-wing UAV,2020-02-28 16:46:20+00:00,339.0,65.034357,24.497746,24.9,382177.7499709,7214616.460744,-1442.0769066999783,-932.149728000164,-0.07000000000000028,-1442.8681551129725,-932.3203916753553,-0.4694805194805179,-1.6432278521684793,-14.683475776998876,-0.2615367965367958,0.5264967074663787,-0.07047121218016628,-0.00660173160173172,14.775136502511744,14.777451071270637,186.3854028275554,-2.069827427354506,-1.0140948504748737,1000.69,-2.78,39.78,False
HAOS / PANGAEA,HAOS_Flight_104,HAOS_Flight_104_seg00,train,10.1594/PANGAEA.918840,CC BY 4.0,fixed-wing UAV,2020-02-28 16:46:21+00:00,340.0,65.034227,24.497725,24.97,382176.1866562,7214602.080109,-1443.6402214000118,-946.530362999998,0.0,-1444.3048285510733,-947.0855708268873,-0.7119480519480499,-0.5936845510879039,-14.701896160201898,-0.020952380952380806,1.6486597509766057,0.248669261829491,0.19786796536796503,14.71387821247545,14.713893130433812,182.31243286418297,-6.518005892879674,-0.0815884276439129,1000.68,-2.79,39.35,False
HAOS / PANGAEA,HAOS_Flight_104,HAOS_Flight_104_seg00,train,10.1594/PANGAEA.918840,CC BY 4.0,fixed-wing UAV,2020-02-28 16:46:22+00:00,341.0,65.034098,24.497714,23.1,382175.1076025,7214587.672926,-1444.719275099982,-960.9375459998846,-1.8699999999999974,-1444.0555242151484,-961.7241839957591,-0.5113852813852795,1.654091649784732,-14.186137253339894,0.13419913419913426,2.7154259727317367,0.9818347337135265,0.056872294372294324,14.282244548966577,14.28287501745028,173.34939104179603,-11.553010761616083,0.5383479959046751,1000.93,-2.7,39.3,False
HAOS / PANGAEA,HAOS_Flight_104,HAOS_Flight_104_seg00,train,10.1594/PANGAEA.918840,CC BY 4.0,fixed-wing UAV,2020-02-28 16:46:23+00:00,342.0,65.033971,24.497772,24.67,382177.2508625,7214573.453563,-1442.5760150999995,-975.1569090001285,-0.29999999999999716,-1440.9966452515039,-975.4578453335671,-0.44354978354978136,4.8371673943755695,-12.738226692774845,0.09279220779220784,3.364157578680306,2.0522040844172693,0.012824675324675058,13.625733289541952,13.626049246628998,159.2064113409508,-16.5455314391092,0.39018228069241945,1000.72,-2.74,39.59,False
HAOS / PANGAEA,HAOS_Flight_104,HAOS_Flight_104_seg00,train,10.1594/PANGAEA.918840,CC BY 4.0,fixed-wing UAV,2020-02-28 16:46:24+00:00,343.0,65.033861,24.497929,24.97,382184.1501326,7214560.94602,-1435.6767450000043,-987.6644520005211,0.0,-1434.3811894263972,-987.2006373813088,-0.3258008658008638,8.382406807145344,-10.081729084505355,0.15984848484848438,3.305255893505546,3.272787684065719,0.11192640692640644,13.11129304126171,13.112267414598671,140.25832816357763,-20.397563075916988,0.6984963103863667,1000.68,-2.77,39.63,False
HAOS / PANGAEA,HAOS_Flight_104,HAOS_Flight_104_seg00,train,10.1594/PANGAEA.918840,CC BY 4.0,fixed-wing UAV,2020-02-28 16:46:25+00:00,344.0,65.033785,24.498173,25.28,382195.3180748,7214552.059822,-1424.5088027999736,-996.5506500005722,0.3100000000000023,-1424.2318316372132,-995.6213035025778,-0.12385281385281259,11.447679181386661,-6.192651324643407,0.31664502164502073,2.4394253590907624,4.283071968716598,0.023116883116883105,13.015309795335696,13.019160999783892,118.41128518911682,-21.869235786351172,1.3936545114152739,1000.64,-2.79,39.67,False
HAOS / PANGAEA,HAOS_Flight_104,HAOS_Flight_104_seg00,train,10.1594/PANGAEA.918840,CC BY 4.0,fixed-wing UAV,2020-02-28 16:46:26+00:00,345.0,65.033754,24.49846,24.9,382208.7038693,7214547.990339,-1411.1230082999682,-1000.620133000426,-0.07000000000000028,-1411.485831063624,-999.5859400305956,0.3074891774891777,13.261257525326869,-1.5155851470721586,0.2060822510822506,1.1228126522738648,4.633859691602197,-0.13338744588744542,13.34758215899285,13.349172985068227,96.51985659087529,-20.534033898881773,0.8845575898668774,1000.69,-2.71,38.91,False
HAOS / PANGAEA,HAOS_Flight_104,HAOS_Flight_104_seg00,train,10.1594/PANGAEA.918840,CC BY 4.0,fixed-wing UAV,2020-02-28 16:46:27+00:00,346.0,65.033767,24.498764,25.2,382223.0551201,7214548.862381,-1396.7717575000133,-999.7480910001323,0.23000000000000043,-1397.7093165865595,-998.6524737967221,0.2883116883116886,13.69330448593439,3.075068058560987,0.0498701298701299,0.03342912142682053,4.085324392830387,-0.05619047619047603,14.034337579996178,14.034426184890718,77.34321739135328,-16.526983688226238,0.20359606733399305,1000.65,-2.74,39.21,False
HAOS / PANGAEA,HAOS_Flight_104,HAOS_Flight_104_seg00,train,10.1594/PANGAEA.918840,CC BY 4.0,fixed-wing UAV,2020-02-28 16:46:28+00:00,347.0,65.033823,24.499049,25.2,382236.709969,7214554.583464,-1383.1169085999718,-994.02700799983,0.23000000000000043,-1384.099222091755,-993.4358039134736,0.4072294372294375,13.32811576818051,6.655063638588615,0.09370129870129854,-0.39280826969991267,2.786278914428351,-0.0041017316017317035,14.897266258065144,14.897560937853706,63.465889214422816,-10.581847031131133,0.3603760623256206,1000.65,-2.73,39.06,False
HAOS / PANGAEA,HAOS_Flight_104,HAOS_Flight_104_seg00,train,10.1594/PANGAEA.918840,CC BY 4.0,fixed-wing UAV,2020-02-28 16:46:29+00:00,348.0,65.033906,24.499306,25.8,382249.1850686,7214563.420188,-1370.6418089999934,-985.1902839997783,0.8300000000000018,-1371.0530850501984,-985.3423465195449,0.47571428571428565,12.907687946534566,8.64762588741769,0.04166666666666649,-0.06282336699155167,1.1363366958191534,-0.04979437229437224,15.536725575675534,15.536781446778525,56.17952332909101,-3.7665621496709916,0.15365647101422533,1000.57,-2.75,39.25,False
HAOS / PANGAEA,HAOS_Flight_104,HAOS_Flight_104_seg00,train,10.1594/PANGAEA.918840,CC BY 4.0,fixed-wing UAV,2020-02-28 16:46:30+00:00,349.0,65.033998,24.499553,25.43,382261.2041147,7214573.205382,-1358.6227628999623,-975.4050900004804,0.46000000000000085,-1358.283846198686,-976.1405521386382,0.4905627705627705,13.202469034197406,8.927737030226922,-0.005887445887445941,0.4059091288943364,-0.48246456601742693,-0.02418831168831162,15.93768104461331,15.937682132036814,55.93276491508084,2.2861855649273632,-0.021165299090519472,1000.62,-2.69,39.57,False
HAOS / PANGAEA,HAOS_Flight_104,HAOS_Flight_104_seg00,train,10.1594/PANGAEA.918840,CC BY 4.0,fixed-wing UAV,2020-02-28 16:46:31+00:00,350.0,65.034081,24.499815,25.58,382273.8931763,7214581.946831,-1345.933701300004,-966.6636410001665,0.6099999999999994,-1344.6481469818036,-967.486872459091,0.46393939393939376,13.719506204323238,7.682696755382835,-0.006709956709956749,0.004771048373470421,-1.6851350020686482,0.018008658008658057,15.724143217537602,15.724144649205973,60.75189445894574,5.626894268359765,-0.024449801273192014,1000.6,-2.72,39.93,False
HAOS / PANGAEA,HAOS_Flight_104,HAOS_Flight_104_seg00,train,10.1594/PANGAEA.918840,CC BY 4.0,fixed-wing UAV,2020-02-28 16:46:32+00:00,351.0,65.034146,24.500102,25.2,382287.7136212,7214588.628315,-1332.1132563999854,-959.9821570003405,0.23000000000000043,-1330.8448337900395,-960.7751586278725,0.477142857142857,13.212011130944347,5.5574670260896255,0.030129870129870173,-1.0845869833336224,-2.150946326741291,-0.01775974025973999,14.333271708520384,14.33330337637995,67.18655345180036,6.466626111203766,0.12044087966017249,1000.65,-2.78,40.07,False
HAOS / PANGAEA,HAOS_Flight_104,HAOS_Flight_104_seg00,train,10.1594/PANGAEA.918840,CC BY 4.0,fixed-wing UAV,2020-02-28 16:46:33+00:00,352.0,65.034189,24.500411,25.2,382302.461064,7214592.781712,-1317.3658136000158,-955.8287599999458,0.23000000000000043,-1318.224124719915,-956.3719384069118,0.5241991341991341,11.550332237655994,3.380804101900253,-0.04222943722943673,-0.9206434084370017,-2.021692254329537,0.052597402597402726,12.034949570964596,12.03502366017739,73.68514668135327,7.614387374739323,-0.20104434838296228,1000.65,-2.78,40.07,False
HAOS / PANGAEA,HAOS_Flight_104,HAOS_Flight_104_seg00,train,10.1594/PANGAEA.918840,CC BY 4.0,fixed-wing UAV,2020-02-28 16:46:34+00:00,353.0,65.034211,24.500729,25.8,382317.5139561,7214594.70784,-1302.312921500008,-953.9026319999248,0.8300000000000018,-1307.7441693147275,-954.013550424072,0.3926839826839835,11.370724314070344,1.5140825174305519,0.13532467532467563,0.7519962231654063,-1.6185535714927823,0.16194805194805162,11.471086142827946,11.471884329260432,82.41532820127901,7.842094500642792,0.6758883167462035,1000.57,-2.75,40.47,False
HAOS / PANGAEA,HAOS_Flight_104,HAOS_Flight_104_seg00,train,10.1594/PANGAEA.918840,CC BY 4.0,fixed-wing UAV,2020-02-28 16:46:35+00:00,354.0,65.03421449999999,24.500887,25.8,382324.9592842,7214594.770168001,-1294.8675934000057,-953.8403039993718,0.8300000000000018,-1295.4826760917742,-953.3437733720507,0.7948484848484854,13.054324683986806,0.14369695891468837,0.2816666666666665,1.6264687671013576,-1.0596222922879406,0.004610389610389343,13.055115540314018,13.058153693461403,89.36933568263885,4.977177985390798,1.2359758754931107,1000.57,-2.745,40.795,True
HAOS / PANGAEA,HAOS_Flight_104,HAOS_Flight_104_seg00,train,10.1594/PANGAEA.918840,CC BY 4.0,fixed-wing UAV,2020-02-28 16:46:36+00:00,355.0,65.034218,24.501045,25.8,382332.4046123,7214594.832496,-1287.4222653000033,-953.7779759997502,0.8300000000000018,-1281.635519946754,-953.7261565062427,0.9560173160173165,14.62366184827306,-0.6051620671453293,0.1445454545454543,1.5806501191559619,-0.5058303420941286,-0.06096320346320358,14.636178018190016,14.636891759133098,92.3696841720606,1.847288094607871,0.5658290877902217,1000.57,-2.74,41.12,False
HAOS / PANGAEA,HAOS_Flight_104,HAOS_Flight_104_seg00,train,10.1594/PANGAEA.918840,CC BY 4.0,fixed-wing UAV,2020-02-28 16:46:37+00:00,356.0,65.034218,24.501358,25.28,382347.1494158,7214594.278163,-1272.6774617999909,-954.3323090001941,0.3100000000000023,-1266.2353523952281,-954.5540975063413,1.083939393939394,16.21562492229873,-0.8679637252735688,0.15974025974025935,1.6314665233750247,-0.12521450007858448,0.02801948051948039,16.238837786278502,16.239623443899443,93.0639118718546,0.18446324013865556,0.5635962146180027,1000.64,-2.75,42.21,False
HAOS / PANGAEA,HAOS_Flight_104,HAOS_Flight_104_seg00,train,10.1594/PANGAEA.918840,CC BY 4.0,fixed-wing UAV,2020-02-28 16:46:38+00:00,357.0,65.034215,24.501993,27.83,382376.992266,7214592.784939,-1242.8346115999739,-955.825532999821,2.8599999999999994,-1249.2042701021564,-955.4620839567898,1.2754978354978352,17.88659489502311,-0.8555910673024982,0.2005844155844151,1.1479857147170378,0.056588954581485496,0.028939393939393737,17.907046462583228,17.908169842864734,92.73861065233791,-0.3645228483810814,0.6417674651982687,1000.3,-2.97,43.53,False
HAOS / PANGAEA,HAOS_Flight_104,HAOS_Flight_104_seg00,train,10.1594/PANGAEA.918840,CC BY 4.0,fixed-wing UAV,2020-02-28 16:46:39+00:00,358.0,65.034214,24.502313,25.28,382392.0773497,7214592.107043,-1227.749527900014,-956.5034290002659,0.3100000000000023,-1230.462162605182,-956.2652796409463,1.4851082251082242,18.511596351732805,-0.7547858161105978,0.21761904761904682,-0.37910834556487316,0.1362062468873262,-0.018528138528138505,18.526977657397037,18.528255696842475,92.33486617509243,-0.3942927437142031,0.6729688897410199,1000.64,-2.8,44.67,False
HAOS / PANGAEA,HAOS_Flight_104,HAOS_Flight_104_seg00,train,10.1594/PANGAEA.918840,CC BY 4.0,fixed-wing UAV,2020-02-28 16:46:40+00:00,359.0,65.034216,24.502634,26.7,382407.1825103,7214591.662695,-1212.644367299974,-956.9477770002559,1.7300000000000004,-1212.1810773986908,-956.971655589011,1.710735930735929,17.128378203893362,-0.5831785735278459,0.16352813852813808,-1.8622687638559228,0.2154083691297899,-0.21399350649350596,17.138303216603187,17.139083365113834,91.9500251649095,-0.539888016406682,0.5466811809180941,1000.45,-2.87,45.72,False
HAOS / PANGAEA,HAOS_Flight_104,HAOS_Flight_104_seg00,train,10.1594/PANGAEA.918840,CC BY 4.0,fixed-wing UAV,2020-02-28 16:46:41+00:00,360.0,65.034217,24.502955,27.0,382422.2905498,7214591.224446,-1197.536327800015,-957.386026000604,2.030000000000001,-1196.2054061973952,-957.431636788002,1.8121645021645003,14.78705882402096,-0.32396907785101803,-0.2103679653679651,-1.4477123151508522,0.2152109188047575,-0.2699567099567095,14.790607311008557,14.792103275373412,91.25509014227907,-0.6675577670612864,-0.8148674110923829,1000.41,-2.85,48.11,False
HAOS / PANGAEA,HAOS_Flight_104,HAOS_Flight_104_seg00,train,10.1594/PANGAEA.918840,CC BY 4.0,fixed-wing UAV,2020-02-28 16:46:42+00:00,361.0,65.03422,24.503275,26.4,382437.3604323,7214590.962252,-1182.4664452999714,-957.6482199998572,1.4299999999999997,-1182.606959750649,-957.619593744713,1.2899999999999987,14.232953573591658,-0.15275673591833083,-0.37638528138528093,0.028078380846579876,0.1263363852267787,-0.18584415584415548,14.233773289201425,14.238748818924627,90.61490963078694,-0.48994193286045723,-1.5147258101671583,1000.49,-2.89,48.72,False
HAOS / PANGAEA,HAOS_Flight_104,HAOS_Flight_104_seg00,train,10.1594/PANGAEA.918840,CC BY 4.0,fixed-wing UAV,2020-02-28 16:46:43+00:00,362.0,65.034224,24.503589,26.33,382452.1655573,7214590.871573,-1167.661320300016,-957.738898999989,1.3599999999999994,-1167.7394990502119,-957.7371502598387,1.0593939393939384,14.84321558571412,-0.07129630739746062,-0.582056277056276,0.28991305952405355,0.07026405730766783,-0.23755411255411202,14.84338681323892,14.854794565967437,90.27520627655815,-0.28380468876991577,-2.2455987177633636,1000.5,-2.92,49.22,False
HAOS / PANGAEA,HAOS_Flight_104,HAOS_Flight_104_seg00,train,10.1594/PANGAEA.918840,CC BY 4.0,fixed-wing UAV,2020-02-28 16:46:44+00:00,363.0,65.034229,24.5039,25.28,382466.815373,7214590.770817,-1153.0115045999992,-957.8396549997851,0.3100000000000023,-1152.9205285792207,-957.762186359508,0.12588744588744655,14.812779692639765,-0.01222862130299518,-0.851493506493505,-0.01945231991351193,0.021934429616038642,-0.005887445887445775,14.812784740279595,14.837238050036827,90.0473002532471,-0.08452821873459364,-3.2899521951390724,1000.64,-2.96,49.99,False
HAOS / PANGAEA,HAOS_Flight_104,HAOS_Flight_104_seg00,train,10.1594/PANGAEA.918840,CC BY 4.0,fixed-wing UAV,2020-02-28 16:46:45+00:00,364.0,65.034235,24.504212,23.77,382481.5497158,7214590.846843,-1138.2771618000115,-957.763629000634,-1.1999999999999993,-1138.1139396649323,-957.7616075024447,-0.6435930735930714,14.804310945887096,-0.02742744816538334,-0.5938311688311676,-0.006017763310865121,-0.04295587552371671,0.26133116883116836,14.804336352819918,14.81624143649464,90.10614983908897,0.16630473865569556,-2.297015456900823,1000.84,-2.96,51.12,False
HAOS / PANGAEA,HAOS_Flight_104,HAOS_Flight_104_seg00,train,10.1594/PANGAEA.918840,CC BY 4.0,fixed-wing UAV,2020-02-28 16:46:46+00:00,365.0,65.03424,24.50453,23.85,382496.5215736,7214590.89727,-1123.3053039999795,-957.7132020005956,-1.1199999999999974,-1123.3119066874465,-957.8170412558387,-1.0617748917748886,14.800744166018035,-0.0981403723504286,-0.3288311688311682,-0.018609564933967704,-0.07833309083960671,0.24784632034631976,14.801069535699169,14.804721859535114,90.3799097305585,0.3040448771724004,-1.2727147329134683,1000.83,-3.04,51.36,False
HAOS / PANGAEA,HAOS_Flight_104,HAOS_Flight_104_seg00,train,10.1594/PANGAEA.918840,CC BY 4.0,fixed-wing UAV,2020-02-28 16:46:47+00:00,366.0,65.034244,24.504845,23.25,382511.3847672,7214590.744909,-1108.4421104000066,-957.8655630005524,-1.7199999999999989,-1108.5124513328963,-957.9578882471455,-1.3012554112554078,14.76709181601916,-0.18409362984459676,-0.09813852813852808,-0.055959994806812574,-0.09275213519646286,0.15417748917748877,14.76823927106036,14.768565344609295,90.71423959343377,0.363173866086698,-0.3807387326907929,1000.91,-3.07,52.46,False
HAOS / PANGAEA,HAOS_Flight_104,HAOS_Flight_104_seg00,train,10.1594/PANGAEA.918840,CC BY 4.0,fixed-wing UAV,2020-02-28 16:46:48+00:00,367.0,65.034246,24.505159,23.92,382526.1611944,7214590.356877,-1093.6656832000008,-958.2535950001329,-1.0499999999999972,-1093.7777230554082,-958.1852285155279,-1.2580519480519448,14.68882417640441,-0.2836446427433543,-0.020476190476190648,-0.0781495324702064,-0.11519065577320475,-0.048538961038961104,14.691562543469626,14.691576812686108,91.10625746273189,0.45533775431519524,-0.07985525921238495,1000.82,-3.11,52.93,False
HAOS / PANGAEA,HAOS_Flight_104,HAOS_Flight_104_seg00,train,10.1594/PANGAEA.918840,CC BY 4.0,fixed-wing UAV,2020-02-28 16:46:49+00:00,368.0,65.034248,24.505468,24.15,382540.7430271,7214589.988094,-1079.0838504999992,-958.6223780000582,-0.8200000000000003,-1079.1348029800874,-958.5251775326323,-1.342207792207789,14.610792751078748,-0.41447494139100627,-0.1952164502164503,-0.03729812997681847,-0.13636374892163872,-0.11229437229437206,14.616670424279818,14.617973996229829,91.62491510206416,0.5369866058219049,-0.7651820412143611,1000.79,-3.11,53.48,False
HAOS / PANGAEA,HAOS_Flight_104,HAOS_Flight_104_seg00,train,10.1594/PANGAEA.918840,CC BY 4.0,fixed-wing UAV,2020-02-28 16:46:50+00:00,369.0,65.03425,24.505777,23.55,382555.2625655,7214589.591388,-1064.564312100003,-959.0190840000287,-1.4199999999999982,-1064.5561375532507,-959.0141783983099,-1.6484848484848453,14.614227916450773,-0.5563721405866318,-0.24506493506493476,0.22132141136785322,-0.15995818027190012,-0.012797619047618836,14.624814786956792,14.626867893544004,92.18023067437571,0.5840405263978142,-0.960003439606928,1000.87,-3.1,52.85,False
HAOS / PANGAEA,HAOS_Flight_104,HAOS_Flight_104_seg00,train,10.1594/PANGAEA.918840,CC BY 4.0,fixed-wing UAV,2020-02-28 16:46:51+00:00,370.0,65.03425,24.506086,23.02,382569.8080799,7214589.059862,-1050.0187977000023,-959.5506100002676,-1.9499999999999993,-1049.906347147186,-959.6379218138055,-1.8323376623376586,15.053435573814454,-0.7343913019348065,-0.22081168831168796,0.34049943701432994,-0.18704828793119077,0.0484848484848483,15.071338797842081,15.072956278084105,92.7929961548598,0.6505032161844092,-0.8393861257690265,1000.94,-3.16,53.08,False
HAOS / PANGAEA,HAOS_Flight_104,HAOS_Flight_104_seg00,train,10.1594/PANGAEA.918840,CC BY 4.0,fixed-wing UAV,2020-02-28 16:46:52+00:00,371.0,65.034248,24.5064,22.2,382584.5963997,7214588.284335,-1035.2304779000115,-960.3261369997635,-2.7699999999999996,-1034.4492664056218,-960.4829610021795,-2.0901082251082213,15.295226790479433,-0.9304687164490133,-0.14809523809523817,-0.4171874803038236,-0.14725841067482293,0.17077380952380916,15.323502687195575,15.324218309722571,93.48123710674452,0.6728904283435225,-0.553722481837592,1001.05,-3.1,53.19,False
HAOS / PANGAEA,HAOS_Flight_104,HAOS_Flight_104_seg00,train,10.1594/PANGAEA.918840,CC BY 4.0,fixed-wing UAV,2020-02-28 16:46:53+00:00,372.0,65.034243,24.506718,22.87,382599.5467156,7214587.14027,-1020.2801619999809,-961.4702019998804,-2.099999999999998,-1019.315893566227,-961.4988592467035,-2.128528138528135,14.219060613206807,-1.0289081232844524,0.12073593073593036,-1.3126397627709991,-0.07312431273220454,0.24472943722943696,14.256238516811154,14.256749763293895,94.13877701154684,0.6881006806320877,0.4852257402136227,1000.96,-3.14,53.44,False
HAOS / PANGAEA,HAOS_Flight_104,HAOS_Flight_104_seg00,train,10.1594/PANGAEA.918840,CC BY 4.0,fixed-wing UAV,2020-02-28 16:46:54+00:00,373.0,65.034238,24.50704,23.47,382614.6830512,7214586.014038,-1005.143826399988,-962.5964339999482,-1.5,-1006.0111451792081,-962.5407772487484,-1.8486363636363605,12.669947264937434,-1.0767173419134224,0.34136363636363576,-1.6106152109318828,-0.04959582907113713,0.1623593073593071,12.715615751141298,12.720197052833107,94.8574384680087,0.8589203931072986,1.5377941068260825,1000.88,-3.18,53.72,False
HAOS / PANGAEA,HAOS_Flight_104,HAOS_Flight_104_seg00,train,10.1594/PANGAEA.918840,CC BY 4.0,fixed-wing UAV,2020-02-28 16:46:55+00:00,374.0,65.034232,24.50736,23.47,382629.6884568,7214584.700844,-990.1384207999799,-963.9096280001104,-1.5,-993.9759990363522,-963.6522939305304,-1.4458008658008634,10.997830191343041,-1.1280997814267266,0.44545454545454455,-0.8731089767329081,0.007982468561124278,-0.03727272727272729,11.055536080827178,11.064506667110724,95.85661779776143,0.34444905521238184,2.3073387684036715,1000.88,-3.18,53.41,False
HAOS / PANGAEA,HAOS_Flight_104,HAOS_Flight_104_seg00,train,10.1594/PANGAEA.918840,CC BY 4.0,fixed-wing UAV,2020-02-28 16:46:56+00:00,375.0,65.034228,24.5075175,23.845,382637.0787189,7214583.947151501,-982.7481587000075,-964.6633204994723,-1.125,-984.0154847965221,-964.7969768116019,-0.9577272727272714,10.923729311471618,-1.0607524047911738,0.2668181818181812,0.9370405871187018,0.13999978681414404,-0.22067099567099518,10.975110830172717,10.978353686993474,95.54633657843345,-1.0434905804454229,1.392655180810998,1000.8299999999999,-3.2350000000000003,53.709999999999994,True
HAOS / PANGAEA,HAOS_Flight_104,HAOS_Flight_104_seg00,train,10.1594/PANGAEA.918840,CC BY 4.0,fixed-wing UAV,2020-02-28 16:46:57+00:00,376.0,65.034224,24.507675,24.22,382644.468981,7214583.193459,-975.3578965999768,-965.4170129997656,-0.75,-972.1285404134089,-965.7737987401127,-0.9121645021645011,12.871911365580445,-0.8481002077984385,0.004112554112554179,2.0013594293273798,0.23815873156812017,-0.13630952380952324,12.899820780376245,12.899821435931898,93.76963663687059,-1.6520522993614868,0.01826629917556119,1000.78,-3.29,54.01,False
HAOS / PANGAEA,HAOS_Flight_104,HAOS_Flight_104_seg00,train,10.1594/PANGAEA.918840,CC BY 4.0,fixed-wing UAV,2020-02-28 16:46:58+00:00,377.0,65.034217,24.507983,24.22,382658.9647497,7214581.87163,-960.8621279000072,-966.7388420002535,-0.75,-958.2716620653612,-966.4931772271988,-0.9495021645021631,14.926448170126378,-0.5844349416549335,-0.005800865800865307,2.128981747837372,0.2340294122554667,-0.04094155844155811,14.937885364953646,14.937886491285852,92.24223197971048,-1.2493438644982564,-0.022249810002158317,1000.78,-3.33,54.06,False
HAOS / PANGAEA,HAOS_Flight_104,HAOS_Flight_104_seg00,train,10.1594/PANGAEA.918840,CC BY 4.0,fixed-wing UAV,2020-02-28 16:46:59+00:00,378.0,65.034216,24.508284,24.22,382673.1285795,7214581.183654,-946.6982980999746,-967.4268180001527,-0.75,-942.2756440731562,-966.9426686234226,-0.9237662337662317,17.12987486125519,-0.38004138328750514,-0.07777056277056205,1.7292925417769425,0.1626831265932367,-0.11358225108225095,17.134090119270223,17.134266616219882,91.27094890787407,-0.7174572120889867,-0.2600601716355431,1000.78,-3.33,54.06,False
HAOS / PANGAEA,HAOS_Flight_104,HAOS_Flight_104_seg00,train,10.1594/PANGAEA.918840,CC BY 4.0,fixed-wing UAV,2020-02-28 16:47:00+00:00,379.0,65.034227,24.508887,23.25,382701.5670615,7214581.350565,-918.259816100006,-967.2599069997668,-1.7199999999999989,-924.0119123428508,-967.2532599937738,-1.1050432900432872,18.385033253680263,-0.2590686884684601,-0.2329653679653672,0.32227360411354766,0.08103004927662028,-0.03328463203463211,18.386858468054672,18.388334268958268,90.8073175555325,-0.2841611594533349,-0.7259107466565878,1000.91,-3.34,54.21,False
HAOS / PANGAEA,HAOS_Flight_104,HAOS_Flight_104_seg00,train,10.1594/PANGAEA.918840,CC BY 4.0,fixed-wing UAV,2020-02-28 16:47:01+00:00,380.0,65.034233,24.509196,23.85,382716.1231552,7214581.429093,-903.7037224000087,-967.1813790006563,-1.1199999999999974,-905.5055775657956,-967.4608060003595,-1.389696969696966,17.774422069482284,-0.2179812847342646,-0.14433982683982627,-1.0320983604955245,-0.0488686850355009,0.17786796536796504,17.775758654543925,17.77634466728763,90.7026265889674,0.22254151490477017,-0.46523365327216726,1000.83,-3.37,54.63,False
HAOS / PANGAEA,HAOS_Flight_104,HAOS_Flight_104_seg00,train,10.1594/PANGAEA.918840,CC BY 4.0,fixed-wing UAV,2020-02-28 16:47:02+00:00,381.0,65.034236,24.509511,23.92,382730.9589352,7214581.134783,-888.8679423999856,-967.4756890004501,-1.0499999999999972,-888.4630682038862,-967.6892225632423,-1.3937229437229397,16.320836532689214,-0.3568060585394619,0.12277056277056286,-1.6325325255384655,-0.19139005244178975,0.1705140692640688,16.324736313036524,16.325197955959258,91.25240058534206,0.8341783155195793,0.4308861319463641,1000.82,-3.4,54.75,False
HAOS / PANGAEA,HAOS_Flight_104,HAOS_Flight_104_seg00,train,10.1594/PANGAEA.918840,CC BY 4.0,fixed-wing UAV,2020-02-28 16:47:03+00:00,382.0,65.034236,24.509826,23.25,382745.768187,7214580.537163,-874.0586905999808,-968.0733090005815,-1.7199999999999989,-872.8639045004172,-968.1744181174384,-1.1441558441558404,14.509357018405353,-0.6007613896178441,0.19668831168831136,-1.1578695487019104,-0.18208441656338437,-0.006298701298701664,14.521788985342138,14.523120932732022,92.37098322000656,0.8472769614604944,0.77598711174195,1000.91,-3.42,55.23,False
HAOS / PANGAEA,HAOS_Flight_104,HAOS_Flight_104_seg00,train,10.1594/PANGAEA.918840,CC BY 4.0,fixed-wing UAV,2020-02-28 16:47:04+00:00,383.0,65.034233,24.510139,23.62,382760.4992521,7214579.706873,-859.3276254999801,-968.9035990005359,-1.3499999999999979,-859.4443541670755,-968.890745342478,-1.000346320346317,14.005097435285393,-0.7209748916662306,0.11017316017315953,0.023745870342565922,-0.03440614497728234,-0.07112554112554129,14.02364285648528,14.0240756234225,92.94695450826305,0.13130177554322475,0.45012036412120293,1000.86,-3.44,54.59,False
HAOS / PANGAEA,HAOS_Flight_104,HAOS_Flight_104_seg00,train,10.1594/PANGAEA.918840,CC BY 4.0,fixed-wing UAV,2020-02-28 16:47:05+00:00,384.0,65.034231,24.510447,24.75,382775.0033804,7214578.814319,-844.8234971999773,-969.7961530005559,-0.21999999999999886,-844.8537096298464,-969.6163679007709,-0.9238095238095213,14.556848759090485,-0.6695736795724088,0.054437229437228785,0.26584919685919317,0.07474897831707494,-0.05461038961038936,14.572239865834296,14.572341545522432,92.63358677109301,-0.3478384059848392,0.2140377193210788,1000.71,-3.51,55.09,False
HAOS / PANGAEA,HAOS_Flight_104,HAOS_Flight_104_seg00,train,10.1594/PANGAEA.918840,CC BY 4.0,fixed-wing UAV,2020-02-28 16:47:06+00:00,385.0,65.03423,24.510756,24.45,382789.5163624,7214578.201375,-830.3105151999625,-970.4090970000252,-0.5199999999999996,-830.3306566488945,-970.2298927016228,-0.8914718614718594,14.536795829003779,-0.5714769350320807,0.0009523809523808158,0.026607868398144774,0.07415759412862144,-0.11087662337662291,14.54802456904082,14.54802460021445,92.25127769629336,-0.2951261323338185,0.0037508466337238693,1000.75,-3.52,53.6,False
HAOS / PANGAEA,HAOS_Flight_104,HAOS_Flight_104_seg00,train,10.1594/PANGAEA.918840,CC BY 4.0,fixed-wing UAV,2020-02-28 16:47:07+00:00,386.0,65.034232,24.511063,23.32,382804.0010007,7214577.846528,-815.8258768999949,-970.7639440000057,-1.6499999999999986,-815.7801179718389,-970.7593217708351,-0.9219047619047597,14.610064495886775,-0.5212584913151659,-0.16731601731601703,0.10921605541253143,0.027988191513628635,-0.16557359307359268,14.619360279736574,14.620317699639427,92.04333450642537,-0.12517996483712113,-0.6557115309506824,1000.9,-3.49,53.63,False
HAOS / PANGAEA,HAOS_Flight_104,HAOS_Flight_104_seg00,train,10.1594/PANGAEA.918840,CC BY 4.0,fixed-wing UAV,2020-02-28 16:47:08+00:00,387.0,65.034234,24.511373,24.15,382818.577338,7214577.525508,-801.2495395999867,-971.08496400062,-0.8200000000000003,-801.110527657121,-971.2724096842531,-1.2261038961038935,14.755227939828842,-0.5155005520048235,-0.33019480519480454,0.14006716125680896,0.011669918768774323,-0.027326839826839727,14.764230165349732,14.767922026635995,92.00091776661912,-0.06405710324978178,-1.281178583655661,1000.79,-3.51,54.04,False
HAOS / PANGAEA,HAOS_Flight_104,HAOS_Flight_104_seg00,train,10.1594/PANGAEA.918840,CC BY 4.0,fixed-wing UAV,2020-02-28 16:47:09+00:00,388.0,65.034235,24.511689,23.32,382833.4838434,7214577.030916,-786.3430341999629,-971.579556000419,-1.6499999999999986,-786.2696620921812,-971.7903228748447,-1.5822943722943688,14.890198818400393,-0.49791865377761724,-0.22196969696969648,0.08610044426234253,0.043298292221692236,0.15062770562770542,14.898521531926319,14.900174978289515,91.9152202999258,-0.177556686908587,-0.8535736851597473,1000.9,-3.51,53.76,False
HAOS / PANGAEA,HAOS_Flight_104,HAOS_Flight_104_seg00,train,10.1594/PANGAEA.918840,CC BY 4.0,fixed-wing UAV,2020-02-28 16:47:10+00:00,389.0,65.034234,24.512007,23.28,382848.4501296,7214576.278027,-771.3767479999806,-972.3324450002983,-1.6899999999999977,-771.3301300203202,-972.2682469918084,-1.6700432900432864,14.927428828353527,-0.428903967561439,-0.02893939393939371,-0.02093879632354856,0.08784527391256347,0.22321428571428542,14.9335893220267,14.933617362430024,91.64580439280195,-0.3360108192241302,-0.11103178365593608,1000.9,-3.5,53.55,False
HAOS / PANGAEA,HAOS_Flight_104,HAOS_Flight_104_seg00,train,10.1594/PANGAEA.918840,CC BY 4.0,fixed-wing UAV,2020-02-28 16:47:11+00:00,390.0,65.034234,24.512327,23.25,382863.4989778,7214575.669213,-756.3278997999732,-972.9412590004504,-1.7199999999999989,-756.4148044354741,-972.6481308099676,-1.6401731601731562,14.848321225753295,-0.3222281059524903,0.22445887445887436,-0.11921212078041776,0.10740460181972367,0.2680735930735926,14.851817201117901,14.853513253158154,91.24319866147755,-0.40538384800342103,0.8658581628991698,1000.91,-3.49,53.33,False
HAOS / PANGAEA,HAOS_Flight_104,HAOS_Flight_104_seg00,train,10.1594/PANGAEA.918840,CC BY 4.0,fixed-wing UAV,2020-02-28 16:47:12+00:00,391.0,65.034238,24.512643,23.62,382878.3814093,7214575.519826,-741.445468299964,-973.090646000579,-1.3499999999999979,-741.6334875688136,-972.9127032037134,-1.2211255411255377,14.689004586792691,-0.21409476392199167,0.5072077922077914,0.017194001463337827,0.07341413145678644,0.14575757575757542,14.690564737911048,14.699318081572077,90.8350366967951,-0.2839858852836387,1.9774138880828371,1000.86,-3.45,52.64,False
HAOS / PANGAEA,HAOS_Flight_104,HAOS_Flight_104_seg00,train,10.1594/PANGAEA.918840,CC BY 4.0,fixed-wing UAV,2020-02-28 16:47:13+00:00,392.0,65.034244,24.512951,24.0,382892.9195336,7214575.6605,-726.9073440000066,-972.9499719999731,-0.9699999999999989,-727.0367952618888,-973.0763203378116,-0.6257575757575733,14.882709228679971,-0.17539984303891742,0.5159740259740252,0.1203178877709945,-0.019477006560038035,-0.07361471861471841,14.883742778292497,14.892683716706465,90.67522689091027,0.06800033860031286,1.9854750267091736,1000.81,-3.43,51.8,False
HAOS / PANGAEA,HAOS_Flight_104,HAOS_Flight_104_seg00,train,10.1594/PANGAEA.918840,CC BY 4.0,fixed-wing UAV,2020-02-28 16:47:14+00:00,393.0,65.034248,24.513254,24.67,382907.2055388,7214575.561625,-712.6213388000033,-973.0488470001146,-0.29999999999999716,-711.8680691114537,-973.2635028897912,-0.18917748917748728,14.92964036233468,-0.25304877704206774,0.3599783549783546,-0.5552817092566045,-0.10058306654599392,-0.1965584415584411,14.931784723609407,14.936123307212894,90.97103737399573,0.44549860837136734,1.3810302251189581,1000.72,-3.47,51.74,False
HAOS / PANGAEA,HAOS_Flight_104,HAOS_Flight_104_seg00,train,10.1594/PANGAEA.918840,CC BY 4.0,fixed-wing UAV,2020-02-28 16:47:15+00:00,394.0,65.034249,24.51356,26.4,382921.6107073,7214575.127372,-698.2161702999729,-973.4830999998376,1.4299999999999997,-697.1775145372194,-973.5824178918957,0.094199134199136,13.772145810166762,-0.37656597613090526,0.12285714285714297,-1.6699740876604778,-0.10421764935580313,-0.17317099567099536,13.777292990673942,13.777840760744201,91.566224107653,0.6545948069776569,0.5109138056536007,1000.49,-3.53,50.84,False
HAOS / PANGAEA,HAOS_Flight_104,HAOS_Flight_104_seg00,train,10.1594/PANGAEA.918840,CC BY 4.0,fixed-wing UAV,2020-02-28 16:47:16+00:00,395.0,65.034249,24.51387,24.67,382936.2000165,7214574.534116,-683.6268610999687,-974.076356000267,-0.29999999999999716,-684.3237774911202,-974.016634842053,0.05653679653679866,11.589692187013725,-0.461484075753674,0.013636363636363863,-1.3052136576801558,-0.15604751302507225,-0.09892857142857131,11.598876348246032,11.598884364123752,92.28022698795104,0.9821813248510929,0.06736046672474708,1000.72,-3.45,49.4,False
HAOS / PANGAEA,HAOS_Flight_104,HAOS_Flight_104_seg00,train,10.1594/PANGAEA.918840,CC BY 4.0,fixed-wing UAV,2020-02-28 16:47:17+00:00,396.0,65.034247,24.514185,24.67,382950.9837006,7214573.750781,-668.8431770000025,-974.8596910005435,-0.29999999999999716,-673.998130163192,-974.5053860434031,0.12147186147186373,11.16171849480645,-0.6886610021810498,-0.07499999999999965,0.6100890713183276,-0.2814714047540008,-0.07061688311688308,11.182942981757055,11.183194478020553,93.5305867573552,1.1460410617568995,-0.3842565453908237,1000.72,-3.45,49.4,False
HAOS / PANGAEA,HAOS_Flight_104,HAOS_Flight_104_seg00,train,10.1594/PANGAEA.918840,CC BY 4.0,fixed-wing UAV,2020-02-28 16:47:18+00:00,397.0,65.034245,24.5143415,24.67,382958.34549614997,7214573.2226755,-661.481381450023,-975.3877964997664,-0.29999999999999716,-662.0003405015073,-975.3939568464151,-0.09346320346320063,12.80987032965038,-1.0244268852616756,-0.1275974025974023,1.6294764634181433,-0.25153235604710744,0.07529220779220744,12.850767615426873,12.851401067698948,94.57230911146485,0.5968036015975473,-0.5688806011978501,1000.72,-3.42,48.555,True
HAOS / PANGAEA,HAOS_Flight_104,HAOS_Flight_104_seg00,train,10.1594/PANGAEA.918840,CC BY 4.0,fixed-wing UAV,2020-02-28 16:47:19+00:00,398.0,65.034243,24.514498,24.67,382965.7072917,7214572.69457,-654.1195858999854,-975.9159019999206,-0.29999999999999716,-648.3783895038912,-976.5542398139264,-0.13372294372294086,14.420671421642737,-1.1917257142752646,0.07558441558441523,1.5967388115825258,-0.0689014426414758,0.140919913419913,14.469829799588123,14.470027209128794,94.72419396055028,-0.20927172917825243,0.29928676991408015,1000.72,-3.39,47.71,False
HAOS / PANGAEA,HAOS_Flight_104,HAOS_Flight_104_seg00,train,10.1594/PANGAEA.918840,CC BY 4.0,fixed-wing UAV,2020-02-28 16:47:20+00:00,399.0,65.034237,24.514808,25.8,382980.2828189,7214571.399956,-639.5440586999757,-977.2105160001665,0.8300000000000018,-633.1589976582218,-977.7774082749656,0.057705627705629814,16.00334795281543,-1.1622297705446272,0.15424242424242374,1.5858049404795054,0.09915120666036614,0.031125541125541084,16.04549543449569,16.0462367695313,94.15376565310834,-0.7460877694264836,0.5507569255506429,1000.57,-3.46,46.63,False
HAOS / PANGAEA,HAOS_Flight_104,HAOS_Flight_104_seg00,train,10.1594/PANGAEA.918840,CC BY 4.0,fixed-wing UAV,2020-02-28 16:47:21+00:00,400.0,65.034224,24.515436,24.67,383009.8087678,7214568.835016,-610.018109800003,-979.7754560001194,-0.29999999999999716,-616.3716935982603,-978.8786993550157,0.17476190476190662,17.592281302601748,-0.9934233009545324,0.1378354978354974,1.0724291831149344,0.23036552807104727,-0.027954545454545524,17.620307922529346,17.620847025872905,93.23201842169732,-0.9700815490733454,0.44818917170784045,1000.72,-3.38,45.84,False
HAOS / PANGAEA,HAOS_Flight_104,HAOS_Flight_104_seg00,train,10.1594/PANGAEA.918840,CC BY 4.0,fixed-wing UAV,2020-02-28 16:47:22+00:00,401.0,65.034225,24.515751,25.65,383024.6264145,7214568.346663,-595.2004630999872,-980.2638090001419,0.6799999999999997,-597.9744350530183,-979.7642548768747,0.3333766233766246,18.1482063190453,-0.7014987144025326,0.09833333333333269,-0.39875862960312247,0.34572891400347316,-0.07410173160173154,18.16175908454201,18.162025286002347,92.21360255496165,-1.1009831249190793,0.3102138898730486,1000.59,-3.43,46.14,False
HAOS / PANGAEA,HAOS_Flight_104,HAOS_Flight_104_seg00,train,10.1594/PANGAEA.918840,CC BY 4.0,fixed-wing UAV,2020-02-28 16:47:23+00:00,402.0,65.034231,24.516064,24.67,383039.3671391,7214568.434013,-580.4597385000088,-980.1764590004459,-0.29999999999999716,-580.0752809601697,-980.2816967838207,0.371428571428572,16.794764043395503,-0.301965472947586,-0.010367965367965692,-1.7832044668810738,0.38197330850596245,-0.014642857142856971,16.79747845422589,16.797481653953035,91.03005217185915,-1.2294877780003284,-0.03536486645316534,1000.72,-3.37,45.49,False
HAOS / PANGAEA,HAOS_Flight_104,HAOS_Flight_104_seg00,train,10.1594/PANGAEA.918840,CC BY 4.0,fixed-wing UAV,2020-02-28 16:47:24+00:00,403.0,65.034237,24.516375,25.73,383054.0423422,7214568.539629,-565.7845353999874,-980.070842999965,0.7600000000000016,-564.3849069662273,-980.3681858227699,0.3126406926406932,14.581797385283153,0.06244790260939226,0.06904761904761875,-1.31766087765007,0.2143965914756336,-0.02038961038961022,14.58193110414361,14.582094578615482,89.75462699896099,-0.7716215801163746,0.2713020354648296,1000.58,-3.41,45.28,False
HAOS / PANGAEA,HAOS_Flight_104,HAOS_Flight_104_seg00,train,10.1594/PANGAEA.918840,CC BY 4.0,fixed-wing UAV,2020-02-28 16:47:25+00:00,404.0,65.034242,24.51669,25.58,383068.8734869,7214568.545928,-550.9533906999859,-980.0645440006629,0.6099999999999994,-550.9116861896034,-980.156800978602,0.5095238095238095,14.159442288095363,0.1268277100036812,-0.051147186147186136,0.1436698572521209,-0.027780485889763895,-0.06745670995670969,14.160010281702766,14.160102655439289,89.4868090116264,0.10941767262838287,-0.2069564284922066,1000.6,-3.39,45.66,False
HAOS / PANGAEA,HAOS_Flight_104,HAOS_Flight_104_seg00,train,10.1594/PANGAEA.918840,CC BY 4.0,fixed-wing UAV,2020-02-28 16:47:26+00:00,405.0,65.034247,24.517005,25.13,383083.7190459,7214568.516149,-536.1078317000065,-980.0943229999393,0.16000000000000014,-536.0660223900366,-980.1145304027625,0.21034632034632095,14.869137099787395,0.006886930829864468,-0.06586580086580063,0.37301089545738364,-0.07910019263937329,0.007824675324675442,14.869138694695472,14.86928457679837,89.97346234421775,0.3168928194288271,-0.2538013665733814,1000.66,-3.45,46.86,False
HAOS / PANGAEA,HAOS_Flight_104,HAOS_Flight_104_seg00,train,10.1594/PANGAEA.918840,CC BY 4.0,fixed-wing UAV,2020-02-28 16:47:27+00:00,406.0,65.034251,24.517323,25.28,383098.7112457,7214568.362656,-521.115631899971,-980.2478160001338,0.3100000000000023,-521.1734119900286,-980.1430271169422,0.37779220779220823,14.90546407901013,-0.031372675275065376,-0.03549783549783525,0.012349388959847829,-0.032264665638024326,-0.02369047619047604,14.905497095213404,14.905539364670446,90.12059465048407,0.12414186973447007,-0.13645115608958444,1000.64,-3.47,47.36,False
HAOS / PANGAEA,HAOS_Flight_104,HAOS_Flight_104_seg00,train,10.1594/PANGAEA.918840,CC BY 4.0,fixed-wing UAV,2020-02-28 16:47:28+00:00,407.0,65.034256,24.517638,25.2,383113.5814631,7214568.371658,-506.24541450000834,-980.2388140000403,0.23000000000000043,-506.2550942320163,-980.1772757533126,0.13935064935065045,14.89383587770709,-0.05764240044618418,-0.11324675324675271,-0.030272459309600208,-0.05076226090517366,-0.02227272727272729,14.893947421634204,14.894377953628176,90.2217460836867,0.19616230952769104,-0.4356424648454658,1000.65,-3.48,48.31,False
HAOS / PANGAEA,HAOS_Flight_104,HAOS_Flight_104_seg00,train,10.1594/PANGAEA.918840,CC BY 4.0,fixed-wing UAV,2020-02-28 16:47:29+00:00,408.0,65.034262,24.517953,24.37,383128.4392685,7214568.381667,-491.38760909996927,-980.2288049999624,-0.5999999999999979,-491.38574023461445,-980.2583119178346,0.15129870129870282,14.84491916039093,-0.1328971970854127,-0.08004329004328983,-0.04162076764018252,-0.10371171759675235,-0.07856060606060633,14.845514020859463,14.845729805968311,90.51291926953945,0.4017847264084358,-0.3089214863804593,1000.76,-3.49,48.84,False
HAOS / PANGAEA,HAOS_Flight_104,HAOS_Flight_104_seg00,train,10.1594/PANGAEA.918840,CC BY 4.0,fixed-wing UAV,2020-02-28 16:47:30+00:00,409.0,65.034266,24.518269,26.03,383143.3192916,7214568.220648,-476.50758599996334,-980.3898240001872,1.0600000000000023,-476.56525591123443,-980.4430701474835,-0.02073593073592922,14.810594342426725,-0.2650658356396889,-0.27036796536796537,-0.005030013852319826,-0.1497415291796642,-0.09094155844155853,14.81296609977711,14.815433287954933,91.02531553650357,0.5782821063700155,-1.045653068697558,1000.54,-3.62,49.77,False
HAOS / PANGAEA,HAOS_Flight_104,HAOS_Flight_104_seg00,train,10.1594/PANGAEA.918840,CC BY 4.0,fixed-wing UAV,2020-02-28 16:47:31+00:00,410.0,65.034268,24.518584,24.22,383158.1328971,7214567.955444,-461.6939804999856,-980.655028000474,-0.75,-461.764551549761,-980.788443589114,-0.38943722943722797,14.83485913268629,-0.4323802554447411,-0.2619264069264069,0.056513547616006576,-0.1447379869303802,0.0405519480519481,14.841158922804658,14.843470066483432,91.66948348227947,0.5513699489046957,-1.0110881434124253,1000.78,-3.55,50.41,False
HAOS / PANGAEA,HAOS_Flight_104,HAOS_Flight_104_seg00,train,10.1594/PANGAEA.918840,CC BY 4.0,fixed-wing UAV,2020-02-28 16:47:32+00:00,411.0,65.034268,24.518897,24.75,383172.859404,7214567.355953,-446.96747360000154,-981.2545190006495,-0.21999999999999886,-446.89553764586185,-981.307830658373,-0.5445887445887431,14.923621437658738,-0.5545418095004493,-0.18926406926406916,0.09784512769925868,-0.06769060819348738,-0.04528138528138517,14.93392089951703,14.935120164262017,92.12805543431296,0.24688463170218294,-0.7260954397961058,1000.71,-3.63,50.59,False
HAOS / PANGAEA,HAOS_Flight_104,HAOS_Flight_104_seg00,train,10.1594/PANGAEA.918840,CC BY 4.0,fixed-wing UAV,2020-02-28 16:47:33+00:00,412.0,65.034267,24.519214,23.47,383187.7776908,7214566.681178,-432.04918679996626,-981.9292940003797,-1.5,-431.9173086744435,-981.8975272081149,-0.7679653679653663,15.030549388084808,-0.5677614718317159,-0.35248917748917724,0.09494831742267706,0.020381805216828752,-0.025595238095237963,15.041268829342593,15.04539851970695,92.16325274568385,-0.09052867676411398,-1.342469605981437,1000.88,-3.63,50.61,False
HAOS / PANGAEA,HAOS_Flight_104,HAOS_Flight_104_seg00,train,10.1594/PANGAEA.918840,CC BY 4.0,fixed-wing UAV,2020-02-28 16:47:34+00:00,413.0,65.034267,24.519535,23.77,383202.9161667,7214565.985894,-416.9107108999742,-982.6245780000463,-1.1999999999999993,-416.83443886969224,-982.4433536020364,-1.2495670995670976,15.113518072504093,-0.5137781990667918,-0.2404545454545451,0.05664438496118862,0.046348245689443957,0.16045454545454543,15.12224839650983,15.124159975158088,91.94699808078474,-0.1832314397662732,-0.9109670294754237,1000.84,-3.65,50.71,False
HAOS / PANGAEA,HAOS_Flight_104,HAOS_Flight_104_seg00,train,10.1594/PANGAEA.918840,CC BY 4.0,fixed-wing UAV,2020-02-28 16:47:35+00:00,414.0,65.034268,24.519859,24.45,383218.1707259,7214565.545714,-401.6561517000082,-983.0647579999641,-0.5199999999999996,-401.69027252943533,-982.9250836062484,-1.2488744588744565,15.143838158007185,-0.47506498045282797,-0.031580086580086375,0.1568342882605691,0.0009065648829107431,0.14854437229437203,15.151287763473015,15.15132067489285,91.7967898661513,-0.023141818347141106,-0.11942239403693748,1000.75,-3.71,49.77,False
HAOS / PANGAEA,HAOS_Flight_104,HAOS_Flight_104_seg00,train,10.1594/PANGAEA.918840,CC BY 4.0,fixed-wing UAV,2020-02-28 16:47:36+00:00,415.0,65.034271,24.520182,23.32,383233.3928154,7214565.271539,-386.43406220001634,-983.3389330003411,-1.6499999999999986,-386.54676255367787,-983.393483562942,-1.3127272727272703,15.42718664902523,-0.5119650693009703,0.05663419913419898,0.13762434589136774,-0.049855215414396525,0.071212121212121,15.435679322143445,15.435783218501038,91.90071444409045,0.1690147144711045,0.2102198392476499,1000.9,-3.6,48.68,False
HAOS / PANGAEA,HAOS_Flight_104,HAOS_Flight_104_seg00,train,10.1594/PANGAEA.918840,CC BY 4.0,fixed-wing UAV,2020-02-28 16:47:37+00:00,416.0,65.034273,24.520501,23.4,383248.3923957,7214564.922846,-371.4344819000107,-983.6876260004938,-1.5700000000000003,-370.8358992313849,-983.9490137448504,-1.1356060606060585,15.41908684978992,-0.574775411281621,0.11084415584415563,-0.6612095502641324,-0.04007134408470847,-0.0028625541125539833,15.429796047089487,15.430194181592894,92.13481929509351,0.2515544038973891,0.4115928070646027,1000.89,-3.58,48.08,False
HAOS / PANGAEA,HAOS_Flight_104,HAOS_Flight_104_seg00,train,10.1594/PANGAEA.918840,CC BY 4.0,fixed-wing UAV,2020-02-28 16:47:38+00:00,417.0,65.034272,24.520816,24.07,383263.2143106,7214564.235724,-356.61256699997466,-984.3747479999438,-0.8999999999999986,-355.708588854098,-984.5430343855053,-1.091038961038959,14.104767548496966,-0.5921077574703872,0.050909090909091015,-1.8385835814931681,0.0029786559177864547,0.028419913419913456,14.117190201792626,14.11728199509831,92.40382325188523,0.3193064430736868,0.206617844072197,1000.8,-3.57,47.42,False
HAOS / PANGAEA,HAOS_Flight_104,HAOS_Flight_104_seg00,train,10.1594/PANGAEA.918840,CC BY 4.0,fixed-wing UAV,2020-02-28 16:47:39+00:00,418.0,65.034269,24.52113,24.22,383278.003649,7214563.311899,-341.8232285999693,-985.2985730003566,-0.75,-342.62636413439094,-985.1332292597912,-1.0337878787878765,11.741919686803584,-0.5688180994460481,0.16768398268398255,-1.4412878278189964,0.05414645342375479,0.12285714285714253,11.755689344381425,11.756885211638828,92.77343218124088,0.03240132821136183,0.8172156221192713,1000.78,-3.57,46.87,False
HAOS / PANGAEA,HAOS_Flight_104,HAOS_Flight_104_seg00,train,10.1594/PANGAEA.918840,CC BY 4.0,fixed-wing UAV,2020-02-28 16:47:40+00:00,419.0,65.034268,24.521443,24.22,383292.7075232,7214562.631899,-327.11935439996887,-985.9785730000585,-0.75,-332.22474948049086,-985.6806705843974,-0.7556709956709939,11.222191892858973,-0.48381485062287766,0.29662337662337607,0.5547867766161403,0.1179677261185077,0.03461038961038945,11.232616244216343,11.236532076997438,92.46862590830796,-0.6448370482102078,1.5126768631156513,1000.78,-3.57,46.87,False
HAOS / PANGAEA,HAOS_Flight_104,HAOS_Flight_104_seg00,train,10.1594/PANGAEA.918840,CC BY 4.0,fixed-wing UAV,2020-02-28 16:47:41+00:00,420.0,65.0342695,24.521599000000002,24.335,383300.05813905003,7214562.515930001,-319.7687385499594,-986.0945419995114,-0.634999999999998,-320.181980348673,-986.1008589610369,-0.44054112554112435,12.851493240035865,-0.3328826472090327,0.23690476190476145,1.6179324846258822,0.14273960820341358,-0.05491341991341983,12.855803722657733,12.857986359524324,91.48375808482047,-0.8413458310444026,1.0557182684780535,1000.765,-3.57,46.815,True
HAOS / PANGAEA,HAOS_Flight_104,HAOS_Flight_104_seg00,train,10.1594/PANGAEA.918840,CC BY 4.0,fixed-wing UAV,2020-02-28 16:47:42+00:00,421.0,65.034271,24.521755,24.45,383307.4087549,7214562.399961,-312.4181227000081,-986.2105109998956,-0.5199999999999996,-306.5217630004191,-986.3464358788154,-0.28186147186147104,14.458056862110737,-0.1983356342160505,0.1867965367965364,1.607773032035979,0.07628764825147982,-0.02497835497835485,14.459417182301204,14.460623714003018,90.78593424621914,-0.4204005059071987,0.7401444826099703,1000.75,-3.57,46.76,False
HAOS / PANGAEA,HAOS_Flight_104,HAOS_Flight_104_seg00,train,10.1594/PANGAEA.918840,CC BY 4.0,fixed-wing UAV,2020-02-28 16:47:43+00:00,422.0,65.034274,24.522071,24.97,383322.2801572,7214562.09828,-297.54672039998695,-986.512192000635,0.0,-291.2658666244515,-986.497530229469,-0.06694805194805156,16.067039304107823,-0.18030735070607307,0.18694805194805175,1.6168005586631438,-0.046518518447214774,-0.0602597402597401,16.06805099383445,16.06913850567576,90.64295707300607,0.07880649931800225,0.6665930475820798,1000.68,-3.64,47.06,False
HAOS / PANGAEA,HAOS_Flight_104,HAOS_Flight_104_seg00,train,10.1594/PANGAEA.918840,CC BY 4.0,fixed-wing UAV,2020-02-28 16:47:44+00:00,423.0,65.034282,24.522701,25.58,383351.9740476,7214561.88504,-267.8528299999889,-986.725432000123,0.6099999999999994,-274.3876843922035,-986.7070505802276,0.09203463203463247,17.691657979437025,-0.29137267111048004,0.06627705627705621,1.0998373228422622,-0.12423484200343182,-0.13316017316017295,17.694057197116997,17.694181324464733,90.94354724485515,0.3508537707098209,0.21461317782294026,1000.6,-3.66,47.26,False
HAOS / PANGAEA,HAOS_Flight_104,HAOS_Flight_104_seg00,train,10.1594/PANGAEA.918840,CC BY 4.0,fixed-wing UAV,2020-02-28 16:47:45+00:00,424.0,65.034285,24.523012,24.75,383366.6287192,7214561.607029,-253.19815840001684,-987.0034429999068,-0.21999999999999886,-255.88255066557747,-987.08027557169,0.06560606060606086,18.266713949792347,-0.4287770347129367,-0.07937229437229415,-0.3931939873876473,-0.10838128024619209,-0.15842532467532427,18.271745627307634,18.271918022751457,91.34466461442571,0.3890597462460087,-0.2488907718770315,1000.71,-3.59,47.26,False
HAOS / PANGAEA,HAOS_Flight_104,HAOS_Flight_104_seg00,train,10.1594/PANGAEA.918840,CC BY 4.0,fixed-wing UAV,2020-02-28 16:47:46+00:00,425.0,65.034286,24.523326,24.97,383381.4208075,7214561.135624,-238.40607009996893,-987.4748480003327,0.0,-237.8542564926188,-987.5646046496535,-0.06670995670995583,16.90527000466173,-0.5081352316028642,-0.25057359307359234,-1.7947467966498536,-0.05822718610437505,-0.1151406926406924,16.912904994237735,16.914761082251726,91.72166673734716,0.39139432551337705,-0.848805042344964,1000.68,-3.6,47.14,False
HAOS / PANGAEA,HAOS_Flight_104,HAOS_Flight_104_seg00,train,10.1594/PANGAEA.918840,CC BY 4.0,fixed-wing UAV,2020-02-28 16:47:47+00:00,426.0,65.034286,24.523644,24.6,383396.386407,7214560.528089,-223.44047059997683,-988.0823830002919,-0.36999999999999744,-222.072010656254,-988.0965460348957,-0.4355411255411238,14.67722035649264,-0.5452314069216868,-0.30965367965367896,-1.3176034053631867,-0.014265608216845749,0.0744967532467529,14.687344030836064,14.690607886723368,92.12745326545246,0.21604477330134347,-1.2077895705993464,1000.73,-3.59,47.51,False
HAOS / PANGAEA,HAOS_Flight_104,HAOS_Flight_104_seg00,train,10.1594/PANGAEA.918840,CC BY 4.0,fixed-wing UAV,2020-02-28 16:47:48+00:00,427.0,65.034285,24.523962,24.22,383411.3720521,7214559.8499,-208.45482549996814,-988.7605720004067,-0.75,-208.4998157796335,-988.6550674634968,-0.6860173160173137,14.270063193935357,-0.5366664480365557,-0.10158008658008655,0.14189041125152357,0.025611596382617563,0.19753246753246698,14.280151064864711,14.280512348979164,92.15375628394986,-0.11812462228187005,-0.4075595597037168,1000.78,-3.58,46.95,False
HAOS / PANGAEA,HAOS_Flight_104,HAOS_Flight_104_seg00,train,10.1594/PANGAEA.918840,CC BY 4.0,fixed-wing UAV,2020-02-28 16:47:49+00:00,428.0,65.034285,24.52428,24.3,383426.3325461,7214559.311767,-193.49433149996912,-989.2987050004303,-0.6699999999999982,-193.5318842683833,-989.1698789309688,-0.6387012987012969,14.961001178995687,-0.4940082141564517,0.085411255411255,0.33471088279119243,0.040029536869212734,0.13985930735930707,14.969154965914555,14.969398634417995,91.89120402088872,-0.20156236623531812,0.3269156718008269,1000.77,-3.59,46.64,False
HAOS / PANGAEA,HAOS_Flight_104,HAOS_Flight_104_seg00,train,10.1594/PANGAEA.918840,CC BY 4.0,fixed-wing UAV,2020-02-28 16:47:50+00:00,429.0,65.034287,24.524597,24.0,383441.2600411,7214558.938427,-178.5668365000165,-989.6720449998975,-0.9699999999999989,-178.57781342164213,-989.6430838918097,-0.5151948051948038,14.939484959517742,-0.45660737429813025,0.17813852813852762,-0.007641282895157531,0.05873374238473161,0.06535714285714289,14.946461158077529,14.94752268722572,91.75063155147922,-0.22400299286885975,0.6828440849606588,1000.81,-3.58,46.55,False
HAOS / PANGAEA,HAOS_Flight_104,HAOS_Flight_104_seg00,train,10.1594/PANGAEA.918840,CC BY 4.0,fixed-wing UAV,2020-02-28 16:47:51+00:00,430.0,65.034289,24.524913,24.9,383456.1486407,7214558.521731,-163.67823690001387,-990.0887409998104,-0.07000000000000028,-163.6529143493478,-990.0830936795651,-0.28242424242424163,14.945718613205372,-0.37654072938698846,0.21612554112554078,0.04353304286289017,0.0367523408313275,0.0066883116883118265,14.950461122855067,14.952023208767688,91.443198035151,-0.14509453789418011,0.8282165182614645,1000.69,-3.58,45.99,False
HAOS / PANGAEA,HAOS_Flight_104,HAOS_Flight_104_seg00,train,10.1594/PANGAEA.918840,CC BY 4.0,fixed-wing UAV,2020-02-28 16:47:52+00:00,431.0,65.034289,24.525231,25.13,383471.1049712,7214557.995365,-148.72190639999462,-990.6151069998741,0.16000000000000014,-148.6863761952314,-990.3961653505837,-0.08294372294372224,15.026551045243522,-0.38310269263547525,0.19151515151515128,0.08438719610770562,-0.23286535288002597,-0.07377705627705602,15.031433863354945,15.03265385890574,91.46044247569085,0.87318610929728,0.7299647055308802,1000.66,-3.58,45.03,False
HAOS / PANGAEA,HAOS_Flight_104,HAOS_Flight_104_seg00,train,10.1594/PANGAEA.918840,CC BY 4.0,fixed-wing UAV,2020-02-28 16:47:53+00:00,432.0,65.034287,24.525548,25.2,383486.030212,7214557.153149,-133.79666559997713,-991.457322999835,0.23000000000000043,-133.59981225886077,-990.849299064836,0.10060606060606092,15.114493005420783,-0.8422714351470404,0.06857142857142873,0.008296980411834909,-0.8157439113269902,-0.19808441558441506,15.137943056484868,15.138098362152189,93.18957025374556,3.083635822534374,0.2595350349890453,1000.65,-3.62,45.66,False
HAOS / PANGAEA,HAOS_Flight_104,HAOS_Flight_104_seg00,train,10.1594/PANGAEA.918840,CC BY 4.0,fixed-wing UAV,2020-02-28 16:47:54+00:00,433.0,65.034283,24.525866,24.82,383500.9710621,7214556.122095,-118.85581549996277,-992.4883770002052,-0.14999999999999858,-118.45739018438982,-992.0807082208778,0.054199134199135225,15.043145006067192,-2.0145905152894557,-0.20465367965367884,-0.26227717035359177,-1.5489434794285444,-0.17257575757575738,15.177443349189565,15.17882306855358,97.6277141207596,5.9616036832380495,-0.7725333741790478,1000.7,-3.6,46.26,False
HAOS / PANGAEA,HAOS_Flight_104,HAOS_Flight_104_seg00,train,10.1594/PANGAEA.918840,CC BY 4.0,fixed-wing UAV,2020-02-28 16:47:55+00:00,434.0,65.034273,24.526186,24.75,383515.9586463,7214554.38249,-103.86823129997356,-994.2279820004478,-0.21999999999999886,-103.51352224672638,-994.878480095415,-0.30870129870129676,14.5899386647136,-3.940158394004129,-0.27658008658008604,-0.7641815556355276,-2.220103504286385,0.05331168831168792,15.11261586919836,15.115146540944904,105.11277762022166,8.950951063414774,-1.0484685721444336,1000.71,-3.6,46.74,False
HAOS / PANGAEA,HAOS_Flight_104,HAOS_Flight_104_seg00,train,10.1594/PANGAEA.918840,CC BY 4.0,fixed-wing UAV,2020-02-28 16:47:56+00:00,435.0,65.034235,24.526497,24.82,383530.4605784,7214549.661775,-89.36629919998813,-998.9486969998106,-0.14999999999999858,-89.27751285496262,-999.961025008886,-0.49896103896103683,13.514781894796137,-6.454797523862226,-0.098030303030303,-1.4692637392849406,-2.652922062773712,0.16658008658008613,14.977107221956027,14.977428039495953,115.52961624758916,11.66052820973925,-0.37501517063446405,1000.7,-3.64,47.28,False
HAOS / PANGAEA,HAOS_Flight_104,HAOS_Flight_104_seg00,train,10.1594/PANGAEA.918840,CC BY 4.0,fixed-wing UAV,2020-02-28 16:47:57+00:00,436.0,65.034166,24.52678,23.92,383543.4631243,7214541.412763,-76.36375329998555,-1007.1977090006694,-1.0499999999999972,-76.48395845713411,-1007.7880751431394,-0.5047619047619027,11.651411186143719,-9.246002519551553,0.05658008658008623,-2.3563766138465176,-2.853555052494812,0.09969155844155816,14.874271250052846,14.874378861866672,128.43383403970017,14.28785707759756,0.2179457719532147,1000.82,-3.64,48.29,False
HAOS / PANGAEA,HAOS_Flight_104,HAOS_Flight_104_seg00,train,10.1594/PANGAEA.918840,CC BY 4.0,fixed-wing UAV,2020-02-28 16:47:58+00:00,437.0,65.03407,24.527016,24.22,383554.1666524,7214530.274147,-65.66022520000115,-1018.3363250000402,-0.75,-65.97469048267519,-1018.4530300479892,-0.38580086580086437,8.802028667103102,-12.16190762885185,0.10135281385281333,-3.1914305202343485,-2.4136719545299457,0.0297077922077921,15.012917965180174,15.013260079746354,144.10533040278426,15.521044808799058,0.3868002389062079,1000.78,-3.62,47.73,False
HAOS / PANGAEA,HAOS_Flight_104,HAOS_Flight_104_seg00,train,10.1594/PANGAEA.918840,CC BY 4.0,fixed-wing UAV,2020-02-28 16:47:59+00:00,438.0,65.033955,24.527187,25.13,383561.6859535,7214517.128245,-58.140924100007396,-1031.4822270004079,0.16000000000000014,-58.879901122927905,-1032.111890400843,-0.3020562770562761,5.268550145675022,-14.073346428611444,0.11599567099567043,-3.0525581014079375,-0.6296923890079142,0.09435606060606046,15.027198685623437,15.027646367042728,159.47592365729827,12.266402065649572,0.44226010014159683,1000.66,-3.6,46.73,False
HAOS / PANGAEA,HAOS_Flight_104,HAOS_Flight_104_seg00,train,10.1594/PANGAEA.918840,CC BY 4.0,fixed-wing UAV,2020-02-28 16:48:00+00:00,439.0,65.033827,24.527278,25.2,383565.4399652,7214502.688401,-54.38691239996115,-1045.9220710005611,0.23000000000000043,-55.43759019132514,-1046.599722905212,-0.1538095238095235,2.6969124642872266,-13.421292406867678,0.29006493506493425,-2.733656297945144,0.7147011180293816,0.08189393939393952,13.689573649704062,13.692646361358568,168.6381345340834,10.7123451092015,1.2138442349540932,1000.65,-3.57,45.86,False
HAOS / PANGAEA,HAOS_Flight_104,HAOS_Flight_104_seg00,train,10.1594/PANGAEA.918840,CC BY 4.0,fixed-wing UAV,2020-02-28 16:48:01+00:00,440.0,65.033692,24.52729,24.97,383565.3923713,7214487.712791,-54.43450629996369,-1060.8976810006425,0.0,-53.48607619435345,-1058.9544752145785,0.2780735930735925,-0.19876245021526628,-12.64394419255268,0.27978354978354947,-3.5313702035724646,0.2904037283481671,-0.13969696969696907,12.645506366136638,12.648601112009649,180.90061387570128,15.070075455666194,1.2674701303696447,1000.68,-3.57,45.38,False
HAOS / PANGAEA,HAOS_Flight_104,HAOS_Flight_104_seg00,train,10.1594/PANGAEA.918840,CC BY 4.0,fixed-wing UAV,2020-02-28 16:48:02+00:00,441.0,65.033559,24.52722,24.97,383561.5557434,7214473.021277,-58.27113419998204,-1075.5891950000077,0.0,-55.835115091755675,-1071.8876112903174,0.4057575757575755,-4.3658279428577025,-12.840484950171344,0.010670995670996108,-3.995198019374211,0.17598136255486452,-0.13488095238095205,13.562393128877142,13.562397326887401,198.7782854454158,16.38585746636593,0.04508075257620568,1000.68,-3.57,45.38,False
HAOS / PANGAEA,HAOS_Flight_104,HAOS_Flight_104_seg00,train,10.1594/PANGAEA.918840,CC BY 4.0,fixed-wing UAV,2020-02-28 16:48:03+00:00,442.0,65.033497,24.527150499999998,25.575,383557.997062,7214466.2285115,-61.82981560000917,-1082.3819605000317,0.6050000000000004,-62.217732080068856,-1084.6354451149211,0.2994155844155847,-8.189158488963688,-12.291981467442952,0.010021645021645348,-3.5870328095245814,0.9043335768512861,0.1644264069264066,14.77007532659624,14.77007872648944,213.67232880843315,13.755595320059532,0.03887575809237787,1000.5999999999999,-3.585,45.08,True
HAOS / PANGAEA,HAOS_Flight_104,HAOS_Flight_104_seg00,train,10.1594/PANGAEA.918840,CC BY 4.0,fixed-wing UAV,2020-02-28 16:48:04+00:00,443.0,65.033435,24.527081,26.18,383554.4383806,7214459.435746,-65.38849699997809,-1089.1747260000557,1.2100000000000009,-72.21343206968305,-1096.4715742252033,0.4258008658008662,-11.539893561906865,-11.031817796468772,0.3395238095238093,-3.0648102835489066,1.5505654967190026,0.3482359307359301,15.96465305963849,15.968263015489761,226.28947608553486,11.816162520622177,1.218338361685004,1000.52,-3.6,44.78,False
HAOS / PANGAEA,HAOS_Flight_104,HAOS_Flight_104_seg00,train,10.1594/PANGAEA.918840,CC BY 4.0,fixed-wing UAV,2020-02-28 16:48:05+00:00,444.0,65.033231,24.526617,25.28,383531.7416906,7214437.620286,-88.08518699998967,-1110.9901860002428,0.3100000000000023,-85.29751920388259,-1106.6990807078587,0.9784632034632033,-14.318779056061501,-9.190850474004947,0.7064935064935056,-2.458213930302861,2.0540560421824807,0.2502380952380948,17.01467502163419,17.029336427663292,237.3046538496775,10.446231032337101,2.3777037452149243,1000.64,-3.54,44.27,False
HAOS / PANGAEA,HAOS_Flight_104,HAOS_Flight_104_seg00,train,10.1594/PANGAEA.918840,CC BY 4.0,fixed-wing UAV,2020-02-28 16:48:06+00:00,445.0,65.033167,24.526312,25.8,383517.0697106,7214431.031854,-102.75716699997429,-1117.5786180002615,0.8300000000000018,-100.85099018180605,-1114.8532751732132,1.8387878787878773,-16.456321422512588,-6.923705712103811,0.839999999999999,-1.5516717774890267,2.919603562778832,-0.010021645021644987,17.853521096659495,17.873270980681337,247.18193815020908,10.902950993366506,2.693753702059072,1000.57,-3.52,44.07,False
HAOS / PANGAEA,HAOS_Flight_104,HAOS_Flight_104_seg00,train,10.1594/PANGAEA.918840,CC BY 4.0,fixed-wing UAV,2020-02-28 16:48:07+00:00,446.0,65.033132,24.525978,27.61,383501.2264567,7214427.729078,-118.60042089998024,-1120.8813939997926,2.6400000000000006,-118.21016204890776,-1120.5464921320663,2.658463203463201,-17.422122611039555,-3.3516433484472827,0.6864502164502156,0.06376399794388021,4.4251198511866505,-0.27049242424242403,17.741585876389028,17.754860836090806,259.1105558364105,14.773465726236186,2.215759718277622,1000.33,-3.65,43.21,False
HAOS / PANGAEA,HAOS_Flight_104,HAOS_Flight_104_seg00,train,10.1594/PANGAEA.918840,CC BY 4.0,fixed-wing UAV,2020-02-28 16:48:08+00:00,447.0,65.033129,24.525633,29.11,383484.9461051,7214428.012407,-134.88077250000788,-1120.5980650000274,4.140000000000001,-135.69523540388516,-1121.5565618701078,3.2116883116883086,-16.328793426624827,1.9265339902694905,0.2990151515151509,1.1132974415572008,4.620106247796912,-0.4457683982683977,16.442050601584032,16.444769321759594,276.7288696026814,16.03589210349526,1.0418662644883512,1000.13,-3.66,42.88,False
HAOS / PANGAEA,HAOS_Flight_104,HAOS_Flight_104_seg00,train,10.1594/PANGAEA.918840,CC BY 4.0,fixed-wing UAV,2020-02-28 16:48:09+00:00,448.0,65.033154,24.525288,29.11,383468.8294377,7214431.436421,-150.9974399000057,-1117.1740509998053,4.140000000000001,-150.86774890215742,-1116.6934241515273,3.256493506493503,-15.195527727925153,5.888569147146541,-0.20508658008657976,0.8665113902618771,3.130388511318529,-0.49775432900432814,16.296604233117655,16.29789465042034,291.18234004340104,11.280409741138296,-0.7210075817136111,1000.13,-3.66,42.88,False
HAOS / PANGAEA,HAOS_Flight_104,HAOS_Flight_104_seg00,train,10.1594/PANGAEA.918840,CC BY 4.0,fixed-wing UAV,2020-02-28 16:48:10+00:00,449.0,65.033211,24.524956,27.76,383453.4694387,7214438.38918,-166.35743889998412,-1110.221292000264,2.7900000000000027,-166.08629085973547,-1109.7794235758147,2.801515151515149,-14.595770646101073,8.187311012906548,-0.6964935064935054,0.9441235351786332,2.228714861462663,-0.3033766233766231,16.735249695646807,16.74973688092545,299.289689084958,8.340810263872696,-2.38318057495685,1000.31,-3.63,42.59,False
HAOS / PANGAEA,HAOS_Flight_104,HAOS_Flight_104_seg00,train,10.1594/PANGAEA.918840,CC BY 4.0,fixed-wing UAV,2020-02-28 16:48:11+00:00,450.0,65.033294,24.524645,26.25,383439.1808987,7214448.266102,-180.64597889996367,-1100.3443700000644,1.2800000000000011,-180.05929019435956,-1100.3188021257142,1.8635064935064922,-13.307280657567887,10.345998870071867,-0.8118398268398259,1.2529448699125467,1.7895475303547528,0.10061688311688283,16.85596069996631,16.875499845137984,307.86396057114644,7.466733592228316,-2.7574268487879,1000.51,-3.4,42.32,False
HAOS / PANGAEA,HAOS_Flight_104,HAOS_Flight_104_seg00,train,10.1594/PANGAEA.918840,CC BY 4.0,fixed-wing UAV,2020-02-28 16:48:12+00:00,451.0,65.033395,24.524371,25.28,383426.7222015,7214459.994991,-193.10467610001797,-1088.6154810003936,0.3100000000000023,-192.70085217487124,-1089.087425835671,1.1778354978354972,-12.08988090627598,11.766406073616054,-0.49525974025973973,1.0706673824614228,1.0828720401181613,0.3955086580086575,16.870492945292536,16.87776094236103,314.2231562694147,5.194563958682726,-1.6815243956216999,1000.64,-3.37,41.75,False
HAOS / PANGAEA,HAOS_Flight_104,HAOS_Flight_104_seg00,train,10.1594/PANGAEA.918840,CC BY 4.0,fixed-wing UAV,2020-02-28 16:48:13+00:00,452.0,65.0335,24.524126,26.33,383415.6293137,7214472.178968,-204.197563899972,-1076.4315039999783,1.3599999999999994,-204.23905200691152,-1076.7859899784821,0.8729870129870128,-11.165945892645041,12.51174295030819,-0.020822510822510965,0.7250591402562634,0.49924210610578257,0.4691666666666661,16.769676780786902,16.769689708191393,318.2530884885119,2.982518683987139,-0.0711427770173013,1000.5,-3.32,41.78,False
HAOS / PANGAEA,HAOS_Flight_104,HAOS_Flight_104_seg00,train,10.1594/PANGAEA.918840,CC BY 4.0,fixed-wing UAV,2020-02-28 16:48:14+00:00,453.0,65.033609,24.523891,26.03,383405.0362063,7214484.678948,-214.79067129996838,-1063.9315240001306,1.0600000000000023,-215.03274396016133,-1064.0639399350546,1.1361904761904753,-10.639762625763453,12.764890285827619,0.4430735930735925,0.30092669772745495,0.13162334087445515,0.30948051948051936,16.6176704968479,16.623576238303485,320.18819363738896,1.079178891618497,1.5273039462033169,1000.54,-3.27,42.0,False
HAOS / PANGAEA,HAOS_Flight_104,HAOS_Flight_104_seg00,train,10.1594/PANGAEA.918840,CC BY 4.0,fixed-wing UAV,2020-02-28 16:48:15+00:00,454.0,65.033717,24.523656,27.08,383394.4569989,7214497.211334,-225.36987870000303,-1051.3991379998624,2.1099999999999994,-225.51857725843843,-1051.2562094068269,1.7591341991341978,-10.564092497190131,12.7749896320571,0.5981385281385277,-0.13683289014845457,-0.08666295138107216,0.08148268398268405,16.57710500625351,16.587892575224824,320.41144627174884,-0.5522489170462522,2.066461673328339,1000.4,-3.29,41.5,False
HAOS / PANGAEA,HAOS_Flight_104,HAOS_Flight_104_seg00,train,10.1594/PANGAEA.918840,CC BY 4.0,fixed-wing UAV,2020-02-28 16:48:16+00:00,455.0,65.033827,24.523413,26.85,383383.5291212,7214509.8276,-236.29775640001753,-1038.7828719997779,1.8800000000000026,-236.1609289545416,-1038.5139606709404,2.332467532467531,-10.913428406060362,12.591564383065474,0.6060389610389606,-0.5220947087642429,-0.37426988749456314,-0.03353896103896098,16.662845290858588,16.673862672140054,319.08369580329645,-2.1989105590546263,2.082968135579566,1000.43,-3.19,41.17,False
HAOS / PANGAEA,HAOS_Flight_104,HAOS_Flight_104_seg00,train,10.1594/PANGAEA.918840,CC BY 4.0,fixed-wing UAV,2020-02-28 16:48:17+00:00,456.0,65.033934,24.523167,27.98,383372.4159748,7214522.285074,-247.41090279998025,-1026.3253979999572,3.0100000000000016,-247.34543407055915,-1026.073080640696,2.971212121212119,-11.608281914718617,12.026449857067973,0.5310606060606058,-0.8270675179645508,-0.8601200433339216,-0.1745562770562769,16.71489471029218,16.723328931270323,316.0136251536396,-4.111447209071951,1.8197721165502454,1000.28,-3.26,40.61,False
HAOS / PANGAEA,HAOS_Flight_104,HAOS_Flight_104_seg00,train,10.1594/PANGAEA.918840,CC BY 4.0,fixed-wing UAV,2020-02-28 16:48:18+00:00,457.0,65.034037,24.522908,28.51,383360.6500849,7214534.167146,-259.17679270001827,-1014.4433260001242,3.5400000000000027,-259.3774927839788,-1014.4610609568044,3.3945887445887424,-12.567563441989464,10.871324296397631,0.2569264069264068,-1.0208565824646456,-1.461777306310978,-0.2616341991341993,16.617140031481817,16.619126150446405,310.8608013851525,-6.157567731451698,0.8858098238727755,1000.21,-3.35,40.85,False
HAOS / PANGAEA,HAOS_Flight_104,HAOS_Flight_104_seg00,train,10.1594/PANGAEA.918840,CC BY 4.0,fixed-wing UAV,2020-02-28 16:48:19+00:00,458.0,65.034127,24.522627,28.51,383347.8310776,7214544.703193,-271.99579999997513,-1003.9072790006176,3.5400000000000027,-272.4805609545381,-1004.3304320479007,3.4850649350649325,-13.649995079647908,9.102895244446017,0.00779220779220724,-1.0761497660172878,-1.9791961828533147,-0.19429653679653702,16.40686037929774,16.406862229697435,303.6984896907362,-7.8522534986596,0.02721182332832397,1000.21,-3.35,40.85,False
HAOS / PANGAEA,HAOS_Flight_104,HAOS_Flight_104_seg00,train,10.1594/PANGAEA.918840,CC BY 4.0,fixed-wing UAV,2020-02-28 16:48:20+00:00,459.0,65.034196,24.522314,29.26,383333.408057,7214552.942544,-286.41882059996715,-995.6679279999807,4.290000000000003,-286.67748294327464,-996.2552704679124,3.410173160173157,-14.71986297402404,6.912931930691002,-0.13166666666666726,-1.1824948874497494,-2.24004922989252,-0.08340909090909077,16.26231821888906,16.26285122490894,295.1562943878333,-8.798734729375353,-0.4638809404031452,1000.11,-3.36,41.21,False
HAOS / PANGAEA,HAOS_Flight_104,HAOS_Flight_104_seg00,train,10.1594/PANGAEA.918840,CC BY 4.0,fixed-wing UAV,2020-02-28 16:48:21+00:00,460.0,65.034241,24.521979,27.38,383317.8212033,7214558.571779,-302.00567430001684,-990.0386930005625,2.41,-301.92028690258616,-990.5045681865187,3.221731601731598,-16.014984854547407,4.622796784660977,-0.1590259740259743,-1.0216968133145485,-2.1686004718132494,0.030238095238095397,16.668832892666924,16.669591454623884,286.1010202319855,-8.210461175964253,-0.5466033994123688,1000.36,-3.22,42.03,False
HAOS / PANGAEA,HAOS_Flight_104,HAOS_Flight_104_seg00,train,10.1594/PANGAEA.918840,CC BY 4.0,fixed-wing UAV,2020-02-28 16:48:22+00:00,461.0,65.034263,24.521633,27.83,383301.6463045,7214561.688351,-318.1805730999913,-986.9221210004762,2.8599999999999994,-318.70745265236945,-987.0096768985904,3.0921212121212083,-16.763256600653136,2.575730987064503,-0.07119047619047647,0.14257424177367284,-1.7776287916948377,0.100616883116883,16.95998708658309,16.960136498889547,278.73537203590485,-6.109236236083397,-0.2405007651583259,1000.3,-3.22,42.54,False
HAOS / PANGAEA,HAOS_Flight_104,HAOS_Flight_104_seg00,train,10.1594/PANGAEA.918840,CC BY 4.0,fixed-wing UAV,2020-02-28 16:48:23+00:00,462.0,65.03427,24.521286,27.83,383285.3468107,7214563.139285,-334.4800668999669,-985.4711870001629,2.8599999999999994,-335.44680010389243,-985.3531062123897,3.079350649350645,-15.729836371000061,1.0675392012713019,0.042207792207791694,1.751926276735574,-1.2259943398789517,0.16382034632034626,15.766020176464552,15.766076674379407,273.8825477598187,-4.100339683542234,0.15338827120560972,1000.3,-3.22,42.54,False
HAOS / PANGAEA,HAOS_Flight_104,HAOS_Flight_104_seg00,train,10.1594/PANGAEA.918840,CC BY 4.0,fixed-wing UAV,2020-02-28 16:48:24+00:00,463.0,65.034268,24.520933,28.73,383268.7102383,7214563.539659,-351.1166393000167,-985.0708130002022,3.7600000000000016,-350.1671253943696,-984.8745984960478,3.1765367965367917,-13.259404047181988,0.12374230730659974,0.25645021645021604,1.4933256325808628,-0.7518380606140056,0.11666666666666692,13.259981442107815,13.262461104884002,270.53469266882036,-2.9213685148209785,1.1079716465672456,1000.18,-3.22,42.65,False
HAOS / PANGAEA,HAOS_Flight_104,HAOS_Flight_104_seg00,train,10.1594/PANGAEA.918840,CC BY 4.0,fixed-wing UAV,2020-02-28 16:48:25+00:00,464.0,65.03426,24.520579,28.43,383252.0100363,7214563.290708,-367.81684129999485,-985.3197640003636,3.460000000000001,-361.9656081982564,-985.1056215977765,3.592251082251077,-12.743185105838336,-0.43613691995670933,0.27554112554112553,-0.6828354829007708,-0.4052826309631996,-0.09347402597402577,12.75064633870022,12.753623209365792,268.0398107301768,-1.611721161490514,1.2379675766517908,1000.22,-3.25,42.83,False
HAOS / PANGAEA,HAOS_Flight_104,HAOS_Flight_104_seg00,train,10.1594/PANGAEA.918840,CC BY 4.0,fixed-wing UAV,2020-02-28 16:48:26+00:00,465.0,65.034253,24.5204015,28.619999999999997,383243.635947,7214562.8303315,-376.19093059998704,-985.7801405005157,3.6499999999999986,-375.65349560604625,-985.7468723359613,3.7276190476190427,-14.62507501298353,-0.6868229546197995,0.06950216450216451,-1.8608258230519539,-0.11082362767120912,-0.14279220779220791,14.641193424935956,14.641358388389321,267.3112503458393,-0.1638045056641689,0.2719826632957952,1000.1949999999999,-3.26,43.435,True
HAOS / PANGAEA,HAOS_Flight_104,HAOS_Flight_104_seg00,train,10.1594/PANGAEA.918840,CC BY 4.0,fixed-wing UAV,2020-02-28 16:48:27+00:00,466.0,65.034246,24.520224,28.81,383235.2618577,7214562.369955,-384.56501989997923,-986.2405170006678,3.84,-391.21575822422346,-986.4792675070161,3.731255411255406,-16.464836751942244,-0.6577841752991276,-0.010043290043290298,-1.818190803030376,0.1300787890483548,-0.016071428571428514,16.477971030724078,16.47797409140629,267.7122017188484,0.6751599057597122,-0.03492165750123585,1000.17,-3.27,44.04,False
HAOS / PANGAEA,HAOS_Flight_104,HAOS_Flight_104_seg00,train,10.1594/PANGAEA.918840,CC BY 4.0,fixed-wing UAV,2020-02-28 16:48:28+00:00,467.0,65.034231,24.519868,28.81,383218.4463097,7214561.461533,-401.38056789996335,-987.1489390004426,3.84,-408.58316910993074,-987.0624406865595,3.707532467532462,-18.26145661904428,-0.4266653765230899,0.03735930735930748,-1.780481113098233,0.2955052879401592,0.09168831168831204,18.26644029888582,18.266478503274957,268.66157015735877,1.04837657852524,0.1171836229488004,1000.17,-3.3,43.7,False
HAOS / PANGAEA,HAOS_Flight_104,HAOS_Flight_104_seg00,train,10.1594/PANGAEA.918840,CC BY 4.0,fixed-wing UAV,2020-02-28 16:48:29+00:00,468.0,65.034214,24.519155,28.73,383184.7677292,7214560.831533,-435.0591483999742,-987.7789390003309,3.7600000000000016,-427.738671462312,-987.3325982600622,3.805974025974021,-20.02579897813871,-0.06677359941880923,0.17333333333333378,-1.1473065177517867,0.38525647513401395,0.11653679653679638,20.02591030206619,20.02666042731152,269.8089548758989,1.1483721227147357,0.49590856564106595,1000.18,-3.26,43.7,False
HAOS / PANGAEA,HAOS_Flight_104,HAOS_Flight_104_seg00,train,10.1594/PANGAEA.918840,CC BY 4.0,fixed-wing UAV,2020-02-28 16:48:30+00:00,469.0,65.034212,24.5188,28.66,383168.0613545,7214561.255067,-451.7655230999808,-987.3554050000384,3.6900000000000013,-448.63476706620816,-987.1959878853971,4.05419913419913,-20.556069654547855,0.343847573744938,0.27043290043290025,0.5809754427469187,0.37917019313829314,0.05722943722943685,20.558945274419926,20.560723838187943,270.95831440278823,1.1453115662202198,0.7536267084691223,1000.19,-3.28,44.92,False
HAOS / PANGAEA,HAOS_Flight_104,HAOS_Flight_104_seg00,train,10.1594/PANGAEA.918840,CC BY 4.0,fixed-wing UAV,2020-02-28 16:48:31+00:00,470.0,65.034212,24.518447,29.49,383151.4559533,7214561.964208,-468.3709242999903,-986.6462639998645,4.52,-468.85081077140774,-986.6449031125724,4.346839826839822,-18.863848092644872,0.6915667868577771,0.2877922077922075,2.1839337636376825,0.24209727264246794,0.19454545454545435,18.876520587308097,18.878714305744772,272.09957800833934,0.9849339283895654,0.8734661340839511,1000.08,-3.29,45.41,False
HAOS / PANGAEA,HAOS_Flight_104,HAOS_Flight_104_seg00,train,10.1594/PANGAEA.918840,CC BY 4.0,fixed-wing UAV,2020-02-28 16:48:32+00:00,471.0,65.034215,24.518097,29.71,383134.9731863,7214562.861052,-484.8536912999698,-985.7494200002402,4.740000000000002,-486.3624632514979,-985.8128543116816,4.629783549783545,-16.18820212727249,0.8280421190298739,0.659523809523809,1.6297339436186746,0.018541829497252138,0.3147402597402593,16.20936586866732,16.2227776141956,272.92818225956734,0.28696038442939215,2.3299553568031044,1000.05,-3.28,44.99,False
HAOS / PANGAEA,HAOS_Flight_104,HAOS_Flight_104_seg00,train,10.1594/PANGAEA.918840,CC BY 4.0,fixed-wing UAV,2020-02-28 16:48:33+00:00,472.0,65.034217,24.517749,30.69,383118.6021907,7214563.817851,-501.22468689997913,-984.7926209997386,5.720000000000002,-501.2272150259527,-984.9888188745126,5.6658874458874395,-15.604380205407523,0.7286504458522813,0.9172727272727261,-0.0729965244578068,-0.13463925326334447,-0.030649350649350593,15.621383199549099,15.648290715709278,272.6734987771981,-0.4844800368136993,3.360494842763773,999.92,-3.27,44.8,False
HAOS / PANGAEA,HAOS_Flight_104,HAOS_Flight_104_seg00,train,10.1594/PANGAEA.918840,CC BY 4.0,fixed-wing UAV,2020-02-28 16:48:34+00:00,473.0,65.034218,24.517401,30.69,383102.2582558,7214564.478394,-517.5686217999901,-984.1320780003443,5.720000000000002,-517.571223662313,-984.355553419977,6.464329004328997,-16.334195176188103,0.558763612503185,0.5982251082251078,-0.36142297575973714,-0.1488391850868993,-0.2832251082251078,16.34374953394919,16.35469419183909,271.95922218593995,-0.580737672084641,2.0962435246560758,999.92,-3.24,44.11,False
HAOS / PANGAEA,HAOS_Flight_104,HAOS_Flight_104_seg00,train,10.1594/PANGAEA.918840,CC BY 4.0,fixed-wing UAV,2020-02-28 16:48:35+00:00,474.0,65.034214,24.517055,31.67,383085.9565139,7214564.706104,-533.8703636999708,-983.904368000105,6.700000000000003,-533.8956053783289,-983.8712916495062,6.862337662337655,-16.327226156926997,0.4309720756784827,0.3508225108225105,-0.012646667967587177,-0.0856545811913918,-0.17343073593073632,16.33291311767303,16.336680426070515,271.51202343302884,-0.3012477260158548,1.2304944422698159,999.79,-3.25,43.3,False
HAOS / PANGAEA,HAOS_Flight_104,HAOS_Flight_104_seg00,train,10.1594/PANGAEA.918840,CC BY 4.0,fixed-wing UAV,2020-02-28 16:48:36+00:00,475.0,65.034211,24.516708,34.3,383069.5957026,7214565.010632,-550.2311749999644,-983.5998400002718,9.329999999999998,-550.2256759761669,-983.49360926862,7.165974025974018,-16.359488512123278,0.38745445012040136,0.2513636363636351,-0.050472517532597294,0.03143015911183511,-0.10581168831168819,16.364076060970007,16.366006507602812,271.35672673390826,0.10488734064056617,0.8800339759530493,999.44,-3.45,42.93,False
HAOS / PANGAEA,HAOS_Flight_104,HAOS_Flight_104_seg00,train,10.1594/PANGAEA.918840,CC BY 4.0,fixed-wing UAV,2020-02-28 16:48:37+00:00,476.0,65.034209,24.51636,31.37,383053.2222751,7214565.494342,-566.6046024999814,-983.1161299999803,6.400000000000002,-566.6145824025755,-983.0963827492654,7.365064935064925,-16.428171191992192,0.49383239390215294,0.1391991341991341,-0.061534161255082154,0.15050585179795917,-0.08391774891774828,16.43559184047442,16.436181294498766,271.72179811431,0.5175460109899712,0.4852476437521673,999.83,-3.18,42.73,False
HAOS / PANGAEA,HAOS_Flight_104,HAOS_Flight_104_seg00,train,10.1594/PANGAEA.918840,CC BY 4.0,fixed-wing UAV,2020-02-28 16:48:38+00:00,477.0,65.034208,24.516011,31.59,383036.7973572,7214566.032933,-583.0295203999849,-982.5775390006602,6.620000000000001,-583.0820183601513,-982.5059444808157,7.444372294372286,-16.482556834633442,0.6884661537163197,0.08352813852813856,-0.029800969481925677,0.16706582794500946,-0.010000000000000009,16.49692897031852,16.49714043104624,272.3918187558882,0.5765003257108773,0.29010059510384495,999.8,-3.15,42.1,False
HAOS / PANGAEA,HAOS_Flight_104,HAOS_Flight_104_seg00,train,10.1594/PANGAEA.918840,CC BY 4.0,fixed-wing UAV,2020-02-28 16:48:39+00:00,478.0,65.034209,24.515661,32.57,383020.3233784,7214566.750468,-599.5034991999855,-981.8600040003657,7.600000000000001,-599.5796960718424,-981.7194504418328,7.5321212121212024,-16.487773130956043,0.8279640497921719,0.11919913419913408,0.009897640259055152,0.08306792532036411,0.18870129870129837,16.50854891520222,16.508979245223436,272.8747987657317,0.28990378710668124,0.4136940601558361,999.67,-3.18,42.5,False
HAOS / PANGAEA,HAOS_Flight_104,HAOS_Flight_104_seg00,train,10.1594/PANGAEA.918840,CC BY 4.0,fixed-wing UAV,2020-02-28 16:48:40+00:00,479.0,65.034212,24.515308,33.1,383003.6958784,7214567.727248,-616.1309991999879,-980.883224000223,8.130000000000003,-616.0575646220634,-980.8500163812314,7.682770562770554,-16.462761554115332,0.8546020043570479,0.4609307359307353,0.032047964177564836,-0.015628314901562135,0.20741341991341944,16.48492834602289,16.491371068435594,272.97162633010157,-0.04878779277898836,1.6016148920180688,999.6,-3.19,43.08,False
HAOS / PANGAEA,HAOS_Flight_104,HAOS_Flight_104_seg00,train,10.1594/PANGAEA.918840,CC BY 4.0,fixed-wing UAV,2020-02-28 16:48:41+00:00,480.0,65.034216,24.514957,33.02,382987.1869973,7214568.774976,-632.6398802999756,-979.8354960000142,8.050000000000004,-632.505219180073,-980.0102464331187,8.453982683982673,-16.423677202600913,0.7967074199890476,0.534025974025973,0.03772519718538092,-0.08913705844003061,-0.1274783549783547,16.442989860980227,16.451659469768785,272.77722318017373,-0.3041441951368318,1.8601655561282082,999.61,-3.14,42.63,False
HAOS / PANGAEA,HAOS_Flight_104,HAOS_Flight_104_seg00,train,10.1594/PANGAEA.918840,CC BY 4.0,fixed-wing UAV,2020-02-28 16:48:42+00:00,481.0,65.034216,24.514611,34.22,382970.9240154,7214569.451576,-648.9028621999896,-979.1588960001245,9.25,-648.9049190272652,-979.2566015412533,8.7508225108225,-16.38731115974457,0.6763278874769867,0.20597402597402592,0.023352273592479378,-0.141805111530374,-0.18905844155844087,16.401261733710246,16.402555037464253,272.3633379398279,-0.4913550862680005,0.7195069629491538,999.45,-3.16,41.97,False
HAOS / PANGAEA,HAOS_Flight_104,HAOS_Flight_104_seg00,train,10.1594/PANGAEA.918840,CC BY 4.0,fixed-wing UAV,2020-02-28 16:48:43+00:00,482.0,65.034215,24.514265,33.92,382954.6079047,7214569.983216,-665.2189729000092,-978.6272560004145,8.950000000000003,-665.2798414995622,-978.6575906581647,8.865930735930725,-16.376972655415955,0.5130971969282996,0.15590909090909122,-0.203410802055771,-0.14386493511580056,0.04191017316017298,16.385008455589446,16.38575020358744,271.79451300763776,-0.5189061387063235,0.5451729447767487,999.49,-3.12,41.7,False
HAOS / PANGAEA,HAOS_Flight_104,HAOS_Flight_104_seg00,train,10.1594/PANGAEA.918840,CC BY 4.0,fixed-wing UAV,2020-02-28 16:48:44+00:00,483.0,65.034212,24.513916,33.92,382938.1977195,7214570.332131,-681.6291580999969,-978.2783409999683,8.950000000000003,-681.6588643380971,-978.2304071473967,9.062640692640683,-16.794132763856112,0.38859801724538556,0.2897943722943719,-0.31257344501725015,-0.07985715260753068,0.09797619047619,16.798628030557506,16.801127476667926,271.32552566241526,-0.30190622049906385,0.9883156891864352,999.49,-3.12,41.7,False
HAOS / PANGAEA,HAOS_Flight_104,HAOS_Flight_104_seg00,train,10.1594/PANGAEA.918840,CC BY 4.0,fixed-wing UAV,2020-02-28 16:48:45+00:00,484.0,65.03421,24.513567,34.0,382921.7517785,7214570.717684,-698.0750991000095,-977.8927880004048,9.030000000000001,-698.8681070272744,-977.880394623674,9.445519480519469,-17.002119545450455,0.3533828917132382,0.3518614718614712,0.5305512327975634,-0.013898876598489096,0.020882034632035307,17.005791616562398,17.009431354437588,271.19070056663963,-0.005905594538761559,1.1853197791124903,999.48,-3.06,41.53,False
HAOS / PANGAEA,HAOS_Flight_104,HAOS_Flight_104_seg00,train,10.1594/PANGAEA.918840,CC BY 4.0,fixed-wing UAV,2020-02-28 16:48:46+00:00,485.0,65.034207,24.513215,34.6,382905.1727238,7214571.048552,-714.6541537999874,-977.5619200002402,9.630000000000003,-715.663103428998,-977.5236413639702,9.766363636363625,-15.733030298260985,0.36080026404840737,0.3315584415584425,1.897809358442089,-0.005514374408988942,-0.01775974025974003,15.737166809706745,15.740659141113,271.3137144733377,0.14712706126013386,1.2069573608956647,999.4,-3.06,41.44,False
HAOS / PANGAEA,HAOS_Flight_104,HAOS_Flight_104_seg00,train,10.1594/PANGAEA.918840,CC BY 4.0,fixed-wing UAV,2020-02-28 16:48:47+00:00,486.0,65.034204,24.512863,35.35,382888.5741173,7214571.406164,-731.2527603000053,-977.2043080003932,10.380000000000003,-730.3341676237964,-977.1587940955772,10.108636363636354,-13.206500828566277,0.34235414289526034,0.31634199134199115,1.5406432775957342,-0.002719258609317876,-0.0339935064935073,13.210937532744573,13.214724467410038,271.4849546891599,0.1475922059463464,1.371711728989313,999.3,-3.06,41.32,False
HAOS / PANGAEA,HAOS_Flight_104,HAOS_Flight_104_seg00,train,10.1594/PANGAEA.918840,CC BY 4.0,fixed-wing UAV,2020-02-28 16:48:48+00:00,487.0,65.034203,24.51251,35.88,382871.9567746,7214571.877052,-747.8701029999647,-976.7334200004116,10.910000000000004,-742.0761050861306,-976.8389330781797,10.399047619047607,-12.651743743069517,0.3553617468297716,0.2635714285714279,-0.6274467053046919,0.04487584089531538,-0.07462121212121176,12.656733453439264,12.659477540932238,271.6088988852304,0.11326573116509793,1.1929893351985557,999.23,-3.07,41.13,False
HAOS / PANGAEA,HAOS_Flight_104,HAOS_Flight_104_seg00,train,10.1594/PANGAEA.918840,CC BY 4.0,fixed-wing UAV,2020-02-28 16:48:49+00:00,488.0,65.034203,24.512334,35.505,382863.6850401,7214572.22688,-756.1418374999776,-976.3835920002311,10.535000000000004,-755.6376551099354,-976.4480706019176,10.63577922077921,-14.461394239175661,0.4321058246858911,0.16709956709956764,-1.8086189952414031,0.08314024238217144,-0.11784632034632025,14.467848450429333,14.468813394674607,271.7114861514901,0.11379064014860435,0.6617206632107483,999.28,-3.025,41.015,True
HAOS / PANGAEA,HAOS_Flight_104,HAOS_Flight_104_seg00,train,10.1594/PANGAEA.918840,CC BY 4.0,fixed-wing UAV,2020-02-28 16:48:50+00:00,489.0,65.034203,24.512158,35.13,382855.4133056,7214572.576708,-764.4135719999904,-976.0337640000507,10.160000000000004,-770.9988935644819,-975.9747214288079,10.733246753246743,-16.268981733552323,0.5216422315941145,0.027878787878787392,-1.8088145556318125,0.09071273810852176,-0.03427489177489296,16.277342450917523,16.277366325399672,271.83648016552763,0.11608123486703513,0.09813243938955057,999.33,-2.98,40.9,False
HAOS / PANGAEA,HAOS_Flight_104,HAOS_Flight_104_seg00,train,10.1594/PANGAEA.918840,CC BY 4.0,fixed-wing UAV,2020-02-28 16:48:51+00:00,490.0,65.0342,24.511805,35.88,382838.7559099,7214572.929662,-781.0709676999832,-975.6808099998161,10.910000000000004,-788.17561857704,-975.4047861387294,10.691536796536784,-18.079023350439286,0.6135313009029346,0.09854978354978172,-1.799616061580025,0.0759127900786325,0.15652597402597346,18.089430780511492,18.089699224220237,271.94364862122416,0.05245851844557402,0.3121397724761801,999.23,-3.01,40.74,False
HAOS / PANGAEA,HAOS_Flight_104,HAOS_Flight_104_seg00,train,10.1594/PANGAEA.918840,CC BY 4.0,fixed-wing UAV,2020-02-28 16:48:52+00:00,491.0,65.034198,24.511098,36.11,382805.467925,7214573.960866,-814.3589525999851,-974.649606000632,11.14,-807.1569402653605,-974.747658827002,10.930346320346306,-19.868213856712373,0.6734678117513795,0.3409307359307343,-1.1861172640637108,0.020196620129979692,0.1295238095238096,19.879624763800816,19.88254798853067,271.9413972024188,-0.056126221282864194,0.9825123854317168,999.2,-2.91,40.32,False
HAOS / PANGAEA,HAOS_Flight_104,HAOS_Flight_104_seg00,train,10.1594/PANGAEA.918840,CC BY 4.0,fixed-wing UAV,2020-02-28 16:48:53+00:00,492.0,65.034198,24.510744,36.11,382788.844957,7214574.596759,-830.9819205999956,-974.0137130003422,11.14,-827.9120462904648,-974.0578505152266,11.373398268398253,-20.451257878566707,0.653924541162894,0.3575974025974009,0.5047355787894503,-0.057056584442875646,-0.06195346320346262,20.461709755569593,20.464834277939225,271.83139617865845,-0.12124464481016099,1.0012230955465586,999.2,-2.9,40.46,False
HAOS / PANGAEA,HAOS_Flight_104,HAOS_Flight_104_seg00,train,10.1594/PANGAEA.918840,CC BY 4.0,fixed-wing UAV,2020-02-28 16:48:54+00:00,493.0,65.034198,24.510391,36.26,382772.225483,7214575.30099,-847.6013946000021,-973.3094819998369,11.29,-848.0594560224939,-973.4398097446763,11.645541125541108,-18.858742699133472,0.5593546428656282,0.21702380952380906,2.0810919414471414,-0.08540830624926343,-0.08902597402597312,18.867036169165928,18.8682843189972,271.69890791279846,-0.06629640855449362,0.6590330271263001,999.18,-2.9,41.91,False
HAOS / PANGAEA,HAOS_Flight_104,HAOS_Flight_104_seg00,train,10.1594/PANGAEA.918840,CC BY 4.0,fixed-wing UAV,2020-02-28 16:48:55+00:00,494.0,65.034197,24.51004,37.46,382755.7099682,7214575.830985,-864.1169093999779,-972.779486999847,12.490000000000002,-865.6295316887317,-972.9391412294954,11.807445887445871,-16.289073995672425,0.48310792866436714,0.17954545454545467,1.5628027844178405,-0.019038178545656592,-0.08083874458874396,16.296236525874004,16.29722557607515,271.69880336154944,0.09937537408950427,0.6312365768795556,999.02,-2.91,42.67,False
HAOS / PANGAEA,HAOS_Flight_104,HAOS_Flight_104_seg00,train,10.1594/PANGAEA.918840,CC BY 4.0,fixed-wing UAV,2020-02-28 16:48:56+00:00,495.0,65.034194,24.509691,37.01,382739.2690223,7214576.115725,-880.557855299965,-972.4947469998151,12.04,-880.6376040138388,-972.4735938873475,12.004632034632017,-15.733137130297791,0.521278285774315,0.05534632034632114,-0.0700980956682713,0.07752544579534515,-0.05444805194805147,15.741770390015693,15.741867685479722,271.89765866097747,0.2628033827054313,0.20144478177593486,999.08,-2.89,42.88,False
HAOS / PANGAEA,HAOS_Flight_104,HAOS_Flight_104_seg00,train,10.1594/PANGAEA.918840,CC BY 4.0,fixed-wing UAV,2020-02-28 16:48:57+00:00,496.0,65.034191,24.50934,36.56,382722.7288789,7214576.489917,-897.0979986999882,-972.1205550003797,11.590000000000003,-897.0958059493273,-971.8965846579467,11.918138528138513,-16.429270187008967,0.6381588202550574,0.07064935064935174,-0.3225108472992133,0.14272528777226512,0.0322402597402589,16.441659452671164,16.44181124111204,272.2244101269603,0.4611225607826342,0.24619684624802904,999.14,-2.87,43.09,False
HAOS / PANGAEA,HAOS_Flight_104,HAOS_Flight_104_seg00,train,10.1594/PANGAEA.918840,CC BY 4.0,fixed-wing UAV,2020-02-28 16:48:58+00:00,497.0,65.034192,24.50899,37.24,382706.2306497,7214577.246852,-913.5962279000087,-971.3636199999601,12.270000000000003,-913.4961443878567,-971.1972762468374,12.14593073593072,-16.378158824896218,0.8067288613188452,0.11982683982683895,0.04694835616541582,0.18767285713869342,0.04450216450216349,16.398015061256977,16.398452866680856,272.8199037825427,0.6629362599964941,0.4186756732411136,999.05,-2.89,43.93,False
HAOS / PANGAEA,HAOS_Flight_104,HAOS_Flight_104_seg00,train,10.1594/PANGAEA.918840,CC BY 4.0,fixed-wing UAV,2020-02-28 16:48:59+00:00,498.0,65.034198,24.508644,37.08,382689.9661925,7214578.486611,-929.860685099964,-970.1238609999418,12.11,-929.8521235991197,-970.283126935309,12.157792207792191,-16.335373474678136,1.0135045345324443,0.15965367965367872,0.0441740816044387,0.1753748951124976,0.07882034632034696,16.3667839846054,16.367562655941256,273.5502826469533,0.6222192784656108,0.5588875560692603,999.07,-2.87,44.98,False
HAOS / PANGAEA,HAOS_Flight_104,HAOS_Flight_104_seg00,train,10.1594/PANGAEA.918840,CC BY 4.0,fixed-wing UAV,2020-02-28 16:49:00+00:00,499.0,65.0342,24.508298,36.78,382673.722224,7214579.423451,-946.1046535999631,-969.1870210003108,11.810000000000002,-946.166891337213,-969.1702671777725,12.465238095238078,-16.28981066168734,1.1574786515438404,0.27746753246753286,0.047577875000968106,0.08807664616858801,0.08244588744588777,16.330881428214532,16.333238394573684,274.06434233947397,0.31968407368556706,0.9733821872067491,999.11,-2.86,45.58,False
HAOS / PANGAEA,HAOS_Flight_104,HAOS_Flight_104_seg00,train,10.1594/PANGAEA.918840,CC BY 4.0,fixed-wing UAV,2020-02-28 16:49:01+00:00,500.0,65.034205,24.507952,38.89,382657.4286981,7214580.551084,-962.3981795000145,-968.0593880005181,13.920000000000002,-962.4317449224944,-967.9681696322214,12.712727272727257,-16.2402177246762,1.1896578268696203,0.32454545454545425,0.042419737551426806,-0.032684877717372274,0.029274891774890843,16.283732910175086,16.286966790719053,274.18965079432445,-0.10440610870429658,1.1417912166411677,998.83,-2.93,46.37,False
HAOS / PANGAEA,HAOS_Flight_104,HAOS_Flight_104_seg00,train,10.1594/PANGAEA.918840,CC BY 4.0,fixed-wing UAV,2020-02-28 16:49:02+00:00,501.0,65.03421,24.507606,37.39,382641.1717908,7214581.804981,-978.6550867999904,-966.8054910004139,12.420000000000002,-978.6473267865654,-966.7909515240333,13.114329004328987,-16.204971186584487,1.092108896109096,0.33601731601731455,0.036935691340659105,-0.13515879759904692,-0.014155844155844477,16.241729987873647,16.245205466095452,273.8555301220654,-0.4674433474958909,1.1851956659734841,999.03,-2.81,46.43,False
HAOS / PANGAEA,HAOS_Flight_104,HAOS_Flight_104_seg00,train,10.1594/PANGAEA.918840,CC BY 4.0,fixed-wing UAV,2020-02-28 16:49:03+00:00,502.0,65.034214,24.50726,38.37,382624.9380913,7214582.872759,-994.8887862999691,-965.7377129998058,13.399999999999999,-994.8416872956634,-965.7839518400032,13.384761904761886,-16.16634634199488,0.9193402316715265,0.2962337662337653,0.04820509892064706,-0.21319916233471758,-0.11614718614718544,16.19246554762125,16.19517505169852,273.25476409933265,-0.7445211278604036,1.0480832165187002,998.9,-2.85,46.58,False
HAOS / PANGAEA,HAOS_Flight_104,HAOS_Flight_104_seg00,train,10.1594/PANGAEA.918840,CC BY 4.0,fixed-wing UAV,2020-02-28 16:49:04+00:00,503.0,65.034216,24.506917,38.44,382608.8029417,7214583.761931,-1011.0239359000116,-964.8485409999266,13.469999999999999,-1010.9800194705551,-964.9522710606902,13.706796536796517,-16.108560988743193,0.6657105714396607,0.10372294372294366,0.04468598322637263,-0.2906586894517318,-0.0844588744588739,16.12231086702479,16.122644514534212,272.3664878663445,-1.0251409407867587,0.36860751371710343,998.89,-2.83,47.19,False
HAOS / PANGAEA,HAOS_Flight_104,HAOS_Flight_104_seg00,train,10.1594/PANGAEA.918840,CC BY 4.0,fixed-wing UAV,2020-02-28 16:49:05+00:00,504.0,65.034216,24.506577,39.49,382592.7964395,7214584.348932,-1027.0304380999878,-964.2615400003269,14.520000000000003,-1027.0588092731498,-964.4525306971238,13.592207792207773,-16.076974375542136,0.3380228527680629,0.1273160173160175,0.013572150215111378,-0.2660202403064602,0.10044372294372295,16.080527495105123,16.081031493318363,271.2044822177591,-0.9451257429422342,0.45362430068151016,998.75,-2.87,47.45,False
HAOS / PANGAEA,HAOS_Flight_104,HAOS_Flight_104_seg00,train,10.1594/PANGAEA.918840,CC BY 4.0,fixed-wing UAV,2020-02-28 16:49:06+00:00,505.0,65.034211,24.506236,38.29,382576.7038435,7214584.419799,-1043.12303409999,-964.1906730001792,13.32,-1043.1339682216394,-964.2762253551541,13.961428571428552,-16.08141668831297,0.1336700908267403,0.30461038961038955,-0.008666620451776907,-0.09008610932039574,0.09412337662337711,16.081972217247873,16.084856787854566,270.4762363804601,-0.3212757712363274,1.085115853228889,998.91,-2.82,47.36,False
HAOS / PANGAEA,HAOS_Flight_104,HAOS_Flight_104_seg00,train,10.1594/PANGAEA.918840,CC BY 4.0,fixed-wing UAV,2020-02-28 16:49:07+00:00,506.0,65.034206,24.505896,39.42,382560.6599643,7214584.469865,-1059.166913299996,-964.1406070003286,14.450000000000003,-1059.2216426497757,-964.1851905154704,14.201428571428552,-16.09430761644569,0.1578506341272714,0.3155627705627717,-0.005126030840699514,0.10004383989195276,0.04551948051948074,16.095081685890136,16.098174875980238,270.5619306752865,0.35598334382096064,1.1232063992225843,998.76,-2.84,48.1,False
HAOS / PANGAEA,HAOS_Flight_104,HAOS_Flight_104_seg00,train,10.1594/PANGAEA.918840,CC BY 4.0,fixed-wing UAV,2020-02-28 16:49:08+00:00,507.0,65.034199,24.505554,38.74,382544.5542049,7214584.383241,-1075.2726726999972,-964.2272310005501,13.770000000000003,-1075.3225834545308,-963.9605240868996,14.592554112554096,-16.09166874999437,0.3337577706106458,0.39564935064935103,0.025946508008132696,0.20055756174647854,0.051049783549782735,16.095129617651057,16.099991795577335,271.188203068102,0.716809269866919,1.4081572543731993,998.85,-2.81,48.06,False
HAOS / PANGAEA,HAOS_Flight_104,HAOS_Flight_104_seg00,train,10.1594/PANGAEA.918840,CC BY 4.0,fixed-wing UAV,2020-02-28 16:49:09+00:00,508.0,65.034196,24.50521,40.4,382528.3532379,7214584.730507,-1091.4736396999797,-963.8799649998546,15.43,-1091.4049801497645,-963.5176749742491,14.992727272727254,-16.042414600429424,0.5589657576202285,0.4176623376623372,0.04893618127567834,0.2040948939168743,-0.06480519480519531,16.05214966695312,16.05758234475429,271.99554921502033,0.7339136463008047,1.4904478020139769,998.63,-2.89,48.61,False
HAOS / PANGAEA,HAOS_Flight_104,HAOS_Flight_104_seg00,train,10.1594/PANGAEA.918840,CC BY 4.0,fixed-wing UAV,2020-02-28 16:49:10+00:00,509.0,65.0342,24.504869,40.7,382512.3100107,7214585.808335,-1107.5168668999686,-962.8021370004863,15.730000000000004,-1107.4074126553896,-962.8425925716591,15.42787878787877,-15.993796387443012,0.7419475584443944,0.2660389610389604,0.018147747618854737,0.1455543495652023,-0.1375324675324685,16.01099650435496,16.013206605525873,272.6560303607036,0.5222679009630276,0.9519399412043208,998.59,-2.87,48.82,False
HAOS / PANGAEA,HAOS_Flight_104,HAOS_Flight_104_seg00,train,10.1594/PANGAEA.918840,CC BY 4.0,fixed-wing UAV,2020-02-28 16:49:11+00:00,510.0,65.034204,24.50453,40.7,382496.3705747,7214586.885718,-1123.4563028999837,-961.7247540000826,15.730000000000004,-1123.3925729246505,-962.0337798573603,15.524805194805175,-16.006119105191715,0.8500744567506331,0.14259740259740017,-0.22712307862752823,0.0693930433065475,-0.11675865800865814,16.028676657528628,16.029310946226932,273.04008501694636,0.2045129175390773,0.5097123097994956,998.59,-2.87,48.82,False
HAOS / PANGAEA,HAOS_Flight_104,HAOS_Flight_104_seg00,train,10.1594/PANGAEA.918840,CC BY 4.0,fixed-wing UAV,2020-02-28 16:49:12+00:00,511.0,65.034205,24.504192,40.62,382480.4731332,7214587.546434,-1139.3537443999667,-961.0640380000696,15.649999999999999,-1139.419650865773,-961.1424436581578,15.71307359307357,-16.44804254469807,0.8807336450574894,0.03252164502164412,-0.3401330406971965,-0.02703224025154327,-0.09193722943722804,16.471605729428262,16.471637834870247,273.0650561957818,-0.15445426918799537,0.11312501111827146,998.6,-2.82,49.38,False
HAOS / PANGAEA,HAOS_Flight_104,HAOS_Flight_104_seg00,train,10.1594/PANGAEA.918840,CC BY 4.0,fixed-wing UAV,2020-02-28 16:49:13+00:00,512.0,65.034205,24.503852,40.1,382464.4758968,7214588.194111,-1155.3509807999944,-960.4163610003889,15.130000000000003,-1156.2886580140466,-960.2723125672453,15.589848484848464,-16.686385186586108,0.7960099762475465,-0.04127705627705591,0.4772150420429284,-0.10534796213482878,0.030806277056277587,16.70536089036708,16.70541188575669,272.7311764785704,-0.29439116824843287,-0.1415710991183244,998.67,-2.83,48.58,False
HAOS / PANGAEA,HAOS_Flight_104,HAOS_Flight_104_seg00,train,10.1594/PANGAEA.918840,CC BY 4.0,fixed-wing UAV,2020-02-28 16:49:14+00:00,513.0,65.034206,24.503504,40.62,382448.0794113,7214588.920237,-1171.747466299974,-959.6902350001037,15.649999999999999,-1172.7924212389453,-959.5504237056628,15.630519480519458,-15.493612460612212,0.6700377207878319,0.09413419913419929,1.8288565077925227,-0.12388254225646733,0.11108225108225156,15.508093939195641,15.508379634067616,272.4762738592849,-0.16079940693621558,0.347781364998987,998.6,-2.83,48.33,False
HAOS / PANGAEA,HAOS_Flight_104,HAOS_Flight_104_seg00,train,10.1594/PANGAEA.918840,CC BY 4.0,fixed-wing UAV,2020-02-28 16:49:15+00:00,514.0,65.034207,24.503153,41.0,382431.5798537,7214589.744792,-1188.2470238999813,-958.8656799998134,16.03,-1187.275882935271,-958.9322371256696,15.778116883116862,-13.028672171001062,0.5482448917346119,0.1808874458874472,1.5161229677512438,-0.10818642531464207,0.06666666666666643,13.040202107357487,13.041456639072582,272.40957766469796,-0.19565062156706203,0.7947286750755755,998.55,-2.88,49.41,False
HAOS / PANGAEA,HAOS_Flight_104,HAOS_Flight_104_seg00,train,10.1594/PANGAEA.918840,CC BY 4.0,fixed-wing UAV,2020-02-28 16:49:16+00:00,515.0,65.034208,24.502804,40.93,382415.1508277,7214590.450298,-1204.6760499000084,-958.160174000077,15.96,-1198.8497655809474,-958.4539339221935,15.992294372294353,-12.461366525109725,0.45366487015854773,0.22746753246753215,-0.6194068163375732,-0.07139414393657262,-0.015443722943724314,12.469621786066375,12.471696314690638,272.08497261615076,-0.3908857457059698,1.0450585015633669,998.56,-2.83,49.23,False
HAOS / PANGAEA,HAOS_Flight_104,HAOS_Flight_104_seg00,train,10.1594/PANGAEA.918840,CC BY 4.0,fixed-wing UAV,2020-02-28 16:49:17+00:00,516.0,65.03420650000001,24.5026315,41.155,382407.03271615,7214590.638479,-1212.7941614500014,-957.9719930002466,16.185000000000002,-1212.1986159854905,-958.0249073853525,16.233051948051926,-14.267485803676209,0.40545660386146665,0.14999999999999858,-1.8493023411215859,-0.03541571109195729,-0.0993939393939387,14.27324581921425,14.274033985377681,271.627806173286,-0.36393810806039045,0.602109055062975,998.53,-2.8200000000000003,49.315,True
HAOS / PANGAEA,HAOS_Flight_104,HAOS_Flight_104_seg00,train,10.1594/PANGAEA.918840,CC BY 4.0,fixed-wing UAV,2020-02-28 16:49:18+00:00,517.0,65.034205,24.502459,41.38,382398.9146046,7214590.82666,-1220.9122729999945,-957.7838120004162,16.410000000000004,-1227.3847371882998,-957.6430207144706,16.29229437229435,-16.159971207352896,0.38283344797463315,0.02867965367965475,-1.91558518787798,0.01419003462336832,0.10602813852813942,16.164505277655817,16.16453071987857,271.35709640003,-0.12732583807664186,0.10165615100968256,998.5,-2.81,49.4,False
HAOS / PANGAEA,HAOS_Flight_104,HAOS_Flight_104_seg00,train,10.1594/PANGAEA.918840,CC BY 4.0,fixed-wing UAV,2020-02-28 16:49:19+00:00,518.0,65.034202,24.502113,41.53,382382.6117463,7214591.06541,-1237.2151312999777,-957.5450619999319,16.560000000000002,-1244.5185584001963,-957.2592404894033,16.290411255411236,-18.09865617943217,0.4338366731082033,0.3620562770562774,-1.9110935844190067,0.10722525002233851,0.4144372294372278,18.10385510768996,18.10747510030009,271.3731544971327,0.17750704225728597,1.1456969564537223,998.48,-2.82,49.95,False
HAOS / PANGAEA,HAOS_Flight_104,HAOS_Flight_104_seg00,train,10.1594/PANGAEA.918840,CC BY 4.0,fixed-wing UAV,2020-02-28 16:49:20+00:00,519.0,65.034198,24.501406,41.75,382349.3010741,7214592.018623,-1270.5258034999715,-956.5918490001932,16.78,-1263.5820495471642,-956.7753473682542,17.016406926406905,-19.98215837619091,0.5972839480193102,0.8575541125541104,-1.2687444836614077,0.17090374568692823,0.2823268398268386,19.991083049343228,20.009467772574475,271.71211048454455,0.38969514236991354,2.456301468977608,998.45,-2.83,50.2,False
HAOS / PANGAEA,HAOS_Flight_104,HAOS_Flight_104_seg00,train,10.1594/PANGAEA.918840,CC BY 4.0,fixed-wing UAV,2020-02-28 16:49:21+00:00,520.0,65.034197,24.501041,42.13,382332.1495489,7214592.572674,-1287.677328699967,-956.0377980004996,17.160000000000004,-1284.4828751525781,-956.0646725933647,18.005519480519457,-20.636145146754984,0.7756441644820598,0.9267099567099546,0.43878954247583124,0.13176996213007897,-0.03244047619047663,20.6507169460974,20.67149974558449,272.15254478187256,0.43390346194891355,2.56944930536523,998.4,-2.86,50.75,False
HAOS / PANGAEA,HAOS_Flight_104,HAOS_Flight_104_seg00,train,10.1594/PANGAEA.918840,CC BY 4.0,fixed-wing UAV,2020-02-28 16:49:22+00:00,521.0,65.034197,24.500681,43.34,382315.1807799,7214593.271865,-1304.6460976999952,-955.338607000187,18.370000000000005,-1304.8543398406741,-955.2240590392901,18.869826839826814,-19.104579291239247,0.8608238722794681,0.7926731601731571,2.0401375463180784,0.022159045466366933,-0.18185064935064865,19.1239631780218,19.140383966190246,272.5799174084424,0.3414126903692041,2.373506145359493,998.24,-2.92,51.2,False
HAOS / PANGAEA,HAOS_Flight_104,HAOS_Flight_104_seg00,train,10.1594/PANGAEA.918840,CC BY 4.0,fixed-wing UAV,2020-02-28 16:49:23+00:00,522.0,65.034199,24.500329,46.43,382298.623422,7214594.14641,-1321.2034556000144,-954.4640620006248,21.46,-1322.6920337350566,-954.3430248488057,19.59086580086577,-16.555870054118827,0.8199622554147936,0.5630086580086573,1.551394140748755,-0.06437243070976706,-0.20949675324675088,16.576162745013498,16.58572127156869,272.83537016261096,0.019763750239648138,1.9453008834017584,997.83,-3.13,50.44,False
HAOS / PANGAEA,HAOS_Flight_104,HAOS_Flight_104_seg00,train,10.1594/PANGAEA.918840,CC BY 4.0,fixed-wing UAV,2020-02-28 16:49:24+00:00,523.0,65.034203,24.499978,45.37,382282.0979324,7214595.191246,-1337.7289451999823,-953.4192260000855,20.4,-1337.9660799489118,-953.5841345284605,19.99584415584413,-16.001791009741737,0.732079010859934,0.3736796536796554,-0.08639030150902727,-0.07614343936927526,-0.14708874458874455,16.01852849663767,16.022886496545098,272.6194449089217,-0.2748945397479372,1.3363514968920813,997.97,-3.0,51.17,False
HAOS / PANGAEA,HAOS_Flight_104,HAOS_Flight_104_seg00,train,10.1594/PANGAEA.918840,CC BY 4.0,fixed-wing UAV,2020-02-28 16:49:25+00:00,524.0,65.034203,24.499618,44.47,382265.1923323,7214595.88086,-1354.6345452999813,-952.7296120002866,19.5,-1354.69561575454,-952.8788668270859,20.338225108225082,-16.728650657136882,0.6676753766762431,0.2688311688311682,-0.35488326590416364,-0.07833262772027183,-0.04075757575757777,16.741969514281944,16.744127729281125,272.28558108311506,-0.32370544429063935,0.9199376305566463,998.09,-2.92,52.04,False
HAOS / PANGAEA,HAOS_Flight_104,HAOS_Flight_104_seg00,train,10.1594/PANGAEA.918840,CC BY 4.0,fixed-wing UAV,2020-02-28 16:49:26+00:00,525.0,65.034202,24.499261,45.0,382248.3505656,7214596.413428,-1371.4763120000134,-952.1970440000296,20.03,-1371.4233812631855,-952.248783775108,20.533506493506465,-16.711557541550064,0.5754137554193903,0.29216450216449985,0.026316935061799995,-0.1345332337984928,0.2011147186147193,16.72146095454774,16.724013171209524,271.9720340203404,-0.4581468324374872,1.0009944574763239,998.02,-2.93,51.65,False
HAOS / PANGAEA,HAOS_Flight_104,HAOS_Flight_104_seg00,train,10.1594/PANGAEA.918840,CC BY 4.0,fixed-wing UAV,2020-02-28 16:49:27+00:00,526.0,65.034199,24.498904,45.52,382231.5377657,7214596.725182,-1388.2891118999687,-951.8852900005877,20.550000000000004,-1388.1187308376402,-951.7280393162471,20.92255411255408,-16.676016787013282,0.3986089090792575,0.6710606060606068,0.03415591633495296,-0.1855219437174469,0.37701298701298835,16.680780105952664,16.694272888633172,271.3692874182401,-0.6342544209104469,2.3037422856162704,997.95,-2.95,52.01,False
HAOS / PANGAEA,HAOS_Flight_104,HAOS_Flight_104_seg00,train,10.1594/PANGAEA.918840,CC BY 4.0,fixed-wing UAV,2020-02-28 16:49:28+00:00,527.0,65.034197,24.498551,47.33,382214.9527052,7214597.246546,-1404.8741723999847,-951.3639259999618,22.36,-1404.775414837212,-951.4515659569495,21.87562770562768,-16.64324570888016,0.20436986798449652,1.0461904761904766,-0.039268784310024785,-0.08835089066593582,0.13796536796536607,16.644500436153013,16.677347189573332,270.7035251785195,-0.3052364677732843,3.5965961600126137,997.71,-2.98,52.62,False
HAOS / PANGAEA,HAOS_Flight_104,HAOS_Flight_104_seg00,train,10.1594/PANGAEA.918840,CC BY 4.0,fixed-wing UAV,2020-02-28 16:49:29+00:00,528.0,65.034198,24.498202,48.01,382198.4885522,7214597.945049,-1421.3383253999637,-950.6654230002314,23.04,-1421.4052222554005,-951.3192995802781,23.014935064935035,-16.75455435563333,0.22190712774738586,0.9469913419913389,-0.18574489599575372,0.30352943294857937,-0.23836580086580206,16.75602382515664,16.78276279493408,270.75881448269354,1.0134142149371541,3.2347142025086315,997.62,-2.94,52.02,False
HAOS / PANGAEA,HAOS_Flight_104,HAOS_Flight_104_seg00,train,10.1594/PANGAEA.918840,CC BY 4.0,fixed-wing UAV,2020-02-28 16:49:30+00:00,529.0,65.034196,24.49785,49.07,382181.9355779,7214598.343509,-1437.8912997000152,-950.2669630004093,24.1,-1438.2845235484788,-951.0077517014547,23.769610389610357,-17.014735500871666,0.8114287338816553,0.5694588744588724,-0.1791419420984539,1.035243366885254,-0.38196969696969596,17.034072934996825,17.0435889461255,272.73035360839384,3.435483099180907,1.9147178410669123,997.48,-3.0,50.94,False
HAOS / PANGAEA,HAOS_Flight_104,HAOS_Flight_104_seg00,train,10.1594/PANGAEA.918840,CC BY 4.0,fixed-wing UAV,2020-02-28 16:49:31+00:00,530.0,65.034194,24.497489,48.77,382164.9264131,7214598.866895,-1454.9004645000095,-949.7435769997537,23.800000000000004,-1455.4346932571439,-949.6964421125148,24.15385281385278,-17.11283823983024,2.292393861517894,0.18305194805194702,0.15835506656156895,1.9359683516572375,-0.32354978354978225,17.26569727056863,17.266667607115355,277.62978068105537,6.468542288696649,0.6074304993344278,997.52,-2.98,49.76,False
HAOS / PANGAEA,HAOS_Flight_104,HAOS_Flight_104_seg00,train,10.1594/PANGAEA.918840,CC BY 4.0,fixed-wing UAV,2020-02-28 16:49:32+00:00,531.0,65.034211,24.497125,49.67,382147.8813489,7214601.381159,-1471.9455287000164,-947.2293130001053,24.700000000000003,-1472.5102000281393,-946.4229639784189,24.13571428571425,-16.698025367748528,4.68336543719613,-0.07764069264069207,0.8018250594192295,2.734407294364189,-0.19983766233766076,17.342374779720817,17.342548575035053,285.66743818578715,9.477407828224807,-0.2565077933902154,997.4,-3.0,48.02,False
HAOS / PANGAEA,HAOS_Flight_104,HAOS_Flight_104_seg00,train,10.1594/PANGAEA.918840,CC BY 4.0,fixed-wing UAV,2020-02-28 16:49:33+00:00,532.0,65.034256,24.496759,48.69,382130.8428705,7214607.146533,-1488.9840070999926,-941.4639389999211,23.72,-1488.830743992641,-940.3297112381225,23.998571428571395,-15.50918812099178,7.761208450246272,-0.2166233766233745,1.6125252864723052,3.1852185032733473,-0.05854978354978435,17.342758511277456,17.344111348460217,296.584596337505,11.849737193965877,-0.7156277820173893,997.53,-2.87,46.3,False
HAOS / PANGAEA,HAOS_Flight_104,HAOS_Flight_104_seg00,train,10.1594/PANGAEA.918840,CC BY 4.0,fixed-wing UAV,2020-02-28 16:49:34+00:00,533.0,65.034341,24.49643,48.54,382115.7532655,7214617.137435,-1504.073612099979,-931.4730369998142,23.57,-1503.5285762701228,-930.9005470779264,23.7024675324675,-13.472974794803918,11.053802443742825,-0.19474025974026077,2.4134523294332553,3.0996204534670824,0.05002164502164419,17.427208562667644,17.42829659075953,309.3669125737189,12.996420161844634,-0.6402247701854633,997.55,-2.86,45.2,False
HAOS / PANGAEA,HAOS_Flight_104,HAOS_Flight_104_seg00,train,10.1594/PANGAEA.918840,CC BY 4.0,fixed-wing UAV,2020-02-28 16:49:35+00:00,534.0,65.034455,24.496164,48.54,382103.6997063,7214630.374123,-1516.1271713000024,-918.2363490005955,23.57,-1515.7766935822488,-918.2221063506369,23.609090909090874,-10.68228346212527,13.960449357180437,-0.11658008658008612,3.215579006275391,2.635013889614072,0.023387445887447456,17.57854732961728,17.57893390215066,322.5774366611942,13.649279631857354,-0.37997730331603513,997.55,-2.86,45.2,False
HAOS / PANGAEA,HAOS_Flight_104,HAOS_Flight_104_seg00,train,10.1594/PANGAEA.918840,CC BY 4.0,fixed-wing UAV,2020-02-28 16:49:36+00:00,535.0,65.034589,24.495964,48.31,382094.8991468,7214645.664138,-1524.9277308000019,-902.9463339997455,23.340000000000003,-1524.8931431943734,-902.9796483635655,23.46930735930733,-7.041816782253136,16.32383022297097,-0.14796536796536586,3.8066935608256927,1.6707732099121984,-0.04950216450216516,17.777924984181993,17.77854073014204,336.6654718374336,13.682241170500523,-0.476860789783667,997.58,-2.83,44.33,False
HAOS / PANGAEA,HAOS_Flight_104,HAOS_Flight_104_seg00,train,10.1594/PANGAEA.918840,CC BY 4.0,fixed-wing UAV,2020-02-28 16:49:37+00:00,536.0,65.034736,24.495836,48.31,382089.51128,7214662.307358,-1530.3155976000126,-886.3031139997765,23.340000000000003,-1529.860327146755,-885.5744459046949,23.313160173160142,-3.0688963404738843,17.301995777004834,-0.21558441558441643,3.5410953601775645,-0.08850085825429233,0.027153679653677543,17.572056869247465,17.57337927822392,349.9419190021953,11.738895839610702,-0.7029033397428393,997.58,-2.82,43.61,False
HAOS / PANGAEA,HAOS_Flight_104,HAOS_Flight_104_seg00,train,10.1594/PANGAEA.918840,CC BY 4.0,fixed-wing UAV,2020-02-28 16:49:38+00:00,537.0,65.034891,24.495781,48.61,382087.6073383,7214679.629708,-1532.2195393000147,-868.9807639997452,23.64,-1531.0309358753211,-868.3756568095558,23.038138528138496,0.04037393810199319,16.146828506462384,-0.09365800865801077,2.5072448559557188,-1.868061216447245,0.12704545454545446,16.146878982391122,16.147150606053376,0.14326351665499715,9.109842564599324,-0.3323334769420212,997.54,-2.85,42.97,False
HAOS / PANGAEA,HAOS_Flight_104,HAOS_Flight_104_seg00,train,10.1594/PANGAEA.918840,CC BY 4.0,fixed-wing UAV,2020-02-28 16:49:39+00:00,538.0,65.035044,24.495812,47.94,382089.767583,7214696.680706,-1530.0592945999815,-851.9297660002485,22.97,-1529.779579270551,-853.2807888917702,23.12584415584412,1.9455933714375533,13.565873344110344,0.03850649350649249,2.375547175649558,-2.2081616710219976,0.03320346320346523,13.704679972747458,13.704734069126166,8.161604131393915,11.037448335428076,0.16098542690080145,997.63,-2.78,42.43,False
HAOS / PANGAEA,HAOS_Flight_104,HAOS_Flight_104_seg00,train,10.1594/PANGAEA.918840,CC BY 4.0,fixed-wing UAV,2020-02-28 16:49:40+00:00,539.0,65.035186,24.495932,47.11,382096.040564,7214712.22664,-1523.786313599965,-836.383832000196,22.14,-1527.139749132446,-841.2439101213351,23.11515151515148,4.791468289401109,11.730505164418389,-0.027251082251080305,3.3538856531359897,-1.2053248582113554,-0.09061688311688254,12.671342461664546,12.671371764819575,22.21816018751116,14.819977595563119,-0.12322053465982122,997.74,-2.8,41.93,False
HAOS / PANGAEA,HAOS_Flight_104,HAOS_Flight_104_seg00,train,10.1594/PANGAEA.918840,CC BY 4.0,fixed-wing UAV,2020-02-28 16:49:41+00:00,540.0,65.0352475,24.4960275,48.089999999999996,382100.8038179,7214718.897046,-1519.0230596999754,-829.7134260004386,23.119999999999997,-1520.1966426917488,-829.8197785629334,23.07134199134196,8.653364677709533,11.155223627687633,-0.1427272727272726,3.3827968709923653,-0.4166768971041108,-0.11504329004329072,14.118064117617239,14.118785553422489,37.80155932252018,12.23261529061742,-0.5792148061873651,997.61,-2.86,41.915,True
HAOS / PANGAEA,HAOS_Flight_104,HAOS_Flight_104_seg00,train,10.1594/PANGAEA.918840,CC BY 4.0,fixed-wing UAV,2020-02-28 16:49:42+00:00,541.0,65.035309,24.496123,49.07,382105.5670718,7214725.567452,-1514.2598057999858,-823.04301999975,24.1,-1509.833019777027,-818.9334628659599,22.829696969696936,11.55706203138584,10.897151370210167,-0.25733766233766175,2.389530704542608,0.10071801952210535,-0.07196969696969635,15.884381976727123,15.886466361498737,46.683390768745994,5.992528396642628,-0.9281489353891431,997.48,-2.92,41.9,False
HAOS / PANGAEA,HAOS_Flight_104,HAOS_Flight_104_seg00,train,10.1594/PANGAEA.918840,CC BY 4.0,fixed-wing UAV,2020-02-28 16:49:43+00:00,542.0,65.035412,24.496363,47.18,382117.3081073,7214736.647861,-1502.5187702999683,-811.9626110000536,22.21,-1497.0825186289771,-808.025475822513,22.556666666666636,13.432426086794749,11.356659666731844,-0.2866666666666653,1.3913049956694863,0.8954930410698694,-0.08734848484848445,17.589877468680044,17.592213253054762,49.78661611580543,0.9066603538081024,-0.9336811040481727,997.73,-2.81,43.41,False
HAOS / PANGAEA,HAOS_Flight_104,HAOS_Flight_104_seg00,train,10.1594/PANGAEA.918840,CC BY 4.0,fixed-wing UAV,2020-02-28 16:49:44+00:00,543.0,65.035601,24.496871,47.11,382142.0435039,7214756.667142,-1477.7833736999892,-791.9433300001547,22.14,-1482.9681676034375,-796.2201435324962,22.256363636363606,14.339672022724812,12.688137452349906,-0.43203463203463066,0.15507377434914815,1.2141192748495655,-0.16033549783549805,19.14719367763958,19.152067242267044,48.49671147636218,-2.4373552911450496,-1.2925947152077233,997.74,-2.82,45.06,False
HAOS / PANGAEA,HAOS_Flight_104,HAOS_Flight_104_seg00,train,10.1594/PANGAEA.918840,CC BY 4.0,fixed-wing UAV,2020-02-28 16:49:45+00:00,544.0,65.035701,24.497112,46.13,382153.856198,7214767.365333,-1465.9706795999664,-781.245139000006,21.160000000000004,-1468.4031745835275,-782.6492009178132,21.692597402597375,13.742573635493045,13.784898216430975,-0.6073376623376614,-1.6570828698077662,0.5697532629914974,0.013712121212120287,19.464885023146437,19.474357704438013,44.91190553351532,-4.964758770087254,-1.787146386300766,997.87,-2.83,46.53,False
HAOS / PANGAEA,HAOS_Flight_104,HAOS_Flight_104_seg00,train,10.1594/PANGAEA.918840,CC BY 4.0,fixed-wing UAV,2020-02-28 16:49:46+00:00,545.0,65.035811,24.497328,46.13,382164.4846437,7214779.228272,-1455.3422338999808,-769.3821999998763,21.160000000000004,-1455.4830203324514,-768.6503470996342,21.041688311688283,11.02550628310928,13.827643978332901,-0.4046103896103901,-3.319962223703726,-0.12038842532524541,0.15383116883116887,17.685178166770285,17.68980600113492,38.567193936187664,-8.619508735987948,-1.3106129864963398,997.87,-2.87,47.52,False
HAOS / PANGAEA,HAOS_Flight_104,HAOS_Flight_104_seg00,train,10.1594/PANGAEA.918840,CC BY 4.0,fixed-wing UAV,2020-02-28 16:49:47+00:00,546.0,65.035933,24.497497,46.28,382172.9607991,7214792.479261,-1446.8660784999956,-756.1312110004947,21.310000000000002,-1446.352162017309,-754.9939129611474,20.883376623376595,7.102649188085593,13.544121365780484,-0.29967532467532365,-3.2036284852812287,0.28267529653584234,-0.029523809523809952,15.293490414552341,15.296426195691057,27.672888061539425,-10.388714001908378,-1.1225648172561205,997.85,-2.91,48.36,False
HAOS / PANGAEA,HAOS_Flight_104,HAOS_Flight_104_seg00,train,10.1594/PANGAEA.918840,CC BY 4.0,fixed-wing UAV,2020-02-28 16:49:48+00:00,547.0,65.036065,24.49761,45.41,382178.9022336,7214807.021432,-1440.9246440000134,-741.5890399999917,20.439999999999998,-1441.2777219562802,-741.5621043680733,20.442337662337636,4.618249312546823,14.392994571404586,-0.46365800865801,-1.865817835491839,1.0820300086608938,-0.10247835497835567,15.115770554137194,15.122879957015918,17.789765932370926,-7.78039181581316,-1.7569279667066648,997.97,-2.9,49.13,False
HAOS / PANGAEA,HAOS_Flight_104,HAOS_Flight_104_seg00,train,10.1594/PANGAEA.918840,CC BY 4.0,fixed-wing UAV,2020-02-28 16:49:49+00:00,548.0,65.036205,24.497679,44.54,382182.7303669,7214822.438931,-1437.0965107000084,-726.1715409997851,19.57,-1437.1156633922153,-726.2079238183383,19.956060606060575,3.3710135171019147,15.708181383102271,-0.504632034632035,-1.2688864213137663,0.9436835714563188,0.005508658008660738,16.065823803867783,16.07374716695835,12.112104429913131,-5.253688384155543,-1.799085007905154,998.08,-2.9,49.9,False
HAOS / PANGAEA,HAOS_Flight_104,HAOS_Flight_104_seg00,train,10.1594/PANGAEA.918840,CC BY 4.0,fixed-wing UAV,2020-02-28 16:49:50+00:00,549.0,65.03635,24.497718,45.0,382185.2283184,7214838.544774,-1434.598559200007,-710.0656980006024,20.03,-1434.5356949220763,-710.1457416018687,19.433073593073566,2.08047646991929,16.280361714317223,-0.4526406926406885,-1.046692437877084,0.45167916342904846,0.11708874458874519,16.412756011434944,16.41899642144818,7.28238916405985,-3.8570117455329607,-1.5797364716727225,998.02,-2.93,50.24,False
HAOS / PANGAEA,HAOS_Flight_104,HAOS_Flight_104_seg00,train,10.1594/PANGAEA.918840,CC BY 4.0,fixed-wing UAV,2020-02-28 16:49:51+00:00,550.0,65.036498,24.497735,43.64,382186.6728815,7214854.955396,-1433.153996100009,-693.6550759999081,18.67,-1432.9547104523767,-693.6472003897038,19.050779220779198,1.2776286413477465,16.61153970996037,-0.2704545454545446,-0.6707668681803511,0.2607689491267706,0.15888528138527924,16.660599823559245,16.662794847862088,4.398080938847215,-2.3820799754113713,-0.9300111186514439,998.2,-2.94,50.26,False
HAOS / PANGAEA,HAOS_Flight_104,HAOS_Flight_104_seg00,train,10.1594/PANGAEA.918840,CC BY 4.0,fixed-wing UAV,2020-02-28 16:49:52+00:00,551.0,65.036649,24.497742,43.56,382187.6666117,7214871.776331,-1432.1602658999618,-676.834141000174,18.590000000000003,-1431.9804376393809,-676.922662181948,18.892164502164476,0.7389427335585879,16.801899612570764,-0.13487012987013003,-0.4094492620135952,0.14275256823739824,0.16991341991342068,16.818141007685263,16.81868178265811,2.5182292132370776,-1.421483049145269,-0.459463598046281,998.21,-2.93,51.02,False
HAOS / PANGAEA,HAOS_Flight_104,HAOS_Flight_104_seg00,train,10.1594/PANGAEA.918840,CC BY 4.0,fixed-wing UAV,2020-02-28 16:49:53+00:00,552.0,65.036799,24.49775,44.09,382188.7000921,7214888.515595,-1431.126785499975,-660.0948769999668,19.120000000000005,-1431.4768249852596,-660.0434011645623,18.781038961038938,0.458730117320556,16.897044846435165,0.06937229437229675,0.009279420341727018,0.04061428573211856,0.24220779220779143,16.903270626212493,16.90341298017074,1.555114840556655,0.025379420740562382,0.23514486957604866,998.14,-3.04,51.79,False
HAOS / PANGAEA,HAOS_Flight_104,HAOS_Flight_104_seg00,train,10.1594/PANGAEA.918840,CC BY 4.0,fixed-wing UAV,2020-02-28 16:49:54+00:00,553.0,65.03695,24.497752,44.09,382189.4877584,7214905.301411,-1430.3391192000126,-643.3090610001236,19.120000000000005,-1431.0629774047397,-643.1285724890777,19.03090909090907,0.7575015742420419,16.883128184035,0.3495454545454528,0.7261607617920163,-0.13562873599528302,0.18493506493506295,16.9001131923291,16.903727634410394,2.5689880547182042,2.500986571416803,1.1848810693298142,998.14,-3.04,51.79,False
HAOS / PANGAEA,HAOS_Flight_104,HAOS_Flight_104_seg00,train,10.1594/PANGAEA.918840,CC BY 4.0,fixed-wing UAV,2020-02-28 16:49:55+00:00,554.0,65.037099,24.497753,44.09,382190.1726967,7214921.946387,-1429.654180899961,-626.6640849998221,19.120000000000005,-1429.9618218367755,-626.2771447964923,19.480129870129844,1.9110516409045886,16.6257873744446,0.43924242424242266,1.5956147601716566,-0.5172954859651782,0.03311688311688332,16.73525990818325,16.741023209520378,6.557087983390261,5.710820629924311,1.5034699588119949,998.14,-2.98,52.01,False
HAOS / PANGAEA,HAOS_Flight_104,HAOS_Flight_104_seg00,train,10.1594/PANGAEA.918840,CC BY 4.0,fixed-wing UAV,2020-02-28 16:49:56+00:00,555.0,65.037247,24.497773,44.62,382191.7888578,7214938.39517,-1428.0380197999766,-610.2153019998223,19.65,-1427.2408741229306,-609.8769977401885,19.909393939393915,3.948731094585355,15.848537212104645,0.41577922077921947,2.384876074462454,-1.1563614221064427,-0.021764069264069263,16.333052654688007,16.338343899589173,13.990629314566831,9.232160416055128,1.4582240833030915,998.07,-2.98,52.28,False
HAOS / PANGAEA,HAOS_Flight_104,HAOS_Flight_104_seg00,train,10.1594/PANGAEA.918840,CC BY 4.0,fixed-wing UAV,2020-02-28 16:49:57+00:00,556.0,65.037388,24.497863,46.13,382196.602837,7214953.844572,-1423.2240406000055,-594.7658999999985,21.160000000000004,-1422.0643596476048,-594.580070372283,20.311688311688282,6.680803789829497,14.313064530231713,0.39571428571428413,2.872637672296378,-1.9684705108865899,-0.028311688311687178,15.795472627458077,15.800428643574696,25.021408815500536,12.574539105790507,1.435095832623977,997.87,-3.06,52.45,False
HAOS / PANGAEA,HAOS_Flight_104,HAOS_Flight_104_seg00,train,10.1594/PANGAEA.918840,CC BY 4.0,fixed-wing UAV,2020-02-28 16:49:58+00:00,557.0,65.037515,24.498033,45.22,382205.2036228,7214967.707587,-1414.6232547999825,-580.9028850002214,20.25,-1413.8792665432716,-581.250868679725,20.700822510822483,9.69400643917811,11.911596190331466,0.3591558441558451,2.8473620111460605,-2.8178050996003208,-0.07274891774891756,15.35773045226233,15.361929487038308,39.139707526147845,14.970638815296303,1.339674760436858,997.99,-3.02,52.57,False
HAOS / PANGAEA,HAOS_Flight_104,HAOS_Flight_104_seg00,train,10.1594/PANGAEA.918840,CC BY 4.0,fixed-wing UAV,2020-02-28 16:49:59+00:00,558.0,65.037615,24.498275,46.13,382217.0078812,7214978.391032,-1402.8189963999903,-570.2194400001317,21.160000000000004,-1402.6763467692485,-570.7568779916201,21.029999999999973,12.375527812121618,8.677454331031072,0.250216450216449,2.2012988622312832,-3.5454815573076814,-0.13089826839826912,15.114625443447997,15.116696417130447,54.96268644609313,15.990540133524973,0.9484215923394504,997.87,-2.99,53.01,False
HAOS / PANGAEA,HAOS_Flight_104,HAOS_Flight_104_seg00,train,10.1594/PANGAEA.918840,CC BY 4.0,fixed-wing UAV,2020-02-28 16:50:00+00:00,559.0,65.03768,24.498561,46.13,382230.7586321,7214985.111191,-1389.068245499977,-563.499281000346,21.160000000000004,-1389.1282109190283,-563.8959600176629,21.20125541125538,14.096604163640677,4.820633075716103,0.09735930735930687,1.1221974679650657,-3.985309024844412,-0.06258658008657925,14.898078808929014,14.898396928253364,71.12078779319779,16.134681442737765,0.3744239825774696,997.87,-2.99,53.01,False
HAOS / PANGAEA,HAOS_Flight_104,HAOS_Flight_104_seg00,train,10.1594/PANGAEA.918840,CC BY 4.0,fixed-wing UAV,2020-02-28 16:50:01+00:00,560.0,65.03771,24.498871,46.13,382245.4671314,7214987.879244,-1374.3597461999743,-560.7312280004844,21.160000000000004,-1374.4831384419672,-561.1156118401879,21.224718614718586,14.61992274805175,0.7068362813422482,0.1250432900432905,0.022413866230635904,-4.024205193704688,-0.01899350649350673,14.636999647729134,14.637533757843485,87.23204933156865,15.86834651944789,0.4894635966096072,997.87,-3.02,52.31,False
HAOS / PANGAEA,HAOS_Flight_104,HAOS_Flight_104_seg00,train,10.1594/PANGAEA.918840,CC BY 4.0,fixed-wing UAV,2020-02-28 16:50:02+00:00,561.0,65.037704,24.499187,46.5,382260.341007,7214986.589484,-1359.4858705999795,-562.0209880005568,21.53,-1359.8883654229248,-562.4822874549784,21.451341991341963,14.141431896101949,-3.2277773116932735,0.05937229437229341,-0.6795855265698947,-3.768639615210759,-0.04173160173160273,14.505124695981467,14.505246206642287,102.85748083209353,15.01018253265313,0.23452145093134977,997.82,-2.99,52.7,False
HAOS / PANGAEA,HAOS_Flight_104,HAOS_Flight_104_seg00,train,10.1594/PANGAEA.918840,CC BY 4.0,fixed-wing UAV,2020-02-28 16:50:03+00:00,562.0,65.037662,24.499488,46.5,382274.3130656,7214981.392597,-1345.5138119999901,-567.2178750000894,21.53,-1346.2002746497633,-567.5711664635744,21.343463203463173,13.26075169491196,-6.83044294907927,0.04158008658008505,-1.026575724027282,-3.071765989160923,0.10121212121212242,14.916517234084406,14.916575186628368,117.25241439687488,12.46338305903217,0.15971270404055923,997.82,-2.99,52.7,False
HAOS / PANGAEA,HAOS_Flight_104,HAOS_Flight_104_seg00,train,10.1594/PANGAEA.918840,CC BY 4.0,fixed-wing UAV,2020-02-28 16:50:04+00:00,563.0,65.037592,24.499756,46.43,382286.5959598,7214973.12907,-1333.230917799985,-575.4814020004123,21.46,-1333.366862033101,-576.143173353137,21.534502164502133,12.088280448047385,-9.37130929001512,0.26179653679653825,-1.5422321369599103,-1.6137280157208806,0.15305194805194944,15.295357530955869,15.297597831896583,127.78424695015792,8.70617843728512,0.9805832973777826,997.83,-2.99,52.69,False
HAOS / PANGAEA,HAOS_Flight_104,HAOS_Flight_104_seg00,train,10.1594/PANGAEA.918840,CC BY 4.0,fixed-wing UAV,2020-02-28 16:50:05+00:00,564.0,65.037503,24.499994,46.65,382297.4090011,7214962.758946,-1322.417876499996,-585.851526000537,21.68,-1322.0237137536685,-586.3137850436046,21.86705627705625,10.17628742099214,-10.057898980521031,0.3476839826839839,-2.170284857466413,-0.03087244807238676,0.08898268398268172,14.307975313684631,14.312199052864791,134.66477127144515,6.4091229927231215,1.3920142259112582,997.8,-3.0,52.64,False
HAOS / PANGAEA,HAOS_Flight_104,HAOS_Flight_104_seg00,train,10.1594/PANGAEA.918840,CC BY 4.0,fixed-wing UAV,2020-02-28 16:50:06+00:00,565.0,65.037405,24.500212,46.73,382307.2306236,7214951.402804,-1312.5962539999746,-597.2076679999009,21.759999999999998,-1313.0142871911166,-596.258971314179,22.2298701298701,7.747710733114559,-9.433054186159893,0.4397619047619017,-1.2847052185053371,0.7472785108105882,0.11944805194805053,12.206946091592574,12.21486485459119,140.60249293560412,1.8601588240677747,2.063219504895855,997.79,-3.02,53.72,False
HAOS / PANGAEA,HAOS_Flight_104,HAOS_Flight_104_seg00,train,10.1594/PANGAEA.918840,CC BY 4.0,fixed-wing UAV,2020-02-28 16:50:07+00:00,566.0,65.037309,24.500429,48.24,382317.0559542,7214940.321868,-1302.7709234000067,-608.2886040005833,23.270000000000003,-1306.5282922874394,-605.1798934159244,22.746580086580053,7.606876983981465,-8.563341958899855,0.586580086580085,1.1485801363649557,0.9565650833492896,0.01719696969697182,11.45405617912195,11.469066184849316,138.38508891958077,-6.891373715755117,2.9316451792464324,997.59,-3.05,52.91,False
HAOS / PANGAEA,HAOS_Flight_104,HAOS_Flight_104_seg00,train,10.1594/PANGAEA.918840,CC BY 4.0,fixed-wing UAV,2020-02-28 16:50:08+00:00,567.0,65.037269,24.5005505,48.35,382322.59881675,7214935.6205835,-1297.2280608500005,-612.9898885004222,23.380000000000003,-1297.8005332231537,-613.3856552319787,23.40303030303027,10.04487100584447,-7.519924019461314,0.47415584415584533,2.5489745598486593,1.2518219491689138,-0.21632034632034447,12.54785602334224,12.55681148011203,126.81974550409399,-11.442899249388553,2.164051684267354,997.575,-3.065,53.56999999999999,True
HAOS / PANGAEA,HAOS_Flight_104,HAOS_Flight_104_seg00,train,10.1594/PANGAEA.918840,CC BY 4.0,fixed-wing UAV,2020-02-28 16:50:09+00:00,568.0,65.037229,24.500672,48.46,382328.1416793,7214930.919299,-1291.6851982999942,-617.6911730002612,23.490000000000002,-1286.4385502757505,-620.219741454847,23.694891774891744,12.704826103678784,-6.059698060562027,0.15393939393939604,2.608252121536225,1.4436707684056387,-0.3427056277056284,14.075956340863558,14.076798082195518,115.49929042080356,-9.967052983371518,0.6265809404302257,997.56,-3.08,54.23,False
HAOS / PANGAEA,HAOS_Flight_104,HAOS_Flight_104_seg00,train,10.1594/PANGAEA.918840,CC BY 4.0,fixed-wing UAV,2020-02-28 16:50:10+00:00,569.0,65.03717,24.50095,48.92,382340.9432172,7214923.8646,-1278.8836603999953,-624.7458720002323,23.950000000000003,-1272.3908810157961,-625.5050513531028,23.710909090909063,15.26137524891692,-4.632582482650037,-0.21125541125541147,2.3834958813858975,1.243835873359501,-0.26720779220779356,15.948993540246041,15.950392590641606,106.88563953735093,-6.972341306615642,-0.7588777078832585,997.5,-3.17,53.53,False
HAOS / PANGAEA,HAOS_Flight_104,HAOS_Flight_104_seg00,train,10.1594/PANGAEA.918840,CC BY 4.0,fixed-wing UAV,2020-02-28 16:50:11+00:00,570.0,65.037115,24.501569,48.84,382369.8365955,7214916.567042,-1249.990282099985,-632.0434300005436,23.870000000000005,-1255.9157997779166,-629.4849064201471,23.27238095238092,17.47181786645058,-3.5720263138430255,-0.3804761904761911,1.6345820437243788,1.1410519826322911,-0.19796536796536834,17.833221569453137,17.83727988446467,101.55460780757227,-4.828323482745012,-1.2222341909518089,997.51,-3.16,54.1,False
HAOS / PANGAEA,HAOS_Flight_104,HAOS_Flight_104_seg00,train,10.1594/PANGAEA.918840,CC BY 4.0,fixed-wing UAV,2020-02-28 16:50:12+00:00,571.0,65.037109,24.501894,47.26,382385.124754,7214915.332709,-1234.7021236,-633.2777629997581,22.29,-1237.447245282895,-632.6491039807888,22.94995670995668,18.530539336365678,-2.3504785173854543,-0.6071861471861482,0.10398626682990653,1.4394621076526732,-0.05929653679653768,18.679015963301875,18.688882052563255,97.22899257186089,-4.65479343436699,-1.8618195935778592,997.72,-3.17,54.28,False
HAOS / PANGAEA,HAOS_Flight_104,HAOS_Flight_104_seg00,train,10.1594/PANGAEA.918840,CC BY 4.0,fixed-wing UAV,2020-02-28 16:50:13+00:00,572.0,65.037111,24.502226,47.26,382400.7200477,7214914.9146,-1219.1068299000035,-633.6958720004186,22.29,-1218.8547211051853,-634.185863454918,22.058008658008625,17.67979040011039,-0.693102098537679,-0.49906926406926644,-1.408325462446328,1.4396915552538871,0.2221212121212126,17.69337104993938,17.700408165948364,92.24502093883831,-4.578374997573626,-1.615688874415913,997.72,-3.17,54.28,False
HAOS / PANGAEA,HAOS_Flight_104,HAOS_Flight_104_seg00,train,10.1594/PANGAEA.918840,CC BY 4.0,fixed-wing UAV,2020-02-28 16:50:14+00:00,573.0,65.037118,24.502561,46.65,382416.5238873,7214915.04532,-1203.3029902999988,-633.5651520006359,21.68,-1202.0876644826742,-634.0353081778642,21.951818181818147,15.713888411473022,0.52890459312232,-0.16294372294372295,-1.1706189118494876,0.7084651618521889,0.16232683982684204,15.722786937335632,15.723631251517531,88.07224257671362,-2.473405811587433,-0.5937658154391694,997.8,-3.2,54.31,False
HAOS / PANGAEA,HAOS_Flight_104,HAOS_Flight_104_seg00,train,10.1594/PANGAEA.918840,CC BY 4.0,fixed-wing UAV,2020-02-28 16:50:15+00:00,574.0,65.037128,24.502897,46.73,382432.3676559,7214915.532857,-1187.4592216999736,-633.0776150003076,21.759999999999998,-1187.4269442822392,-633.1280542686734,21.73212121212118,15.338552576411416,0.7238282251666988,-0.17441558441558236,0.15841308539017973,-0.011797029192450736,-0.049588744588743516,15.355621851259729,15.356612361942732,87.29820931566348,0.06115607858856716,-0.6507614762794638,997.79,-3.21,54.58,False
HAOS / PANGAEA,HAOS_Flight_104,HAOS_Flight_104_seg00,train,10.1594/PANGAEA.918840,CC BY 4.0,fixed-wing UAV,2020-02-28 16:50:16+00:00,575.0,65.037138,24.503236,45.37,382448.4046081,7214916.064157,-1171.4222694999771,-632.5463150003925,20.4,-1171.4105593298514,-632.5876517275308,21.602987012986983,16.03071458225338,0.5053105347374185,-0.26212121212121,0.3384665034582781,-0.1674857185608687,-0.057337662337662465,16.038676652211297,16.040818441838674,88.19455473389075,0.6554597877372328,-0.936305568966101,997.97,-3.22,54.33,False
HAOS / PANGAEA,HAOS_Flight_104,HAOS_Flight_104_seg00,train,10.1594/PANGAEA.918840,CC BY 4.0,fixed-wing UAV,2020-02-28 16:50:17+00:00,576.0,65.037149,24.503576,48.84,382464.4191137,7214916.661132,-1155.4077639000025,-631.9493399998173,23.870000000000005,-1155.3655151177325,-632.1174331991986,21.20787878787876,16.015485583327973,0.3888567880449614,-0.2890909090909073,-0.03657547175714626,-0.15392044916023906,0.021601731601730734,16.020205618886255,16.022813786133625,88.60912889113791,0.5482324510009214,-1.0338126625449773,997.51,-3.52,53.63,False
HAOS / PANGAEA,HAOS_Flight_104,HAOS_Flight_104_seg00,train,10.1594/PANGAEA.918840,CC BY 4.0,fixed-wing UAV,2020-02-28 16:50:18+00:00,577.0,65.037157,24.503917,44.84,382480.5383145,7214916.832825,-1139.2885630999808,-631.7776469998062,19.870000000000005,-1139.3795881631954,-631.8099381514409,21.024805194805168,15.957563638739089,0.19746963641694038,-0.2189177489177485,-0.07847958289789858,-0.2218265617790678,0.03683982683982556,15.958785403084864,15.9602868558966,89.29101963589261,0.79442288087895,-0.7859167274480658,998.04,-3.26,54.11,False
HAOS / PANGAEA,HAOS_Flight_104,HAOS_Flight_104_seg00,train,10.1594/PANGAEA.918840,CC BY 4.0,fixed-wing UAV,2020-02-28 16:50:19+00:00,578.0,65.037162,24.504254,45.22,382496.4089334,7214916.846427,-1123.4179441999877,-631.7640450000763,20.25,-1123.4503878402543,-631.7224939263647,20.77004329004326,15.858526417532175,-0.0547963355131742,-0.21541125541125616,-0.13166566428054693,-0.26057345241218854,-0.06169913419913531,15.858621086776479,15.860084009326982,90.19797465289582,0.9452394554611765,-0.7782137395088444,997.99,-3.22,54.38,False
HAOS / PANGAEA,HAOS_Flight_104,HAOS_Flight_104_seg00,train,10.1594/PANGAEA.918840,CC BY 4.0,fixed-wing UAV,2020-02-28 16:50:20+00:00,579.0,65.037167,24.504589,45.22,382512.1809375,7214916.70973,-1107.6459401000175,-631.9007419999689,20.25,-1107.662535328131,-631.9195308224672,20.593982683982656,15.694232310177995,-0.3236772684074367,-0.3423160173160191,-0.17000003387340712,-0.23022309199853908,0.07530303030302932,15.697569709350509,15.70130169876465,91.18149854681496,0.8518240022673632,-1.2492478338915225,997.99,-3.24,53.8,False
HAOS / PANGAEA,HAOS_Flight_104,HAOS_Flight_104_seg00,train,10.1594/PANGAEA.918840,CC BY 4.0,fixed-wing UAV,2020-02-28 16:50:21+00:00,580.0,65.037169,24.504919,45.98,382527.7192535,7214916.367049,-1092.1076240999973,-632.2434229999781,21.009999999999998,-1092.0619232198983,-632.3698484631796,20.085411255411223,15.518526349785361,-0.5152425195102524,-0.06480519480519753,-0.14750082532708575,-0.15785418399224227,0.2741450216450225,15.52707747526539,15.527212713045687,91.90162265743055,0.5980460980305955,-0.23913338481565327,997.89,-3.32,53.83,False
HAOS / PANGAEA,HAOS_Flight_104,HAOS_Flight_104_seg00,train,10.1594/PANGAEA.918840,CC BY 4.0,fixed-wing UAV,2020-02-28 16:50:22+00:00,581.0,65.037169,24.505251,45.3,382543.3429817,7214915.735719,-1076.4838958999608,-632.8747530002147,20.33,-1076.6254826285603,-632.9500158614877,20.46437229437226,15.399230659523823,-0.6393856363919213,0.20597402597402592,-0.08898655378681042,-0.10465681278023453,0.04007575757576021,15.412498788231675,15.41387505452859,92.37759074287612,0.40126443458219924,0.7656603929144821,997.98,-3.33,54.01,False
HAOS / PANGAEA,HAOS_Flight_104,HAOS_Flight_104_seg00,train,10.1594/PANGAEA.918840,CC BY 4.0,fixed-wing UAV,2020-02-28 16:50:23+00:00,582.0,65.037166,24.505575,45.3,382558.5780642,7214914.820074,-1061.2488133999868,-633.7903979998082,20.33,-1061.2634619008506,-633.6486197359634,20.497359307359275,15.34055324221174,-0.7245561450707214,0.015346320346322884,-0.04593310822406238,-0.03878610823562667,-0.12924242424242305,15.357654618609343,15.357662286104649,92.70415152659496,0.15201871735607403,0.05725347496577375,997.98,-3.33,54.01,False
HAOS / PANGAEA,HAOS_Flight_104,HAOS_Flight_104_seg00,train,10.1594/PANGAEA.918840,CC BY 4.0,fixed-wing UAV,2020-02-28 16:50:24+00:00,583.0,65.037166,24.505897,45.15,382573.7366006,7214914.159865,-1046.0902769999811,-634.4506069999188,20.18,-1045.9443761441369,-634.3991281516292,20.495064935064907,15.307364443075699,-0.7169578528631746,-0.052510822510820176,-0.028329171322468483,0.055163416658672304,-0.047283549783551315,15.32414548207894,15.324235450501313,92.68162817758827,-0.20139331406262473,-0.19633308338788003,998.0,-3.3,53.8,False
HAOS / PANGAEA,HAOS_Flight_104,HAOS_Flight_104_seg00,train,10.1594/PANGAEA.918840,CC BY 4.0,fixed-wing UAV,2020-02-28 16:50:25+00:00,584.0,65.037166,24.506224,45.6,382589.1220696,7214913.577787,-1030.7048080000095,-635.0326850004494,20.630000000000003,-1030.6487330146992,-635.0825354416897,20.392337662337635,15.283894899566803,-0.6142293117533768,-0.07922077922077975,0.16349196991330928,0.11142755950012884,0.021780303030301873,15.296232246812323,15.296437391768109,92.30136489846973,-0.43573697965499586,-0.2967381537477721,997.94,-3.37,53.74,False
HAOS / PANGAEA,HAOS_Flight_104,HAOS_Flight_104_seg00,train,10.1594/PANGAEA.918840,CC BY 4.0,fixed-wing UAV,2020-02-28 16:50:26+00:00,585.0,65.037165,24.506551,45.75,382604.5086791,7214912.919551,-1015.3181984999683,-635.690921000205,20.78,-1015.3765863450033,-635.6275867751359,20.336623376623347,15.634348382902317,-0.4941027338629169,-0.00895021645021643,0.236992568832477,0.09551849028753168,0.08872294372294398,15.642154163336043,15.642156723928629,91.81015421827829,-0.38150196220774546,-0.03278382037455831,997.92,-3.33,53.62,False
HAOS / PANGAEA,HAOS_Flight_104,HAOS_Flight_104_seg00,train,10.1594/PANGAEA.918840,CC BY 4.0,fixed-wing UAV,2020-02-28 16:50:27+00:00,586.0,65.037167,24.506876,45.22,382619.8158494,7214912.4496,-1000.0110281999805,-636.1608720002696,20.25,-999.3800362488946,-636.0707409094156,20.374437229437202,15.757880037231757,-0.42319233117831345,0.09822510822510822,-0.561603829114631,0.06375031069921988,0.10284090909090793,15.763561622201857,15.763867646895577,91.53836097405423,-0.18148524294543084,0.35701394403871844,997.99,-3.34,53.52,False
HAOS / PANGAEA,HAOS_Flight_104,HAOS_Flight_104_seg00,train,10.1594/PANGAEA.918840,CC BY 4.0,fixed-wing UAV,2020-02-28 16:50:28+00:00,587.0,65.03717,24.507199,45.15,382635.0150166,7214912.199066,-984.8118609999656,-636.4114060001448,20.18,-983.8608262705397,-636.4739714374925,20.533073593073564,14.511140724673055,-0.36660211246447716,0.19673160173159943,-1.4641736594209078,0.05608212450331962,0.09784632034631979,14.515770811091235,14.517103897239565,91.44718373238743,-0.07480186818659422,0.7764796336827471,998.0,-3.35,53.09,False
HAOS / PANGAEA,HAOS_Flight_104,HAOS_Flight_104_seg00,train,10.1594/PANGAEA.918840,CC BY 4.0,fixed-wing UAV,2020-02-28 16:50:29+00:00,588.0,65.037172,24.507522,45.3,382650.2650521,7214911.872419,-969.5618254999863,-636.7380530005321,20.33,-970.3577547995485,-636.8039451343445,20.7679004329004,12.829532718389942,-0.3110280821716742,0.2939177489177478,-1.6897692250016974,0.04997093397795993,0.06350649350649373,12.833302312348813,12.83666763156491,91.38875723768103,-0.037455914661152424,1.3120008099659217,997.98,-3.33,52.61,False
HAOS / PANGAEA,HAOS_Flight_104,HAOS_Flight_104_seg00,train,10.1594/PANGAEA.918840,CC BY 4.0,fixed-wing UAV,2020-02-28 16:50:30+00:00,589.0,65.037174,24.507846,46.5,382665.5026903,7214911.425192,-954.3241872999934,-637.1852799998596,21.53,-958.2017608337599,-637.0960276018359,21.12090909090906,11.13160227466966,-0.2666602445085573,0.3237445887445869,-0.791891036252963,-0.028719995674805432,-0.01681818181818162,11.134795772147424,11.13950122070883,91.37227190306515,0.24393649262217254,1.6654076735251915,997.82,-3.42,52.33,False
HAOS / PANGAEA,HAOS_Flight_104,HAOS_Flight_104_seg00,train,10.1594/PANGAEA.918840,CC BY 4.0,fixed-wing UAV,2020-02-28 16:50:31+00:00,590.0,65.037174,24.508008,46.614999999999995,382673.119181,7214911.132434,-946.7076966000022,-637.4780379999429,21.644999999999996,-948.0945502502092,-637.3372656233616,21.415389610389575,11.245750645884016,-0.3684680735212851,0.26028138528138456,1.1953637372309345,-0.16773047947796726,-0.11800865800865612,11.251785472119758,11.25479554279549,91.87663022292537,0.5886528843892097,1.3251555244489004,997.8050000000001,-3.425,52.06,True
HAOS / PANGAEA,HAOS_Flight_104,HAOS_Flight_104_seg00,train,10.1594/PANGAEA.918840,CC BY 4.0,fixed-wing UAV,2020-02-28 16:50:32+00:00,591.0,65.037174,24.50817,46.73,382680.7356717,7214910.839676,-939.0912059000111,-637.7707960000262,21.759999999999998,-935.7102595419918,-637.8329637488785,21.641471861471828,13.52232974913153,-0.6021212034644918,0.08772727272727465,2.28006456926812,-0.210908849673217,-0.21860389610389497,13.535728712851373,13.536012997270992,92.54957767184356,0.4928726467286228,0.3713381233511115,997.79,-3.43,51.79,False
HAOS / PANGAEA,HAOS_Flight_104,HAOS_Flight_104_seg00,train,10.1594/PANGAEA.918840,CC BY 4.0,fixed-wing UAV,2020-02-28 16:50:33+00:00,592.0,65.037174,24.50849,46.43,382695.8357388,7214910.289044,-923.9911387999891,-638.3214279999956,21.46,-921.0498907519461,-638.5415080302906,21.590844155844124,15.805879784420256,-0.7902857728677191,-0.17692640692640538,2.2836220593126484,-0.17035705743467133,-0.19707792207792174,15.825624390915577,15.826613355857592,92.8623755163826,0.21699997955647002,-0.6405253813069933,997.83,-3.43,51.19,False
HAOS / PANGAEA,HAOS_Flight_104,HAOS_Flight_104_seg00,train,10.1594/PANGAEA.918840,CC BY 4.0,fixed-wing UAV,2020-02-28 16:50:34+00:00,593.0,65.037173,24.508812,45.98,382710.9867695,7214909.621577,-908.8401080999756,-638.9888949999586,21.009999999999998,-904.0984999731513,-639.4135352946139,21.287619047619017,18.089573867756826,-0.9428353183338345,-0.30642857142856883,1.7385118609310837,-0.11182045017258702,-0.07009740259740305,18.114127667501087,18.1167193394366,92.98357763095646,0.0737792714141369,-0.9691545576025439,997.89,-3.46,50.18,False
HAOS / PANGAEA,HAOS_Flight_104,HAOS_Flight_104_seg00,train,10.1594/PANGAEA.918840,CC BY 4.0,fixed-wing UAV,2020-02-28 16:50:35+00:00,594.0,65.037168,24.509456,46.35,382741.2646963,7214907.778584,-878.562181300018,-640.8318880004808,21.380000000000003,-884.8707430164325,-640.4271786669583,20.977987012986986,19.282903506282423,-1.013926673212893,-0.31712121212121147,0.2063429988059795,-0.00048500646681759463,0.024529220779219152,19.309542069434258,19.312145939652297,93.00993405921088,-0.03171764549911298,-0.9408857907817471,997.84,-3.49,49.56,False
HAOS / PANGAEA,HAOS_Flight_104,HAOS_Flight_104_seg00,train,10.1594/PANGAEA.918840,CC BY 4.0,fixed-wing UAV,2020-02-28 16:50:36+00:00,595.0,65.037166,24.509779,45.52,382756.4391233,7214906.973997,-863.387754299969,-641.6364750005305,20.550000000000004,-865.5326929605865,-641.4413886410397,20.653376623376595,18.502259865368785,-0.9438053312674697,-0.2573701298701305,-1.2180882327969016,0.1129496839780586,0.07741341991341955,18.526316110575394,18.528103734940462,92.92014233995826,-0.16590123933202264,-0.7959096457359096,997.95,-3.4,49.18,False
HAOS / PANGAEA,HAOS_Flight_104,HAOS_Flight_104_seg00,train,10.1594/PANGAEA.918840,CC BY 4.0,fixed-wing UAV,2020-02-28 16:50:37+00:00,596.0,65.037165,24.5101,45.37,382771.5441411,7214906.27753,-848.2827364999685,-642.3329420005903,20.4,-847.8662232856949,-642.3147893294932,20.463246753246725,16.84672704068862,-0.7880273052567759,-0.16229437229437238,-1.806753161040774,0.1665314254219652,0.03969155844155825,16.865147465032713,16.865928331419465,92.67813158054685,-0.28558201765588864,-0.5513438630557056,997.97,-3.44,48.47,False
HAOS / PANGAEA,HAOS_Flight_104,HAOS_Flight_104_seg00,train,10.1594/PANGAEA.918840,CC BY 4.0,fixed-wing UAV,2020-02-28 16:50:38+00:00,597.0,65.037164,24.510419,45.07,382786.5683182,7214905.589347,-833.2585593999829,-643.0211249999702,20.1,-831.8392388792092,-643.0174432515532,20.32878787878785,14.888753543287237,-0.6107424804235393,-0.17798701298701403,-1.2009057970768993,0.09673845356135757,0.00280303030302953,14.901274725678409,14.902337663163259,92.3489783046465,-0.16058845078311879,-0.6843320391303291,998.01,-3.44,48.03,False
HAOS / PANGAEA,HAOS_Flight_104,HAOS_Flight_104_seg00,train,10.1594/PANGAEA.918840,CC BY 4.0,fixed-wing UAV,2020-02-28 16:50:39+00:00,598.0,65.037165,24.51074,45.15,382801.6817418,7214905.098966,-818.1451358000049,-643.5115060005337,20.18,-818.0887161991204,-643.5362742903403,20.107272727272697,14.444915446534822,-0.5945503981340607,-0.15668831168831332,0.1271114377705942,-0.04117684959518897,0.05777056277056403,14.457146068068264,14.457995146647455,92.35695467898063,0.1358143503073909,-0.6209543311322101,998.0,-3.44,47.4,False
HAOS / PANGAEA,HAOS_Flight_104,HAOS_Flight_104_seg00,train,10.1594/PANGAEA.918840,CC BY 4.0,fixed-wing UAV,2020-02-28 16:50:40+00:00,599.0,65.037165,24.511063,45.3,382816.8606136,7214904.545843,-802.9662639999879,-644.0646290006116,20.33,-802.9494079861396,-644.2065440478214,20.015411255411223,15.142976418828425,-0.6930961796139172,-0.06244588744588597,0.3476720588757871,-0.07216660506031758,0.07291125541125787,15.158829675650727,15.158958296144496,92.62060700526126,0.21850500785172447,-0.23602518378450746,997.98,-3.42,47.27,False
HAOS / PANGAEA,HAOS_Flight_104,HAOS_Flight_104_seg00,train,10.1594/PANGAEA.918840,CC BY 4.0,fixed-wing UAV,2020-02-28 16:50:41+00:00,600.0,65.037164,24.511386,45.0,382832.0389978,7214903.761455,-787.7878798000165,-644.8490169998258,20.03,-787.8027633614636,-644.9224666495682,19.982380952380925,15.140259564286396,-0.7388836082546959,-0.010865800865797581,-0.024312550323088544,-0.046774988094909986,0.11935064935064776,15.15827855201616,15.158282446442987,92.79396469468406,0.18133947569675105,-0.041070918565828916,998.02,-3.4,46.94,False
HAOS / PANGAEA,HAOS_Flight_104,HAOS_Flight_104_seg00,train,10.1594/PANGAEA.918840,CC BY 4.0,fixed-wing UAV,2020-02-28 16:50:42+00:00,601.0,65.037161,24.511707,44.69,382847.1811049,7214902.899705,-772.6457726999652,-645.7107669999823,19.72,-772.6688888575668,-645.6843112643307,19.993679653679628,15.094351318182248,-0.7866461558037372,0.17625541125540956,-0.07409247748998382,-0.01907771854718021,0.1836255411255392,15.11483555620606,15.11586318610842,92.98328595665475,0.08650998984877482,0.6681007833574065,998.06,-3.38,46.61,False
HAOS / PANGAEA,HAOS_Flight_104,HAOS_Flight_104_seg00,train,10.1594/PANGAEA.918840,CC BY 4.0,fixed-wing UAV,2020-02-28 16:50:43+00:00,602.0,65.037159,24.512027,45.0,382862.2255614,7214902.019122,-757.6013161999872,-646.5913500003517,20.03,-757.6140607250991,-646.4957589611756,20.334891774891744,14.992074609306428,-0.7770390453490563,0.3563852813852808,-0.1053798666671355,0.05958942424513225,0.054415584415585805,15.012198065873214,15.016427712268838,92.96698467438159,-0.20776425746236513,1.3599299561923046,998.02,-3.39,46.36,False
HAOS / PANGAEA,HAOS_Flight_104,HAOS_Flight_104_seg00,train,10.1594/PANGAEA.918840,CC BY 4.0,fixed-wing UAV,2020-02-28 16:50:44+00:00,603.0,65.037159,24.512345,45.67,382877.1801146,7214901.434873,-742.646762999997,-647.1755990004167,20.700000000000003,-742.6847396389539,-647.2383893550289,20.70645021645019,14.883591584847977,-0.6674673073134727,0.28508658008658117,-0.08559741320334524,0.1330473809069872,-0.08943722943722943,14.898550636585085,14.901277979724936,92.56775744173007,-0.49625804520199934,1.0962317775186252,997.93,-3.41,46.22,False
HAOS / PANGAEA,HAOS_Flight_104,HAOS_Flight_104_seg00,train,10.1594/PANGAEA.918840,CC BY 4.0,fixed-wing UAV,2020-02-28 16:50:45+00:00,604.0,65.037158,24.512662,45.9,382892.067581,7214900.770123,-727.7592966000084,-647.8403489999473,20.93,-727.8468775554031,-647.8306935758026,20.905064935064907,14.820879782899738,-0.5109442835350819,0.17751082251082195,-0.03154740952351176,0.16668864501963299,-0.16175324675324632,14.82968447405552,14.830746835279463,91.97446858397763,-0.6381950147208524,0.6857957941145356,997.9,-3.41,45.85,False
HAOS / PANGAEA,HAOS_Flight_104,HAOS_Flight_104_seg00,train,10.1594/PANGAEA.918840,CC BY 4.0,fixed-wing UAV,2020-02-28 16:50:46+00:00,605.0,65.037159,24.512974,46.96,382906.7914392,7214900.253786,-713.0354383999947,-648.3566859997809,21.990000000000002,-713.0429800731545,-648.260277922099,21.061471861471833,14.820496765800954,-0.33409001727420673,-0.03841991341991147,0.03343470692743722,0.17801743940432857,-0.22856060606060513,14.82426188802528,14.824311674223058,91.29136741228831,-0.6891591871934191,-0.1484926518606623,997.76,-3.5,45.94,False
HAOS / PANGAEA,HAOS_Flight_104,HAOS_Flight_104_seg00,train,10.1594/PANGAEA.918840,CC BY 4.0,fixed-wing UAV,2020-02-28 16:50:47+00:00,606.0,65.037162,24.513287,45.6,382921.5058101,7214900.07356,-698.3210674999864,-648.5369119998068,20.630000000000003,-698.2058840238012,-648.498873610351,20.828225108225084,14.887749196754612,-0.15490940472642478,-0.2796103896103883,0.08833063225159776,0.15286602918064318,-0.13104978354978414,14.888555103472608,14.89118044478403,90.59615020959075,-0.59151379536583,-1.075901056936898,997.94,-3.42,45.19,False
HAOS / PANGAEA,HAOS_Flight_104,HAOS_Flight_104_seg00,train,10.1594/PANGAEA.918840,CC BY 4.0,fixed-wing UAV,2020-02-28 16:50:48+00:00,607.0,65.037167,24.513604,44.92,382936.4812489,7214899.978062,-683.3456286999863,-648.6324100000784,19.950000000000003,-683.2674816796452,-648.5700967315519,20.502251082251057,14.99715803030415,-0.028357958912920367,-0.30051948051947974,0.10783383149470183,0.06372029540227686,0.0672402597402586,14.997184841154352,15.000195502656677,90.10833982155668,-0.24597280949069303,-1.1479617014966912,998.03,-3.41,44.99,False
HAOS / PANGAEA,HAOS_Flight_104,HAOS_Flight_104_seg00,train,10.1594/PANGAEA.918840,CC BY 4.0,fixed-wing UAV,2020-02-28 16:50:49+00:00,608.0,65.037172,24.513925,45.52,382951.5737458,7214899.971848,-668.2531317999819,-648.638624000363,20.550000000000004,-668.2115679631929,-648.5555895281768,20.227186147186124,15.103416859744016,-0.02746881392187106,-0.1451298701298711,0.07293276320433506,-0.071412574685354,0.2770995670995653,15.10344183869816,15.104139103376331,90.10420459060936,0.26966409215543014,-0.5505416059096621,997.95,-3.41,44.83,False
HAOS / PANGAEA,HAOS_Flight_104,HAOS_Flight_104_seg00,train,10.1594/PANGAEA.918840,CC BY 4.0,fixed-wing UAV,2020-02-28 16:50:50+00:00,609.0,65.037178,24.514247,44.77,382966.7503799,7214900.081984,-653.0764977000072,-648.5284879999235,19.800000000000004,-653.0606479601572,-648.6250343593956,20.211991341991315,15.14302355671282,-0.17118310828362837,0.25367965367965084,-0.01583539145309487,-0.18520263524314373,0.3071212121212117,15.143991088736186,15.146115655916933,90.64766800586756,0.7039883513815749,0.959681906369781,998.05,-3.38,44.21,False
HAOS / PANGAEA,HAOS_Flight_104,HAOS_Flight_104_seg00,train,10.1594/PANGAEA.918840,CC BY 4.0,fixed-wing UAV,2020-02-28 16:50:51+00:00,610.0,65.037182,24.51457,45.67,382981.972396,7214899.945329,-637.8544815999921,-648.665142999962,20.700000000000003,-637.9255208497673,-648.8979557447441,20.734545454545426,15.071746076837826,-0.3978740844081585,0.46911255411255226,-0.09405742684157303,-0.23679261576802446,0.08126623376623598,15.076996835965708,15.084293161436037,91.51218129337252,0.9105312783179053,1.7821520509094104,997.93,-3.41,44.11,False
HAOS / PANGAEA,HAOS_Flight_104,HAOS_Flight_104_seg00,train,10.1594/PANGAEA.918840,CC BY 4.0,fixed-wing UAV,2020-02-28 16:50:52+00:00,611.0,65.037182,24.514889,46.05,382997.0179744,7214899.276668,-622.8089031999698,-649.333804000169,21.08,-622.9171558064816,-649.4207825282119,21.15021645021642,14.954908703029673,-0.6447683398196773,0.4162121212121228,-0.1043984108216307,-0.2043073863865743,-0.07732683982683852,14.968801572871039,14.974586907752427,92.46873056250337,0.7968695342069947,1.5927163546821432,997.88,-3.41,43.78,False
HAOS / PANGAEA,HAOS_Flight_104,HAOS_Flight_104_seg00,train,10.1594/PANGAEA.918840,CC BY 4.0,fixed-wing UAV,2020-02-28 16:50:53+00:00,612.0,65.037179,24.515206,46.96,383011.8945266,7214898.423529,-607.9323509999667,-650.1869430001825,21.990000000000002,-608.0157034437079,-650.1874924243834,21.56696969696967,14.862949255194565,-0.8064888571813071,0.3144588744588752,-0.07547162207859515,-0.07515923269451719,-0.13209956709956927,14.884813900054185,14.888135182855246,93.1059203617865,0.30276990636609147,1.2102594453131184,997.76,-3.47,43.9,False
HAOS / PANGAEA,HAOS_Flight_104,HAOS_Flight_104_seg00,train,10.1594/PANGAEA.918840,CC BY 4.0,fixed-wing UAV,2020-02-28 16:50:54+00:00,613.0,65.037177,24.515518,46.96,383026.5818678,7214897.537749,-593.2450098000118,-651.0727230003104,21.990000000000002,-593.1912572960924,-651.0337602425745,21.77913419913417,14.803965458872483,-0.7950868052087117,0.15201298701298427,0.1364693917193449,0.06010489069029745,-0.14305194805194787,14.825301222413882,14.826080543539724,93.07427037523553,-0.25491998328447896,0.5874684931628916,997.76,-3.47,43.9,False
HAOS / PANGAEA,HAOS_Flight_104,HAOS_Flight_104_seg00,train,10.1594/PANGAEA.918840,CC BY 4.0,fixed-wing UAV,2020-02-28 16:50:55+00:00,614.0,65.037174,24.515831,46.5,383041.2939682,7214896.649841,-578.5329094000044,-651.960630999878,21.53,-578.407772525963,-651.7776660348009,21.87099567099564,15.135888038633254,-0.6862790758007122,0.028354978354979465,0.24139188852876714,0.11313885386152833,-0.12449134199134093,15.151438403264658,15.151464935534142,92.59608039521754,-0.4716590742054871,0.1072253767637965,997.82,-3.42,43.62,False
HAOS / PANGAEA,HAOS_Flight_104,HAOS_Flight_104_seg00,train,10.1594/PANGAEA.918840,CC BY 4.0,fixed-wing UAV,2020-02-28 16:50:56+00:00,615.0,65.037174,24.516148,47.03,383056.2251431,7214896.036067,-563.6017344999709,-652.5744050005451,22.060000000000002,-562.9194812188259,-652.406318394176,21.83584415584413,15.286749235930017,-0.568809097485655,-0.0969696969696976,-0.4972857269986548,0.1198277521496891,-0.08482683982684058,15.297328067070714,15.29763540922975,92.13095222682455,-0.39355785189510367,-0.3631928357947807,997.75,-3.42,43.89,False
HAOS / PANGAEA,HAOS_Flight_104,HAOS_Flight_104_seg00,train,10.1594/PANGAEA.918840,CC BY 4.0,fixed-wing UAV,2020-02-28 16:50:57+00:00,616.0,65.037177,24.516465,46.05,383071.1325801,7214895.843523,-548.6942975000129,-652.766948999837,21.08,-547.8342740541029,-652.9152842297722,21.677056277056245,14.141316584635945,-0.446623571501334,-0.1412987012987017,-1.7110552339808862,0.10560205199021766,0.04909090909091063,14.148367657136998,14.149073209384031,91.80896469142738,-0.20227849761751224,-0.5721896894335275,997.88,-3.42,44.02,False
HAOS / PANGAEA,HAOS_Flight_104,HAOS_Flight_104_seg00,train,10.1594/PANGAEA.918840,CC BY 4.0,fixed-wing UAV,2020-02-28 16:50:58+00:00,617.0,65.037179,24.51678,47.26,383085.9939952,7214895.475604,-533.8328823999618,-653.134868000634,22.29,-534.636848049554,-653.2995655371786,21.553246753246725,11.864638767968245,-0.3576049935052197,0.0012121212121236624,-1.4040805853910001,0.0466541321142131,0.06800865800865807,11.870026723885458,11.870026785774021,91.72639523158955,-0.011662967936151477,0.005850823345815936,997.72,-3.43,42.71,False
HAOS / PANGAEA,HAOS_Flight_104,HAOS_Flight_104_seg00,train,10.1594/PANGAEA.918840,CC BY 4.0,fixed-wing UAV,2020-02-28 16:50:59+00:00,618.0,65.037178,24.517097,46.35,383100.90066,7214894.811592,-518.9262176000047,-653.7988800005987,21.380000000000003,-524.1049965181664,-653.6304942167826,21.679480519480492,11.333155413853945,-0.35331530727290783,-0.005281385281385553,0.5447354659098096,-0.013981959948864642,-0.015183982683984354,11.338661443967728,11.33866267396428,91.78563875555506,-0.010767315589855478,-0.026687547398565638,997.84,-3.38,43.09,False
HAOS / PANGAEA,HAOS_Flight_104,HAOS_Flight_104_seg00,train,10.1594/PANGAEA.918840,CC BY 4.0,fixed-wing UAV,2020-02-28 16:51:00+00:00,619.0,65.0371785,24.517255,46.39,383108.32963305,7214894.552979,-511.4972445499734,-654.0574930002913,21.42,-511.97053722184614,-654.0061961517245,21.542683982683954,12.954109699787864,-0.38556891340294897,-0.029155844155845045,1.6302975283546743,-0.02436748271188094,-0.02998917748917762,12.959846507621945,12.959879303618887,91.7048606004098,-0.10378441986860557,-0.12889844019785532,997.835,-3.37,42.77,True
HAOS / PANGAEA,HAOS_Flight_104,HAOS_Flight_104_seg00,train,10.1594/PANGAEA.918840,CC BY 4.0,fixed-wing UAV,2020-02-28 16:51:01+00:00,620.0,65.037179,24.517413,46.43,383115.7586061,7214894.294366,-504.06827150000026,-654.3161059999838,21.46,-498.1967771185907,-654.4016320435885,21.621168831168802,14.593750470563293,-0.4020502726966697,-0.0652597402597408,1.641008075970106,-0.02864018394473078,0.016233766233765934,14.599287558605106,14.599433415463102,91.57806991581782,-0.07123700353555688,-0.2561140583064261,997.83,-3.36,42.45,False
HAOS / PANGAEA,HAOS_Flight_104,HAOS_Flight_104_seg00,train,10.1594/PANGAEA.918840,CC BY 4.0,fixed-wing UAV,2020-02-28 16:51:02+00:00,621.0,65.03718,24.517728,47.11,383130.6046163,7214893.786496,-489.22226129996125,-654.8239759998396,22.14,-482.78303628071956,-654.8102966971178,21.412164502164472,16.236125851728076,-0.4428492812924105,0.0033116883116868223,1.6415421845226632,-0.0867616991508271,0.09216450216450234,16.242164207983304,16.242164545600854,91.56238659333872,0.13301176626678027,0.01168229542955641,997.74,-3.36,42.39,False
HAOS / PANGAEA,HAOS_Flight_104,HAOS_Flight_104_seg00,train,10.1594/PANGAEA.918840,CC BY 4.0,fixed-wing UAV,2020-02-28 16:51:03+00:00,622.0,65.037185,24.518364,45.9,383160.5742808,7214893.252354,-459.2525967999827,-655.3581180004403,20.93,-465.72452541513456,-655.2873306061733,21.627792207792176,17.87683483960862,-0.5755736709983239,0.11906926406926388,1.104699549026705,-0.16526448061117094,-0.011244588744586892,17.8860982031686,17.886494525843712,91.84409344835143,0.41924343057446856,0.38141720163277065,997.9,-3.35,42.14,False
HAOS / PANGAEA,HAOS_Flight_104,HAOS_Flight_104_seg00,train,10.1594/PANGAEA.918840,CC BY 4.0,fixed-wing UAV,2020-02-28 16:51:04+00:00,623.0,65.037186,24.518683,46.8,383175.559428,7214892.788883,-444.2674495999818,-655.8215890005231,21.83,-447.0293666015023,-655.9614440391144,21.650303030303,18.445524949781486,-0.7733782425147524,-0.01917748917748696,-0.4206019746231817,-0.18208500543852324,-0.08002164502164444,18.461730812115274,18.46174077261128,92.40087345448762,0.6566688363459776,-0.05951710635892761,997.78,-3.39,43.36,False
HAOS / PANGAEA,HAOS_Flight_104,HAOS_Flight_104_seg00,train,10.1594/PANGAEA.918840,CC BY 4.0,fixed-wing UAV,2020-02-28 16:51:05+00:00,624.0,65.037183,24.519001,46.35,383190.5304975,7214891.854283,-429.2963801000151,-656.7561889998615,21.380000000000003,-428.8334755155716,-656.8340870912028,21.589437229437202,17.035630890362256,-0.9397436818753704,-0.040974025974025,-1.8625015167751116,-0.13688248803424585,0.013365800865799748,17.06153094010879,17.061580140511428,93.15743112104337,0.8340018325619601,-0.13759810025007554,997.84,-3.33,41.74,False
HAOS / PANGAEA,HAOS_Flight_104,HAOS_Flight_104_seg00,train,10.1594/PANGAEA.918840,CC BY 4.0,fixed-wing UAV,2020-02-28 16:51:06+00:00,625.0,65.03718,24.51932,47.18,383205.5407903,7214890.845373,-414.28608729998814,-657.7650990001857,22.21,-412.9581048207778,-657.8409314028652,21.56835497835495,14.720521916231263,-1.047143218583244,0.007554112554112535,-1.3937520904176637,-0.06064454000238584,-0.011406926406927198,14.75771914648296,14.757721079864814,94.06887711961156,0.5507115985865777,0.02932829424516638,997.73,-3.34,42.28,False
HAOS / PANGAEA,HAOS_Flight_104,HAOS_Flight_104_seg00,train,10.1594/PANGAEA.918840,CC BY 4.0,fixed-wing UAV,2020-02-28 16:51:07+00:00,626.0,65.037175,24.519638,46.2,383220.459272,7214889.697357,-399.3676055999822,-658.9131150003523,21.230000000000004,-399.39243168310907,-658.9283735283693,21.604545454545427,14.248126709526929,-1.061032761880142,-0.06378787878787939,0.10701178376822895,0.07237942203136072,-0.027164502164502835,14.287578705033182,14.287721097011865,94.25885431821649,-0.3055599273277676,-0.2557992527348467,997.86,-3.31,42.48,False
HAOS / PANGAEA,HAOS_Flight_104,HAOS_Flight_104_seg00,train,10.1594/PANGAEA.918840,CC BY 4.0,fixed-wing UAV,2020-02-28 16:51:08+00:00,627.0,65.037169,24.519956,46.35,383235.3922903,7214888.53769,-384.4345872999984,-660.0727820005268,21.380000000000003,-384.46185140172395,-659.9629969266255,21.44077922077919,14.934545483767721,-0.9023843745205227,-0.046774891774893135,0.3401057748888121,0.21349349889595715,0.02878787878787925,14.96178286054525,14.961855976335496,93.45775726495606,-0.913406833345174,-0.17912271416655148,997.84,-3.29,41.74,False
HAOS / PANGAEA,HAOS_Flight_104,HAOS_Flight_104_seg00,train,10.1594/PANGAEA.918840,CC BY 4.0,fixed-wing UAV,2020-02-28 16:51:09+00:00,628.0,65.037168,24.520271,46.65,383250.2176087,7214887.747774,-369.609268900007,-660.8626979999244,21.68,-369.5233407155736,-660.7331422774104,21.51099567099564,14.928338259304553,-0.6340457640882278,-0.006212121212120891,-0.004036470241516099,0.2615714903227513,0.12615800865800963,14.941796987483611,14.941798278842619,92.43204065152617,-1.0011696085732158,-0.023820983986647982,997.8,-3.29,41.32,False
HAOS / PANGAEA,HAOS_Flight_104,HAOS_Flight_104_seg00,train,10.1594/PANGAEA.918840,CC BY 4.0,fixed-wing UAV,2020-02-28 16:51:10+00:00,629.0,65.037168,24.520589,46.2,383265.1987711,7214887.243972,-354.6281064999639,-661.3665000004694,21.230000000000004,-354.60517488311484,-661.2310884548019,21.42835497835495,14.926472543284689,-0.3792413938750201,0.20554112554112614,0.00535040119302721,0.22421151627199265,0.18126623376623385,14.931289516323096,14.932704168185635,91.45541804780959,-0.8600786960637055,0.7886723515391206,997.86,-3.28,42.6,False
HAOS / PANGAEA,HAOS_Flight_104,HAOS_Flight_104_seg00,train,10.1594/PANGAEA.918840,CC BY 4.0,fixed-wing UAV,2020-02-28 16:51:11+00:00,630.0,65.037172,24.520908,46.8,383280.231306,7214887.090737,-339.59557160001714,-661.5197350000963,21.83,-339.67039562900425,-661.4916250651604,21.922077922077893,14.939039061690607,-0.18562273154424247,0.3563203463203468,0.01895713788299247,0.13950259306616886,-0.0074891774891785445,14.940192230529824,14.944440707981867,90.71188325939875,-0.5358192446281386,1.3662329181587332,997.78,-3.27,41.94,False
HAOS / PANGAEA,HAOS_Flight_104,HAOS_Flight_104_seg00,train,10.1594/PANGAEA.918840,CC BY 4.0,fixed-wing UAV,2020-02-28 16:51:12+00:00,631.0,65.037178,24.521224,47.18,383295.1493233,7214887.159154,-324.6775542999967,-661.4513180004433,22.21,-324.7270967597336,-661.6023339178904,22.140995670995643,14.964386819050674,-0.10023620774268238,0.19056277056276905,0.022015516991345407,0.044592349558229216,-0.11083333333333467,14.964722522236093,14.96593579890829,90.38377955855333,-0.17155298619321002,0.7295726569792019,997.73,-3.28,41.2,False
HAOS / PANGAEA,HAOS_Flight_104,HAOS_Flight_104_seg00,train,10.1594/PANGAEA.918840,CC BY 4.0,fixed-wing UAV,2020-02-28 16:51:13+00:00,632.0,65.037182,24.52154,47.03,383310.0044235,7214887.024969,-309.82245410000905,-661.5855029998347,22.060000000000002,-309.7416219909029,-661.6920974806458,22.30320346320343,14.983070095673298,-0.09643803242778404,0.13465367965367747,0.016965355736630272,-0.010264756526908059,-0.07035714285714167,14.983380452553355,14.983985497837425,90.36877728701234,0.03877664603041704,0.5148958123691276,997.75,-3.31,41.89,False
HAOS / PANGAEA,HAOS_Flight_104,HAOS_Flight_104_seg00,train,10.1594/PANGAEA.918840,CC BY 4.0,fixed-wing UAV,2020-02-28 16:51:14+00:00,633.0,65.037185,24.521859,48.39,383325.0482682,7214886.78919,-294.7786093999748,-661.8212820002809,23.42,-294.76095656838703,-661.795209982746,22.410303030302998,14.998317530523934,-0.1207657207964985,0.0498484848484857,0.030098831276973215,-0.030007101780853418,-0.058787878787876835,14.998803722488706,14.998886557914316,90.46133285061416,0.11354295584222977,0.19042167188881667,997.57,-3.4,41.83,False
HAOS / PANGAEA,HAOS_Flight_104,HAOS_Flight_104_seg00,train,10.1594/PANGAEA.918840,CC BY 4.0,fixed-wing UAV,2020-02-28 16:51:15+00:00,634.0,65.037189,24.522178,46.73,383340.0704371,7214886.606545,-279.7564404999721,-662.003926999867,21.759999999999998,-279.74498692985503,-661.9336289222388,22.402900432900402,15.043267758227245,-0.15645223598949087,0.0170779220779238,0.03391050811533347,-0.035150605011949665,-0.021482683982684492,15.044081299563143,15.04409099292104,90.5958631986968,0.13262314211533277,0.06504168769892522,997.79,-3.28,42.01,False
HAOS / PANGAEA,HAOS_Flight_104,HAOS_Flight_104_seg00,train,10.1594/PANGAEA.918840,CC BY 4.0,fixed-wing UAV,2020-02-28 16:51:16+00:00,635.0,65.037193,24.522499,47.18,383355.1866272,7214886.415267,-264.6402503999998,-662.1952050002292,22.21,-264.67442105193254,-662.108114454725,22.444458874458846,15.066138546754601,-0.19106693082039783,0.006883116883116713,0.007096798268356963,-0.06409566345104167,-0.11786796536796729,15.067350041797594,15.06735161398167,90.72657913484483,0.24355850208285354,0.026174046449455604,997.73,-3.32,41.79,False
HAOS / PANGAEA,HAOS_Flight_104,HAOS_Flight_104_seg00,train,10.1594/PANGAEA.918840,CC BY 4.0,fixed-wing UAV,2020-02-28 16:51:17+00:00,636.0,65.037197,24.522817,47.18,383370.1824122,7214886.298063,-249.64446539996425,-662.3124090004712,22.21,-249.61270983634583,-662.3157627838796,22.416666666666636,15.057461354763959,-0.2846435628915742,-0.21865800865801077,0.15593412537984364,-0.14015072293267394,-0.121396103896104,15.060151540011331,15.061738801773718,91.08298020286247,0.5145538816597645,-0.8318177154025977,997.73,-3.32,41.79,False
HAOS / PANGAEA,HAOS_Flight_104,HAOS_Flight_104_seg00,train,10.1594/PANGAEA.918840,CC BY 4.0,fixed-wing UAV,2020-02-28 16:51:18+00:00,637.0,65.0372,24.523138,47.56,383385.3039271,7214886.050507,-234.52295050001703,-662.5599650004879,22.590000000000003,-234.55949834240462,-662.6774015805081,22.007142857142824,15.378006797514288,-0.4713683766857457,-0.2359090909090913,0.19989876352794766,-0.18190067310345626,0.023733766233767994,15.385229319413313,15.387037866662595,91.75568689816436,0.6596085172566477,-0.8784747894210518,997.68,-3.31,41.4,False
HAOS / PANGAEA,HAOS_Flight_104,HAOS_Flight_104_seg00,train,10.1594/PANGAEA.918840,CC BY 4.0,fixed-wing UAV,2020-02-28 16:51:19+00:00,638.0,65.0372,24.523457,47.26,383400.3189556,7214885.528767,-219.50792199996067,-663.0817050002515,22.29,-218.85669624131725,-663.258499537251,21.944848484848453,15.457258881819854,-0.6484449090984867,-0.17119047619047478,-0.5739275399927735,-0.13369204647415245,-0.016341991341990436,15.470854305426528,15.471801418027342,92.40219723737579,0.6080660112433872,-0.6339721963870512,997.72,-3.27,41.32,False
HAOS / PANGAEA,HAOS_Flight_104,HAOS_Flight_104_seg00,train,10.1594/PANGAEA.918840,CC BY 4.0,fixed-wing UAV,2020-02-28 16:51:20+00:00,639.0,65.037199,24.523774,46.35,383415.2178352,7214884.736345,-204.60904239997035,-663.8741270005703,21.380000000000003,-203.64498057876492,-663.9742913987051,21.664761904761875,14.230151717528742,-0.7387524696340506,-0.26859307359307216,-1.7792002258673563,-0.03192822182612076,-0.04778138528138598,14.249314829677832,14.251846033214742,92.97181892065112,0.5118058254215774,-1.079871381083101,997.84,-3.26,41.23,False
HAOS / PANGAEA,HAOS_Flight_104,HAOS_Flight_104_seg00,train,10.1594/PANGAEA.918840,CC BY 4.0,fixed-wing UAV,2020-02-28 16:51:21+00:00,640.0,65.037195,24.524095,45.6,383430.314208,7214883.703333,-189.51266959996428,-664.9071390004829,20.630000000000003,-190.39639280625977,-664.7360044765192,21.40766233766231,11.898858430085141,-0.7123013527507283,-0.26675324675324674,-1.4249578527071805,0.06122621967961095,0.05146103896103771,11.920159611193919,11.923143983488254,93.42580888821897,0.06401142275208048,-1.281969801299153,997.94,-3.23,41.15,False
HAOS / PANGAEA,HAOS_Flight_104,HAOS_Flight_104_seg00,train,10.1594/PANGAEA.918840,CC BY 4.0,fixed-wing UAV,2020-02-28 16:51:22+00:00,641.0,65.037193,24.524411,46.58,383445.1612564,7214882.941316,-174.66562119999435,-665.6691560000181,21.61,-179.84726371859463,-665.3988941042065,21.13125541125538,11.38023601211438,-0.6163000302748287,-0.16567099567099675,0.5752967548663932,0.07656408439478923,0.13050865800865807,11.396911749186346,11.398115822255377,93.0998417661553,-0.4860837254125433,-0.8328203756588864,997.81,-3.31,41.32,False
HAOS / PANGAEA,HAOS_Flight_104,HAOS_Flight_104_seg00,train,10.1594/PANGAEA.918840,CC BY 4.0,fixed-wing UAV,2020-02-28 16:51:23+00:00,642.0,65.0371925,24.52457,46.28,383452.64957285,7214882.604323,-167.17730475001736,-666.0061490004882,21.310000000000002,-167.635920782031,-665.9686045370688,21.076320346320315,13.049451939817928,-0.5591731839611498,-0.0057359307359305944,1.6727868350672637,-0.02512241994509168,0.08523809523809689,13.061426820193846,13.061428079661907,92.45364143739386,-0.25409541277505165,-0.025161462537414296,997.8499999999999,-3.29,41.18,True
HAOS / PANGAEA,HAOS_Flight_104,HAOS_Flight_104_seg00,train,10.1594/PANGAEA.918840,CC BY 4.0,fixed-wing UAV,2020-02-28 16:51:24+00:00,643.0,65.037192,24.524729,45.98,383460.1378893,7214882.26733,-159.68898829998216,-666.343142000027,21.009999999999998,-153.74835983895878,-666.5172404721288,21.11978354978352,14.725809682248908,-0.6665448701650121,0.004805194805197033,1.7105662767375804,-0.16879163639023886,-0.08635281385281424,14.740887112442012,14.740887895634241,92.59165094060518,0.3314020749309946,0.01867712371881233,997.89,-3.27,41.04,False
HAOS / PANGAEA,HAOS_Flight_104,HAOS_Flight_104_seg00,train,10.1594/PANGAEA.918840,CC BY 4.0,fixed-wing UAV,2020-02-28 16:51:25+00:00,644.0,65.037194,24.525048,45.82,383475.175934,7214881.879488,-144.65094359999057,-666.7309840004891,20.85,-138.1843014175332,-667.3016942773988,21.08593073593071,16.47058449329309,-0.8967564567416275,-0.17844155844155907,1.7939661234887225,-0.06250568504395915,-0.13612554112554243,16.494978802454234,16.49594395853701,93.11644558725584,-0.058377061550772116,-0.6197976675606517,997.91,-3.25,40.65,False
HAOS / PANGAEA,HAOS_Flight_104,HAOS_Flight_104_seg00,train,10.1594/PANGAEA.918840,CC BY 4.0,fixed-wing UAV,2020-02-28 16:51:26+00:00,645.0,65.037197,24.52569,45.98,383505.4136537,7214881.051182,-114.41322390001733,-667.5592900002375,21.009999999999998,-120.8071908523726,-668.3107533856121,20.762900432900402,18.313741929226353,-0.7915562402529304,-0.2674458874458878,1.264352781598756,0.573213488115556,-0.017413419913419048,18.330840262568074,18.33279116868183,92.47489681750363,-1.9346643249973228,-0.8358827653631253,997.89,-3.29,40.65,False
HAOS / PANGAEA,HAOS_Flight_104,HAOS_Flight_104_seg00,train,10.1594/PANGAEA.918840,CC BY 4.0,fixed-wing UAV,2020-02-28 16:51:27+00:00,646.0,65.037196,24.526013,45.6,383520.601236,7214880.347707,-99.22564159997273,-668.2627650005743,20.630000000000003,-101.55681755908049,-668.8848067579047,20.551038961038934,18.9992900564906,0.24967051948948438,-0.21326839826839716,-0.5367852198635887,1.6515362727570277,0.04117965367965404,19.00093045140066,19.002127286929344,89.24711693726124,-5.381667728723648,-0.6430667203320407,997.94,-3.3,40.56,False
HAOS / PANGAEA,HAOS_Flight_104,HAOS_Flight_104_seg00,train,10.1594/PANGAEA.918840,CC BY 4.0,fixed-wing UAV,2020-02-28 16:51:28+00:00,647.0,65.037201,24.526336,45.37,383535.8208765,7214880.253358,-84.00600110000232,-668.3571140002459,20.4,-82.8086107393914,-667.8114123466331,20.336363636363608,17.240171489499176,2.511516305261125,-0.18508658008657974,-2.6441817942630514,2.774351699161855,0.06545454545454543,17.422147604096708,17.423130722722046,81.71156136005635,-11.085350402662174,-0.6086666923898635,997.97,-3.32,40.23,False
HAOS / PANGAEA,HAOS_Flight_104,HAOS_Flight_104_seg00,train,10.1594/PANGAEA.918840,CC BY 4.0,fixed-wing UAV,2020-02-28 16:51:29+00:00,648.0,65.037234,24.526654,44.92,383550.9362556,7214883.326019,-68.89062199997716,-665.284452999942,19.950000000000003,-67.07647458008213,-663.8617741473824,20.180865800865774,13.710926467964498,5.798373917813194,-0.0823593073593063,-3.1679408409634924,3.5018942607940176,0.10116883116883013,14.886592783464783,14.886820606033192,67.07641613193687,-16.410086497538806,-0.31698271324366994,998.03,-3.3,40.43,False
HAOS / PANGAEA,HAOS_Flight_104,HAOS_Flight_104_seg00,train,10.1594/PANGAEA.918840,CC BY 4.0,fixed-wing UAV,2020-02-28 16:51:30+00:00,649.0,65.037308,24.526943,45.07,383564.8586757,7214891.077012,-54.96820190001745,-657.5334600005299,20.1,-55.3867578034624,-656.2146645110067,20.171645021644995,10.90428980757219,9.51530482684916,0.01725108225108052,-2.796707206060983,3.527359432854297,0.13527056277056193,14.472199630857144,14.47220991262981,48.89138836497875,-17.400753576048437,0.06829740896932375,998.01,-3.27,40.28,False
HAOS / PANGAEA,HAOS_Flight_104,HAOS_Flight_104_seg00,train,10.1594/PANGAEA.918840,CC BY 4.0,fixed-wing UAV,2020-02-28 16:51:31+00:00,650.0,65.037421,24.527158,45.22,383575.4495219,7214903.30838,-44.3773557000095,-645.3020919999108,20.25,-45.26789496493775,-644.8311644936841,20.215367965367935,8.117512055842532,12.853092783521788,0.18818181818181756,-3.551315076404066,2.773829983726671,0.21228354978355135,15.20184186467445,15.203006560390053,32.274908979840006,-17.363314542561984,0.709221512462796,997.99,-3.25,40.13,False
HAOS / PANGAEA,HAOS_Flight_104,HAOS_Flight_104_seg00,train,10.1594/PANGAEA.918840,CC BY 4.0,fixed-wing UAV,2020-02-28 16:51:32+00:00,651.0,65.037559,24.527274,45.67,383581.510389,7214918.417254,-38.31648859998677,-630.1932180002332,20.700000000000003,-39.15173369177734,-630.5084789439632,20.54800865800863,3.801659654764059,15.062964794302502,0.4418181818181832,-4.407085842961502,1.5027124588821152,0.20584415584415527,15.535299305937347,15.54158060915435,14.164759279854763,-17.39513854228951,1.6290317357693374,997.93,-3.28,40.45,False
HAOS / PANGAEA,HAOS_Flight_104,HAOS_Flight_104_seg00,train,10.1594/PANGAEA.918840,CC BY 4.0,fixed-wing UAV,2020-02-28 16:51:33+00:00,652.0,65.037705,24.52729,46.05,383582.8958735,7214934.609626,-36.931004100013524,-614.0008460003883,21.08,-37.664575655409635,-614.7052349050791,21.099004329004302,-0.6966596300804717,15.858517701286019,0.5998701298701281,-4.1667281374440055,0.2862711277532526,0.08994588744588494,15.873812343674278,15.885142822615611,357.484631895261,-15.164233010415801,2.164173226299671,997.88,-3.29,39.99,False
HAOS / PANGAEA,HAOS_Flight_104,HAOS_Flight_104_seg00,train,10.1594/PANGAEA.918840,CC BY 4.0,fixed-wing UAV,2020-02-28 16:51:34+00:00,653.0,65.037847,24.527212,46.05,383579.8580161,7214950.659592,-39.9688614999759,-597.9508800003678,21.08,-40.54505295193828,-598.7914435413911,21.747748917748886,-4.531796620123952,15.635507049809007,0.6217099567099531,-3.2407635306296605,-0.39297179541517835,-0.0849025974025972,16.279012909596027,16.290880411477655,343.83629325902314,-11.475182140646984,2.1871137704023376,997.88,-3.29,39.99,False
HAOS / PANGAEA,HAOS_Flight_104,HAOS_Flight_104_seg00,train,10.1594/PANGAEA.918840,CC BY 4.0,fixed-wing UAV,2020-02-28 16:51:35+00:00,654.0,65.03798,24.52706,47.63,383573.2694225,7214965.706398,-46.5574551000027,-582.9040740001947,22.660000000000004,-46.72816889565754,-583.4342208054611,22.342424242424208,-7.178186691339793,15.072574110455662,0.4300649350649337,-1.9786553923171013,-0.4675118765890147,-0.2713636363636338,16.694575600802377,16.700114081624665,334.534267613967,-6.920747250547283,1.4756563897576571,997.67,-3.39,39.87,False
HAOS / PANGAEA,HAOS_Flight_104,HAOS_Flight_104_seg00,train,10.1594/PANGAEA.918840,CC BY 4.0,fixed-wing UAV,2020-02-28 16:51:36+00:00,655.0,65.038106,24.526862,47.86,383564.4951489,7214980.07099,-55.331728699966334,-568.5394820002839,22.89,-54.90142633461787,-568.6462953204798,22.607878787878754,-8.489107404758155,14.700483296630978,0.07898268398268549,-0.6719505384213402,-0.16045749784859709,-0.34047619047618927,16.975545755116272,16.975729496796752,329.9947987579286,-2.2747260171297516,0.2665800474128515,997.64,-3.36,40.11,False
HAOS / PANGAEA,HAOS_Flight_104,HAOS_Flight_104_seg00,train,10.1594/PANGAEA.918840,CC BY 4.0,fixed-wing UAV,2020-02-28 16:51:37+00:00,656.0,65.038229,24.52666,47.94,383555.5518891,7214994.18142,-64.27498849999392,-554.429051999934,22.97,-63.70638370517385,-554.0332542121992,22.50038961038958,-8.522087768182473,14.751659114758468,-0.2508874458874448,0.47302576785349437,0.23842747940062736,-0.29978354978354993,17.036356023711228,17.03820328195276,329.9848155797075,1.7890354161230289,-0.8437105171892131,997.63,-3.3,40.31,False
HAOS / PANGAEA,HAOS_Flight_104,HAOS_Flight_104_seg00,train,10.1594/PANGAEA.918840,CC BY 4.0,fixed-wing UAV,2020-02-28 16:51:38+00:00,657.0,65.03836,24.526476,47.11,383547.4595706,7215009.098434,-72.36730699997861,-539.512037999928,22.14,-71.94560187098281,-539.1429770909629,22.106103896103864,-7.543055869051166,15.177338255432232,-0.5205844155844144,1.26070700292221,0.5002507218320318,-0.209123376623376,16.94843026251794,16.956423458299906,333.57286959017466,4.580600318346834,-1.7593319532003917,997.74,-3.26,40.28,False
HAOS / PANGAEA,HAOS_Flight_104,HAOS_Flight_104_seg00,train,10.1594/PANGAEA.918840,CC BY 4.0,fixed-wing UAV,2020-02-28 16:51:39+00:00,658.0,65.038497,24.526318,46.05,383540.6079687,7215024.71473,-79.21890889998758,-523.8957420000806,21.08,-78.79249544327618,-523.6785777013347,21.45922077922075,-6.000673762338053,15.752160558422531,-0.6691341991341968,1.576974875759209,0.5169422575393696,0.1020021645021636,16.856412662851334,16.86968845108841,339.14601621640116,5.638891153128438,-2.2732266693960232,997.88,-3.26,40.26,False
HAOS / PANGAEA,HAOS_Flight_104,HAOS_Flight_104_seg00,train,10.1594/PANGAEA.918840,CC BY 4.0,fixed-wing UAV,2020-02-28 16:51:40+00:00,659.0,65.038642,24.526197,45.6,383535.5479463,7215040.987973,-84.2789312999812,-507.6224990002811,20.630000000000003,-83.94694939565892,-507.6386559741178,20.76783549783547,-4.389106117532748,16.21122277051097,-0.3165800865800872,1.5181864064942872,0.3226668473960501,0.46910173160172963,16.79488005989018,16.797863530143225,344.85065189643154,5.3034282853309636,-1.0798859482908887,997.94,-3.24,40.15,False
HAOS / PANGAEA,HAOS_Flight_104,HAOS_Flight_104_seg00,train,10.1594/PANGAEA.918840,CC BY 4.0,fixed-wing UAV,2020-02-28 16:51:41+00:00,660.0,65.038788,24.526111,45.75,383532.1605051,7215057.485863,-87.66637250001077,-491.12460900004953,20.78,-87.57070767834168,-491.25613216031275,20.826060606060576,-2.9643009493494787,16.39749425321463,0.26906926406926246,1.3071808102843008,0.07544378464179147,0.36829004329004356,16.663279926308658,16.665452174225212,349.7528727870631,4.479432005477648,0.9250995965223191,997.92,-3.25,40.06,False
HAOS / PANGAEA,HAOS_Flight_104,HAOS_Flight_104_seg00,train,10.1594/PANGAEA.918840,CC BY 4.0,fixed-wing UAV,2020-02-28 16:51:42+00:00,661.0,65.038935,24.526055,45.98,383530.1358883,7215073.921341,-89.69098929996835,-474.6891310000792,21.009999999999998,-89.87555129435788,-474.84366746768853,21.305974025973995,-1.7747444969641464,16.362110339794555,0.41999999999999993,1.0599582865818462,-0.08027489505028029,0.02771645021645064,16.458079256131814,16.46343745398015,353.8095159073868,3.6351025524999288,1.4618355646655539,997.89,-3.19,39.71,False
HAOS / PANGAEA,HAOS_Flight_104,HAOS_Flight_104_seg00,train,10.1594/PANGAEA.918840,CC BY 4.0,fixed-wing UAV,2020-02-28 16:51:43+00:00,662.0,65.039081,24.526014,45.98,383528.8711338,7215090.221418,-90.95574379997561,-458.38905400037766,21.009999999999998,-91.12019667226997,-458.53191148072364,21.666060606060576,-0.8443843761857863,16.23694446311407,0.32450216450216374,0.8287930053004757,-0.12487221755759492,-0.05353896103896094,16.258885277687316,16.262123235536123,357.02307789206293,2.886937178450083,1.143383203499761,997.89,-3.19,39.71,False
HAOS / PANGAEA,HAOS_Flight_104,HAOS_Flight_104_seg00,train,10.1594/PANGAEA.918840,CC BY 4.0,fixed-wing UAV,2020-02-28 16:51:44+00:00,663.0,65.039224,24.525987,48.69,383528.2052425,7215106.216814,-91.62163509998936,-442.3936580000445,23.72,-91.56432004672945,-442.3697785414604,21.954978354978323,-0.11715848636319492,16.112365904679365,0.31292207792207805,0.6570886609815858,0.09142431117254546,-0.07338744588744461,16.11279184862763,16.11583014877149,359.583390264287,2.3078931750116736,1.1125856390730817,997.53,-3.4,39.8,False
HAOS / PANGAEA,HAOS_Flight_104,HAOS_Flight_104_seg00,train,10.1594/PANGAEA.918840,CC BY 4.0,fixed-wing UAV,2020-02-28 16:51:45+00:00,664.0,65.039367,24.525977,47.11,383528.3630632,7215122.239514,-91.46381439996185,-426.3709580004215,22.14,-91.35451364499636,-426.3071796713649,22.291904761904732,0.4697929457773853,16.419793085459162,0.1777272727272745,0.4935371417712773,0.21867037126774846,-0.22021645021645053,16.426512422945862,16.427473858285875,1.6388642420862993,1.7127628174685312,0.6198896666367024,997.74,-3.22,40.04,False
HAOS / PANGAEA,HAOS_Flight_104,HAOS_Flight_104_seg00,train,10.1594/PANGAEA.918840,CC BY 4.0,fixed-wing UAV,2020-02-28 16:51:46+00:00,665.0,65.039512,24.525978,46.13,383529.0613029,7215138.319021,-90.76557469996624,-410.2914510006085,21.160000000000004,-90.62473415517468,-409.53019237054207,22.310432900432872,0.8699157971793596,16.54970664721486,-0.12751082251082302,0.3091501867383215,-0.564426907418806,-0.2925757575757588,16.572553925181538,16.573044458182913,3.008915899224064,1.2157026839252612,-0.440830534868241,997.87,-3.2,39.41,False
HAOS / PANGAEA,HAOS_Flight_104,HAOS_Flight_104_seg00,train,10.1594/PANGAEA.918840,CC BY 4.0,fixed-wing UAV,2020-02-28 16:51:47+00:00,666.0,65.039657,24.52599,47.18,383530.2264749,7215154.426421,-89.60040270001628,-394.18405100051314,22.21,-89.61468205063764,-393.2077663769352,22.036883116883086,1.0880933192540283,15.29093927062155,-0.40742424242424313,0.40751943181548,-1.7735743040825582,-0.139599567099566,15.329604393109483,15.335017618592959,4.070269609936815,2.1873455913336133,-1.52242646776103,997.73,-3.17,39.57,False
HAOS / PANGAEA,HAOS_Flight_104,HAOS_Flight_104_seg00,train,10.1594/PANGAEA.918840,CC BY 4.0,fixed-wing UAV,2020-02-28 16:51:48+00:00,667.0,65.039802,24.526004,47.41,383531.5098312,7215170.546706,-88.31704639998497,-378.06376599986106,22.439999999999998,-88.44854751666662,-378.94831382929897,21.495584415584386,1.6849546608103196,13.002558039049745,-0.406709956709955,0.1747163682924615,-1.3049357564287618,0.04117965367965404,13.111277121922317,13.117583647788589,7.3836070818912845,1.198585977123093,-1.7767372226490492,997.7,-3.22,39.15,False
HAOS / PANGAEA,HAOS_Flight_104,HAOS_Flight_104_seg00,train,10.1594/PANGAEA.918840,CC BY 4.0,fixed-wing UAV,2020-02-28 16:51:49+00:00,668.0,65.039947,24.52601,45.82,383532.436872,7215186.743864,-87.3900055999984,-361.86660800036043,20.85,-86.244772729017,-367.2026502988357,21.223463203463176,1.4375260558389513,12.681067757764026,-0.32506493506493506,-1.1696986456636367,0.6726181720901536,0.010887445887445502,12.762286653974602,12.766425805613215,6.467441564182991,-4.997608033773956,-1.4590506576670337,997.91,-3.1,39.8,False
HAOS / PANGAEA,HAOS_Flight_104,HAOS_Flight_104_seg00,train,10.1594/PANGAEA.918840,CC BY 4.0,fixed-wing UAV,2020-02-28 16:51:50+00:00,669.0,65.04002,24.526009000000002,45.67,383532.71919494995,7215194.8657715,-87.10768265003571,-353.7447004998103,20.700000000000003,-85.57349540498872,-353.5861783137709,20.845454545454515,-0.6544426305169537,14.347794383230053,-0.384935064935064,-2.5813501221816253,1.381019609176974,0.042608225108226705,14.362712098349872,14.367869494963488,357.38839101434337,-10.014604013639184,-1.5352167500424871,997.9300000000001,-3.0949999999999998,39.754999999999995,True
HAOS / PANGAEA,HAOS_Flight_104,HAOS_Flight_104_seg00,train,10.1594/PANGAEA.918840,CC BY 4.0,fixed-wing UAV,2020-02-28 16:51:51+00:00,670.0,65.040093,24.526008,45.52,383533.0015179,7215202.987679,-86.82535970001481,-345.62279300019145,20.550000000000004,-87.55365799005091,-338.5070615323756,20.453593073593048,-3.7251741885242993,15.443106976117974,-0.23984848484848165,-3.378935903785635,0.6900685269353346,0.14138528138528095,15.886046575868752,15.887857096108192,346.43823353690465,-11.311059451989616,-0.8649893973866866,997.95,-3.09,39.71,False
HAOS / PANGAEA,HAOS_Flight_104,HAOS_Flight_104_seg00,train,10.1594/PANGAEA.918840,CC BY 4.0,fixed-wing UAV,2020-02-28 16:51:52+00:00,671.0,65.040241,24.525972,44.77,383531.9399992,7215219.539382,-87.8868783999933,-329.07108999975026,19.800000000000004,-93.02384378203732,-322.69996436153497,20.365757575757552,-7.412314438088224,15.727931437100722,-0.10216450216450212,-3.746131521859059,-0.1777048668878507,0.24291125541125336,17.38707084644312,17.38737099750088,334.7662721103641,-11.53419321195029,-0.3366597787492323,998.05,-3.09,39.94,False
HAOS / PANGAEA,HAOS_Flight_104,HAOS_Flight_104_seg00,train,10.1594/PANGAEA.918840,CC BY 4.0,fixed-wing UAV,2020-02-28 16:51:53+00:00,672.0,65.040499,24.525622,45.6,383516.6172503,7215248.909176,-103.209627299977,-299.7012959998101,20.630000000000003,-102.37828686622736,-307.05119865817414,20.249264069264044,-11.217437232242418,15.087697242342273,0.24597402597402507,-3.546240185174689,-1.698200788916381,0.29257575757575616,18.800784721279083,18.80239371349656,323.369847113004,-12.198053871194324,0.74956815561057,997.94,-3.1,39.59,False
HAOS / PANGAEA,HAOS_Flight_104,HAOS_Flight_104_seg00,train,10.1594/PANGAEA.918840,CC BY 4.0,fixed-wing UAV,2020-02-28 16:51:54+00:00,673.0,65.040588,24.525333,46.13,383503.4115451,7215259.396588,-116.41533250000793,-289.21388400066644,21.160000000000004,-115.45871824652215,-292.5245698768504,20.857705627705602,-14.504794808437602,12.33152985926796,0.4829870129870102,-2.593969473327647,-4.193856465900353,0.04937229437229451,19.038269383137102,19.044394911879184,310.37016436797546,-15.577328404781706,1.4532404355278676,997.87,-3.11,39.55,False
HAOS / PANGAEA,HAOS_Flight_104,HAOS_Flight_104_seg00,train,10.1594/PANGAEA.918840,CC BY 4.0,fixed-wing UAV,2020-02-28 16:51:55+00:00,674.0,65.040642,24.525004,45.75,383488.1345893,7215266.046827,-131.69228829996428,-282.5636450005695,20.78,-131.38787648310256,-282.3881389396382,21.215238095238064,-16.40537617889771,6.699984310541566,0.3447186147186141,-0.8320959226230364,-6.136859544394611,-0.1645021645021627,17.72078320313884,17.724135754839534,292.21519030344064,-20.08265464429413,1.1144220185232974,997.92,-3.14,39.43,False
HAOS / PANGAEA,HAOS_Flight_104,HAOS_Flight_104_seg00,train,10.1594/PANGAEA.918840,CC BY 4.0,fixed-wing UAV,2020-02-28 16:51:56+00:00,675.0,65.040661,24.524655,45.52,383471.7983566,7215268.749872,-148.02852100000018,-279.86060000024736,20.550000000000004,-148.26947060431758,-279.1246012557673,21.54714285714283,-16.168986653683675,0.057810770478738505,0.15398268398268478,0.5911366146641797,-5.436488772139697,-0.16308441558441622,16.169090001981687,16.169823195049187,270.20485507938724,-18.77234129337609,0.5456269468285773,997.95,-3.09,39.33,False
HAOS / PANGAEA,HAOS_Flight_104,HAOS_Flight_104_seg00,train,10.1594/PANGAEA.918840,CC BY 4.0,fixed-wing UAV,2020-02-28 16:51:57+00:00,676.0,65.040641,24.52431,48.92,383455.4836329,7215267.111201,-164.3432446999941,-281.49927099980414,23.950000000000003,-163.7258497904699,-282.27251739868075,21.523203463203433,-15.223102949569352,-4.172993233737827,0.01854978354978165,0.8984409987040607,-3.2729111157258757,-0.07051948051948109,15.784699425139802,15.78471032475663,254.67050771668846,-12.250370016440684,0.06733253452549698,997.5,-3.37,39.21,False
HAOS / PANGAEA,HAOS_Flight_104,HAOS_Flight_104_seg00,train,10.1594/PANGAEA.918840,CC BY 4.0,fixed-wing UAV,2020-02-28 16:51:58+00:00,677.0,65.040584,24.523993,45.37,383440.3009801,7215261.364928,-179.5258974999888,-287.24554400052875,20.4,-178.71567650345628,-287.47058772324294,21.584242424242394,-14.372104656275553,-6.488011460973013,0.012943722943722591,0.968112673271591,-2.164972639617474,-0.06707792207792096,15.768693191531586,15.768698503954543,245.70411504650588,-8.643861021672016,0.04703119784801355,997.97,-3.12,38.29,False
HAOS / PANGAEA,HAOS_Flight_104,HAOS_Flight_104_seg00,train,10.1594/PANGAEA.918840,CC BY 4.0,fixed-wing UAV,2020-02-28 16:51:59+00:00,678.0,65.040504,24.523713,46.28,383426.7686896,7215253.04888,-193.05818799999543,-295.5615920005366,21.310000000000002,-192.47005910302101,-295.2485403206268,21.54909090909088,-13.28687760302617,-8.502938512972776,-0.11560606060606027,0.8437646668834944,-1.4225892391765456,-0.229686147186146,15.774697454886232,15.775121063067724,237.38278567334442,-6.024698221543682,-0.4198889264904585,997.85,-3.09,38.93,False
HAOS / PANGAEA,HAOS_Flight_104,HAOS_Flight_104_seg00,train,10.1594/PANGAEA.918840,CC BY 4.0,fixed-wing UAV,2020-02-28 16:52:00+00:00,679.0,65.040418,24.523458,46.05,383414.4370324,7215243.920224,-205.3898451999994,-304.69024800043553,21.08,-205.28943170950862,-304.4764647491885,21.353030303030273,-12.684575322508564,-9.333189939326104,-0.4464285714285694,0.24217629934693008,-0.25220948586830616,-0.06260822510822539,15.748234363125642,15.754560737301405,233.6547186034185,-1.2557552746886116,-1.6237772491812241,997.88,-3.09,38.95,False
HAOS / PANGAEA,HAOS_Flight_104,HAOS_Flight_104_seg00,train,10.1594/PANGAEA.918840,CC BY 4.0,fixed-wing UAV,2020-02-28 16:52:01+00:00,680.0,65.04033,24.52321,46.5,383402.3669907,7215234.560371,-217.45988689997466,-314.0501009998843,21.53,-217.83920974803814,-313.914920199279,20.65623376623374,-12.80252500433231,-9.007357484709388,-0.24082251082251105,-0.4442362233792778,0.7588773604202146,0.22862554112554,15.653662042598986,15.655514390323402,234.87127512396722,3.205854219889655,-0.8813928023989107,997.82,-3.09,38.32,False
HAOS / PANGAEA,HAOS_Flight_104,HAOS_Flight_104_seg00,train,10.1594/PANGAEA.918840,CC BY 4.0,fixed-wing UAV,2020-02-28 16:52:02+00:00,681.0,65.040247,24.522946,45.6,383389.5836015,7215225.769906,-230.24327609996544,-322.84056599996984,20.630000000000003,-230.89448171817324,-322.49117971860727,20.87138528138525,-13.57304776926712,-7.815435218485675,0.010822510822510623,-0.9205586862533153,1.4491272077288784,0.03298701298701445,15.662332310392133,15.662336049513618,240.0664270431978,6.241787881849558,0.039590789091049815,997.94,-3.08,39.16,False
HAOS / PANGAEA,HAOS_Flight_104,HAOS_Flight_104_seg00,train,10.1594/PANGAEA.918840,CC BY 4.0,fixed-wing UAV,2020-02-28 16:52:03+00:00,682.0,65.040177,24.522648,45.6,383375.2607451,7215218.579083,-244.566132500011,-330.03138899989426,20.630000000000003,-244.98530528657238,-329.54579063625033,20.67787878787876,-14.64364237683894,-6.109103069251631,-0.17484848484848214,-1.0171640577901329,1.8212227964374677,-0.01426406926406898,15.86686491943172,15.867828281278657,247.35485088766634,7.4821918583741835,-0.6313581670680746,997.94,-3.08,39.16,False
HAOS / PANGAEA,HAOS_Flight_104,HAOS_Flight_104_seg00,train,10.1594/PANGAEA.918840,CC BY 4.0,fixed-wing UAV,2020-02-28 16:52:04+00:00,683.0,65.040125,24.522324,44.84,383359.7674349,7215213.400585,-260.0594427000033,-335.2098869998008,19.870000000000005,-260.1817664718511,-334.70938585711053,20.521688311688287,-15.607375884847386,-4.1729896256107395,-0.017705627705627336,-0.790597730518634,1.8778340356662255,0.21621212121211908,16.155618973792695,16.155628675963776,255.03081075994618,7.195939542485516,-0.06279284852265203,998.04,-3.13,39.04,False
HAOS / PANGAEA,HAOS_Flight_104,HAOS_Flight_104_seg00,train,10.1594/PANGAEA.918840,CC BY 4.0,fixed-wing UAV,2020-02-28 16:52:05+00:00,684.0,65.040093,24.52198,46.28,383343.4554705,7215210.406141,-276.3714070999995,-338.2043310003355,21.310000000000002,-276.20005705626716,-337.8917698874718,20.642467532467506,-16.22483783787621,-2.35343499791918,0.257575757575756,-0.43083073571267505,1.5981490865623869,0.17946969696969628,16.39463385241678,16.396657111304762,261.74672997263735,5.787627457528213,0.9000987678806509,997.85,-3.14,38.87,False
HAOS / PANGAEA,HAOS_Flight_104,HAOS_Flight_104_seg00,train,10.1594/PANGAEA.918840,CC BY 4.0,fixed-wing UAV,2020-02-28 16:52:06+00:00,685.0,65.040075,24.52163,45.82,383326.892317,7215209.12461,-292.9345605999697,-339.48586199991405,20.85,-292.63144214760354,-339.4162558529489,21.0368398268398,-16.469037356272736,-0.9766914524859658,0.3412337662337652,-0.1429419943729897,1.090834695878101,-0.030952380952380842,16.497973137196762,16.501501692842506,266.6060656750026,3.8286138434212997,1.1849011489730494,997.91,-3.12,38.78,False
HAOS / PANGAEA,HAOS_Flight_104,HAOS_Flight_104_seg00,train,10.1594/PANGAEA.918840,CC BY 4.0,fixed-wing UAV,2020-02-28 16:52:07+00:00,686.0,65.040069,24.521282,45.82,383310.4991009,7215209.03458,-309.3277766999672,-339.57589200045913,20.85,-309.1381317688126,-339.84515279244374,21.324935064935037,-16.510721826622188,-0.1717656061629782,0.19567099567099433,-0.2116201086062688,0.56797392537527,-0.17225108225108166,16.511615265005386,16.51277462445684,269.40395765947994,1.9670446908967243,0.6789521969802247,997.91,-3.12,38.78,False
HAOS / PANGAEA,HAOS_Flight_104,HAOS_Flight_104_seg00,train,10.1594/PANGAEA.918840,CC BY 4.0,fixed-wing UAV,2020-02-28 16:52:08+00:00,687.0,65.040065,24.520936,47.11,383294.2115264,7215209.217926,-325.61535119998734,-339.3925459999591,22.14,-325.6528858008479,-339.75978706527485,21.428181818181788,-16.892277573485273,0.15925639826457427,-0.0032683982683980872,-0.2655103829018941,0.19676774356703675,-0.10950216450216299,16.89302827263548,16.893028588814055,270.54015505679604,0.6708046734542691,-0.011085367359136287,997.74,-3.15,38.84,False
HAOS / PANGAEA,HAOS_Flight_104,HAOS_Flight_104_seg00,train,10.1594/PANGAEA.918840,CC BY 4.0,fixed-wing UAV,2020-02-28 16:52:09+00:00,688.0,65.04006,24.520588,46.5,383277.7982284,7215209.299875,-342.02864919998683,-339.3105970006436,21.53,-342.9226869157832,-339.5266399959146,21.31839826839824,-17.041742592425976,0.2217698809710953,-0.02333333333333165,0.5573345314378884,-0.0009204718844699755,0.0164393939393932,17.043185514058443,17.043201486547535,270.7455670063885,0.01573707766083749,-0.07844194887121486,997.82,-3.16,38.79,False
HAOS / PANGAEA,HAOS_Flight_104,HAOS_Flight_104_seg00,train,10.1594/PANGAEA.918840,CC BY 4.0,fixed-wing UAV,2020-02-28 16:52:10+00:00,689.0,65.040054,24.520235,46.05,383261.1808313,7215209.311729,-358.6460463000112,-339.29874300025403,21.08,-359.73637098569986,-339.31624730333266,21.381515151515124,-15.777608510609497,0.15741545449563432,0.02961038961038831,1.4975405835490108,-0.040916993539752866,-0.048722943722944834,15.77839376930907,15.77842155332859,270.5716292121177,-0.08739644027362829,0.10752351523193414,997.88,-3.13,38.81,False
HAOS / PANGAEA,HAOS_Flight_104,HAOS_Flight_104_seg00,train,10.1594/PANGAEA.918840,CC BY 4.0,fixed-wing UAV,2020-02-28 16:52:11+00:00,690.0,65.040048,24.519879,45.75,383244.3642165,7215209.290224,-375.4626610999694,-339.3202480003238,20.78,-374.47790393700217,-339.2118090869233,21.377619047619017,-14.046661425327954,0.13993589389158956,-0.12077922077922132,1.773621731060956,0.021283571485398056,-0.07350649350649263,14.047358443928012,14.047877664343737,270.57077412584124,0.18257443043572555,-0.49261710758318,997.92,-3.12,39.03,False
HAOS / PANGAEA,HAOS_Flight_104,HAOS_Flight_104_seg00,train,10.1594/PANGAEA.918840,CC BY 4.0,fixed-wing UAV,2020-02-28 16:52:12+00:00,691.0,65.040045,24.519525,46.5,383227.693143,7215209.65543,-392.1337345999782,-338.95504199992865,21.53,-387.8296938363558,-339.0363755155495,21.13995670995668,-12.230365048487585,0.19998259746643043,-0.11740259740259695,0.8722511634208843,0.15629610070125466,0.03945887445887486,12.231999928816062,12.232563330244115,270.93677807298917,0.7679347531528312,-0.5499073601026859,997.82,-3.19,39.03,False
HAOS / PANGAEA,HAOS_Flight_104,HAOS_Flight_104_seg00,train,10.1594/PANGAEA.918840,CC BY 4.0,fixed-wing UAV,2020-02-28 16:52:13+00:00,692.0,65.0400455,24.519349,46.35,383219.41503245,7215209.9994169995,-400.4118451499962,-338.61105500068516,21.380000000000003,-398.93863403397734,-338.81184389199046,21.142813852813823,-12.302159098486186,0.4525280952940989,-0.0418614718614716,-1.2327360953450892,0.3506998874174627,0.013376623376624153,12.310479282363337,12.31055045659305,272.10664363214687,1.2865564521937756,-0.19483209078815392,997.84,-3.16,39.14,True
HAOS / PANGAEA,HAOS_Flight_104,HAOS_Flight_104_seg00,train,10.1594/PANGAEA.918840,CC BY 4.0,fixed-wing UAV,2020-02-28 16:52:14+00:00,693.0,65.040046,24.519173,46.2,383211.1369219,7215210.343404,-408.68995570001425,-338.26706800051033,21.230000000000004,-412.43401203332814,-338.1313193249613,21.05623376623374,-14.695837239177763,0.9013823723013559,-0.09064935064934865,-2.4153015673151685,0.41713538096044545,-0.03777056277056268,14.723454837146733,14.723733889413808,273.5098909773767,1.0943171091056507,-0.35275413554338697,997.86,-3.13,39.25,False
HAOS / PANGAEA,HAOS_Flight_104,HAOS_Flight_104_seg00,train,10.1594/PANGAEA.918840,CC BY 4.0,fixed-wing UAV,2020-02-28 16:52:15+00:00,694.0,65.040049,24.518821,45.52,383194.6088,7215211.336357,-425.2180776000023,-337.27411499992013,20.550000000000004,-428.33030851233286,-337.00907914738775,20.961515151515126,-17.132762233116523,1.2867988572149898,-0.11740259740259695,-2.459335369153024,0.3353209881377808,0.011385281385280166,17.18101839343156,17.181419510777058,274.2952778503582,0.5361710752459866,-0.39151163722380733,997.95,-3.13,39.04,False
HAOS / PANGAEA,HAOS_Flight_104,HAOS_Flight_104_seg00,train,10.1594/PANGAEA.918840,CC BY 4.0,fixed-wing UAV,2020-02-28 16:52:16+00:00,695.0,65.040053,24.518472,45.82,383178.2035309,7215212.455985,-441.6233466999838,-336.154486999847,20.85,-446.6995364995612,-335.5577216105313,20.821428571428545,-19.61450797748381,1.5720243485769174,-0.06787878787878832,-1.9029622702340419,0.21281492420433779,0.058593073593073086,19.67740287109289,19.677519947420677,274.5822331278687,0.19006893450401446,-0.19764562747346018,997.91,-3.16,39.03,False
HAOS / PANGAEA,HAOS_Flight_104,HAOS_Flight_104_seg00,train,10.1594/PANGAEA.918840,CC BY 4.0,fixed-wing UAV,2020-02-28 16:52:17+00:00,696.0,65.040067,24.517775,45.6,383145.4615273,7215215.252706,-474.3653502999805,-333.35776600055397,20.630000000000003,-467.5593244673005,-333.8650304502339,20.82575757575755,-20.938686773584607,1.7124287056236653,-0.00021645021645078089,-0.25461706022858266,0.03495653886128025,0.05103896103896055,21.008593857612908,21.008593858727945,274.67541571936624,0.04115720360826367,-0.0005903147997879953,997.94,-3.11,39.15,False
HAOS / PANGAEA,HAOS_Flight_104,HAOS_Flight_104_seg00,train,10.1594/PANGAEA.918840,CC BY 4.0,fixed-wing UAV,2020-02-28 16:52:18+00:00,697.0,65.040074,24.517425,46.05,383129.0165065,7215216.76706,-490.81037109997123,-331.8434119997546,21.08,-488.5769100467304,-332.132864199284,20.820995670995643,-20.123742097940976,1.641937426299478,0.034199134199132786,1.2918030517260775,-0.14616959961030318,-0.009772727272727266,20.19061550662398,20.190644470078333,274.6645475350852,-0.12569437442343473,0.09704826373753182,997.88,-3.14,39.4,False
HAOS / PANGAEA,HAOS_Flight_104,HAOS_Flight_104_seg00,train,10.1594/PANGAEA.918840,CC BY 4.0,fixed-wing UAV,2020-02-28 16:52:19+00:00,698.0,65.04008,24.517074,45.98,383112.5270747,7215218.083013,-507.29980290000094,-330.5274590002373,21.009999999999998,-507.80680866318244,-330.58115559763496,20.894155844155815,-18.355080670132452,1.420089506403059,-0.019761904761905313,1.9426443011354309,-0.2765718657438754,-0.09083333333333243,18.409933205019133,18.40994381159665,274.4240269705194,-0.41429406672440566,-0.06150339007174255,997.89,-3.14,39.49,False
HAOS / PANGAEA,HAOS_Flight_104,HAOS_Flight_104_seg00,train,10.1594/PANGAEA.918840,CC BY 4.0,fixed-wing UAV,2020-02-28 16:52:20+00:00,699.0,65.040085,24.516723,45.71,383096.0479718,7215219.201203,-523.7789057999616,-329.4092690004036,20.740000000000002,-525.2870713869953,-329.29268518647785,20.781471861471832,-16.238453495670115,1.0887936948117272,-0.14746753246753208,1.3125746629894195,-0.29583941120957036,-0.09444805194805106,16.27491455095549,16.275582641307647,273.8359594016364,-0.7046761071566766,-0.5191447227412906,997.93,-3.12,39.68,False
HAOS / PANGAEA,HAOS_Flight_104,HAOS_Flight_104_seg00,train,10.1594/PANGAEA.918840,CC BY 4.0,fixed-wing UAV,2020-02-28 16:52:21+00:00,700.0,65.040087,24.516372,45.45,383079.4990143,7215220.130917,-540.3278632999863,-328.47955500055104,20.480000000000004,-540.2837156545227,-328.4035682080115,20.59922077922075,-15.729931344153613,0.8284106839839183,-0.20865800865800743,-0.10405729026180666,-0.21737668942560617,0.026958874458874682,15.751730201889727,15.75311215340328,273.014674756206,-0.7793222659611053,-0.7589340281890132,997.96,-3.11,39.86,False
HAOS / PANGAEA,HAOS_Flight_104,HAOS_Flight_104_seg00,train,10.1594/PANGAEA.918840,CC BY 4.0,fixed-wing UAV,2020-02-28 16:52:22+00:00,701.0,65.040089,24.516022,45.6,383063.0504063,7215221.000888,-556.7764712999924,-327.6095839999616,20.630000000000003,-556.7469340753025,-327.63586381851,20.364155844155817,-16.446568076193728,0.6540403159605148,-0.09354978354978272,-0.3340071531429203,-0.1911027207537046,0.11191558441558325,16.459567740975956,16.459833589127765,272.2773148697142,-0.7279906666686845,-0.32564342768148863,997.94,-3.15,39.59,False
HAOS / PANGAEA,HAOS_Flight_104,HAOS_Flight_104_seg00,train,10.1594/PANGAEA.918840,CC BY 4.0,fixed-wing UAV,2020-02-28 16:52:23+00:00,702.0,65.040089,24.515674,45.15,383046.6749883,7215221.652662,-573.1518892999738,-326.9578100005165,20.18,-573.1768518069101,-327.0954875760905,20.412121212121185,-16.397945650439453,0.44620524247650906,0.015173160173159062,0.045725286363165196,-0.177618960996071,0.09324675324675269,16.404015382618358,16.404022399947195,271.55869342286866,-0.6153285234554214,0.05299664573524169,998.0,-3.14,39.46,False
HAOS / PANGAEA,HAOS_Flight_104,HAOS_Flight_104_seg00,train,10.1594/PANGAEA.918840,CC BY 4.0,fixed-wing UAV,2020-02-28 16:52:24+00:00,703.0,65.040086,24.515326,45.15,383030.2757417,7215222.003042,-589.5511358999647,-326.60742999985814,20.18,-589.5428253761814,-326.743453333557,20.394502164502136,-16.355117503467397,0.2988023939683728,0.09294372294372266,0.019727966777907113,-0.09842581173721499,0.12748917748917865,16.357846784429388,16.35811083097622,271.04665782280335,-0.3426987124543865,0.3255456430777346,998.0,-3.14,39.46,False
HAOS / PANGAEA,HAOS_Flight_104,HAOS_Flight_104_seg00,train,10.1594/PANGAEA.918840,CC BY 4.0,fixed-wing UAV,2020-02-28 16:52:25+00:00,704.0,65.040081,24.514978,45.67,383013.8839862,7215222.048008,-605.9428914000164,-326.5624640006572,20.700000000000003,-605.8870868138449,-326.49788278815373,20.59800865800863,-16.35848971688364,0.24935361900207909,0.27015151515151636,-0.022373701513657807,0.005978563856885444,0.09573593073593045,16.360390063953158,16.362620355121482,270.8732959979599,0.019452341486253,0.9460125953056507,997.93,-3.15,40.06,False
HAOS / PANGAEA,HAOS_Flight_104,HAOS_Flight_104_seg00,train,10.1594/PANGAEA.918840,CC BY 4.0,fixed-wing UAV,2020-02-28 16:52:26+00:00,705.0,65.040077,24.514631,46.2,382997.5683905,7215222.234417,-622.2584871000145,-326.3760550003499,21.230000000000004,-622.2598048099487,-326.24474609555284,20.93480519480517,-16.399864906494713,0.3107595216821437,0.28441558441558357,-0.04239225692552395,0.10782363427728114,-0.05534632034632203,16.402808918950225,16.4052745376678,271.08556250577584,0.3732724970743002,0.9933774052666218,997.86,-3.16,39.88,False
HAOS / PANGAEA,HAOS_Flight_104,HAOS_Flight_104_seg00,train,10.1594/PANGAEA.918840,CC BY 4.0,fixed-wing UAV,2020-02-28 16:52:27+00:00,706.0,65.040075,24.514285,45.52,382981.2751365,7215222.623398,-638.5517410999746,-325.9870739998296,20.550000000000004,-638.6868166268343,-325.87636374478944,21.166839826839798,-16.443274230734687,0.4650008875566414,0.1594588744588723,-0.030443290795858502,0.16240733987208955,-0.12267316017315899,16.449847818523182,16.450620668692583,271.61984099210844,0.5628073572464622,0.5553871658628311,997.95,-3.16,40.04,False
HAOS / PANGAEA,HAOS_Flight_104,HAOS_Flight_104_seg00,train,10.1594/PANGAEA.918840,CC BY 4.0,fixed-wing UAV,2020-02-28 16:52:28+00:00,707.0,65.040075,24.513933,46.8,382964.7048142,7215223.249828,-655.122063399991,-325.3606440005824,21.83,-655.1463532714181,-325.31474432043956,21.253722943722913,-16.46075148808643,0.6355742014263228,0.039069264069265586,-0.003400642421837574,0.1350553105585135,-0.10025974025973827,16.473017152849028,16.47306348331886,272.2111772202688,0.46942876376303183,0.1358888734154795,997.78,-3.22,40.24,False
HAOS / PANGAEA,HAOS_Flight_104,HAOS_Flight_104_seg00,train,10.1594/PANGAEA.918840,CC BY 4.0,fixed-wing UAV,2020-02-28 16:52:29+00:00,708.0,65.040076,24.513582,46.5,382948.1807289,7215224.055917,-671.646148699976,-324.554554999806,21.53,-671.6083196030072,-324.6052153419368,21.24497835497833,-16.450075515578362,0.7351115086736684,-0.04106060606060424,0.027370075967212415,0.06804109405064196,-0.06523809523809732,16.466492443699575,16.466543637685028,272.5586985196345,0.24087193204704008,-0.14287162633172654,997.82,-3.23,41.06,False
HAOS / PANGAEA,HAOS_Flight_104,HAOS_Flight_104_seg00,train,10.1594/PANGAEA.918840,CC BY 4.0,fixed-wing UAV,2020-02-28 16:52:30+00:00,709.0,65.040077,24.513231,45.6,382931.6808114,7215224.827011,-688.1460661999881,-323.783460999839,20.630000000000003,-688.0465043025748,-323.8445213030922,21.171601731601704,-16.406011336152005,0.7716563895276067,-0.09140692640692905,0.05440609707039812,0.021471028137568737,-0.0381926406926425,16.424148731226435,16.424403087224878,272.69292108436287,0.08362812037507862,-0.3188705311930382,997.94,-3.19,41.35,False
HAOS / PANGAEA,HAOS_Flight_104,HAOS_Flight_104_seg00,train,10.1594/PANGAEA.918840,CC BY 4.0,fixed-wing UAV,2020-02-28 16:52:31+00:00,710.0,65.040078,24.512884,46.05,382915.3510905,7215225.63422,-704.4757870999747,-322.9762519998476,21.08,-704.4203422753112,-323.0619025628816,21.06216450216447,-16.341263321437566,0.7780535649488058,-0.11744588744588924,0.042562320453328084,0.006397306304279482,0.016125541125543208,16.359775496335217,16.3601970595396,272.7259547603847,0.02941962947392375,-0.4113160401428509,997.88,-3.2,41.53,False
HAOS / PANGAEA,HAOS_Flight_104,HAOS_Flight_104_seg00,train,10.1594/PANGAEA.918840,CC BY 4.0,fixed-wing UAV,2020-02-28 16:52:32+00:00,711.0,65.040079,24.512539,46.13,382899.1056677,7215226.28537,-720.721209899988,-322.3251020004973,21.160000000000004,-720.72903094545,-322.2884141731946,20.936709956709926,-16.32088669524535,0.7844510021361657,-0.05915584415584263,-0.01593399166458198,0.030558004276812767,0.12580086580086736,16.339727840260654,16.33983492290197,272.7517603433107,0.10402485998603479,-0.2074309577632896,997.87,-3.22,43.1,False
HAOS / PANGAEA,HAOS_Flight_104,HAOS_Flight_104_seg00,train,10.1594/PANGAEA.918840,CC BY 4.0,fixed-wing UAV,2020-02-28 16:52:33+00:00,712.0,65.04008,24.512193,45.82,382882.8236118,7215227.073813,-737.0032658000127,-321.53665900044143,20.85,-737.0621156658019,-321.49300055860925,20.943852813852786,-16.37313130476673,0.8391695735024314,0.13415584415584547,-0.06470948820140165,0.07618588202095111,0.0856385281385279,16.394622115078604,16.395170999008997,272.93400448035675,0.25381832637881935,0.4688361863797408,997.91,-3.22,42.97,False
HAOS / PANGAEA,HAOS_Flight_104,HAOS_Flight_104_seg00,train,10.1594/PANGAEA.918840,CC BY 4.0,fixed-wing UAV,2020-02-28 16:52:34+00:00,713.0,65.040082,24.511845,45.82,382866.4607123,7215227.992255,-753.3661653000163,-320.61821699980646,20.85,-753.4752935549834,-320.61007502618975,21.205021645021617,-16.450305671648152,0.9368227661780679,0.11212121212121318,-0.06320572835281268,0.09287064180216476,-0.07690476190476403,16.476959476368474,16.477340949075987,273.25939699606835,0.31025038895382556,0.38987612407046446,997.91,-3.23,43.39,False
HAOS / PANGAEA,HAOS_Flight_104,HAOS_Flight_104_seg00,train,10.1594/PANGAEA.918840,CC BY 4.0,fixed-wing UAV,2020-02-28 16:52:35+00:00,714.0,65.040085,24.511493,46.58,382849.9039687,7215228.910728,-769.9229089000146,-319.6997440000996,21.61,-769.9627270090982,-319.6193550262531,21.168095238095212,-16.499542761472355,1.0249108571067609,-0.019653679653682588,-0.027446686793439312,0.04741954220180844,-0.07949134199134367,16.531344579394325,16.531356262260942,273.5545052582644,0.1586189516121862,-0.06811740933184764,997.81,-3.28,43.92,False
HAOS / PANGAEA,HAOS_Flight_104,HAOS_Flight_104_seg00,train,10.1594/PANGAEA.918840,CC BY 4.0,fixed-wing UAV,2020-02-28 16:52:36+00:00,715.0,65.040089,24.511139,45.9,382833.2842778,7215229.99587,-786.5425997999846,-318.6146020004526,20.93,-786.4743790779281,-318.5602533119762,21.16571428571425,-16.50519904523503,1.0316618505816848,-0.04686147186147416,0.007152821971175172,-0.0381531872619405,0.01074675324675578,16.537409763828585,16.537476158541182,273.57663489929274,-0.13059254480539628,-0.16235658494080699,997.9,-3.24,43.38,False
HAOS / PANGAEA,HAOS_Flight_104,HAOS_Flight_104_seg00,train,10.1594/PANGAEA.918840,CC BY 4.0,fixed-wing UAV,2020-02-28 16:52:37+00:00,716.0,65.040093,24.510787,46.65,382816.7228981,7215231.133803,-803.1039795000106,-317.4766690004617,21.68,-802.9731250995683,-317.55603132508975,21.074372294372264,-16.485237117530005,0.9486044825828799,0.001839826839828973,-0.1582102187800274,-0.07037607572459592,0.02034090909091013,16.512507177456893,16.512507279953827,273.2933201686536,-0.2724789000928889,0.00638390714311297,997.8,-3.29,45.0,False
HAOS / PANGAEA,HAOS_Flight_104,HAOS_Flight_104_seg00,train,10.1594/PANGAEA.918840,CC BY 4.0,fixed-wing UAV,2020-02-28 16:52:38+00:00,717.0,65.040096,24.510439,45.52,382800.3905778,7215232.141429,-819.4362997999997,-316.46904300060123,20.550000000000004,-819.4448533129881,-316.66304434681047,21.16939393939391,-16.821619482795086,0.890909699132493,-0.006179653679653896,-0.21363904870395345,-0.04634723478416447,-0.03044372294372355,16.845195223444563,16.845196356946367,273.03167709910696,-0.19808108141859446,-0.021018934723923185,997.95,-3.24,47.33,False
HAOS / PANGAEA,HAOS_Flight_104,HAOS_Flight_104_seg00,train,10.1594/PANGAEA.918840,CC BY 4.0,fixed-wing UAV,2020-02-28 16:52:39+00:00,718.0,65.040097,24.510092,45.98,382784.0396788,7215232.852251,-835.7871988000115,-315.75822100043297,21.009999999999998,-836.6163640651585,-315.77421192682476,21.062012987012956,-16.912515214937912,0.8559100130145509,-0.05904761904761813,0.6133874432397306,-0.05712150216902501,-0.00982142857142776,16.934159348662245,16.934262294744347,272.89715800581644,-0.09027169204315041,-0.199783501547658,997.89,-3.28,49.03,False
HAOS / PANGAEA,HAOS_Flight_104,HAOS_Flight_104_seg00,train,10.1594/PANGAEA.918840,CC BY 4.0,fixed-wing UAV,2020-02-28 16:52:40+00:00,719.0,65.040096,24.509742,45.9,382767.5839714,7215233.464109,-852.242906200001,-315.14636300038546,20.93,-853.269883742864,-314.95122432078136,21.051298701298673,-15.594844596315625,0.776666694794443,-0.025822510822509415,1.9142321168871206,-0.06420261904827385,0.08024891774891696,15.614172701044316,15.61419405349193,272.85113371502064,0.14267422144520855,-0.09475491055821013,997.9,-3.26,49.84,False
HAOS / PANGAEA,HAOS_Flight_104,HAOS_Flight_104_seg00,train,10.1594/PANGAEA.918840,CC BY 4.0,fixed-wing UAV,2020-02-28 16:52:41+00:00,720.0,65.040098,24.509392,46.88,382751.0956352,7215234.253711,-868.731242400012,-314.35676100011915,21.910000000000004,-867.8060532577897,-314.2208785372359,21.010367965367937,-13.08405098116367,0.7275047749180032,0.10145021645021579,1.5377328835502908,-0.013035729396435158,0.035108225108224644,13.104260882446539,13.104653578848863,273.1825064487068,0.2899543916850582,0.4435620720663062,997.77,-3.34,49.03,False
HAOS / PANGAEA,HAOS_Flight_104,HAOS_Flight_104_seg00,train,10.1594/PANGAEA.918840,CC BY 4.0,fixed-wing UAV,2020-02-28 16:52:42+00:00,721.0,65.040102,24.509042,45.52,382734.6741356,7215235.387591,-885.1527420000057,-313.222881000489,20.550000000000004,-879.4379857051913,-313.49621477094536,21.254199134199105,-12.519378829215043,0.7505952360015726,0.044393939393939874,-0.6069500501083951,0.013348587682813218,-0.0819913419913414,12.54185949043068,12.541938059947553,273.43104249839075,-0.08150626135095748,0.20280682798423402,997.95,-3.25,48.6,False
HAOS / PANGAEA,HAOS_Flight_104,HAOS_Flight_104_seg00,train,10.1594/PANGAEA.918840,CC BY 4.0,fixed-wing UAV,2020-02-28 16:52:43+00:00,722.0,65.040104,24.5088675,45.975,382726.46168205,7215235.912475999,-893.3651955499663,-312.6979960007593,21.005000000000003,-892.8448109162198,-312.71968806523273,21.099155844155817,-14.297951081380461,0.7542019502836297,-0.062532467532467,-1.788871693616585,-0.03712557035082398,0.02349567099567018,14.317828945317105,14.31796549852164,273.01949392600494,-0.5125458998860466,-0.2502351233254739,997.8900000000001,-3.26,48.019999999999996,True
HAOS / PANGAEA,HAOS_Flight_104,HAOS_Flight_104_seg00,train,10.1594/PANGAEA.918840,CC BY 4.0,fixed-wing UAV,2020-02-28 16:52:44+00:00,723.0,65.040106,24.508693,46.43,382718.2492285,7215236.437361,-901.5776490999851,-312.1731110000983,21.46,-908.0338878679522,-311.9878108703781,21.12913419913417,-16.097122216448213,0.6763440952999247,0.09138528138528024,-1.8134016731628435,-0.07824153031597803,0.1742532467532456,16.11132474337594,16.111583915188834,272.40595069861865,-0.5548082306243813,0.3249847461437096,997.83,-3.27,47.44,False
HAOS / PANGAEA,HAOS_Flight_104,HAOS_Flight_104_seg00,train,10.1594/PANGAEA.918840,CC BY 4.0,fixed-wing UAV,2020-02-28 16:52:45+00:00,724.0,65.040108,24.508345,46.43,382701.861873,7215237.289629,-917.9650046000024,-311.32084299996495,21.46,-925.0390553491162,-311.3669998746329,21.281926406926377,-17.924754427706148,0.5977188896516736,0.2859740259740242,-1.8339612615847045,-0.014340451321857017,0.11015151515151533,17.93471742639447,17.93699724893075,271.90987746475616,-0.26457387257461734,0.9135196230467295,997.83,-3.27,47.44,False
HAOS / PANGAEA,HAOS_Flight_104,HAOS_Flight_104_seg00,train,10.1594/PANGAEA.918840,CC BY 4.0,fixed-wing UAV,2020-02-28 16:52:46+00:00,725.0,65.040102,24.507644,45.75,382668.8547377,7215238.029628,-950.9721398999682,-310.5808439999819,20.78,-943.8833967233645,-310.79237309107475,21.70108225108222,-19.765044739617622,0.6476631926562106,0.3116883116883109,-1.2514295987026571,0.08333118936931783,-0.08873376623376483,19.775653242565916,19.778109383200686,271.87680295346945,0.11653730625875432,0.902976301845992,997.92,-3.27,46.19,False
HAOS / PANGAEA,HAOS_Flight_104,HAOS_Flight_104_seg00,train,10.1594/PANGAEA.918840,CC BY 4.0,fixed-wing UAV,2020-02-28 16:52:47+00:00,726.0,65.040101,24.507291,47.26,382652.2330948,7215238.46751,-967.5937828000169,-310.1429620003328,22.29,-964.5691448283515,-310.07167348932046,21.905303030303,-20.427613625111462,0.7643812683903093,0.10850649350649455,0.4191233352318875,0.09014328678232175,-0.16505952380952404,20.441909821254605,20.442197797679157,272.14295207727366,0.31399743574297245,0.30412548508241416,997.72,-3.31,45.88,False
HAOS / PANGAEA,HAOS_Flight_104,HAOS_Flight_104_seg00,train,10.1594/PANGAEA.918840,CC BY 4.0,fixed-wing UAV,2020-02-28 16:52:48+00:00,727.0,65.0401,24.506937,47.33,382635.5695574,7215239.119314,-984.2573201999767,-309.49115800019354,22.36,-984.7386239735874,-309.26361055429413,21.91809523809521,-18.926798069153847,0.8279497662208541,-0.018430735930737185,1.994015979007088,0.0695519112655063,-0.16199134199134235,18.944898679219982,18.944907644481614,272.5047978249554,0.501369926824334,-0.05574075992055829,997.71,-3.31,45.2,False
HAOS / PANGAEA,HAOS_Flight_104,HAOS_Flight_104_seg00,train,10.1594/PANGAEA.918840,CC BY 4.0,fixed-wing UAV,2020-02-28 16:52:49+00:00,728.0,65.040104,24.506582,46.88,382618.9036858,7215240.126269,-1000.923191800015,-308.48420300055295,21.910000000000004,-1002.4227409666591,-308.41577395687875,21.868441558441525,-16.439581667097286,0.9034850909213219,-0.21547619047619015,1.4978203162890509,0.06939771537389561,-0.19079545454545244,16.464389776079717,16.4657997281438,273.14569193092234,0.4839024218213747,-0.7498104498187487,997.77,-3.29,45.93,False
HAOS / PANGAEA,HAOS_Flight_104,HAOS_Flight_104_seg00,train,10.1594/PANGAEA.918840,CC BY 4.0,fixed-wing UAV,2020-02-28 16:52:50+00:00,729.0,65.040108,24.506227,46.58,382602.2145074,7215241.274574,-1017.6123701999895,-307.33589799981564,21.61,-1017.617787307782,-307.4566403724515,21.48714285714283,-15.931157436575745,0.9667451969686454,-0.40002164502164206,-0.09926570238229715,0.012188281348898045,0.01339826839826852,15.960462823640942,15.965474965102368,273.47260266859814,0.023114691800409624,-1.4357199363670423,997.81,-3.25,45.39,False
HAOS / PANGAEA,HAOS_Flight_104,HAOS_Flight_104_seg00,train,10.1594/PANGAEA.918840,CC BY 4.0,fixed-wing UAV,2020-02-28 16:52:51+00:00,730.0,65.04011,24.505873,45.82,382585.5610491,7215242.199458,-1034.265828499978,-306.41101399995387,20.85,-1034.2850558398106,-306.48228356294146,21.06839826839824,-16.63811307186188,0.927861653619118,-0.18867965367965311,-0.3222342971898229,-0.07643942643274215,0.24948051948051742,16.663965129593798,16.6650332688546,273.19192131452314,-0.33081331741158476,-0.6487103045877002,997.91,-3.25,45.3,False
HAOS / PANGAEA,HAOS_Flight_104,HAOS_Flight_104_seg00,train,10.1594/PANGAEA.918840,CC BY 4.0,fixed-wing UAV,2020-02-28 16:52:52+00:00,731.0,65.040112,24.505519,45.82,382568.9043391,7215243.024053,-1050.9225384999881,-305.58641900029033,20.85,-1050.8940134515058,-305.60091706521325,21.109783549783522,-16.57562603095539,0.813866344103161,0.09893939393939277,0.06476966471694823,-0.10236018071623221,0.16198051948051884,16.595594498063328,16.595889423222335,272.810976033775,-0.34187066776062985,0.341581167244358,997.91,-3.24,45.31,False
HAOS / PANGAEA,HAOS_Flight_104,HAOS_Flight_104_seg00,train,10.1594/PANGAEA.918840,CC BY 4.0,fixed-wing UAV,2020-02-28 16:52:53+00:00,732.0,65.040114,24.505166,45.45,382552.3238454,7215243.877412,-1067.5030321999802,-304.7330600004643,20.480000000000004,-1067.4363079017214,-304.85455087473514,21.266277056277026,-16.508573742427984,0.7231412921866536,0.13528138528138456,0.05559589956635591,-0.04252451078593822,0.04046536796536859,16.52440438677437,16.524958135827507,272.5081799790019,-0.13818319756919445,0.4690564986400081,997.96,-3.23,45.95,False
HAOS / PANGAEA,HAOS_Flight_104,HAOS_Flight_104_seg00,train,10.1594/PANGAEA.918840,CC BY 4.0,fixed-wing UAV,2020-02-28 16:52:54+00:00,733.0,65.040112,24.504817,47.26,382535.8943523,7215244.383431,-1083.9325253000134,-304.2270410005003,22.29,-1083.9111609363617,-304.15463448083995,21.38034632034629,-16.46443423182268,0.7288173225312846,0.17987012987012996,0.031124787232386097,0.034828090985840277,0.01014069264069306,16.48055731046848,16.48153883978239,272.5346096386366,0.12581756198644675,0.6253059249133762,997.72,-3.28,46.94,False
HAOS / PANGAEA,HAOS_Flight_104,HAOS_Flight_104_seg00,train,10.1594/PANGAEA.918840,CC BY 4.0,fixed-wing UAV,2020-02-28 16:52:55+00:00,734.0,65.040113,24.504469,47.18,382519.5158211,7215245.12603,-1100.3110565000097,-303.48444200027734,22.21,-1100.3651763653668,-303.39691622967257,21.626017316017286,-16.446324167963212,0.7927974741583341,0.15556277056277068,0.02210175206215581,0.056868147269298674,-0.06686147186147195,16.465421539479717,16.466156389648066,272.7598151029748,0.20138542370071486,0.5413056079951865,997.73,-3.28,46.69,False
HAOS / PANGAEA,HAOS_Flight_104,HAOS_Flight_104_seg00,train,10.1594/PANGAEA.918840,CC BY 4.0,fixed-wing UAV,2020-02-28 16:52:56+00:00,735.0,65.040114,24.50412,46.2,382503.0860291,7215245.907224,-1116.7408484999905,-302.70324799977243,21.230000000000004,-1116.8038092722882,-302.5690395325233,21.691471861471832,-16.420230727698367,0.842553617069882,0.04614718614718605,0.0293173055234206,0.02794622509435385,-0.15648268398268428,16.44183304101119,16.441897801387665,272.937380486038,0.10239256440066109,0.16081127044930116,997.86,-3.23,47.91,False
HAOS / PANGAEA,HAOS_Flight_104,HAOS_Flight_104_seg00,train,10.1594/PANGAEA.918840,CC BY 4.0,fixed-wing UAV,2020-02-28 16:52:57+00:00,736.0,65.040117,24.50377,46.13,382486.6306029,7215246.892439,-1133.1962746999925,-301.7180329998955,21.160000000000004,-1133.2056378207635,-301.7118089955328,21.71831168831166,-16.38768955691637,0.8486899243470418,-0.15740259740259788,0.026587968072306012,-0.04679050661113138,-0.14408008658008598,16.409650928692972,16.410405820064998,272.9646002317761,-0.15864842208440214,-0.5495685422444789,997.87,-3.23,47.69,False
HAOS / PANGAEA,HAOS_Flight_104,HAOS_Flight_104_seg00,train,10.1594/PANGAEA.918840,CC BY 4.0,fixed-wing UAV,2020-02-28 16:52:58+00:00,737.0,65.04012,24.503419,46.73,382470.1133838,7215247.826197,-1149.7134937999654,-300.7842749999836,21.759999999999998,-1149.579188386121,-300.8716596838292,21.376666666666637,-16.367054791553755,0.7489726038476192,-0.2420129870129859,0.0031214651445452546,-0.14199199688772524,0.007564935064936051,16.384182692799694,16.385969998657995,272.6200836418692,-0.495132742390171,-0.8462621940879633,997.79,-3.22,48.56,False
HAOS / PANGAEA,HAOS_Flight_104,HAOS_Flight_104_seg00,train,10.1594/PANGAEA.918840,CC BY 4.0,fixed-wing UAV,2020-02-28 16:52:59+00:00,738.0,65.040121,24.503071,46.28,382453.7814585,7215248.549468,-1166.0454190999735,-300.0610039997846,21.310000000000002,-1165.939747403871,-300.21386378783757,21.234285714285686,-16.38144662662728,0.5647059305715914,-0.14227272727272577,-0.2494952343672594,-0.1602776006984783,0.01933982683982638,16.39117708918615,16.391794529519537,271.9743347469958,-0.5825081461274887,-0.49730547502120975,997.85,-3.2,48.72,False
HAOS / PANGAEA,HAOS_Flight_104,HAOS_Flight_104_seg00,train,10.1594/PANGAEA.918840,CC BY 4.0,fixed-wing UAV,2020-02-28 16:53:00+00:00,739.0,65.040119,24.502727,46.35,382437.5446986,7215248.980921,-1182.2821789999725,-299.6295509999618,21.380000000000003,-1182.3420816393755,-299.742247822686,21.092121212121185,-16.866045260288274,0.4284174024506626,-0.20333333333333314,-0.39076212511218955,-0.09493881054785902,-0.05997835497835524,16.871485536040243,16.87271076730884,271.45506734961424,-0.36161522078141145,-0.6904891572748079,997.84,-3.23,48.56,False
HAOS / PANGAEA,HAOS_Flight_104,HAOS_Flight_104_seg00,train,10.1594/PANGAEA.918840,CC BY 4.0,fixed-wing UAV,2020-02-28 16:53:01+00:00,740.0,65.040115,24.502377,45.52,382421.0670163,7215249.223199,-1198.759861300001,-299.38727300055325,20.550000000000004,-1199.6718379244476,-299.35702898293624,20.82761904761902,-17.16297087685166,0.3748283094758733,-0.26222943722943626,0.4317572003782857,-0.024940268328094817,-0.04334415584415563,17.16706339422217,17.16906607416351,271.25110430543293,-0.04999956885364771,-0.8751334616020502,997.95,-3.2,49.65,False
HAOS / PANGAEA,HAOS_Flight_104,HAOS_Flight_104_seg00,train,10.1594/PANGAEA.918840,CC BY 4.0,fixed-wing UAV,2020-02-28 16:53:02+00:00,741.0,65.040111,24.502021,45.52,382404.319117,7215249.400846,-1215.5077606000123,-299.20962600037456,20.550000000000004,-1216.6680233930788,-298.99259120373426,20.567662337662313,-16.002530859531703,0.378536865794473,-0.2900216450216444,1.7913385633182202,0.019706179717459804,0.11357142857142843,16.007007342693075,16.00963449375441,271.35506821190694,0.2480256026395798,-1.037995291757174,997.95,-3.2,49.65,False
HAOS / PANGAEA,HAOS_Flight_104,HAOS_Flight_104_seg00,train,10.1594/PANGAEA.918840,CC BY 4.0,fixed-wing UAV,2020-02-28 16:53:03+00:00,742.0,65.040109,24.501659,45.3,382387.2743989,7215249.883939,-1232.5524787000031,-298.72653300035745,20.33,-1231.676899643511,-298.5999552513473,20.24757575757573,-13.580293750215219,0.4142406689107929,-0.03508658008657939,1.4795017695944352,0.0422019784316916,0.4877056277056271,13.586610087652998,13.586655392038777,271.7471555107121,0.33881007617904896,-0.14796247736856086,997.98,-3.2,50.21,False
HAOS / PANGAEA,HAOS_Flight_104,HAOS_Flight_104_seg00,train,10.1594/PANGAEA.918840,CC BY 4.0,fixed-wing UAV,2020-02-28 16:53:04+00:00,743.0,65.04011,24.501293,45.67,382370.033235,7215250.652897,-1249.7936426000088,-297.9575749998912,20.700000000000003,-1243.8286108935092,-298.1641098659127,20.497489177489154,-13.043527320342832,0.4629408226578562,0.6853896103896098,-0.604947213634432,0.04623706062281485,0.475205627705626,13.05174008175971,13.069723718573512,272.032688364265,0.10752091008099923,3.006027844807458,997.93,-3.21,50.82,False
HAOS / PANGAEA,HAOS_Flight_104,HAOS_Flight_104_seg00,train,10.1594/PANGAEA.918840,CC BY 4.0,fixed-wing UAV,2020-02-28 16:53:05+00:00,744.0,65.0401105,24.501112,45.900000000000006,382361.51306095,7215251.052752,-1258.313816650014,-297.5577199999243,20.930000000000007,-1257.7639542841966,-297.6740736060316,21.61835497835495,-14.790188177484083,0.5067147901564226,0.9153246753246727,-1.7228049948047328,0.04041458002905074,0.017543290043290583,14.798865706666616,14.827145560262482,271.9621973308741,-0.07195158823727836,3.539292736512324,997.9,-3.23,51.254999999999995,True
HAOS / PANGAEA,HAOS_Flight_104,HAOS_Flight_104_seg00,train,10.1594/PANGAEA.918840,CC BY 4.0,fixed-wing UAV,2020-02-28 16:53:06+00:00,745.0,65.040111,24.500931,46.13,382352.9928869,7215251.452607,-1266.8339906999609,-297.1578649999574,21.160000000000004,-1273.4089872484774,-297.15068028559983,22.3281385281385,-16.489137309952298,0.5437699827159577,0.7204761904761909,-1.7000752100657337,0.07175516119542635,-0.17045454545454497,16.498100951944856,16.513825146270833,271.88878518779046,0.04250238091701208,2.500532233160597,997.87,-3.25,51.69,False
HAOS / PANGAEA,HAOS_Flight_104,HAOS_Flight_104_seg00,train,10.1594/PANGAEA.918840,CC BY 4.0,fixed-wing UAV,2020-02-28 16:53:07+00:00,746.0,65.040109,24.500574,49.52,382336.2052484,7215251.948467,-1283.6216292000026,-296.6620049998164,24.550000000000004,-1290.7422289041012,-296.58653364059967,23.059307359307333,-18.19033859761555,0.6502251125472753,0.5744155844155827,-1.720634373703092,0.16970259522281594,-0.35119047619047805,18.20195624082448,18.211017661199186,272.0472020927081,0.32425008561309354,1.8075348164508467,997.42,-3.5,52.63,False
HAOS / PANGAEA,HAOS_Flight_104,HAOS_Flight_104_seg00,train,10.1594/PANGAEA.918840,CC BY 4.0,fixed-wing UAV,2020-02-28 16:53:08+00:00,747.0,65.040104,24.499865,49.9,382302.829775,7215252.718154,-1316.9971025999985,-295.89231800008565,24.93,-1309.7896644437085,-295.8502300605053,23.476969696969665,-19.930406057358482,0.8831751731615896,0.018095238095234834,-1.1474194050919664,0.24631058979977638,-0.49511904761904635,19.9499645111885,19.949972717658596,272.53728535901666,0.5729792695536259,0.051969039204970695,997.37,-3.55,52.98,False
HAOS / PANGAEA,HAOS_Flight_104,HAOS_Flight_104_seg00,train,10.1594/PANGAEA.918840,CC BY 4.0,fixed-wing UAV,2020-02-28 16:53:09+00:00,748.0,65.040107,24.499511,46.73,382286.1680611,7215253.66401,-1333.6588164999848,-294.9464619997889,21.759999999999998,-1330.6030410188182,-294.8201832942765,23.095497835497802,-20.485177407799483,1.142846292146828,-0.41582251082251,0.5370437950732025,0.1755691676781339,-0.2571536796536771,20.517031731624634,20.521245075214097,273.1931606318154,0.6039445844339306,-1.1610653002454452,997.79,-3.28,53.34,False
HAOS / PANGAEA,HAOS_Flight_104,HAOS_Flight_104_seg00,train,10.1594/PANGAEA.918840,CC BY 4.0,fixed-wing UAV,2020-02-28 16:53:10+00:00,749.0,65.040113,24.499157,48.01,382269.5231778,7215254.965822,-1350.303699799988,-293.6446500001475,23.04,-1350.7600192593075,-293.5645374762116,22.645324675324645,-18.856318467212077,1.2343135085178574,-0.49621212121211933,2.074726696866378,-0.00039292750193453685,0.12719696969696948,18.896673674862274,18.903187626521373,273.7451745278845,0.4029927053397793,-1.50419744094581,997.62,-3.48,53.31,False
HAOS / PANGAEA,HAOS_Flight_104,HAOS_Flight_104_seg00,train,10.1594/PANGAEA.918840,CC BY 4.0,fixed-wing UAV,2020-02-28 16:53:11+00:00,750.0,65.040121,24.498804,46.92,382252.9795577,7215256.557331,-1366.8473199,-292.0531409997493,21.950000000000003,-1368.3156779532424,-292.3515562772408,22.103073593073564,-16.335724014066727,1.142060437142959,-0.16142857142857103,1.4527431134761173,-0.002819140628190553,0.5864826839826822,16.375597122115686,16.376392774036564,273.99914604249494,0.3297794598713596,-0.5647962745849279,997.76,-3.38,53.34,False
HAOS / PANGAEA,HAOS_Flight_104,HAOS_Flight_104_seg00,train,10.1594/PANGAEA.918840,CC BY 4.0,fixed-wing UAV,2020-02-28 16:53:12+00:00,751.0,65.040129,24.498454,45.82,382236.5164023,7215258.046572,-1383.310475300008,-290.56390000041574,20.85,-1383.431467287441,-291.2804166019257,22.322467532467503,-15.950832240259842,1.2286752272614763,0.6767532467532451,-0.2370781280314418,0.38670477492419764,0.42450216450216427,15.998084009374336,16.01239166795485,274.4047334476272,1.2508072872895135,2.4222901073518845,997.91,-3.27,53.38,False
HAOS / PANGAEA,HAOS_Flight_104,HAOS_Flight_104_seg00,train,10.1594/PANGAEA.918840,CC BY 4.0,fixed-wing UAV,2020-02-28 16:53:13+00:00,752.0,65.040135,24.498102,48.84,382219.9920006,7215259.436259,-1399.8348770000157,-289.1742130005732,23.870000000000005,-1400.217342433762,-289.8942058227178,23.456580086580054,-16.80988027012961,1.9154699869913543,0.6875757575757575,-0.3507436278126761,1.096353612544874,-0.27948051948051855,16.918661293588137,16.932627096512913,276.500760617074,3.602836665427506,2.3272244305862935,997.51,-3.49,53.17,False
HAOS / PANGAEA,HAOS_Flight_104,HAOS_Flight_104_seg00,train,10.1594/PANGAEA.918840,CC BY 4.0,fixed-wing UAV,2020-02-28 16:53:14+00:00,753.0,65.040142,24.497747,49.14,382203.3241145,7215260.858608,-1416.5027630999684,-287.7518640002236,24.17,-1417.0512278277001,-287.449476627943,23.697619047619018,-16.652319495885195,3.4213824523512244,0.117792207792208,0.4420917711058223,1.921369702422183,-0.49174242424242376,17.000164777974803,17.000572857480762,281.61040677848223,6.688783615579172,0.39698958522110983,997.47,-3.53,53.1,False
HAOS / PANGAEA,HAOS_Flight_104,HAOS_Flight_104_seg00,train,10.1594/PANGAEA.918840,CC BY 4.0,fixed-wing UAV,2020-02-28 16:53:15+00:00,754.0,65.040169,24.49739,49.29,382186.6157502,7215264.467125,-1433.2111273999908,-284.1433469997719,24.32,-1433.5219814255324,-283.0514409180154,23.69216450216447,-15.925696727917966,5.75820939183572,-0.29590909090909,1.1403321880946464,2.62663663317673,-0.5054653679653676,16.934721481909353,16.93730657040619,289.8783278482323,9.752277066481582,-1.001056724909721,997.45,-3.6,53.61,False
HAOS / PANGAEA,HAOS_Flight_104,HAOS_Flight_104_seg00,train,10.1594/PANGAEA.918840,CC BY 4.0,fixed-wing UAV,2020-02-28 16:53:16+00:00,755.0,65.040229,24.497049,49.29,382170.8659326,7215271.860297,-1448.960944999999,-276.7501750001684,24.32,-1448.902621283536,-275.93305784427156,23.105800865800838,-14.371655119695902,8.674655718704685,-0.8931385281385271,2.0416004234807588,2.9468076287464413,-0.35346320346320415,16.786724597655653,16.81046754697747,301.1149609114454,12.328345483168333,-3.0455532412891833,997.45,-3.6,53.61,False
HAOS / PANGAEA,HAOS_Flight_104,HAOS_Flight_104_seg00,train,10.1594/PANGAEA.918840,CC BY 4.0,fixed-wing UAV,2020-02-28 16:53:17+00:00,756.0,65.04032,24.49675,45.52,382157.2023138,7215282.511274,-1462.6245637999964,-266.09919800050557,20.550000000000004,-1462.2652916649242,-265.702129480606,21.905887445887416,-11.842495880956449,11.651824649328603,-1.0028354978354983,2.982286349242713,2.661916139537624,0.08725108225108169,16.61354045196785,16.64377978059344,314.53501881456896,13.948621692665794,-3.4543274061657328,997.95,-3.32,53.28,False
HAOS / PANGAEA,HAOS_Flight_104,HAOS_Flight_104_seg00,train,10.1594/PANGAEA.918840,CC BY 4.0,fixed-wing UAV,2020-02-28 16:53:18+00:00,757.0,65.040435,24.496518,45.3,382146.7731776,7215295.823656,-1473.0536999999895,-252.7868160000071,20.33,-1472.587613045449,-252.62940854561435,21.10012987012984,-8.407082421210475,13.998487997779932,-0.7186363636363637,3.7122001810648726,1.805487595248593,0.2617099567099572,16.329014087231812,16.34481995263807,329.012204296777,14.66046560853938,-2.5199487221787527,997.98,-3.27,53.43,False
HAOS / PANGAEA,HAOS_Flight_104,HAOS_Flight_104_seg00,train,10.1594/PANGAEA.918840,CC BY 4.0,fixed-wing UAV,2020-02-28 16:53:19+00:00,758.0,65.040568,24.496366,45.37,382140.2010694,7215310.889433,-1479.625808199984,-237.72103899996728,20.4,-1479.0794565073452,-237.70515348504614,20.46861471861469,-4.4180955188267035,15.262799839825789,-0.47941558441558385,4.021061040149732,0.7421834556954323,0.36541125541125563,15.889387243190429,15.896618076391068,343.85595003164775,14.818737626417178,-1.728207539130052,997.97,-3.27,53.41,False
HAOS / PANGAEA,HAOS_Flight_104,HAOS_Flight_104_seg00,train,10.1594/PANGAEA.918840,CC BY 4.0,fixed-wing UAV,2020-02-28 16:53:20+00:00,759.0,65.040711,24.496301,45.82,382137.7816759,7215326.871351,-1482.0452017000061,-221.73912100028247,20.85,-1481.4238040831024,-222.10380886596278,20.141298701298673,-0.36496034091101137,15.482854909170797,0.012186147186147522,3.8439043054073636,-0.17893926189301368,0.318647186147186,15.487155716556611,15.487160510921793,358.64967954961134,14.25855460569052,0.04508346600062373,997.91,-3.25,53.9,False
HAOS / PANGAEA,HAOS_Flight_104,HAOS_Flight_104_seg00,train,10.1594/PANGAEA.918840,CC BY 4.0,fixed-wing UAV,2020-02-28 16:53:21+00:00,760.0,65.04085,24.496327,45.75,382139.6298634,7215342.392155,-1480.1970141999773,-206.21831700019538,20.78,-1479.8093771891672,-206.73944366670455,20.492987012986983,3.2697130919880237,14.904921316039761,0.15787878787878817,3.248143556276432,-0.8119310022339832,-0.026190476190476097,15.259348057543427,15.26016477148646,12.373059243028763,12.60764671375462,0.5927819085757068,997.92,-3.23,53.63,False
HAOS / PANGAEA,HAOS_Flight_104,HAOS_Flight_104_seg00,train,10.1594/PANGAEA.918840,CC BY 4.0,fixed-wing UAV,2020-02-28 16:53:22+00:00,761.0,65.040982,24.496426,45.07,382144.8580465,7215356.863888,-1474.9688310999773,-191.74658400006592,20.1,-1474.8843778991263,-192.29396623388325,20.45705627705625,6.131326771641852,13.85899290470283,-0.04019480519480467,2.4081729432916745,-1.0897631353166446,-0.09048701298701367,15.154697367920466,15.154750672169442,23.8649729771206,10.029958891308592,-0.15196524482410767,998.01,-3.24,53.84,False
HAOS / PANGAEA,HAOS_Flight_104,HAOS_Flight_104_seg00,train,10.1594/PANGAEA.918840,CC BY 4.0,fixed-wing UAV,2020-02-28 16:53:23+00:00,762.0,65.041102,24.496577,45.07,382152.5157512,7215369.925764,-1467.311126400018,-178.68470800016075,20.1,-1467.5467236458835,-179.02145785729888,20.412597402597374,8.086058978571373,12.725395045406472,-0.023095238095239168,1.52707842208099,-1.0037506407205328,0.04403679653679671,15.077135963656701,15.077153652351393,32.43297702564598,6.956227938180547,-0.08776591508628617,998.01,-3.2,54.09,False
HAOS / PANGAEA,HAOS_Flight_104,HAOS_Flight_104_seg00,train,10.1594/PANGAEA.918840,CC BY 4.0,fixed-wing UAV,2020-02-28 16:53:24+00:00,763.0,65.041212,24.496757,45.75,382161.4459682,7215381.878228,-1458.3809094000026,-166.73224399983883,20.78,-1458.7122599419836,-166.8431761430703,20.41086580086577,9.185483615803832,11.851491623261765,0.04787878787878874,0.7392882771647464,-0.6234668257849876,0.052997835497836654,14.994364373071784,14.99444081420755,37.777428853481695,3.685193830591855,0.18295161315621553,997.92,-3.24,54.03,False
HAOS / PANGAEA,HAOS_Flight_104,HAOS_Flight_104_seg00,train,10.1594/PANGAEA.918840,CC BY 4.0,fixed-wing UAV,2020-02-28 16:53:25+00:00,764.0,65.041317,24.496945,45.3,382170.7828481,7215393.214991,-1449.0440294999862,-155.3954810006544,20.33,-1449.1757564142758,-155.31847461077535,20.50835497835495,9.564635532900866,11.478461393836497,0.08290043290043414,0.0630395547613034,-0.08884613306535982,-0.030595238095238564,14.94112876750029,14.941358751090872,39.803364686829696,0.4000272978874238,0.3179007595499492,997.98,-3.25,53.74,False
HAOS / PANGAEA,HAOS_Flight_104,HAOS_Flight_104_seg00,train,10.1594/PANGAEA.918840,CC BY 4.0,fixed-wing UAV,2020-02-28 16:53:26+00:00,765.0,65.041423,24.497133,45.67,382180.1041303,7215404.639187,-1439.7227472999948,-143.97128500044346,20.700000000000003,-1439.5829888761818,-143.88625335539732,20.57666666666664,9.31156272532644,11.673799357131045,-0.013311688311688386,-0.5188864423140558,0.42439444702284135,-0.07975108225108318,14.932608339410832,14.932614272768438,38.57748344925653,-2.5657145938262933,-0.05107636516550073,997.93,-3.25,53.89,False
HAOS / PANGAEA,HAOS_Flight_104,HAOS_Flight_104_seg00,train,10.1594/PANGAEA.918840,CC BY 4.0,fixed-wing UAV,2020-02-28 16:53:27+00:00,766.0,65.041531,24.497318,45.67,382189.2573871,7215416.370486,-1430.569490499969,-132.23998600058258,20.700000000000003,-1430.552630963623,-131.97087589651326,20.481731601731575,8.526862648272754,12.32725028788218,-0.07660173160173223,-0.989399441233445,0.7612446688692067,0.043333333333333,14.988945469331734,14.989141206482936,34.671935499177096,-4.7589641429275975,-0.2928103063643116,997.93,-3.23,53.63,False
HAOS / PANGAEA,HAOS_Flight_104,HAOS_Flight_104_seg00,train,10.1594/PANGAEA.918840,CC BY 4.0,fixed-wing UAV,2020-02-28 16:53:28+00:00,767.0,65.041647,24.497485,45.37,382197.6424293,7215429.008067,-1422.1844482999877,-119.60240500047803,20.4,-1422.5292635796363,-119.23175277963296,20.423463203463175,7.332763842859549,13.196288694869459,0.07335497835497762,-1.3682813781414325,1.0393601087964157,0.0966017316017318,15.09673676307194,15.096914977780635,29.059555163401342,-6.387445404210215,0.2783977528126795,997.97,-3.27,53.75,False
HAOS / PANGAEA,HAOS_Flight_104,HAOS_Flight_104_seg00,train,10.1594/PANGAEA.918840,CC BY 4.0,fixed-wing UAV,2020-02-28 16:53:29+00:00,768.0,65.041773,24.497616,45.15,382204.3531565,7215442.795207,-1415.4737211000174,-105.81526499986649,20.18,-1415.8871032779039,-105.57829850677435,20.62844155844153,5.790299891989889,14.405970505475011,0.11660173160173137,-1.6461850931843287,1.017111288925868,-0.007586580086579531,15.526092845393979,15.526530681630286,21.897044690756672,-7.101092841058917,0.4302860722773591,998.0,-3.19,53.76,False
HAOS / PANGAEA,HAOS_Flight_104,HAOS_Flight_104_seg00,train,10.1594/PANGAEA.918840,CC BY 4.0,fixed-wing UAV,2020-02-28 16:53:30+00:00,769.0,65.041907,24.497704,45.52,382209.0748251,7215457.550035,-1410.752052499971,-91.06043700035661,20.550000000000004,-1410.9486637956566,-90.41981176868293,20.656666666666638,4.040393656490892,15.230511272721195,0.058181818181818556,-1.6953204733763414,0.026790609792904263,0.028766233766234883,15.757323837755548,15.75743125169411,14.857369481283513,-6.237153905730305,0.21155606822342538,997.95,-3.22,53.7,False
HAOS / PANGAEA,HAOS_Flight_104,HAOS_Flight_104_seg00,train,10.1594/PANGAEA.918840,CC BY 4.0,fixed-wing UAV,2020-02-28 16:53:31+00:00,770.0,65.042044,24.497758,46.2,382212.2339807,7215472.71505,-1407.5928968999651,-75.89542200043797,21.230000000000004,-1407.806315964922,-75.11727596133196,20.744805194805167,2.3996589452372064,14.45955172506082,0.17413419913420114,-1.4673426915570644,-1.1100218582634263,0.1139610389610386,14.657318961637094,14.658353313468549,9.422736879296053,-4.999849993687095,0.6806623601212954,997.86,-3.26,53.8,False
HAOS / PANGAEA,HAOS_Flight_104,HAOS_Flight_104_seg00,train,10.1594/PANGAEA.918840,CC BY 4.0,fixed-wing UAV,2020-02-28 16:53:32+00:00,771.0,65.042182,24.497779,46.28,382213.808256,7215488.042699,-1406.0186216000002,-60.56777300033718,21.310000000000002,-1406.1493459051821,-61.500708318561294,21.00493506493504,1.105708273376763,13.010467556194342,0.28610389610389575,-1.0896788518404037,-1.5429993657792327,0.0362662337662325,13.05736791304432,13.06050199096364,4.857669493909327,-4.156539479450985,1.2552241180868946,997.85,-3.25,53.87,False
HAOS / PANGAEA,HAOS_Flight_104,HAOS_Flight_104_seg00,train,10.1594/PANGAEA.918840,CC BY 4.0,fixed-wing UAV,2020-02-28 16:53:33+00:00,772.0,65.042321,24.497772,45.6,382214.094145,7215503.475721,-1405.7327326000086,-45.13475100044161,20.630000000000003,-1405.5948994181686,-49.09634084894327,21.31701298701296,0.22030124155639896,11.373552993502354,0.24666666666666615,-0.6946970330090494,-0.7585912964506338,-0.16096320346320336,11.37568636755768,11.37836037298354,1.1096579203940564,-3.1357996849234304,1.2421883036465922,997.94,-3.2,53.27,False
HAOS / PANGAEA,HAOS_Flight_104,HAOS_Flight_104_seg00,train,10.1594/PANGAEA.918840,CC BY 4.0,fixed-wing UAV,2020-02-28 16:53:34+00:00,773.0,65.04239050000001,24.497761,46.28,382213.8840067,7215511.2555845,-1405.9428708999767,-37.35488750040531,21.310000000000002,-1405.7087434220693,-38.753602331556586,21.498268398268372,-0.28368579264133587,11.493284963293075,-0.03582251082251098,-0.34824574415313236,1.2147642489728305,-0.08483766233766321,11.496785501887265,11.49684131092914,358.5860701240625,-1.5427560056781173,-0.17852573131180022,997.85,-3.22,53.215,True
HAOS / PANGAEA,HAOS_Flight_104,HAOS_Flight_104_seg00,train,10.1594/PANGAEA.918840,CC BY 4.0,fixed-wing UAV,2020-02-28 16:53:35+00:00,774.0,65.04246,24.49775,46.96,382213.6738684,7215519.035448,-1406.153009200003,-29.575024000369012,21.990000000000002,-1406.1622710034512,-26.10977092235712,21.245367965367937,-0.47619024674986576,13.803081491448015,0.07699134199133972,-0.07547536818003664,2.3144200379069186,0.23482683982684005,13.811293053536097,13.811507646792078,358.0241459090378,-0.0651667839092421,0.3193932128577963,997.76,-3.24,53.16,False
HAOS / PANGAEA,HAOS_Flight_104,HAOS_Flight_104_seg00,train,10.1594/PANGAEA.918840,CC BY 4.0,fixed-wing UAV,2020-02-28 16:53:36+00:00,775.0,65.042599,24.497723,46.88,382213.0560878,7215534.587828,-1406.770789799979,-14.022644000127912,21.910000000000004,-1406.661123915569,-11.147439348660557,21.652251082251052,-0.43463652900140914,16.122125039106912,0.4338311688311691,0.10456540205302645,2.31437189502992,0.18048701298701442,16.12798266023809,16.133816478812133,358.45573655624395,0.5728756847844754,1.5408438192269747,997.77,-3.25,52.57,False
HAOS / PANGAEA,HAOS_Flight_104,HAOS_Flight_104_seg00,train,10.1594/PANGAEA.918840,CC BY 4.0,fixed-wing UAV,2020-02-28 16:53:37+00:00,776.0,65.042737,24.497704,46.43,382212.7701138,7215549.948129,-1407.0567637999775,1.33765699993819,21.46,-1407.031544061454,6.134479155856703,22.113030303030275,-0.26705944264381287,18.431825281507855,0.43796536796536856,0.20770095475813832,1.7521610334898572,-0.06655844155844282,18.43375989737138,18.438961945225508,359.1698972786068,0.7440557752166511,1.361027118499626,997.83,-3.23,52.4,False
HAOS / PANGAEA,HAOS_Flight_104,HAOS_Flight_104_seg00,train,10.1594/PANGAEA.918840,CC BY 4.0,fixed-wing UAV,2020-02-28 16:53:38+00:00,777.0,65.043012,24.497675,46.13,382212.5969299,7215580.670002,-1407.2299476999906,32.05953000020236,21.160000000000004,-1407.1952428008567,25.716211214355155,22.52818181818179,-0.019234619485132498,19.626447106086626,0.3007142857142835,0.28428878095155596,0.19008103834497447,-0.2122619047619052,19.62645653139157,19.628760150866267,359.94384810667725,0.8741797936688541,0.8778105866467869,997.87,-3.24,52.57,False
HAOS / PANGAEA,HAOS_Flight_104,HAOS_Flight_104_seg00,train,10.1594/PANGAEA.918840,CC BY 4.0,fixed-wing UAV,2020-02-28 16:53:39+00:00,778.0,65.043151,24.497663,49.44,382212.6411579,7215596.165032,-1407.1857197000063,47.55456000007689,24.47,-1407.0700133004243,45.387373368029955,22.714458874458842,0.30151811925929906,18.811987358197804,0.013441558441558143,0.2646225990272342,-1.2371659156305963,-0.196287878787877,18.814403565918205,18.81440836743821,0.9182568659444996,0.8796573920353875,0.040933768378673706,997.43,-3.48,51.91,False
HAOS / PANGAEA,HAOS_Flight_104,HAOS_Flight_104_seg00,train,10.1594/PANGAEA.918840,CC BY 4.0,fixed-wing UAV,2020-02-28 16:53:40+00:00,779.0,65.043289,24.497659,47.71,382213.0510719,7215611.571724,-1406.7758056999883,62.96125200018287,22.740000000000002,-1406.592206562338,63.34018593075076,22.555064935064905,0.5100105785693358,17.152115274825434,-0.09186147186147053,0.07420860292597808,-1.7861889821701027,-0.1017532467532467,17.15969606931173,17.15994194981921,1.7031628907480467,0.3864283017663964,-0.3067201387843831,997.66,-3.35,51.68,False
HAOS / PANGAEA,HAOS_Flight_104,HAOS_Flight_104_seg00,train,10.1594/PANGAEA.918840,CC BY 4.0,fixed-wing UAV,2020-02-28 16:53:41+00:00,780.0,65.043427,24.497662,47.79,382213.8275097,7215626.866172,-1405.9993679000181,78.25569999963045,22.82,-1406.0499921432856,79.69160391768082,22.5307359307359,0.4499353251112552,15.239609393857599,-0.19006493506493527,-0.08726365941345193,-1.145071765159969,-0.24469696969697008,15.246249908555734,15.247434569581763,1.6911134694772727,-0.20501477929089953,-0.7142316699389595,997.65,-3.4,51.46,False
HAOS / PANGAEA,HAOS_Flight_104,HAOS_Flight_104_seg00,train,10.1594/PANGAEA.918840,CC BY 4.0,fixed-wing UAV,2020-02-28 16:53:42+00:00,781.0,65.043565,24.497668,46.2,382214.7216323,7215642.221663,-1405.1052452999866,93.61119099985808,21.230000000000004,-1405.6923359121156,93.81940471846596,22.174935064935035,0.335483259742432,14.861971744505496,-0.5812554112554107,0.06821463647111159,0.17538457684969444,-0.13630952380952355,14.865757738912846,14.877117025995354,1.293133332166235,0.23140200415775605,-2.2391408634804972,997.86,-3.26,51.49,False
HAOS / PANGAEA,HAOS_Flight_104,HAOS_Flight_104_seg00,train,10.1594/PANGAEA.918840,CC BY 4.0,fixed-wing UAV,2020-02-28 16:53:43+00:00,782.0,65.043704,24.497669,45.75,382215.3823296,7215657.744477,-1404.4445479999995,109.13400499988347,20.78,-1405.3790256238008,109.41554740669181,21.36822510822508,0.5863645980534784,15.590378547556988,-0.46268398268398236,0.6309047078995036,0.278062876647553,0.2120779220779223,15.601401433780733,15.60826073480988,2.1539174777927883,2.3107635202917227,-1.6986981433113055,997.92,-3.22,50.81,False
HAOS / PANGAEA,HAOS_Flight_104,HAOS_Flight_104_seg00,train,10.1594/PANGAEA.918840,CC BY 4.0,fixed-wing UAV,2020-02-28 16:53:44+00:00,783.0,65.043844,24.497661,47.33,382215.5948844,7215673.330561,-1404.2319931999664,124.72008899971843,22.36,-1404.5196067160086,125.00016181357994,21.24956709956707,1.5972926755414392,15.418097497800602,-0.15709956709956607,1.4674295224024263,-0.41139706492411676,0.19112554112554125,15.500615289175572,15.50141137500087,5.914660372749722,5.628711163729076,-0.5806759159020808,997.71,-3.31,50.52,False
HAOS / PANGAEA,HAOS_Flight_104,HAOS_Flight_104_seg00,train,10.1594/PANGAEA.918840,CC BY 4.0,fixed-wing UAV,2020-02-28 16:53:45+00:00,784.0,65.043982,24.497673,45.9,382216.7865515,7215688.654073,-1403.0403261000174,140.0436009997502,20.93,-1402.184440272718,140.25174240229302,21.054025974025947,3.521223642858331,14.767584417708754,-0.08043290043289986,2.2945430051944413,-1.0087660335677668,0.05650432900432811,15.181586395274339,15.181799462799228,13.411339805250975,9.43288768436256,-0.3035534291728506,997.9,-3.23,50.54,False
HAOS / PANGAEA,HAOS_Flight_104,HAOS_Flight_104_seg00,train,10.1594/PANGAEA.918840,CC BY 4.0,fixed-wing UAV,2020-02-28 16:53:46+00:00,785.0,65.044112,24.497755,45.67,382221.2130094,7215703.016104,-1398.6138681999873,154.4056319994852,20.700000000000003,-1397.477159430292,154.53533064899744,21.08870129870127,6.186378685930322,13.400565430665068,-0.04409090909090985,2.8256653637428144,-1.7623130270517855,-0.018344155844156163,14.759621780630717,14.759687636109822,24.780435741474832,12.898952700938366,-0.17115719690692216,997.93,-3.26,50.46,False
HAOS / PANGAEA,HAOS_Flight_104,HAOS_Flight_104_seg00,train,10.1594/PANGAEA.918840,CC BY 4.0,fixed-wing UAV,2020-02-28 16:53:47+00:00,786.0,65.04423,24.497916,46.13,382229.3036548,7215715.847011,-1390.523222799995,167.23653899971396,21.160000000000004,-1389.8116829008572,167.05287326362316,20.965844155844128,9.17255437034396,11.242958363605183,-0.11712121212121218,2.8294145619074698,-2.5259197034310574,0.05445887445887543,14.509991951847383,14.510464631465272,39.20924520712771,15.021330251815709,-0.4624678935497963,997.87,-3.26,50.59,False
HAOS / PANGAEA,HAOS_Flight_104,HAOS_Flight_104_seg00,train,10.1594/PANGAEA.918840,CC BY 4.0,fixed-wing UAV,2020-02-28 16:53:48+00:00,787.0,65.044325,24.498147,45.75,382240.5930002,7215726.058079,-1379.2338773999945,177.44760699942708,20.78,-1379.132050689604,177.0212473762078,20.854458874458846,11.845207809745261,8.348726023802953,0.06482683982684101,2.215148136584162,-3.1784846374222724,0.14454545454545453,14.491727787830365,14.491872784279357,54.82309624510623,15.516522136572931,0.25630343049808346,997.92,-3.25,50.16,False
HAOS / PANGAEA,HAOS_Flight_104,HAOS_Flight_104_seg00,train,10.1594/PANGAEA.918840,CC BY 4.0,fixed-wing UAV,2020-02-28 16:53:49+00:00,788.0,65.04439,24.498421,45.98,382253.781444,7215732.758738,-1366.0454335999675,184.14826599974185,21.009999999999998,-1366.1212672813667,183.75032531122906,21.09549783549781,13.602850643512284,4.885989088760638,0.17196969696969688,1.202843283547054,-3.6041739512833644,-0.026915584415585947,14.453734292742155,14.45475729930691,70.24228948027354,15.300878882523342,0.6816697152667608,997.89,-3.28,49.59,False
HAOS / PANGAEA,HAOS_Flight_104,HAOS_Flight_104_seg00,train,10.1594/PANGAEA.918840,CC BY 4.0,fixed-wing UAV,2020-02-28 16:53:50+00:00,789.0,65.044422,24.49872,46.13,382268.0057071,7215735.755967,-1351.821170500014,187.14549499936402,21.160000000000004,-1351.9263494025795,186.7932255537291,21.19839826839824,14.25089437683937,1.1403781212362247,0.010995670995669116,0.1682043571389613,-3.6991614004097073,-0.020378787878787996,14.296448957668693,14.296453186157988,85.42485401015296,14.987345513726977,0.04406726583687812,997.87,-3.3,49.68,False
HAOS / PANGAEA,HAOS_Flight_104,HAOS_Flight_104_seg00,train,10.1594/PANGAEA.918840,CC BY 4.0,fixed-wing UAV,2020-02-28 16:53:51+00:00,790.0,65.044421,24.499029,46.58,382282.49816,7215735.067799,-1337.3287175999722,186.45732699986547,21.61,-1337.619478527688,186.0310815537015,21.117489177489148,13.939259357790206,-2.5123337120587763,0.1312121212121209,-0.6300685677505271,-3.412953562730138,0.08233766233766371,14.1638544233019,14.16446217634972,100.2169805077275,14.106098152018228,0.53076553122247,997.81,-3.34,49.6,False
HAOS / PANGAEA,HAOS_Flight_104,HAOS_Flight_104_seg00,train,10.1594/PANGAEA.918840,CC BY 4.0,fixed-wing UAV,2020-02-28 16:53:52+00:00,791.0,65.044387,24.499326,46.13,382296.3381268,7215730.737387,-1323.4887507999665,182.12691499944776,21.160000000000004,-1324.047830686999,181.76855812961153,21.46082251082248,12.990757241338315,-5.685529004224051,0.17567099567099653,-1.073598177272288,-2.8114639718682213,-0.06010822510822411,14.180444765988717,14.181532852973858,113.63705031418937,12.192270672717363,0.7097585406896744,997.87,-3.37,49.21,False
HAOS / PANGAEA,HAOS_Flight_104,HAOS_Flight_104_seg00,train,10.1594/PANGAEA.918840,CC BY 4.0,fixed-wing UAV,2020-02-28 16:53:53+00:00,792.0,65.044326,24.499597,46.2,382308.8051671,7215723.422418,-1311.0217105000047,174.81194599997252,21.230000000000004,-1311.6379640450114,174.6600235452534,21.46883116883114,11.79206300324563,-8.135261655795219,0.010995670995672668,-1.1378954292194976,-2.020329680812857,-0.09156926406926402,14.32603336868815,14.326037588445278,124.6015218531623,9.29680055102952,0.04397626342478495,997.86,-3.32,49.03,False
HAOS / PANGAEA,HAOS_Flight_104,HAOS_Flight_104_seg00,train,10.1594/PANGAEA.918840,CC BY 4.0,fixed-wing UAV,2020-02-28 16:53:54+00:00,793.0,65.044246,24.499837,46.28,382319.7513135,7215714.068472,-1300.0755640999996,165.45799999963492,21.310000000000002,-1300.4637046805078,165.4980348180211,21.482813852813827,10.71496638289932,-9.726188365849765,-0.0074675324675315125,-0.8239811615794679,-1.0934815541508343,0.03757575757575626,14.470979397216135,14.470981323970223,132.2306514162484,5.448563276674426,-0.029566627388769917,997.85,-3.28,48.86,False
HAOS / PANGAEA,HAOS_Flight_104,HAOS_Flight_104_seg00,train,10.1594/PANGAEA.918840,CC BY 4.0,fixed-wing UAV,2020-02-28 16:53:55+00:00,794.0,65.044157,24.500055,47.56,382329.6367028,7215703.690093,-1290.1901747999946,155.0796210002154,22.590000000000003,-1290.2080312792127,155.20764681355388,21.453896103896078,10.144100680086694,-10.322224764096887,0.0861471861471852,-0.21811321807109607,-0.0910633019165843,0.05384199134199008,14.472425597952487,14.472681991460721,135.49864840651105,0.859055119041293,0.3410493876480289,997.68,-3.39,48.88,False
HAOS / PANGAEA,HAOS_Flight_104,HAOS_Flight_104_seg00,train,10.1594/PANGAEA.918840,CC BY 4.0,fixed-wing UAV,2020-02-28 16:53:56+00:00,795.0,65.044067,24.500271,45.67,382339.3949601,7215693.363747,-1280.4319174999837,144.75327499955893,20.700000000000003,-1280.1755033203344,144.85358528982732,21.655108225108197,10.278739946757128,-9.908314969682934,0.10021645021644865,0.4323597885290269,0.8383439144893572,-0.03028138528138591,14.276806380682748,14.277158112467538,133.948761654331,-3.6775509855365534,0.4021827553856654,997.93,-3.3,48.56,False
HAOS / PANGAEA,HAOS_Flight_104,HAOS_Flight_104_seg00,train,10.1594/PANGAEA.918840,CC BY 4.0,fixed-wing UAV,2020-02-28 16:53:57+00:00,796.0,65.043984,24.500498,46.65,382349.7216319,7215683.678803,-1270.1052456999896,135.0683309994638,21.68,-1269.6505513856985,135.391016874188,21.654329004328975,11.008820257144748,-8.645536935118173,0.025584415584413378,0.8776292326822386,1.539457728331353,-0.11202380952380864,13.99783670252704,13.997860083346092,128.143546435438,-7.186735763848374,0.10472171044197821,997.8,-3.36,48.41,False
HAOS / PANGAEA,HAOS_Flight_104,HAOS_Flight_104_seg00,train,10.1594/PANGAEA.918840,CC BY 4.0,fixed-wing UAV,2020-02-28 16:53:58+00:00,797.0,65.043916,24.500748,46.65,382361.1830073,7215675.551034,-1258.643870299973,126.94056199956685,21.68,-1258.157862806045,127.56251141959098,21.706277056277024,12.033998412121605,-6.829399513020228,-0.12383116883116863,1.1648756308982229,1.8940191266794209,0.034388528138530106,13.836828230898373,13.837382326500931,119.57529012663429,-9.066737016207897,-0.5127485736064665,997.8,-3.36,48.41,False
HAOS / PANGAEA,HAOS_Flight_104,HAOS_Flight_104_seg00,train,10.1594/PANGAEA.918840,CC BY 4.0,fixed-wing UAV,2020-02-28 16:53:59+00:00,798.0,65.043868,24.501027,47.11,382374.0900199,7215669.791981,-1245.736857699987,121.1815090002492,22.14,-1245.5825545614553,121.73221784814756,21.406666666666638,13.338571518941194,-4.857498681759331,0.09436147186147359,1.0675519936162914,1.886355481663859,0.2634632034632034,14.195519842866016,14.195833462554239,110.01007240302215,-8.700742021281322,0.3808549822146912,997.74,-3.4,48.2,False
HAOS / PANGAEA,HAOS_Flight_104,HAOS_Flight_104_seg00,train,10.1594/PANGAEA.918840,CC BY 4.0,fixed-wing UAV,2020-02-28 16:54:00+00:00,799.0,65.043841,24.501321,46.35,382387.8121775,7215666.231496,-1232.0147001000005,117.6210239995271,21.380000000000003,-1231.4807197681625,117.84751405607231,21.89499999999997,14.169102399354188,-3.0566885496925096,0.4030952380952382,0.04629244377753139,1.6058595616711067,0.04133658008657903,14.49506149325369,14.500665276606481,102.1738060840716,-6.512094736352109,1.592935979839729,997.84,-3.39,48.02,False
HAOS / PANGAEA,HAOS_Flight_104,HAOS_Flight_104_seg00,train,10.1594/PANGAEA.918840,CC BY 4.0,fixed-wing UAV,2020-02-28 16:54:01+00:00,800.0,65.04383,24.501622,46.96,382401.9227484,7215664.392061,-1217.9041291999747,115.78158899955451,21.990000000000002,-1217.2443497627469,115.61884074876254,22.212857142857114,13.431156406496257,-1.645779558417118,0.17703463203463166,-1.397793215476554,1.1420068906255274,-0.16532467532467532,13.531613088271076,13.532771114284342,96.98588293031798,-4.143656878882421,0.7495601969440764,997.76,-3.41,47.81,False
HAOS / PANGAEA,HAOS_Flight_104,HAOS_Flight_104_seg00,train,10.1594/PANGAEA.918840,CC BY 4.0,fixed-wing UAV,2020-02-28 16:54:02+00:00,801.0,65.043826,24.501924,46.35,382416.1055862,7215663.376233,-1203.7212913999683,114.76576100010425,21.380000000000003,-1204.61840695517,114.55595493923808,22.249069264069234,11.37351596840108,-0.7726747684414548,0.07244588744588754,-1.2860537079000096,0.5675929274633766,-0.08928571428571441,11.399732092521313,11.399962288879214,93.88649232630678,-2.1469058655403193,0.3641127424569093,997.84,-3.37,47.6,False
HAOS / PANGAEA,HAOS_Flight_104,HAOS_Flight_104_seg00,train,10.1594/PANGAEA.918840,CC BY 4.0,fixed-wing UAV,2020-02-28 16:54:03+00:00,802.0,65.043825,24.502225,48.99,382430.2562025,7215662.688267,-1189.570675099967,114.07779499981552,24.020000000000003,-1194.4973178259447,114.07349121187963,22.35774891774889,10.859048990696238,-0.5105937034903647,-0.0015367965367971692,0.48193497066876034,0.0782190887469092,-0.15352813852813885,10.871046449739096,10.871046558364498,92.69207119923732,-0.5135090546323126,-0.008099676084482064,997.49,-3.59,47.46,False
HAOS / PANGAEA,HAOS_Flight_104,HAOS_Flight_104_seg00,train,10.1594/PANGAEA.918840,CC BY 4.0,fixed-wing UAV,2020-02-28 16:54:04+00:00,803.0,65.043824,24.5023755,47.405,382437.34743655,7215662.307879,-1182.4794410499744,113.69740699976683,22.435000000000002,-1182.9003089737776,113.53476753225735,22.24599567099564,12.3373859097386,-0.6162365909476364,-0.23461038961039016,1.480578829432602,-0.11080424245990983,-0.192380952380951,12.352766435978594,12.354994158507418,92.85947421704213,0.17032771752706508,-1.0880614720001829,997.7,-3.49,47.225,True
HAOS / PANGAEA,HAOS_Flight_104,HAOS_Flight_104_seg00,train,10.1594/PANGAEA.918840,CC BY 4.0,fixed-wing UAV,2020-02-28 16:54:05+00:00,804.0,65.043823,24.502526,45.82,382444.4386706,7215661.927491,-1175.3882069999818,113.31701899971813,20.85,-1169.8225460064675,112.84101802998435,21.88852813852811,13.820206649561442,-0.7322021884101844,-0.38629870129869914,1.4924543188305393,-0.06511725974571192,-0.0922186147186137,13.839589295976054,13.844979543788428,93.03272663429146,-0.03517263722577523,-1.5988581252524965,997.91,-3.39,46.99,False
HAOS / PANGAEA,HAOS_Flight_104,HAOS_Flight_104_seg00,train,10.1594/PANGAEA.918840,CC BY 4.0,fixed-wing UAV,2020-02-28 16:54:06+00:00,805.0,65.043819,24.502828,46.96,382458.5961751,7215660.982255,-1161.2307024999755,112.37178299948573,21.990000000000002,-1155.2598956746547,112.07036315543698,21.473398268398242,15.322294547399679,-0.7464711104390602,-0.41904761904761756,1.5256675940489686,0.047135153723864676,0.12186147186147078,15.340467050125758,15.346189436567748,92.7891289425906,-0.4336703121502533,-1.5647301125371773,997.76,-3.45,46.7,False
HAOS / PANGAEA,HAOS_Flight_104,HAOS_Flight_104_seg00,train,10.1594/PANGAEA.918840,CC BY 4.0,fixed-wing UAV,2020-02-28 16:54:07+00:00,806.0,65.043815,24.503427,45.52,382486.7796537,7215659.39894,-1133.0472238999791,110.78846799954772,20.550000000000004,-1139.1779569116682,111.34807580910623,21.050432900432874,16.87154183765938,-0.637931880962455,-0.14257575757575758,1.0405494356056124,0.15118973381369472,0.28503246753246714,16.88359798931019,16.88419997842028,92.16538600999093,-0.6636996423282389,-0.48383022396589487,997.95,-3.38,46.45,False
HAOS / PANGAEA,HAOS_Flight_104,HAOS_Flight_104_seg00,train,10.1594/PANGAEA.918840,CC BY 4.0,fixed-wing UAV,2020-02-28 16:54:08+00:00,807.0,65.043818,24.503726,46.2,382500.8633878,7215659.145671,-1118.963489799993,110.53519899956882,21.230000000000004,-1121.516811999336,110.79449939351207,21.188246753246727,17.403393418610904,-0.4440916428116708,0.15101731601731672,-0.4067532683440618,0.21505570351911985,0.08785173160173088,17.409058557836047,17.40971355594059,91.46172965793414,-0.7119573854012805,0.49700779548782226,997.86,-3.45,46.2,False
HAOS / PANGAEA,HAOS_Flight_104,HAOS_Flight_104_seg00,train,10.1594/PANGAEA.918840,CC BY 4.0,fixed-wing UAV,2020-02-28 16:54:09+00:00,808.0,65.043822,24.504025,46.2,382514.9248718,7215659.074736,-1104.9020057999878,110.46426399983466,21.230000000000004,-1104.3711700744464,110.45989252348289,21.352467532467507,16.058035300971255,-0.20782047392421532,0.033127705627704174,-1.7569785411249086,0.21774959956695028,-0.10702380952381141,16.059380034005706,16.059414202314517,90.7414712391884,-0.7131423424775359,0.11819105227856494,997.86,-3.45,46.2,False
HAOS / PANGAEA,HAOS_Flight_104,HAOS_Flight_104_seg00,train,10.1594/PANGAEA.918840,CC BY 4.0,fixed-wing UAV,2020-02-28 16:54:10+00:00,809.0,65.043828,24.504327,46.88,382529.168138,7215659.179857,-1090.6587395999813,110.56938499957323,21.910000000000004,-1089.4007413973934,110.37885844566364,21.254502164502135,13.889436336361086,-0.008592443677770234,-0.0630303030303061,-1.3075367094675698,0.11473918935985594,-0.10462662337662287,13.889438994139253,13.889582009226055,90.03544497297906,-0.4168900859656524,-0.26000658174101104,997.77,-3.5,46.17,False
HAOS / PANGAEA,HAOS_Flight_104,HAOS_Flight_104_seg00,train,10.1594/PANGAEA.918840,CC BY 4.0,fixed-wing UAV,2020-02-28 16:54:11+00:00,810.0,65.043834,24.504629,45.98,382543.4252967,7215659.26107,-1076.401580900012,110.65059799980372,21.009999999999998,-1076.5922974017242,110.44270763612735,21.226406926406895,13.442961882036116,0.021657904795496563,-0.17612554112554157,0.09416643236107802,0.007775187231317204,-0.06830086580086459,13.442979328508844,13.444133048767142,89.90769106725708,-0.0318816913308674,-0.750627713030155,997.89,-3.46,46.13,False
HAOS / PANGAEA,HAOS_Flight_104,HAOS_Flight_104_seg00,train,10.1594/PANGAEA.918840,CC BY 4.0,fixed-wing UAV,2020-02-28 16:54:12+00:00,811.0,65.043837,24.504923,45.98,382557.236509,7215659.005784,-1062.5903685999801,110.39531200006604,21.009999999999998,-1062.5148176333212,110.42217425525463,20.902251082251052,14.077769201083242,0.006957930784864175,-0.19963203463203527,0.3102638643935052,0.023443783539676133,0.06471861471861473,14.077770920560141,14.079186306069682,89.9716815903173,-0.09347429053460254,-0.812437316896983,997.89,-3.46,46.13,False
HAOS / PANGAEA,HAOS_Flight_104,HAOS_Flight_104_seg00,train,10.1594/PANGAEA.918840,CC BY 4.0,fixed-wing UAV,2020-02-28 16:54:13+00:00,812.0,65.043841,24.505222,45.67,382571.3542834,7215658.896636,-1048.4725941999932,110.28616399969906,20.700000000000003,-1048.4367589995577,110.45662349769708,20.827142857142825,14.063489610823126,0.06854547187484883,-0.04668831168831211,-0.010198084521078954,0.049946891730535015,0.12501082251082352,14.063656655203316,14.063734152560366,89.72074248618787,-0.20359251675432943,-0.190208951397881,997.93,-3.43,46.67,False
HAOS / PANGAEA,HAOS_Flight_104,HAOS_Flight_104_seg00,train,10.1594/PANGAEA.918840,CC BY 4.0,fixed-wing UAV,2020-02-28 16:54:14+00:00,813.0,65.043846,24.505519,45.3,382585.3639617,7215658.982248,-1034.4629158999887,110.37177599966526,20.33,-1034.387838411675,110.55926519900433,20.808874458874428,14.057373032041085,0.1068517142459342,0.05038961038961176,0.013592984741478631,-0.0018195660373656608,0.09343073593073647,14.057779122279353,14.057869431874392,89.56449655680865,0.007667978634498956,0.2053738088147484,997.98,-3.45,46.51,False
HAOS / PANGAEA,HAOS_Flight_104,HAOS_Flight_104_seg00,train,10.1594/PANGAEA.918840,CC BY 4.0,fixed-wing UAV,2020-02-28 16:54:15+00:00,814.0,65.043854,24.50582,45.9,382599.5453636,7215659.259042,-1020.281513999973,110.64857000019401,20.93,-1020.3220129354755,110.67032692618895,20.927922077922048,14.090675580306083,0.06490633980011751,0.14017316017316084,0.021758131489434618,-0.12177945775972177,0.010183982683981796,14.090825069611093,14.091522261885455,89.7360784434569,0.4954824415336004,0.5699499873056995,997.9,-3.48,46.4,False
HAOS / PANGAEA,HAOS_Flight_104,HAOS_Flight_104_seg00,train,10.1594/PANGAEA.918840,CC BY 4.0,fixed-wing UAV,2020-02-28 16:54:16+00:00,815.0,65.043861,24.50612,46.65,382613.6747402,7215659.440571,-1006.1521374000004,110.83009899966419,21.68,-1006.2064872510628,110.68907787860456,21.08922077922075,14.100889295019954,-0.13670720127350933,0.07075757575757535,-0.0031296992436864457,-0.27495349135584135,-0.110616883116883,14.101551963145345,14.101729482720035,90.55546143987584,1.1180688852693061,0.2874915077798393,997.8,-3.49,46.57,False
HAOS / PANGAEA,HAOS_Flight_104,HAOS_Flight_104_seg00,train,10.1594/PANGAEA.918840,CC BY 4.0,fixed-wing UAV,2020-02-28 16:54:17+00:00,816.0,65.043864,24.506417,46.05,382627.6878324,7215659.245576,-992.1390451999614,110.63510399963707,21.08,-992.1202343454356,110.39691252364193,21.0694372294372,14.08441618181871,-0.4850006429115652,-0.08106060606060517,-0.020667729220321007,-0.35024485069939715,-0.13600649350649263,14.092764271295442,14.092997396868995,91.97221621399552,1.4261382465111898,-0.3295577293266397,997.88,-3.41,46.45,False
HAOS / PANGAEA,HAOS_Flight_104,HAOS_Flight_104_seg00,train,10.1594/PANGAEA.918840,CC BY 4.0,fixed-wing UAV,2020-02-28 16:54:18+00:00,817.0,65.043862,24.506717,45.67,382641.772774,7215658.470183,-978.0541035999777,109.8597109997645,20.700000000000003,-978.0376548874253,109.71907659278143,20.92709956709954,14.059553836579312,-0.8371969026723036,-0.2012554112554099,-0.025841408765586493,-0.2912625898072889,-0.058982683982684136,14.084457843222653,14.085895657645477,93.40773793289821,1.189061147040864,-0.8186542275807855,997.93,-3.44,46.31,False
HAOS / PANGAEA,HAOS_Flight_104,HAOS_Flight_104_seg00,train,10.1594/PANGAEA.918840,CC BY 4.0,fixed-wing UAV,2020-02-28 16:54:19+00:00,818.0,65.043857,24.507016,45.98,382655.832565,7215657.379928,-963.9943125999998,108.7694560000673,21.009999999999998,-964.001126672277,108.72251871829732,20.66692640692638,14.032733364287537,-1.067525822526143,-0.19902597402597344,-0.00724653885251314,-0.13132597939453916,0.05222943722943718,14.073280252128455,14.074687506061572,94.35033850807724,0.5349379620187589,-0.8102295975703505,997.89,-3.49,46.21,False
HAOS / PANGAEA,HAOS_Flight_104,HAOS_Flight_104_seg00,train,10.1594/PANGAEA.918840,CC BY 4.0,fixed-wing UAV,2020-02-28 16:54:20+00:00,819.0,65.04385,24.507316,44.92,382669.9082841,7215656.06868,-949.9185934999841,107.45820799935609,19.950000000000003,-949.9721881588503,107.58402494772915,20.529047619047592,14.045060758874286,-1.099848861461382,-0.09679653679653555,0.021528849780509063,0.0726360974246738,0.08913419913419851,14.088058746276161,14.088391278214274,94.47761385693576,-0.300822738557595,-0.3936628785806898,998.03,-3.41,46.55,False
HAOS / PANGAEA,HAOS_Flight_104,HAOS_Flight_104_seg00,train,10.1594/PANGAEA.918840,CC BY 4.0,fixed-wing UAV,2020-02-28 16:54:21+00:00,820.0,65.043846,24.507614,45.45,382683.9344758,7215654.988921,-935.892401799967,106.37844899948686,20.480000000000004,-935.9110051545284,106.52282099537456,20.473333333333308,14.075791063848555,-0.9222536276767954,-0.02075757575757642,0.048967838637480554,0.23309809738745813,0.056731601731600634,14.105971991567325,14.105987264414823,93.74869303096204,-0.9561452113277726,-0.08431327001599574,997.96,-3.43,46.82,False
HAOS / PANGAEA,HAOS_Flight_104,HAOS_Flight_104_seg00,train,10.1594/PANGAEA.918840,CC BY 4.0,fixed-wing UAV,2020-02-28 16:54:22+00:00,821.0,65.043844,24.507913,45.75,382697.9617706,7215654.242731,-921.8651069999905,105.63225900009274,20.78,-921.8206060311531,105.73951769237556,20.48753246753244,14.142996436149247,-0.6336526666864657,0.01666666666666572,0.24545963149654426,0.2696615091980661,0.06859307359307376,14.157184179593383,14.157193990078222,92.56532343428023,-1.121422371294143,0.06745191736436201,997.92,-3.44,46.81,False
HAOS / PANGAEA,HAOS_Flight_104,HAOS_Flight_104_seg00,train,10.1594/PANGAEA.918840,CC BY 4.0,fixed-wing UAV,2020-02-28 16:54:23+00:00,822.0,65.043844,24.508214,45.75,382712.1370735,7215653.755487,-907.6898040999658,105.14501499943435,20.78,-907.6250122822299,105.25551566200163,20.50666666666664,14.566710326841644,-0.38293060928066325,0.1164285714285711,0.30723326579655463,0.1884720541377547,0.05646103896103849,14.571742709698077,14.572207835804564,91.50584828837373,-0.7843770958573195,0.45778490183606974,997.92,-3.46,46.45,False
HAOS / PANGAEA,HAOS_Flight_104,HAOS_Flight_104_seg00,train,10.1594/PANGAEA.918840,CC BY 4.0,fixed-wing UAV,2020-02-28 16:54:24+00:00,823.0,65.043848,24.508518,45.15,382726.457242,7215653.552748,-893.3696356000146,104.94227600004524,20.18,-892.6871853774699,104.97365647381423,20.72038961038958,14.757462967742356,-0.2567085584109563,0.1295887445887427,-0.4491426985989051,0.07455294964496062,-0.04433982683982585,14.75969554320984,14.760264420767419,90.99656924256556,-0.26289466211734175,0.5030386526318175,998.0,-3.43,46.48,False
HAOS / PANGAEA,HAOS_Flight_104,HAOS_Flight_104_seg00,train,10.1594/PANGAEA.918840,CC BY 4.0,fixed-wing UAV,2020-02-28 16:54:25+00:00,824.0,65.043852,24.508823,45.82,382740.8162922,7215653.515094,-879.0105853999848,104.9046219997108,20.85,-878.1100863467452,104.74209854517972,20.765844155844125,13.668424929643834,-0.233824709990742,0.02774891774891941,-1.316046524783502,-0.026113913411645484,-0.034199134199132786,13.670424794142694,13.670452957190099,90.98005896413906,0.23146310798061473,0.11630170337817038,997.91,-3.46,46.18,False
HAOS / PANGAEA,HAOS_Flight_104,HAOS_Flight_104_seg00,train,10.1594/PANGAEA.918840,CC BY 4.0,fixed-wing UAV,2020-02-28 16:54:26+00:00,825.0,65.043855,24.509131,45.82,382755.3462219,7215653.217319,-864.4806556999683,104.60684699937701,20.85,-865.3503355181822,104.50600705383275,20.77588744588742,12.125369918175352,-0.30893638523424727,0.06119047619047713,-1.5792376659048273,-0.11409330299704834,0.042348484848483636,12.129304899404307,12.129459246689018,91.45949545852682,0.7685049510493246,0.28904593617654756,997.91,-3.46,45.94,False
HAOS / PANGAEA,HAOS_Flight_104,HAOS_Flight_104_seg00,train,10.1594/PANGAEA.918840,CC BY 4.0,fixed-wing UAV,2020-02-28 16:54:27+00:00,826.0,65.043855,24.509435,46.05,382769.6401095,7215652.674692,-850.1867681000149,104.06422000005841,21.08,-853.8593465103945,104.12422577471122,20.88822510822508,10.50994959783418,-0.4620113159848387,0.11244588744588668,-0.781319564391822,-0.17196349679588963,-0.06095238095238109,10.520099572015129,10.520700503422592,92.51706886623771,1.0386771206090473,0.6123924391955029,997.88,-3.47,45.63,False
HAOS / PANGAEA,HAOS_Flight_104,HAOS_Flight_104_seg00,train,10.1594/PANGAEA.918840,CC BY 4.0,fixed-wing UAV,2020-02-28 16:54:28+00:00,827.0,65.043853,24.509587,45.86,382776.77009799995,7215652.1466705,-843.0567796000396,103.53619849961251,20.89,-844.3304363225138,103.58198442186307,21.000779220779194,10.562730789391708,-0.6528633788260265,-0.060714285714285054,1.0621475238079938,-0.16970828464214094,-0.11361471861471895,10.58288771180039,10.583061870038629,93.53684969974489,0.5562553287909259,-0.3287036825893203,997.905,-3.47,45.8,True
HAOS / PANGAEA,HAOS_Flight_104,HAOS_Flight_104_seg00,train,10.1594/PANGAEA.918840,CC BY 4.0,fixed-wing UAV,2020-02-28 16:54:29+00:00,828.0,65.043851,24.509739,45.67,382783.9000865,7215651.618649,-835.9267911000061,103.00817700009793,20.700000000000003,-832.7338849316111,102.81849901705917,20.76679653679651,12.634244645450167,-0.8014278852691206,-0.11478354978355121,2.1031556672101033,-0.1012604047636998,0.04003246753246703,12.659637609993943,12.6601579642465,93.62957952381953,-0.11106570980167155,-0.5194803322002293,997.93,-3.47,45.97,False
HAOS / PANGAEA,HAOS_Flight_104,HAOS_Flight_104_seg00,train,10.1594/PANGAEA.918840,CC BY 4.0,fixed-wing UAV,2020-02-28 16:54:30+00:00,829.0,65.043847,24.51004,45.98,382798.0562324,7215650.599118,-821.7706451999838,101.98864599969238,21.009999999999998,-819.0619470316135,101.97912865132483,20.77121212121209,14.769042123811914,-0.8553841883534261,0.019350649350649007,2.15647983366199,-0.02057240912953162,0.060519480519481306,14.793792190125417,14.793804845686118,93.31471828014156,-0.3916599858476005,0.07494426662705228,997.89,-3.46,45.35,False
HAOS / PANGAEA,HAOS_Flight_104,HAOS_Flight_104_seg00,train,10.1594/PANGAEA.918840,CC BY 4.0,fixed-wing UAV,2020-02-28 16:54:31+00:00,830.0,65.043844,24.510341,45.6,382812.2284248,7215649.772569,-807.5984528000117,101.16209699958563,20.630000000000003,-803.1958006839873,101.10773064035232,20.805497835497807,16.947204312774147,-0.8425727035281838,0.006255411255411403,1.671811687983734,0.05199346539071925,-0.017067099567099397,16.968136691447338,16.968137844495825,92.84625955212437,-0.46959304357883064,0.021122451706647973,997.94,-3.46,45.36,False
HAOS / PANGAEA,HAOS_Flight_104,HAOS_Flight_104_seg00,train,10.1594/PANGAEA.918840,CC BY 4.0,fixed-wing UAV,2020-02-28 16:54:32+00:00,831.0,65.043844,24.510942,45.3,382840.5070526,7215648.680817,-779.3198250000132,100.07034499943256,20.33,-785.1675384060652,100.29398324426846,20.783722943722914,18.112665499779382,-0.7513972575719876,-0.014783549783549788,0.24074578949864645,0.12973989887784398,0.0690800865800858,18.128244519136015,18.12825054711373,92.37553219298388,-0.46504586807980297,-0.046724591570626695,997.98,-3.43,45.52,False
HAOS / PANGAEA,HAOS_Flight_104,HAOS_Flight_104_seg00,train,10.1594/PANGAEA.918840,CC BY 4.0,fixed-wing UAV,2020-02-28 16:54:33+00:00,832.0,65.043845,24.511245,46.5,382854.7581992,7215648.184794,-765.0686784000136,99.57432200014591,21.53,-766.9704696844285,99.60493612520834,20.775930735930707,17.42869589177144,-0.5830929057724958,0.144415584415583,-1.1022162532422612,0.1666332013598648,0.14136363636363658,17.43844711620312,17.439045090991506,91.91616781596474,-0.43496034253649574,0.47448114365729926,997.82,-3.53,45.9,False
HAOS / PANGAEA,HAOS_Flight_104,HAOS_Flight_104_seg00,train,10.1594/PANGAEA.918840,CC BY 4.0,fixed-wing UAV,2020-02-28 16:54:34+00:00,833.0,65.043845,24.511552,45.9,382869.1748998,7215647.667481,-750.6519778000074,99.05700899939984,20.93,-750.3101466225223,99.12779743272347,21.07255411255408,15.90823299329486,-0.418130854852258,0.2679437229437234,-1.669485514929761,0.1313215460229067,0.0014935064935084341,15.913727105261502,15.91598266584252,91.50561150791088,-0.3066426170498827,0.9646133731639315,997.9,-3.47,46.04,False
HAOS / PANGAEA,HAOS_Flight_104,HAOS_Flight_104_seg00,train,10.1594/PANGAEA.918840,CC BY 4.0,fixed-wing UAV,2020-02-28 16:54:35+00:00,834.0,65.043848,24.511853,45.6,382883.3607856,7215647.445577,-736.4660920000169,98.83510500006378,20.630000000000003,-735.1540036978388,98.76867441550382,21.311818181818154,14.089724861911918,-0.32044981372668246,0.14740259740259987,-1.1253650311676893,0.051503445847298934,-0.19600649350649402,14.09336846774029,14.094139288839788,91.30288258186499,-0.0919210318786054,0.5992349384065381,997.94,-3.44,45.57,False
HAOS / PANGAEA,HAOS_Flight_104,HAOS_Flight_104_seg00,train,10.1594/PANGAEA.918840,CC BY 4.0,fixed-wing UAV,2020-02-28 16:54:36+00:00,835.0,65.04385,24.512158,46.43,382897.7324168,7215647.102528,-722.0944607999991,98.49205600004643,21.46,-722.1306968986985,98.4868978052701,21.36735930735928,13.657502930959481,-0.3151239631576601,-0.12406926406926466,0.10088432110387657,-0.02174370678834947,-0.13239177489177578,13.66113792556546,13.661701307070421,91.32176944415369,0.07792829820165248,-0.5203409704089288,997.83,-3.53,46.09,False
HAOS / PANGAEA,HAOS_Flight_104,HAOS_Flight_104_seg00,train,10.1594/PANGAEA.918840,CC BY 4.0,fixed-wing UAV,2020-02-28 16:54:37+00:00,836.0,65.043853,24.51246,47.26,382911.9451158,7215646.82337,-707.8817617999739,98.21289800014347,22.29,-707.8389978359198,98.1384264891885,21.063679653679625,14.291493504119671,-0.3639372273033814,-0.1173809523809517,0.3174561367943056,-0.047697044422164936,0.08429653679653804,14.296126639188394,14.296608519914571,91.45873917826827,0.16173645164948652,-0.4704268652715238,997.72,-3.55,45.74,False
HAOS / PANGAEA,HAOS_Flight_104,HAOS_Flight_104_seg00,train,10.1594/PANGAEA.918840,CC BY 4.0,fixed-wing UAV,2020-02-28 16:54:38+00:00,837.0,65.043854,24.512765,45.6,382926.2841622,7215646.390157,-693.5427153999917,97.77968499995768,20.630000000000003,-693.5477098904591,97.75902335066334,21.132597402597376,14.292415204548092,-0.41051805200199,0.04452380952381141,-0.014730349030742218,-0.048222044376991846,0.0334740259740256,14.298309601145759,14.298378922795111,91.64524234745267,0.1950691087658927,0.1784139663653254,997.94,-3.46,45.61,False
HAOS / PANGAEA,HAOS_Flight_104,HAOS_Flight_104_seg00,train,10.1594/PANGAEA.918840,CC BY 4.0,fixed-wing UAV,2020-02-28 16:54:39+00:00,838.0,65.043855,24.513068,45.56,382940.5503308,7215645.87499,-679.2765467999852,97.26451800018549,20.590000000000003,-679.2541674268236,97.31739038518452,21.152727272727248,14.262032806058187,-0.4603813160573651,-0.050432900432900496,-0.034727017210457234,-0.06301004435158575,-0.09446969696969898,14.269461472573331,14.269550595400709,91.84887739580006,0.25756180920332106,-0.20250100659535264,997.95,-3.48,45.69,False
HAOS / PANGAEA,HAOS_Flight_104,HAOS_Flight_104_seg00,train,10.1594/PANGAEA.918840,CC BY 4.0,fixed-wing UAV,2020-02-28 16:54:40+00:00,839.0,65.043855,24.513371,45.52,382954.8327742,7215645.374646,-664.9941033999785,96.76417399942875,20.550000000000004,-665.0236442783428,96.83826071854861,21.031731601731575,14.222961170127178,-0.5365381407051615,-0.14441558441558655,-0.032131145019832275,-0.09759299136452881,0.02201298701298704,14.23307758790687,14.233810223703241,92.16036596585928,0.39740896493464895,-0.5813303199333623,997.95,-3.5,45.77,False
HAOS / PANGAEA,HAOS_Flight_104,HAOS_Flight_104_seg00,train,10.1594/PANGAEA.918840,CC BY 4.0,fixed-wing UAV,2020-02-28 16:54:41+00:00,840.0,65.043856,24.513674,46.8,382969.1036031,7215644.876166,-650.7232744999928,96.26569399982691,21.83,-650.8082450865693,96.2443141037742,20.863896103896074,14.197770516018522,-0.6555672987864227,-0.0064069264069264165,-0.0177613499967606,-0.12504949246117292,0.09862554112554278,14.212897526850849,14.212898970916136,92.6436953256694,0.5066040093904229,-0.025827936718004253,997.78,-3.51,45.47,False
HAOS / PANGAEA,HAOS_Flight_104,HAOS_Flight_104_seg00,train,10.1594/PANGAEA.918840,CC BY 4.0,fixed-wing UAV,2020-02-28 16:54:42+00:00,841.0,65.043855,24.513974,46.13,382983.1858543,7215644.260684,-636.641023300006,95.65021200012416,21.160000000000004,-636.6281032463057,95.52712612097577,21.018917748917723,14.187438470133657,-0.7866371256275073,0.05283549783549901,0.0026446301961584595,-0.12529827158764562,-0.04954545454545567,14.209229687468772,14.209327918697474,93.17357398464014,0.5034311796979032,0.2130472340236667,997.87,-3.5,45.41,False
HAOS / PANGAEA,HAOS_Flight_104,HAOS_Flight_104_seg00,train,10.1594/PANGAEA.918840,CC BY 4.0,fixed-wing UAV,2020-02-28 16:54:43+00:00,842.0,65.043852,24.514274,45.75,382997.3174937,7215643.409396,-622.5093838999746,94.79892400000244,20.78,-622.433368146302,94.67103985251919,20.969567099567072,14.20305977641084,-0.906163841961714,-0.10549783549783776,0.026591667100177574,-0.08484283436767726,-0.10000000000000142,14.231937321418272,14.232328330743114,93.65055768506517,0.3341654481320232,-0.42471168011526744,997.92,-3.5,45.74,False
HAOS / PANGAEA,HAOS_Flight_104,HAOS_Flight_104_seg00,train,10.1594/PANGAEA.918840,CC BY 4.0,fixed-wing UAV,2020-02-28 16:54:44+00:00,843.0,65.043848,24.514578,45.3,383011.5964588,7215642.309415,-608.2304187999689,93.6989429993555,20.33,-608.221983693484,93.71479843705234,20.807922077922047,14.240621804334012,-0.9563227943628618,-0.14716450216450383,0.045825561689696315,0.0068500973606759885,0.036049783549785275,14.272696404712436,14.273455084589317,93.84190488090422,-0.03901968707717392,-0.590750747848344,997.98,-3.5,45.94,False
HAOS / PANGAEA,HAOS_Flight_104,HAOS_Flight_104_seg00,train,10.1594/PANGAEA.918840,CC BY 4.0,fixed-wing UAV,2020-02-28 16:54:45+00:00,844.0,65.043844,24.514882,45.9,383025.863849,7215641.292396,-593.9630285999738,92.6819239994511,20.93,-593.952124537634,92.75839426379346,20.675238095238065,14.294710899790232,-0.892463647240362,-0.033398268398267206,0.04208096450048515,0.11212342316325774,0.12637445887446042,14.322543456740748,14.322582396850061,93.57251831091082,-0.45815889588295955,-0.13360590314331294,997.9,-3.53,46.23,False
HAOS / PANGAEA,HAOS_Flight_104,HAOS_Flight_104_seg00,train,10.1594/PANGAEA.918840,CC BY 4.0,fixed-wing UAV,2020-02-28 16:54:46+00:00,845.0,65.043841,24.515187,45.75,383040.2075692,7215640.421144,-579.6193083999678,91.81067200005054,20.78,-579.6325618939036,91.92987114257161,20.741125541125513,14.324783733334982,-0.7320759480363463,0.105584415584417,0.013459958220323642,0.18185608124550257,0.057803030303030134,14.343478106809096,14.343866712617142,92.92558708913828,-0.7290654852459538,0.42175489697306795,997.92,-3.5,45.9,False
HAOS / PANGAEA,HAOS_Flight_104,HAOS_Flight_104_seg00,train,10.1594/PANGAEA.918840,CC BY 4.0,fixed-wing UAV,2020-02-28 16:54:47+00:00,846.0,65.04384,24.515491,45.75,383054.5149926,7215639.82146,-565.3118849999737,91.21098800003529,20.78,-565.302557070964,91.29424236772077,20.8864069264069,14.32163081623088,-0.5287514847493568,0.08220779220779306,-0.005578559634756175,0.18623081387274354,-0.03182900432900482,14.331388187089155,14.331623965557368,92.11438734041894,-0.7431978137414292,0.32865677874378274,997.92,-3.51,46.04,False
HAOS / PANGAEA,HAOS_Flight_104,HAOS_Flight_104_seg00,train,10.1594/PANGAEA.918840,CC BY 4.0,fixed-wing UAV,2020-02-28 16:54:48+00:00,847.0,65.043842,24.515797,46.2,383068.8937467,7215639.452632,-550.9331308999681,90.84215999953449,21.230000000000004,-550.9893002614418,90.8723681730729,20.9055411255411,14.31362661406547,-0.35961432029085927,0.04192640692640737,-0.0037776149359274314,0.10897511464454723,-0.005497835497836334,14.318143361003255,14.318204745352658,91.43919146165541,-0.43526030106927927,0.16777310023400474,997.86,-3.56,45.42,False
HAOS / PANGAEA,HAOS_Flight_104,HAOS_Flight_104_seg00,train,10.1594/PANGAEA.918840,CC BY 4.0,fixed-wing UAV,2020-02-28 16:54:49+00:00,848.0,65.043845,24.516099,45.67,383083.1296362,7215639.194465,-536.6972413999611,90.58399299997836,20.700000000000003,-536.675303842833,90.57501372713905,20.970259740259714,14.314075586359024,-0.3108012554602624,0.0712121212121204,-0.00308336634071793,-0.028037612572376247,0.04853896103896105,14.317449399679928,14.317626495987477,91.24386673828036,0.11250718792890808,0.2849753637225256,997.93,-3.51,45.02,False
HAOS / PANGAEA,HAOS_Flight_104,HAOS_Flight_104_seg00,train,10.1594/PANGAEA.918840,CC BY 4.0,fixed-wing UAV,2020-02-28 16:54:50+00:00,849.0,65.043847,24.516403,46.13,383097.4424759,7215638.851237,-522.3844016999938,90.24076499976218,21.160000000000004,-522.3611490887238,90.25076566215238,21.04796536796534,14.307459881384034,-0.41568954543561176,0.13900432900432946,-0.0170338878760532,-0.15765828024233386,0.032543290043289375,14.313497338372551,14.31417228690084,91.66420583751324,0.6333511755012566,0.5564056662505381,997.87,-3.51,44.81,False
HAOS / PANGAEA,HAOS_Flight_104,HAOS_Flight_104_seg00,train,10.1594/PANGAEA.918840,CC BY 4.0,fixed-wing UAV,2020-02-28 16:54:51+00:00,850.0,65.043849,24.516706,45.82,383111.7314867,7215638.490496,-508.09539089998,89.88002400007099,20.85,-508.060384080065,89.74363463626783,21.248268398268372,14.280007810606918,-0.6261178159449301,0.13629870129869914,-0.03441213820346434,-0.21570804112316821,-0.03441558441558534,14.293727526101728,14.294377353575564,92.51056908928291,0.8702524364093284,0.5463308044117398,997.91,-3.52,44.38,False
HAOS / PANGAEA,HAOS_Flight_104,HAOS_Flight_104_seg00,train,10.1594/PANGAEA.918840,CC BY 4.0,fixed-wing UAV,2020-02-28 16:54:52+00:00,851.0,65.043848,24.517011,46.73,383126.0581652,7215637.81499,-493.7687123999931,89.20451799966395,21.759999999999998,-493.80113346750994,88.99853003026251,21.320562770562738,14.238635604977105,-0.8471056276819482,0.07017316017315878,0.12724504036725648,-0.18330894430869193,-0.04432900432900233,14.263811967204706,14.263984580340125,93.40471071033187,0.6983901654436787,0.28187370147188756,997.79,-3.55,44.17,False
HAOS / PANGAEA,HAOS_Flight_104,HAOS_Flight_104_seg00,train,10.1594/PANGAEA.918840,CC BY 4.0,fixed-wing UAV,2020-02-28 16:54:53+00:00,852.0,65.043843,24.517315,46.2,383140.3325316,7215636.731762,-479.4943459999631,88.12129000015557,21.230000000000004,-479.58311287011077,88.04942338090393,21.38861471861469,14.53449789134143,-0.992735704562314,0.04764069264069448,0.19948215757662524,-0.06895818290989908,-0.009610389610388737,14.56836137431116,14.568439270152332,93.90734942017025,0.22257229257149372,0.18736499056356795,997.86,-3.53,43.77,False
HAOS / PANGAEA,HAOS_Flight_104,HAOS_Flight_104_seg00,train,10.1594/PANGAEA.918840,CC BY 4.0,fixed-wing UAV,2020-02-28 16:54:54+00:00,853.0,65.043837,24.517616,46.8,383154.4597323,7215635.552539,-465.3671452999697,86.94206700008363,21.83,-464.7321376848271,87.01305862113789,21.415844155844127,14.637599920130356,-0.9850219935017464,0.050952380952381304,-0.5170574883108401,0.09962999842883846,-0.028647186147187753,14.670705495969932,14.670793976285234,93.84985529547487,-0.2718495162450074,0.1989914287104748,997.78,-3.54,43.87,False
HAOS / PANGAEA,HAOS_Flight_104,HAOS_Flight_104_seg00,train,10.1594/PANGAEA.918840,CC BY 4.0,fixed-wing UAV,2020-02-28 16:54:55+00:00,854.0,65.043834,24.517916,45.98,383168.5852732,7215634.574356,-451.24160439998377,85.96388399973512,21.009999999999998,-450.30791302985006,86.07937939390044,21.490519480519453,13.50038291471975,-0.793475707704637,-0.009653679653681024,-1.649164179437804,0.2702048171192679,-0.04412337662337773,13.52368080600745,13.523684251575277,93.3636503876802,-0.8022202218864364,-0.04089973838579406,997.89,-3.49,43.74,False
HAOS / PANGAEA,HAOS_Flight_104,HAOS_Flight_104_seg00,train,10.1594/PANGAEA.918840,CC BY 4.0,fixed-wing UAV,2020-02-28 16:54:56+00:00,855.0,65.043832,24.518218,46.2,383182.7794291,7215633.876779,-437.04744850000134,85.26630700007081,21.230000000000004,-437.7313718553876,85.42610720572861,21.396536796536765,11.339271561254748,-0.4446123592632105,-0.037294372294374156,-1.2986908055200956,0.331078255359575,-0.012435064935063522,11.347984829470398,11.348046112000741,92.24541485170198,-1.3367976297649151,-0.18829796402197396,997.86,-3.55,43.09,False
HAOS / PANGAEA,HAOS_Flight_104,HAOS_Flight_104_seg00,train,10.1594/PANGAEA.918840,CC BY 4.0,fixed-wing UAV,2020-02-28 16:54:57+00:00,856.0,65.043835,24.518524,46.73,383197.1911487,7215633.582018,-422.6357288999716,84.9715459998697,21.759999999999998,-427.62936990734056,85.19015467537402,21.415930735930704,10.90300130367956,-0.131319196985487,-0.03452380952380807,0.5727723932913591,0.20848843829657682,-0.00024891774891599994,10.903792099977654,10.903846754836529,90.69005512815039,-1.0592946414080533,-0.18141046255434662,997.79,-3.54,43.21,False
HAOS / PANGAEA,HAOS_Flight_104,HAOS_Flight_104_seg00,train,10.1594/PANGAEA.918840,CC BY 4.0,fixed-wing UAV,2020-02-28 16:54:58+00:00,857.0,65.04383849999999,24.5186755,46.43,383204.3377059,7215633.724419501,-415.48917169997003,85.11394750047475,21.46,-415.92536924802846,85.16346881175764,21.32748917748915,12.484816347837466,-0.027635482670056888,-0.037792207792206156,1.546585983658062,0.009194859283383039,-0.017727272727274368,12.484846933748608,12.48490413299605,90.12682556888592,-0.11388430927075818,-0.17343643881608894,997.8299999999999,-3.52,42.82,True
HAOS / PANGAEA,HAOS_Flight_104,HAOS_Flight_104_seg00,train,10.1594/PANGAEA.918840,CC BY 4.0,fixed-wing UAV,2020-02-28 16:54:59+00:00,858.0,65.043842,24.518827,46.13,383211.4842631,7215633.866821,-408.3426144999685,85.25634900014848,21.160000000000004,-402.65973721166563,85.1348837100339,21.340346320346292,13.996173270995683,-0.11292947841872092,-0.0699783549783568,1.488038659414201,-0.160302457855245,-0.06230519480519625,13.996628854793212,13.996803787615065,90.46228650960887,0.5817417696575453,-0.2864569055873611,997.87,-3.5,42.43,False
HAOS / PANGAEA,HAOS_Flight_104,HAOS_Flight_104_seg00,train,10.1594/PANGAEA.918840,CC BY 4.0,fixed-wing UAV,2020-02-28 16:55:00+00:00,859.0,65.043848,24.519132,46.13,383225.8650009,7215633.942434,-393.961876699992,85.33196199964732,21.160000000000004,-387.9330227060371,84.9376098549202,21.187532467532435,15.460893666665868,-0.3482403983805469,-0.16240259740259866,1.4763331378785836,-0.2706955887530498,0.0028138528138548224,15.464815044060922,15.465667749911612,91.29030910820097,0.8742776707153842,-0.6016652225247816,997.87,-3.5,42.43,False
HAOS / PANGAEA,HAOS_Flight_104,HAOS_Flight_104_seg00,train,10.1594/PANGAEA.918840,CC BY 4.0,fixed-wing UAV,2020-02-28 16:55:01+00:00,860.0,65.04385,24.519737,46.05,383254.3454192,7215633.077502,-365.4814583999687,84.46702999994159,21.08,-371.7379498783339,84.43840291327281,21.015541125541095,16.94883954675285,-0.6543206559248205,-0.06435064935064716,0.9833314325763638,-0.2784578624782199,0.09643939393939505,16.961465075350752,16.961587145913413,92.21084185103967,0.8414298478963123,-0.2173752627065404,997.88,-3.49,42.27,False
HAOS / PANGAEA,HAOS_Flight_104,HAOS_Flight_104_seg00,train,10.1594/PANGAEA.918840,CC BY 4.0,fixed-wing UAV,2020-02-28 16:55:02+00:00,861.0,65.043847,24.520038,45.98,383268.4598353,7215632.174749,-351.3670423000003,83.56427699979395,21.009999999999998,-354.0353436125314,83.62896854307056,21.05883116883114,17.427556531818595,-0.9051561233369867,0.030476190476191434,-0.46020886915543713,-0.18714488574376276,0.025432900432898364,17.451046796033395,17.451073407545262,92.97316880399364,0.7305156313168034,0.10006020470649761,997.89,-3.48,42.04,False
HAOS / PANGAEA,HAOS_Flight_104,HAOS_Flight_104_seg00,train,10.1594/PANGAEA.918840,CC BY 4.0,fixed-wing UAV,2020-02-28 16:55:03+00:00,862.0,65.043844,24.520334,45.98,383282.3758749,7215631.207455,-337.4510026999633,82.59698299970478,21.009999999999998,-336.8828368146967,82.62809066659884,21.076493506493478,16.028421808441976,-1.028610427412346,-0.013484848484850431,-1.8007449190480145,-0.03020521755495409,0.08283549783549748,16.061392999385816,16.061398660199504,93.67187311367326,0.5108459801847937,-0.048104465412469655,997.89,-3.48,42.04,False
HAOS / PANGAEA,HAOS_Flight_104,HAOS_Flight_104_seg00,train,10.1594/PANGAEA.918840,CC BY 4.0,fixed-wing UAV,2020-02-28 16:55:04+00:00,863.0,65.043839,24.520636,46.13,383296.5729449,7215630.176094,-323.2539326999686,81.56562200002372,21.160000000000004,-321.97849999564744,81.57174768824586,21.03186147186144,13.826066693722566,-0.9655665584468949,0.1961471861471864,-1.3092667277057615,0.11964294749102322,0.16438311688311913,13.859741664188963,13.861129561355702,93.99486076436318,-0.15162563070857726,0.8108127833746633,997.87,-3.5,41.8,False
HAOS / PANGAEA,HAOS_Flight_104,HAOS_Flight_104_seg00,train,10.1594/PANGAEA.918840,CC BY 4.0,fixed-wing UAV,2020-02-28 16:55:05+00:00,864.0,65.043836,24.520935,46.43,383310.6504264,7215629.28057,-309.17645119997906,80.67009800020605,21.46,-309.23070342725157,80.69695754970505,21.46878787878785,13.409888353030453,-0.7893245324302995,0.3152813852813878,0.1317690490261043,0.17893849786076998,-0.04384199134199207,13.433098632044585,13.436798026693081,93.36862185225613,-0.7626022250211264,1.3445130820382698,997.83,-3.5,41.55,False
HAOS / PANGAEA,HAOS_Flight_104,HAOS_Flight_104_seg00,train,10.1594/PANGAEA.918840,CC BY 4.0,fixed-wing UAV,2020-02-28 16:55:06+00:00,865.0,65.043834,24.521234,46.13,383324.6718823,7215628.51716,-295.15499529999215,79.90668800007552,21.160000000000004,-295.15872328958653,79.99309862338527,21.662424242424215,14.089604791774775,-0.6076895627253549,0.10846320346320226,0.3424483706709651,0.19306950753220775,-0.1928787878787901,14.102703634163488,14.103120720590658,92.46965631432096,-0.865052931360427,0.4406503480503312,997.87,-3.51,41.79,False
HAOS / PANGAEA,HAOS_Flight_104,HAOS_Flight_104_seg00,train,10.1594/PANGAEA.918840,CC BY 4.0,fixed-wing UAV,2020-02-28 16:55:07+00:00,866.0,65.043834,24.521532,46.65,383338.7170546,7215627.965394,-281.10982299997704,79.35492199938744,21.68,-281.051493843702,79.48157842425434,21.685714285714255,14.094785094372384,-0.40318551736588404,-0.07047619047619236,0.014678662120786612,0.17828001073879562,-0.15007575757575609,14.100550535988143,14.10072665898391,91.63851598953522,-0.7253308714478235,-0.2863685808644467,997.8,-3.49,42.07,False
HAOS / PANGAEA,HAOS_Flight_104,HAOS_Flight_104_seg00,train,10.1594/PANGAEA.918840,CC BY 4.0,fixed-wing UAV,2020-02-28 16:55:08+00:00,867.0,65.043838,24.521832,47.94,383352.8616854,7215627.783049,-266.9651921999757,79.1725770002231,22.97,-266.96915310084177,79.1867275886535,21.52147186147183,14.118962116016348,-0.25112954124776365,-0.1916883116883099,0.04398209740129744,0.08648693827746001,-0.09705627705627506,14.121195320509951,14.122496298063952,91.01899457142531,-0.35429182645838,-0.7777143838438116,997.63,-3.65,41.55,False
HAOS / PANGAEA,HAOS_Flight_104,HAOS_Flight_104_seg00,train,10.1594/PANGAEA.918840,CC BY 4.0,fixed-wing UAV,2020-02-28 16:55:09+00:00,868.0,65.043841,24.522133,45.45,383367.0357776,7215627.595041,-252.79109999997308,78.98456900008023,20.480000000000004,-252.81356961166932,78.97931934175881,21.302337662337635,14.182749289174978,-0.230211640810964,-0.2645887445887425,0.053000368396794784,-0.04757136901643122,-0.05571428571428605,14.184617541518637,14.187085042492741,90.92993233661849,0.18772853380438675,-1.0686266616545268,997.96,-3.45,41.31,False
HAOS / PANGAEA,HAOS_Flight_104,HAOS_Flight_104_seg00,train,10.1594/PANGAEA.918840,CC BY 4.0,fixed-wing UAV,2020-02-28 16:55:10+00:00,869.0,65.043844,24.522434,45.67,383381.1999314,7215627.349594,-238.62694619997637,78.73912199959159,20.700000000000003,-238.6036545224918,78.72630430703157,20.992294372294346,14.224962852809938,-0.3462722792806261,-0.303116883116882,0.020770861795782025,-0.16907822399186045,0.029242424242423404,14.229176808769397,14.23240501461546,91.39445163903406,0.6791252324739772,-1.220358139954121,997.93,-3.44,40.98,False
HAOS / PANGAEA,HAOS_Flight_104,HAOS_Flight_104_seg00,train,10.1594/PANGAEA.918840,CC BY 4.0,fixed-wing UAV,2020-02-28 16:55:11+00:00,870.0,65.043846,24.522735,45.6,383395.3663848,7215627.09799,-224.46049279998988,78.48751799948514,20.630000000000003,-224.36364390604945,78.28677478319756,20.69610389610387,14.224291012766543,-0.5683680887946849,-0.20610389610389568,-0.02225267618925386,-0.22146990148700496,0.24261904761904596,14.235641787437304,14.237133697350052,92.28818280156645,0.8955267546986695,-0.8294714470460636,997.94,-3.44,41.46,False
HAOS / PANGAEA,HAOS_Flight_104,HAOS_Flight_104_seg00,train,10.1594/PANGAEA.918840,CC BY 4.0,fixed-wing UAV,2020-02-28 16:55:12+00:00,871.0,65.043845,24.523041,45.82,383409.7410603,7215626.319788,-210.08581730001606,77.70931599941105,20.85,-210.15507249695872,77.5895681294422,20.580086580086554,14.18045750043143,-0.789212082254636,0.1821212121212099,-0.05700123993526063,-0.17109674556700583,0.2341017316017311,14.202402283850388,14.203569930416199,93.18550514843139,0.702047179892488,0.7346788740762004,997.91,-3.44,40.76,False
HAOS / PANGAEA,HAOS_Flight_104,HAOS_Flight_104_seg00,train,10.1594/PANGAEA.918840,CC BY 4.0,fixed-wing UAV,2020-02-28 16:55:13+00:00,872.0,65.043841,24.523342,45.6,383423.8924009,7215625.348839,-195.93447669997113,76.73836699966341,20.630000000000003,-196.0027289051866,76.70835061868829,21.06034632034629,14.110288532896021,-0.9105615799286966,0.2620995670995665,-0.06689550129843269,-0.06171875964403739,-0.06268398268398112,14.139638074307955,14.142067071524338,93.6922771613514,0.2659651127435978,1.0619422718882756,997.94,-3.43,40.97,False
HAOS / PANGAEA,HAOS_Flight_104,HAOS_Flight_104_seg00,train,10.1594/PANGAEA.918840,CC BY 4.0,fixed-wing UAV,2020-02-28 16:55:14+00:00,873.0,65.043836,24.523642,46.35,383437.9941963,7215624.276378,-181.83268130000215,75.66590599995106,21.380000000000003,-181.93449543116668,75.7684449695848,21.104285714285687,14.046666497834565,-0.9126496015427108,0.056753246753247666,0.13323534394398706,0.04293594907996834,-0.15124458874458835,14.076283920004741,14.076398329388136,93.71743537391859,-0.20461725008347736,0.23100584725476908,997.84,-3.45,40.74,False
HAOS / PANGAEA,HAOS_Flight_104,HAOS_Flight_104_seg00,train,10.1594/PANGAEA.918840,CC BY 4.0,fixed-wing UAV,2020-02-28 16:55:15+00:00,874.0,65.043833,24.523938,46.35,383451.9307824,7215623.334955,-167.89609519997612,74.72448300011456,21.380000000000003,-167.90939590951746,74.88305141560286,21.173852813852786,14.376759220783995,-0.8246896817687599,-0.0403896103896102,0.26676133614652997,0.10933694033581531,-0.09436147186147181,14.400393007262458,14.400449648682534,93.28304266118448,-0.49618756281811327,-0.1607003463126948,997.84,-3.45,40.74,False
HAOS / PANGAEA,HAOS_Flight_104,HAOS_Flight_104_seg00,train,10.1594/PANGAEA.918840,CC BY 4.0,fixed-wing UAV,2020-02-28 16:55:16+00:00,875.0,65.043831,24.524236,46.35,383465.9294016,7215622.655991,-153.89747600001283,74.0455189999193,21.380000000000003,-153.1809769895987,74.11906560604729,21.023506493506467,14.580189170127625,-0.6939757208710802,-0.13196969696969596,-0.40597218777684674,0.10347097825452778,0.0831709956709954,14.596695466367223,14.597292027591408,92.72506024828238,-0.3377844281323998,-0.5180008492245806,997.84,-3.44,41.11,False
HAOS / PANGAEA,HAOS_Flight_104,HAOS_Flight_104_seg00,train,10.1594/PANGAEA.918840,CC BY 4.0,fixed-wing UAV,2020-02-28 16:55:17+00:00,876.0,65.043832,24.524536,45.45,383480.0298102,7215622.218744,-139.79706740000984,73.60827200021595,20.480000000000004,-138.7490175692622,73.4950999738607,20.909913419913394,13.564814845230302,-0.6177477252597043,0.1259523809523806,-1.1959190055206648,-0.011033651499612773,0.20229437229437064,13.578873813297035,13.579457943515695,92.60747380491966,0.3185480469042399,0.5314382470117601,997.96,-3.43,41.44,False
HAOS / PANGAEA,HAOS_Flight_104,HAOS_Flight_104_seg00,train,10.1594/PANGAEA.918840,CC BY 4.0,fixed-wing UAV,2020-02-28 16:55:18+00:00,877.0,65.043833,24.524843,46.05,383494.4983516,7215621.707121,-125.3285259999684,73.09664899948984,21.08,-126.05134729913809,72.88357015552788,21.27541125541123,12.188351159086295,-0.7160430238703057,0.2726190476190453,-1.2247305036762697,-0.3488275616004408,0.015075757575758075,12.20936614199253,12.212409374663064,93.36215634209088,2.0707904027185946,1.2791266609051422,997.88,-3.48,42.02,False
HAOS / PANGAEA,HAOS_Flight_104,HAOS_Flight_104_seg00,train,10.1594/PANGAEA.918840,CC BY 4.0,fixed-wing UAV,2020-02-28 16:55:19+00:00,878.0,65.043832,24.525155,45.75,383509.1655284,7215621.074335,-110.66134920000331,72.46386299934238,20.78,-114.37231525108962,72.06301392612009,21.455151515151485,11.115353837877763,-1.315402848460586,0.15610389610389674,-0.42401964815842064,0.11124084310331384,-0.0645887445887432,11.192916313229636,11.194004824965056,96.74905461035684,-0.4350301534299985,0.7990334534545307,997.92,-3.43,43.04,False
HAOS / PANGAEA,HAOS_Flight_104,HAOS_Flight_104_seg00,train,10.1594/PANGAEA.918840,CC BY 4.0,fixed-wing UAV,2020-02-28 16:55:20+00:00,879.0,65.04383250000001,24.52531,47.03,383516.47436979995,7215620.792637,-103.35250780003844,72.18216499965638,22.060000000000002,-103.82063962338256,70.2527644586067,21.58761904761902,11.340311862769454,-0.49356133766367805,0.14344155844155893,0.712760624240488,1.967993290053709,-0.048430735930736546,11.351047349866265,11.351953638893796,92.49209603523087,-9.275968476198416,0.724000016723334,997.75,-3.5300000000000002,43.885,True
HAOS / PANGAEA,HAOS_Flight_104,HAOS_Flight_104_seg00,train,10.1594/PANGAEA.918840,CC BY 4.0,fixed-wing UAV,2020-02-28 16:55:21+00:00,880.0,65.043833,24.525465,48.31,383523.7832112,7215620.510939,-96.04366640001535,71.90046699997038,23.340000000000003,-91.69169152555071,71.07589125079274,21.742034632034603,12.540875086358739,2.620583731646832,0.05924242424242365,0.7911592655847528,3.488611156950416,-0.13961038961038952,12.811752691424594,12.811889661211396,78.19711765796,-14.568176474314795,0.2649377307435301,997.58,-3.63,44.73,False
HAOS / PANGAEA,HAOS_Flight_104,HAOS_Flight_104_seg00,train,10.1594/PANGAEA.918840,CC BY 4.0,fixed-wing UAV,2020-02-28 16:55:22+00:00,881.0,65.043847,24.525774,45.37,383538.365162,7215621.521797,-81.46171559998766,72.9113250002265,20.4,-78.73888945066508,75.49393192190037,21.70610389610387,12.92263039393896,6.483660976237154,-0.1357792207792201,-0.07406021785245542,3.9597452997141254,-0.20179653679653597,14.45794715556588,14.458584714623036,63.35574308660125,-14.289189813201371,-0.5380672313363564,997.97,-3.42,45.97,False
HAOS / PANGAEA,HAOS_Flight_104,HAOS_Flight_104_seg00,train,10.1594/PANGAEA.918840,CC BY 4.0,fixed-wing UAV,2020-02-28 16:55:23+00:00,882.0,65.043897,24.526059,46.13,383551.9797392,7215626.557622,-67.84713840001496,77.94714999943972,21.160000000000004,-65.84643073767279,84.04321320326704,21.470476190476163,12.392754650653828,10.540074331075083,-0.3443506493506483,-1.4808464936134147,3.808116310511938,-0.09974025974026013,16.26879020504874,16.272434117414583,49.61873803155726,-14.058132594530562,-1.2125605537231319,997.87,-3.45,46.24,False
HAOS / PANGAEA,HAOS_Flight_104,HAOS_Flight_104_seg00,train,10.1594/PANGAEA.918840,CC BY 4.0,fixed-wing UAV,2020-02-28 16:55:24+00:00,883.0,65.044096,24.526453,46.35,383571.3843844,7215647.999232,-48.442493200011086,99.38875999953598,21.380000000000003,-53.95338014935743,96.57408058405053,21.017402597402572,9.96093740671213,14.09989359726103,-0.33525974025974037,-3.6595525582275847,2.902494470778354,0.1886363636363626,17.26346643853776,17.26672153502102,35.239477897540155,-16.186970781850658,-1.1125548814563322,997.84,-3.52,46.11,False
HAOS / PANGAEA,HAOS_Flight_104,HAOS_Flight_104_seg00,train,10.1594/PANGAEA.918840,CC BY 4.0,fixed-wing UAV,2020-02-28 16:55:25+00:00,884.0,65.044228,24.526534,46.28,383575.795901,7215662.596027,-44.03097660001367,113.98555499967188,21.310000000000002,-45.92455592424853,112.2430003977891,20.799956709956682,5.073649534198658,16.34506327263179,0.03292207792207691,-5.298169000757884,1.2337666689005005,0.41607142857142865,17.1144095131036,17.1144411782981,17.244796467855963,-18.71791606556147,0.11021670304212654,997.85,-3.51,46.87,False
HAOS / PANGAEA,HAOS_Flight_104,HAOS_Flight_104_seg00,train,10.1594/PANGAEA.918840,CC BY 4.0,fixed-wing UAV,2020-02-28 16:55:26+00:00,885.0,65.044368,24.526525,45.6,383575.9478409,7215678.180449,-43.87903670000378,129.5699769994244,20.630000000000003,-43.80608108096011,129.26420712931412,21.083246753246726,-0.6354005948036381,16.56742693506203,0.4968831168831169,-5.530558974239009,-0.8519850194301029,0.2979220779220775,16.57960702684161,16.587051033753383,357.8036457664172,-19.743440692821405,1.716614066833179,997.94,-3.4,47.62,False
HAOS / PANGAEA,HAOS_Flight_104,HAOS_Flight_104_seg00,train,10.1594/PANGAEA.918840,CC BY 4.0,fixed-wing UAV,2020-02-28 16:55:27+00:00,886.0,65.044503,24.526425,46.28,383571.8484344,7215693.441325,-47.97844320000149,144.83085299935192,21.310000000000002,-47.195357113855806,145.37785426791316,21.793722943722916,-5.987468414279359,14.641093233771585,0.6287662337662319,-4.505327091988493,-1.989592188329219,-0.010984848484849152,15.818071598396092,15.830563352853543,337.7579150822131,-17.632843451173454,2.2763011980389276,997.85,-3.43,47.71,False
HAOS / PANGAEA,HAOS_Flight_104,HAOS_Flight_104_seg00,train,10.1594/PANGAEA.918840,CC BY 4.0,fixed-wing UAV,2020-02-28 16:55:28+00:00,887.0,65.044626,24.526249,46.96,383564.089225,7215707.414,-55.73765259998618,158.8035279996693,21.990000000000002,-55.78101790951883,158.54639359685729,22.34077922077919,-9.646054778780623,12.588242558403593,0.4749134199134186,-2.9835481261910104,-1.978881503248715,-0.17476190476190379,15.859073853931065,15.866183103092368,322.5379588640703,-12.985996363791438,1.7152581230295945,997.76,-3.47,47.8,False
HAOS / PANGAEA,HAOS_Flight_104,HAOS_Flight_104_seg00,train,10.1594/PANGAEA.918840,CC BY 4.0,fixed-wing UAV,2020-02-28 16:55:29+00:00,888.0,65.044728,24.526011,47.86,383553.3654653,7215719.240315,-66.46141230000649,170.62984299939126,22.89,-66.48746667141705,170.55433938472035,22.743549783549753,-11.95456466666138,10.683330227274155,0.2792424242424243,-2.2114619694830786,-2.442550657957071,-0.19258658008657914,16.032628016466244,16.035059633374463,311.78592235463026,-11.918038853837919,0.9978273559347428,997.64,-3.48,47.88,False
HAOS / PANGAEA,HAOS_Flight_104,HAOS_Flight_104_seg00,train,10.1594/PANGAEA.918840,CC BY 4.0,fixed-wing UAV,2020-02-28 16:55:30+00:00,889.0,65.044807,24.525725,50.12,383540.2641884,7215728.568669,-79.56268919998547,179.95819699950516,25.15,-79.69014724284159,179.9130540514056,22.89926406926404,-14.06897871774678,7.703141242489451,0.08974025974026034,-1.7095499620158012,-3.2759432900057988,-0.18810606060606094,16.039780146939478,16.04003118688901,298.70188115639445,-13.371958287022277,0.3205582894419674,997.34,-3.71,48.11,False
HAOS / PANGAEA,HAOS_Flight_104,HAOS_Flight_104_seg00,train,10.1594/PANGAEA.918840,CC BY 4.0,fixed-wing UAV,2020-02-28 16:55:31+00:00,890.0,65.044857,24.525403,46.65,383525.3322256,7215734.747283,-94.49465199996484,186.13681099936366,21.68,-94.62542410691061,185.96062186969925,22.923030303030274,-15.373664590692982,4.131443647262557,-0.0969696969696976,-0.8632554230548592,-3.733099672081572,-0.119967532467534,15.91912025074355,15.919415588512154,285.0420057805857,-13.92123713084408,-0.3490070790916485,997.8,-3.39,48.49,False
HAOS / PANGAEA,HAOS_Flight_104,HAOS_Flight_104_seg00,train,10.1594/PANGAEA.918840,CC BY 4.0,fixed-wing UAV,2020-02-28 16:55:32+00:00,891.0,65.044876,24.525063,46.96,383509.391053,7215737.477937,-110.43582459999016,188.8674649996683,21.990000000000002,-110.43747642422755,188.1759413459307,22.705324675324643,-15.7954895638565,0.2369418983263074,-0.15019480519480766,-0.029974525543977393,-3.82924785605303,0.03654761904761994,15.79726659979764,15.797980583118512,270.8594068947063,-13.95739045761511,-0.5447315269594274,997.76,-3.41,48.61,False
HAOS / PANGAEA,HAOS_Flight_104,HAOS_Flight_104_seg00,train,10.1594/PANGAEA.918840,CC BY 4.0,fixed-wing UAV,2020-02-28 16:55:33+00:00,892.0,65.044857,24.524719,47.26,383493.1104374,7215735.96323,-126.71644019999076,187.35275799967349,22.29,-126.21640323462361,186.43450566635187,22.62264069264066,-15.433613641780937,-3.5270520648435024,-0.023874458874457716,0.6130633703467616,-3.476131666661331,0.21746753246753414,15.83150423402285,15.831522235769686,257.1272248653555,-12.8026814532233,-0.08640396228282853,997.72,-3.44,48.9,False
HAOS / PANGAEA,HAOS_Flight_104,HAOS_Flight_104_seg00,train,10.1594/PANGAEA.918840,CC BY 4.0,fixed-wing UAV,2020-02-28 16:55:34+00:00,893.0,65.044799,24.524399,48.46,383477.8061,7215730.124149,-142.02077760000248,181.51367700006813,23.490000000000002,-141.30470370778943,181.1218372162437,22.657575757575728,-14.569362823162976,-6.715321434996355,0.2847402597402606,0.9460885880987462,-2.744294983840824,0.1961796536796525,16.042502144250594,16.045028889466103,245.2540439882597,-10.391089459197667,1.0168427676984828,997.56,-3.46,48.64,False
HAOS / PANGAEA,HAOS_Flight_104,HAOS_Flight_104_seg00,train,10.1594/PANGAEA.918840,CC BY 4.0,fixed-wing UAV,2020-02-28 16:55:35+00:00,894.0,65.044715,24.524114,47.86,383464.034582,7215721.280393,-155.79229559999658,172.66992099955678,22.89,-155.35512888094956,173.00386279635916,23.19212121212118,-13.541436465583445,-9.01564203252515,0.3684848484848473,0.966599490913211,-1.7935447836157863,-0.03425324675324681,16.268137656476455,16.272310342837926,236.34504594696017,-7.222402144898963,1.297568138778336,997.64,-3.4,49.08,False
HAOS / PANGAEA,HAOS_Flight_104,HAOS_Flight_104_seg00,train,10.1594/PANGAEA.918840,CC BY 4.0,fixed-wing UAV,2020-02-28 16:55:36+00:00,895.0,65.044619,24.523858,48.92,383451.5948782,7215711.072396,-168.2319994000136,162.46192399971187,23.950000000000003,-168.38757663895632,163.0905531511934,23.394545454545423,-12.636163841336554,-10.302411002227927,0.216233766233767,0.758350856712191,-0.8744419772577032,-0.1006060606060597,16.303751380707705,16.305185252722154,230.80923969846177,-4.089953430983421,0.7598592217015786,997.5,-3.48,49.06,False
HAOS / PANGAEA,HAOS_Flight_104,HAOS_Flight_104_seg00,train,10.1594/PANGAEA.918840,CC BY 4.0,fixed-wing UAV,2020-02-28 16:55:37+00:00,896.0,65.044521,24.52361,48.31,383439.4666737,7215700.617192,-180.36020389996702,152.00671999994665,23.340000000000003,-180.62745656362267,152.3990407919033,23.624588744588713,-12.024734752159063,-10.764525987040557,0.1672727272727279,0.470457083440607,-0.27272288202310335,-0.0015800865800867925,16.13906024480525,16.13992706770209,228.1651390849933,-1.8282555798266666,0.593818846849353,997.58,-3.37,48.53,False
HAOS / PANGAEA,HAOS_Flight_104,HAOS_Flight_104_seg00,train,10.1594/PANGAEA.918840,CC BY 4.0,fixed-wing UAV,2020-02-28 16:55:38+00:00,897.0,65.044421,24.523365,48.09,383427.5169871,7215689.949552,-192.3098904999788,141.3390799993649,23.120000000000005,-192.43704614327444,141.5615011771123,23.72909090909088,-11.69524967445534,-10.847856766274134,0.21307359307359341,0.25019973095119497,-0.07728715366038941,-0.010216450216450568,15.951641337788637,15.95306433653148,227.15272853880845,-0.8102054294142923,0.7652812244403768,997.61,-3.4,48.52,False
HAOS / PANGAEA,HAOS_Flight_104,HAOS_Flight_104_seg00,train,10.1594/PANGAEA.918840,CC BY 4.0,fixed-wing UAV,2020-02-28 16:55:39+00:00,898.0,65.044323,24.523121,49.29,383415.6172554,7215679.43684,-204.20962219999637,130.82636799942702,24.32,-204.01795591253335,130.70332725935504,24.0507359307359,-11.524335290256673,-10.919100294361336,0.14683982683982677,0.06629099599258126,-0.05516241445786818,-0.08582251082251169,15.875674950079356,15.876354022738454,226.54472822616472,-0.30760578962711427,0.5299341577572086,997.45,-3.41,47.49,False
HAOS / PANGAEA,HAOS_Flight_104,HAOS_Flight_104_seg00,train,10.1594/PANGAEA.918840,CC BY 4.0,fixed-wing UAV,2020-02-28 16:55:40+00:00,899.0,65.044223,24.522883,49.44,383403.9649087,7215668.773466,-215.86196889996063,120.1629940001294,24.47,-215.4857167237878,119.72330058838962,24.022770562770532,-11.562667682470178,-10.95818159518987,0.04142857142857004,-0.2395775049832949,0.13927575653757174,-0.03944805194805312,15.930380654849346,15.930434524360248,226.5375169595542,0.949870555169254,0.14900315280539495,997.43,-3.42,46.54,False
HAOS / PANGAEA,HAOS_Flight_104,HAOS_Flight_104_seg00,train,10.1594/PANGAEA.918840,CC BY 4.0,fixed-wing UAV,2020-02-28 16:55:41+00:00,900.0,65.044121,24.522647,49.07,383392.4478481,7215657.891092,-227.37902950000716,109.28061999939382,24.1,-227.1432912774737,108.7869640689753,24.13359307359304,-12.003490300223262,-10.640548781286192,0.06794372294372053,-0.6689950587676847,0.6473032034735979,-0.025248917748917243,16.04073121009404,16.040875104057523,228.44446933650323,3.3132385180547534,0.24268627392198192,997.48,-3.39,45.63,False
HAOS / PANGAEA,HAOS_Flight_104,HAOS_Flight_104_seg00,train,10.1594/PANGAEA.918840,CC BY 4.0,fixed-wing UAV,2020-02-28 16:55:42+00:00,901.0,65.044021,24.522407,49.22,383380.6971883,7215647.142751,-239.12968929996714,98.53227899968624,24.25,-239.4926973242343,98.44220302581724,24.158658008657973,-12.900657800005547,-9.663575188242675,-0.009069264069264449,-1.0372283120106829,1.3420203787071117,-0.03652597402597202,16.11867417288604,16.118676724322444,233.1639939956637,6.040734490780956,-0.03223779412933783,997.46,-3.41,44.66,False
HAOS / PANGAEA,HAOS_Flight_104,HAOS_Flight_104_seg00,train,10.1594/PANGAEA.918840,CC BY 4.0,fixed-wing UAV,2020-02-28 16:55:43+00:00,902.0,65.043929,24.522139,48.46,383367.6956472,7215637.441704,-252.1312304000021,88.83123200014234,23.490000000000002,-252.9446068774848,89.45981369248994,24.11545454545451,-14.077946924244628,-7.956508023871969,-0.0051082251082235075,-1.1997249612520093,1.9505538949833578,0.03791125541125595,16.17079495682843,16.170795763652187,240.52593831806513,8.09908329712049,-0.018099279011950492,997.56,-3.4,44.51,False
HAOS / PANGAEA,HAOS_Flight_104,HAOS_Flight_104_seg00,train,10.1594/PANGAEA.918840,CC BY 4.0,fixed-wing UAV,2020-02-28 16:55:44+00:00,903.0,65.04386,24.521824,49.22,383352.5604729,7215630.245019,-267.26640469999984,81.63454699981958,24.25,-267.64859117272357,82.5291869780733,24.148441558441526,-15.300107722509566,-5.762467398275959,0.06675324675324745,-1.318682525701476,2.2113310568673583,0.07191558441558321,16.3492913252101,16.349427599538227,249.3621605899047,8.768363467994709,0.23393417970657857,997.46,-3.41,44.18,False
HAOS / PANGAEA,HAOS_Flight_104,HAOS_Flight_104_seg00,train,10.1594/PANGAEA.918840,CC BY 4.0,fixed-wing UAV,2020-02-28 16:55:45+00:00,904.0,65.043815,24.521478,49.52,383336.0835871,7215625.917552,-283.7432905000169,77.30707999970764,24.550000000000004,-283.54482232250393,77.93487889593803,24.248961038961006,-16.71531197564758,-3.533845910137252,0.13872294372294292,-1.0818757775953927,2.035020400376915,0.08335497835497829,17.084780401275903,17.085343584924956,258.0626652540546,7.551288716897781,0.4652131513258265,997.42,-3.4,43.55,False
HAOS / PANGAEA,HAOS_Flight_104,HAOS_Flight_104_seg00,train,10.1594/PANGAEA.918840,CC BY 4.0,fixed-wing UAV,2020-02-28 16:55:46+00:00,905.0,65.043794,24.52112,49.67,383319.1491505,7215624.188913,-300.6777270999737,75.57844099961221,24.700000000000003,-301.07921512401873,75.4614951577988,24.425887445887412,-17.46385927770035,-1.6924265975221289,0.23346320346320404,0.21553793912597996,1.5077387569371403,0.050876623376624686,17.545674357496807,17.547227522508855,264.46473802370025,5.057040466425053,0.7623341574689771,997.4,-3.4,43.27,False
HAOS / PANGAEA,HAOS_Flight_104,HAOS_Flight_104_seg00,train,10.1594/PANGAEA.918840,CC BY 4.0,fixed-wing UAV,2020-02-28 16:55:47+00:00,906.0,65.043782,24.520763,49.22,383302.3101329,7215623.600043,-317.5167446999694,74.98957099951804,24.25,-318.47254087790463,74.55002570089377,24.715887445887414,-16.28423609739562,-0.5183683962629715,0.2404761904761923,1.9155577410165847,0.8310233885553409,-0.03290043290043343,16.292484496539096,16.29425910767816,268.17674618690467,2.703790845742526,0.8456212041625467,997.46,-3.36,42.64,False
HAOS / PANGAEA,HAOS_Flight_104,HAOS_Flight_104_seg00,train,10.1594/PANGAEA.918840,CC BY 4.0,fixed-wing UAV,2020-02-28 16:55:48+00:00,907.0,65.043774,24.5204,49.67,383285.2056311,7215623.388701,-334.62124649999896,74.77822900004685,24.700000000000003,-333.64768731881,74.42475836527285,24.906839826839796,-13.632743795667182,-0.030379820411447156,0.16766233766233718,1.6382195541091136,0.3349371082915482,-0.06002164502164664,13.632777645505344,13.63380860182732,269.8723197151853,1.2452826200043219,0.7046150313216766,997.4,-3.34,42.44,False
HAOS / PANGAEA,HAOS_Flight_104,HAOS_Flight_104_seg00,train,10.1594/PANGAEA.918840,CC BY 4.0,fixed-wing UAV,2020-02-28 16:55:49+00:00,908.0,65.043767,24.520039,50.27,383268.1693628,7215623.283208,-351.65751479996834,74.67273599933833,25.300000000000004,-345.738028469239,74.48926606007088,25.05121212121209,-13.007796989177393,0.15150582032012494,0.120432900432899,-0.6087497926434935,0.18891570133608582,-0.029090909090909278,13.008679276746095,13.009236741974911,270.66731142691333,0.7339933962841804,0.5304227765666176,997.32,-3.35,41.8,False
HAOS / PANGAEA,HAOS_Flight_104,HAOS_Flight_104_seg00,train,10.1594/PANGAEA.918840,CC BY 4.0,fixed-wing UAV,2020-02-28 16:55:50+00:00,909.0,65.0437655,24.519858,50.35,383259.65228425,7215623.444650499,-360.17459334997693,74.83417849894613,25.380000000000003,-359.66328129716476,74.7277700059131,25.147705627705594,-14.850243380954169,0.3474515822607245,0.10948051948051862,-1.826468846862511,0.20962503577533909,-0.03175324675324642,14.854307492292886,14.854710938275922,271.34030650775367,0.6473670504818211,0.42227873165537194,997.31,-3.3449999999999998,41.665,True
HAOS / PANGAEA,HAOS_Flight_104,HAOS_Flight_104_seg00,train,10.1594/PANGAEA.918840,CC BY 4.0,fixed-wing UAV,2020-02-28 16:55:51+00:00,910.0,65.043764,24.519677,50.43,383251.1352057,7215623.606093,-368.6916718999855,74.99562099948525,25.46,-375.43851523114733,75.18416922459232,25.270173160173126,-16.660734682902415,0.5707558918708031,0.05692640692640616,-1.791759916993385,0.22626968190271057,-0.03529220779220754,16.670508164485348,16.670605360273463,271.96204552787697,0.5723320954326957,0.19565271495033495,997.3,-3.34,41.53,False
HAOS / PANGAEA,HAOS_Flight_104,HAOS_Flight_104_seg00,train,10.1594/PANGAEA.918840,CC BY 4.0,fixed-wing UAV,2020-02-28 16:55:52+00:00,911.0,65.043763,24.519315,49.9,383234.1038653,7215624.113586,-385.7230122999754,75.5031139999628,24.93,-392.9847506629696,75.8692817896547,25.261558441558407,-18.43376321494094,0.7999909460661456,0.03889610389610354,-1.7615297769481515,0.21433066456977556,-0.007705627705628437,18.451114106695496,18.451155104361238,272.48497069861907,0.43634351085757944,0.12078291200470098,997.37,-3.35,41.41,False
HAOS / PANGAEA,HAOS_Flight_104,HAOS_Flight_104_seg00,train,10.1594/PANGAEA.918840,CC BY 4.0,fixed-wing UAV,2020-02-28 16:55:53+00:00,912.0,65.043765,24.518592,50.12,383200.0928944,7215625.698879,-419.73398319998523,77.08840699959546,25.15,-412.3060416610292,76.78415111672462,25.347965367965333,-20.183794236798718,0.9994172210103542,0.041515151515149284,-1.1338936531351465,0.16314614930057303,0.14933982683982716,20.208522572792926,20.208565215840697,272.8347325495921,0.3145892933508115,0.11770477593811078,997.34,-3.33,41.32,False
HAOS / PANGAEA,HAOS_Flight_104,HAOS_Flight_104_seg00,train,10.1594/PANGAEA.918840,CC BY 4.0,fixed-wing UAV,2020-02-28 16:55:54+00:00,913.0,65.043767,24.518234,50.58,383183.2724431,7215626.615698,-436.5544344999944,78.00522600021213,25.61,-433.352339136567,77.86811623167542,25.344588744588705,-20.70155052121123,1.1262832446672917,0.33757575757575786,0.5757293867443849,0.07525820275910178,0.2785173160173171,20.732166021172976,20.734914162387607,273.1141492853207,0.3114374349381441,0.9328478798445295,997.28,-3.33,40.43,False
HAOS / PANGAEA,HAOS_Flight_104,HAOS_Flight_104_seg00,train,10.1594/PANGAEA.918840,CC BY 4.0,fixed-wing UAV,2020-02-28 16:55:55+00:00,914.0,65.04377,24.51788,50.88,383166.5955135,7215627.576391,-453.23136410000734,78.96591900009662,25.910000000000004,-453.7091427034517,79.0367176060592,26.02311688311685,-19.03233546330995,1.1499336265285578,0.5985497835497835,2.1378556703483156,-0.0208351515662919,0.0836471861471848,19.06704330863563,19.07643578808091,273.4576074194684,0.3318292236177621,1.7980301096069093,997.24,-3.3,41.37,False
HAOS / PANGAEA,HAOS_Flight_104,HAOS_Flight_104_seg00,train,10.1594/PANGAEA.918840,CC BY 4.0,fixed-wing UAV,2020-02-28 16:55:56+00:00,915.0,65.043775,24.517526,51.41,383149.9699294,7215628.741533,-469.856948199973,80.13106099981815,26.439999999999998,-471.4170100631869,80.16798348473253,26.541688311688272,-16.4258391805146,1.0846129415347079,0.5048701298701275,1.5405100232136562,-0.03906391392708386,-0.07648268398268421,16.461609217117054,16.469349466967667,273.7778077325562,0.19322524650699988,1.7566850613980471,997.17,-3.29,40.23,False
HAOS / PANGAEA,HAOS_Flight_104,HAOS_Flight_104_seg00,train,10.1594/PANGAEA.918840,CC BY 4.0,fixed-wing UAV,2020-02-28 16:55:57+00:00,916.0,65.043779,24.517173,51.41,383133.3876544,7215629.868254,-486.43922319996636,81.257782000117,26.439999999999998,-486.5608210644809,81.20594348912861,27.032857142857104,-15.951315416882636,1.07180579867439,0.4455844155844151,-0.18042514913742025,0.0019507889456491512,-0.03634199134199001,15.987283421486895,15.993491697261152,273.8440579124824,-0.0338598664656524,1.5964875469514752,997.17,-3.28,40.09,False
HAOS / PANGAEA,HAOS_Flight_104,HAOS_Flight_104_seg00,train,10.1594/PANGAEA.918840,CC BY 4.0,fixed-wing UAV,2020-02-28 16:55:58+00:00,917.0,65.043782,24.516816,54.05,383116.5776119,7215630.870939,-503.2492656999966,82.26046699937433,29.08,-503.3196408969522,82.31159508208131,27.432857142857102,-16.78668947878944,1.0885145194260062,0.43218614718614745,-0.4370107659110545,-0.02814059523719692,-0.050508658008657115,16.821944225216694,16.827495130949256,273.71008799962493,-0.19502720639117324,1.4717083659664334,996.82,-3.5,39.58,False
HAOS / PANGAEA,HAOS_Flight_104,HAOS_Flight_104_seg00,train,10.1594/PANGAEA.918840,CC BY 4.0,fixed-wing UAV,2020-02-28 16:55:59+00:00,918.0,65.043786,24.516455,51.71,383099.6414007,7215631.950968,-520.1854768999619,83.34049599990249,26.740000000000002,-520.1342000220598,83.38297252798063,27.8972294372294,-16.825336948704745,1.0155246081999962,0.34456709956710085,-0.029670628789105535,-0.11190538744651946,-0.16516233766233768,16.855956029466522,16.85947745789925,273.45400349970004,-0.38584236397857874,1.1710692247051284,997.13,-3.27,40.26,False
HAOS / PANGAEA,HAOS_Flight_104,HAOS_Flight_104_seg00,train,10.1594/PANGAEA.918840,CC BY 4.0,fixed-wing UAV,2020-02-28 16:56:00+00:00,919.0,65.043789,24.516097,53.14,383082.8042193,7215632.982355,-537.022658300004,84.37188300024718,28.17,-536.9703147943617,84.3426442984813,28.121991341991304,-16.846030736367652,0.8647037445329673,0.1018614718614721,-0.0032188125527596867,-0.16277446209965518,-0.23390692640692734,16.868208681909678,16.86851623279009,272.93840327166777,-0.5533116717212198,0.34598584852226605,996.94,-3.29,39.71,False
HAOS / PANGAEA,HAOS_Flight_104,HAOS_Flight_104_seg00,train,10.1594/PANGAEA.918840,CC BY 4.0,fixed-wing UAV,2020-02-28 16:56:01+00:00,920.0,65.043791,24.515739,53.14,383065.9686631,7215633.80818,-553.858214500011,85.19770799949765,28.17,-553.8262614947951,85.11238001704656,28.100952380952343,-16.831774573810264,0.6899756840006859,-0.12324675324675383,0.02345869913608567,-0.15283299781769344,-0.055400432900432506,16.845910534847263,16.846361373016542,272.3473801562576,-0.5162142030322193,-0.4191754905952208,996.94,-3.3,39.33,False
HAOS / PANGAEA,HAOS_Flight_104,HAOS_Flight_104_seg00,train,10.1594/PANGAEA.918840,CC BY 4.0,fixed-wing UAV,2020-02-28 16:56:02+00:00,921.0,65.043791,24.515383,53.52,383049.2307317,7215634.491041,-570.5961458999664,85.8805689997971,28.550000000000004,-570.6338639419822,85.72259566648268,27.875497835497796,-16.79911333809548,0.5590377488975804,-0.008939393939392914,0.028677611365026223,-0.10835148275676687,0.08672077922078003,16.8084125410721,16.80841491823765,271.9059748656033,-0.36563416186941033,-0.0304722111376564,996.89,-3.27,39.34,False
HAOS / PANGAEA,HAOS_Flight_104,HAOS_Flight_104_seg00,train,10.1594/PANGAEA.918840,CC BY 4.0,fixed-wing UAV,2020-02-28 16:56:03+00:00,922.0,65.043788,24.515027,52.61,383032.45966,7215634.868193,-587.3672175999964,86.25772099941969,27.64,-587.424488170986,86.23045551484172,28.083073593073557,-16.774419351080212,0.47327271848715213,0.050194805194806236,0.03385088820476767,-0.04832220885668548,-0.006948051948053369,16.781094470622545,16.78116954060196,271.6161118325188,-0.1614689014729778,0.1713798774680919,997.01,-3.26,39.83,False
HAOS / PANGAEA,HAOS_Flight_104,HAOS_Flight_104_seg00,train,10.1594/PANGAEA.918840,CC BY 4.0,fixed-wing UAV,2020-02-28 16:56:04+00:00,923.0,65.043784,24.514669,52.61,383015.5974124,7215635.078017,-604.2294651999837,86.46754499990493,27.64,-604.1827026441426,86.66914110345698,27.97588744588741,-16.731411561685945,0.46239333118420944,-0.022835497835499652,0.04107511298545319,0.04415151199378187,0.0587445887445881,16.737799749048314,16.73781532635616,271.58303706265735,0.1553777715477891,-0.07816898618074138,997.01,-3.21,39.62,False
HAOS / PANGAEA,HAOS_Flight_104,HAOS_Flight_104_seg00,train,10.1594/PANGAEA.918840,CC BY 4.0,fixed-wing UAV,2020-02-28 16:56:05+00:00,924.0,65.043784,24.514315,53.22,382998.9117677,7215635.726977,-620.915109900001,87.11650499980897,28.25,-620.8873112943579,87.15524217721014,28.037402597402558,-16.692269125109306,0.5615757424747159,0.16768398268398244,0.026320127380387248,0.13656235930259797,0.23717532467532543,16.70171296183758,16.702554708117624,271.9268673756144,0.4710083296200538,0.5752261295549804,996.93,-3.2,39.27,False
HAOS / PANGAEA,HAOS_Flight_104,HAOS_Flight_104_seg00,train,10.1594/PANGAEA.918840,CC BY 4.0,fixed-wing UAV,2020-02-28 16:56:06+00:00,925.0,65.043785,24.513959,53.29,382982.1635527,7215636.481569,-637.6633248999715,87.87109699938446,28.32,-637.5672408943612,87.79229258840641,28.311255411255374,-16.67877130692517,0.7355180497894054,0.4515151515151512,0.002555524678570009,0.1684199664257946,0.2001515151515143,16.694981255163974,16.701085744415664,272.52505372189745,0.5774451362453837,1.5491846079785616,996.92,-3.19,39.37,False
HAOS / PANGAEA,HAOS_Flight_104,HAOS_Flight_104_seg00,train,10.1594/PANGAEA.918840,CC BY 4.0,fixed-wing UAV,2020-02-28 16:56:07+00:00,926.0,65.043785,24.513607,53.9,382965.6335218,7215637.099714,-654.1933558000019,88.489241999574,28.93,-654.2448539082083,88.62627827678895,28.94043290043286,-16.687158075752166,0.8984156753263051,0.567987012987011,-0.027105440258111457,0.10677928786757107,-0.01568181818181813,16.711325362484352,16.720974990045725,273.08175764810517,0.3606113426470861,1.946628132322651,996.84,-3.18,38.34,False
HAOS / PANGAEA,HAOS_Flight_104,HAOS_Flight_104_seg00,train,10.1594/PANGAEA.918840,CC BY 4.0,fixed-wing UAV,2020-02-28 16:56:08+00:00,927.0,65.043788,24.513253,54.12,382948.9723375,7215638.103067,-670.8545400999719,89.49259500019252,29.15,-670.9415570458656,89.58912393905902,29.447229437229396,-16.732982187441394,0.9490766255245475,0.42015151515151494,-0.06206143138871312,0.002108204567576877,-0.0498051948051943,16.75987587443141,16.76514141372008,273.24627640719166,-0.0041905238039758805,1.4360409222227581,996.81,-3.17,38.81,False
HAOS / PANGAEA,HAOS_Flight_104,HAOS_Flight_104_seg00,train,10.1594/PANGAEA.918840,CC BY 4.0,fixed-wing UAV,2020-02-28 16:56:09+00:00,928.0,65.043792,24.512895,55.18,382932.141987,7215639.205877,-687.6848905999796,90.59540499933064,30.21,-687.710818283091,90.52443152783805,29.78073593073589,-16.811280938529592,0.9026320844614588,0.46837662337662245,-0.2710060862060004,-0.06502526241971651,0.11829004329004356,16.83549558148104,16.842009622826883,273.07337660049717,-0.2659271838358165,1.5936022301357697,996.67,-3.21,39.25,False
HAOS / PANGAEA,HAOS_Flight_104,HAOS_Flight_104_seg00,train,10.1594/PANGAEA.918840,CC BY 4.0,fixed-wing UAV,2020-02-28 16:56:10+00:00,929.0,65.043794,24.512535,55.63,382915.2341477,7215640.13346,-704.5927298999741,91.52298799995333,30.660000000000004,-704.5641189229248,91.39438810798194,30.38398268398264,-17.274994359853395,0.8190261006851145,0.656731601731602,-0.3163164719720726,-0.11392778356951183,0.11069264069264051,17.294398916602162,17.306863675527204,272.71442203952,-0.42906473945103807,2.1746854794169876,996.61,-3.21,38.2,False
HAOS / PANGAEA,HAOS_Flight_104,HAOS_Flight_104_seg00,train,10.1594/PANGAEA.918840,CC BY 4.0,fixed-wing UAV,2020-02-28 16:56:11+00:00,930.0,65.043795,24.512176,55.48,382898.3501809,7215640.851147,-721.4766966999741,92.24067499954253,30.509999999999998,-722.2608070027978,92.16248372920828,31.094199134199094,-17.443913882473737,0.6747765173224352,0.6897619047619035,0.9729648280827234,-0.1804897721858829,-0.10088744588744714,17.45696007005486,17.47058174110841,272.2152471215951,-0.5014403538774843,2.262702012972029,996.63,-3.22,38.75,False
HAOS / PANGAEA,HAOS_Flight_104,HAOS_Flight_104_seg00,train,10.1594/PANGAEA.918840,CC BY 4.0,fixed-wing UAV,2020-02-28 16:56:12+00:00,931.0,65.043793,24.511816,56.09,382881.3984893,7215641.329415,-738.4283883000026,92.71894299983978,31.120000000000005,-739.4519466878722,92.74394114262681,31.763506493506448,-15.329064703687948,0.4580465563133487,0.4549567099567078,1.7238021433986717,-0.15488326408722486,-0.2471645021645008,15.335906603054225,15.342653517092042,271.71154133176503,-0.3606840748491488,1.699244591365871,996.55,-3.18,38.3,False
HAOS / PANGAEA,HAOS_Flight_104,HAOS_Flight_104_seg00,train,10.1594/PANGAEA.918840,CC BY 4.0,fixed-wing UAV,2020-02-28 16:56:13+00:00,932.0,65.043791,24.511456,57.82,382864.4192192,7215641.758444,-755.407658400014,93.1479719998315,32.85,-752.9189364101737,93.07857684183497,32.00411255411251,-13.996309595676394,0.36500998914798544,0.19543290043290185,0.1434998673204575,-0.00425906284324995,-0.16162337662337478,14.001068337459142,14.002432239035207,271.49387897189683,0.00010977445689570288,0.7997070621672034,996.32,-3.31,38.31,False
HAOS / PANGAEA,HAOS_Flight_104,HAOS_Flight_104_seg00,train,10.1594/PANGAEA.918840,CC BY 4.0,fixed-wing UAV,2020-02-28 16:56:14+00:00,933.0,65.043788,24.511098,57.82,382847.593359,7215642.171372,-772.2335185999982,93.560899999924,32.85,-767.444565879225,93.47396112092278,32.15437229437225,-15.042064969047033,0.4495284306268488,0.13170995670995822,-1.0340407691490157,0.11424975321039099,-0.12957792207792274,15.048780493547435,15.049356858539515,271.7117608806788,0.3109944636837978,0.5014513942482202,996.32,-3.31,38.31,False
HAOS / PANGAEA,HAOS_Flight_104,HAOS_Flight_104_seg00,train,10.1594/PANGAEA.918840,CC BY 4.0,fixed-wing UAV,2020-02-28 16:56:15+00:00,934.0,65.0437885,24.510919,57.03,382839.16969515,7215642.5246105,-780.6571824499988,93.91413849964738,32.06,-783.0030663482678,93.97763370308867,32.267532467532426,-16.064391133974425,0.5935094955687674,-0.06372294372294363,-1.0276282793241194,0.17808780630392818,-0.16008658008658205,16.07535119450416,16.075477493381126,272.1158678992644,0.4931412320057115,-0.22712017709315654,996.425,-3.2199999999999998,38.425,True
HAOS / PANGAEA,HAOS_Flight_104,HAOS_Flight_104_seg00,train,10.1594/PANGAEA.918840,CC BY 4.0,fixed-wing UAV,2020-02-28 16:56:16+00:00,935.0,65.043789,24.51074,56.24,382830.7460313,7215642.877849,-789.0808462999994,94.26737699937075,31.270000000000003,-799.5733481471739,94.66098011206032,32.026926406926364,-17.09732152769527,0.8057040432347051,-0.1884632034632059,-1.0417186574682944,0.24517607798264152,0.09360389610389674,17.116295230764074,17.117332759683578,272.69804334469023,0.6510038189170894,-0.6308438631974985,996.53,-3.13,38.54,False
HAOS / PANGAEA,HAOS_Flight_104,HAOS_Flight_104_seg00,train,10.1594/PANGAEA.918840,CC BY 4.0,fixed-wing UAV,2020-02-28 16:56:17+00:00,936.0,65.043791,24.510028,56.99,382797.2654891,7215644.433803,-822.5613884999766,95.82333099935204,32.02,-817.1977094036583,95.58904178955808,31.890606060606014,-18.147828448911014,1.0838616515340505,0.12348484848484986,-1.0481857235967027,0.2780137229912434,0.3360930735930765,18.180165936832648,18.180585304070256,273.4178755370986,0.6800551561816182,0.3891632163933511,996.43,-3.15,38.48,False
HAOS / PANGAEA,HAOS_Flight_104,HAOS_Flight_104_seg00,train,10.1594/PANGAEA.918840,CC BY 4.0,fixed-wing UAV,2020-02-28 16:56:18+00:00,937.0,65.043794,24.509675,57.37,382780.6587681,7215645.388656,-839.1681094999658,96.77818399947137,32.4,-835.8690050449959,96.82870341512842,32.273896103896064,-19.193692974888677,1.361731489217192,0.4837229437229471,-0.4560201426440358,0.21715340803646654,0.18839826839826657,19.241937601577877,19.24801679522596,274.0581536570535,0.5681341498602467,1.4400549214782203,996.38,-3.14,38.86,False
HAOS / PANGAEA,HAOS_Flight_104,HAOS_Flight_104_seg00,train,10.1594/PANGAEA.918840,CC BY 4.0,fixed-wing UAV,2020-02-28 16:56:19+00:00,938.0,65.0438,24.509321,57.29,382764.0090533,7215646.734956,-855.8178242999711,98.12448399979621,32.32,-855.5850953534357,98.31250476799246,32.85805194805191,-19.059868734199085,1.5181684676069835,0.500281385281383,1.2210783596833608,0.03232123864233927,-0.05228354978355387,19.12023618214315,19.126779998875794,274.5541438368191,0.40438808985942026,1.4988033176476583,996.39,-3.14,38.45,False
HAOS / PANGAEA,HAOS_Flight_104,HAOS_Flight_104_seg00,train,10.1594/PANGAEA.918840,CC BY 4.0,fixed-wing UAV,2020-02-28 16:56:20+00:00,939.0,65.043809,24.508965,58.81,382747.3052852,7215648.365379,-872.5215923999785,99.75490699987859,33.84,-873.9887425133941,99.86504035034238,33.27445887445883,-16.751536255521955,1.4263739665018704,0.37915584415583936,1.606027486362052,-0.1611485433597366,-0.09591991341991246,16.812153628026984,16.81642853778823,274.86692983677233,-0.11939973712648048,1.2919432096086,996.19,-3.21,38.45,False
HAOS / PANGAEA,HAOS_Flight_104,HAOS_Flight_104_seg00,train,10.1594/PANGAEA.918840,CC BY 4.0,fixed-wing UAV,2020-02-28 16:56:21+00:00,940.0,65.043817,24.508613,59.03,382730.8063703,7215649.981345,-889.0205072999815,101.37087299954146,34.06,-889.0881678644796,101.1652527009962,33.61636363636359,-15.847813761474981,1.1958713808875103,0.3084415584415581,0.08936998555230957,-0.27565341185298564,-0.06615800865800558,15.892869765338846,15.895862530010614,274.3153443625661,-0.9222191219774164,1.1118307455762924,996.16,-3.14,38.5,False
HAOS / PANGAEA,HAOS_Flight_104,HAOS_Flight_104_seg00,train,10.1594/PANGAEA.918840,CC BY 4.0,fixed-wing UAV,2020-02-28 16:56:22+00:00,941.0,65.043821,24.508259,58.58,382714.1728461,7215651.074506,-905.6540314999875,102.4640339994803,33.61,-905.684370036344,102.2567831121174,33.891341991341946,-16.572796284417336,0.8750671427958991,0.2468398268398282,-0.3378479224003854,-0.37623996640660806,-0.024686147186148588,16.595882597475736,16.597718189236506,273.0224915928175,-1.3891198492408392,0.8521292820745336,996.22,-3.14,38.58,False
HAOS / PANGAEA,HAOS_Flight_104,HAOS_Flight_104_seg00,train,10.1594/PANGAEA.918840,CC BY 4.0,fixed-wing UAV,2020-02-28 16:56:23+00:00,942.0,65.043821,24.507905,58.58,382697.516406,7215651.684742,-922.3104715999798,103.07426999974996,33.61,-922.2337604333143,102.915386986588,34.110043290043244,-16.523509606275752,0.4433914480742942,0.2590692640692609,0.043780795889176716,-0.40793024020337754,0.06586580086580085,16.52945751332791,16.531487609059806,271.53710466408444,-1.4083574435353026,0.8979338955653386,996.22,-3.14,38.55,False
HAOS / PANGAEA,HAOS_Flight_104,HAOS_Flight_104_seg00,train,10.1594/PANGAEA.918840,CC BY 4.0,fixed-wing UAV,2020-02-28 16:56:24+00:00,943.0,65.043815,24.507556,59.79,382681.0546821,7215651.699161,-938.7721954999724,103.08868899941444,34.82,-938.7313892488955,103.14356600826599,34.40948051948047,-16.485234692638983,0.05920666238914407,0.3785714285714299,0.03269338560352253,-0.30854621102118074,0.13077922077922466,16.48534101255595,16.489687220405056,270.20577670574687,-1.0708943215251303,1.3155162181406346,996.06,-3.14,38.6,False
HAOS / PANGAEA,HAOS_Flight_104,HAOS_Flight_104_seg00,train,10.1594/PANGAEA.918840,CC BY 4.0,fixed-wing UAV,2020-02-28 16:56:25+00:00,944.0,65.043809,24.507208,59.56,382664.6504254,7215651.664216,-955.1764521999867,103.0537439994514,34.59,-955.2042298185922,103.03380031136629,34.8671861471861,-16.458122835068707,-0.17370097396806727,0.5206277056277102,0.018594311576748623,-0.12632060934007683,0.07043290043290007,16.4590394398509,16.46727155573851,269.3953160210342,-0.43978164515625295,1.811759879823843,996.09,-3.15,38.67,False
HAOS / PANGAEA,HAOS_Flight_104,HAOS_Flight_104_seg00,train,10.1594/PANGAEA.918840,CC BY 4.0,fixed-wing UAV,2020-02-28 16:56:26+00:00,945.0,65.043801,24.506859,60.32,382648.1974233,7215651.427253,-971.6294542999822,102.81678100023419,35.35,-971.647634919033,102.79616406032986,35.45073593073589,-16.448046069485486,-0.19343455629100959,0.51943722943723,-0.0019286164501863823,0.07632137548473139,-0.08469696969697438,16.449183457894936,16.457382886316097,269.3262134154344,0.2656955277945603,1.8087021964522192,995.99,-3.16,38.72,False
HAOS / PANGAEA,HAOS_Flight_104,HAOS_Flight_104_seg00,train,10.1594/PANGAEA.918840,CC BY 4.0,fixed-wing UAV,2020-02-28 16:56:27+00:00,946.0,65.043794,24.506511,61.45,382631.7812973,7215651.264001,-988.0455802999786,102.65352899953723,36.480000000000004,-988.1003219575632,102.64693119878427,35.906060606060564,-16.46198006796908,-0.021058222998604492,0.35123376623376146,0.0036949564928079326,0.22966182358397802,-0.08500000000000263,16.461993536840158,16.465740079495664,269.9267070766233,0.8001653960738558,1.222279642130132,995.84,-3.19,38.96,False
HAOS / PANGAEA,HAOS_Flight_104,HAOS_Flight_104_seg00,train,10.1594/PANGAEA.918840,CC BY 4.0,fixed-wing UAV,2020-02-28 16:56:28+00:00,947.0,65.043787,24.506161,60.92,382615.3063902,7215651.201997,-1004.5204874000046,102.59152499958873,35.95,-1004.5715950549711,102.75404761433265,36.15320346320341,-16.44065615649987,0.26588909087694645,0.3494372294372248,0.04310354199117228,0.32927358227084014,-0.012445887445885262,16.44280608244543,16.446518727141655,270.9265442075821,1.1513111498447581,1.2174482306723609,995.91,-3.16,39.05,False
HAOS / PANGAEA,HAOS_Flight_104,HAOS_Flight_104_seg00,train,10.1594/PANGAEA.918840,CC BY 4.0,fixed-wing UAV,2020-02-28 16:56:29+00:00,948.0,65.043785,24.50581,61.53,382598.7877673,7215651.64057,-1021.0391103000147,103.03009799961,36.56,-1020.981634270563,103.17870938053817,36.60493506493501,-16.375772983986735,0.6374889415430758,0.32634199134199093,0.06854841872797124,0.38643242433279923,-0.01002164502164149,16.388176621383465,16.39142556548919,272.2293293763128,1.3595163431487842,1.1407948736978923,995.83,-3.17,39.07,False
HAOS / PANGAEA,HAOS_Flight_104,HAOS_Flight_104_seg00,train,10.1594/PANGAEA.918840,CC BY 4.0,fixed-wing UAV,2020-02-28 16:56:30+00:00,949.0,65.043788,24.505462,61.68,382582.393639,7215652.596839,-1037.4332385999733,103.98636699933559,36.71,-1037.3231410229446,104.0290254974188,36.80588744588739,-16.303559319043927,1.038753939542545,0.3293939393939418,0.07083900487509709,0.35409030746325953,0.07665584415584448,16.336617037088775,16.339937471845133,273.64557689387965,1.2545872798963627,1.1550938334703096,995.81,-3.16,39.38,False
HAOS / PANGAEA,HAOS_Flight_104,HAOS_Flight_104_seg00,train,10.1594/PANGAEA.918840,CC BY 4.0,fixed-wing UAV,2020-02-28 16:56:31+00:00,950.0,65.043793,24.505117,62.05,382566.189981,7215653.797452,-1053.6368966000155,105.18697999976575,37.08,-1053.5887529086508,105.25621725962326,37.2637229437229,-16.23409497423654,1.3456695564695949,0.4796536796536799,0.05118958354958636,0.20997161899684968,0.023722943722940926,16.28977182736889,16.296832018528832,274.73850393610553,0.7496304097459404,1.686591650162091,995.76,-3.15,40.4,False
HAOS / PANGAEA,HAOS_Flight_104,HAOS_Flight_104_seg00,train,10.1594/PANGAEA.918840,CC BY 4.0,fixed-wing UAV,2020-02-28 16:56:32+00:00,951.0,65.043801,24.504775,62.89,382550.1192875,7215655.251485,-1069.7075901000062,106.64101300016046,37.92,-1069.7913309714177,106.72036461035799,37.76519480519475,-16.201180151944754,1.4586971775362443,0.37683982683982364,-0.002524742859861817,-0.006662438391781933,-0.1653896103896102,16.266715580335227,16.271079989558576,275.14483771337154,-0.024081367967254477,1.327094596059037,995.65,-3.16,41.16,False
HAOS / PANGAEA,HAOS_Flight_104,HAOS_Flight_104_seg00,train,10.1594/PANGAEA.918840,CC BY 4.0,fixed-wing UAV,2020-02-28 16:56:33+00:00,952.0,65.043809,24.504428,62.74,382533.8420719,7215656.884778,-1085.9848056999617,108.27430600021034,37.77,-1085.9911132125403,108.17361161469574,38.017402597402544,-16.239144459956265,1.332344679686031,0.1488744588744595,-0.06381302023896751,-0.18998453793824766,-0.20629870129869943,16.29370906628739,16.294389179755132,274.690341200171,-0.6826025647116485,0.5234928879639469,995.67,-3.13,41.95,False
HAOS / PANGAEA,HAOS_Flight_104,HAOS_Flight_104_seg00,train,10.1594/PANGAEA.918840,CC BY 4.0,fixed-wing UAV,2020-02-28 16:56:34+00:00,953.0,65.043816,24.504082,63.94,382517.6115557,7215658.235198,-1102.2153218999738,109.62472600024194,38.97,-1102.2696198913302,109.38505396973005,38.06294372294367,-16.32880619242269,1.078728101659749,-0.03575757575757521,-0.08419103473897849,-0.24750210615722068,-0.12299783549783783,16.36439934696694,16.36443841356116,273.7796325839482,-0.8844236354727687,-0.12519585182684947,995.51,-3.22,42.82,False
HAOS / PANGAEA,HAOS_Flight_104,HAOS_Flight_104_seg00,train,10.1594/PANGAEA.918840,CC BY 4.0,fixed-wing UAV,2020-02-28 16:56:35+00:00,954.0,65.043818,24.503734,62.66,382501.2337064,7215659.177106,-1118.5931712000165,110.56663399934769,37.69,-1118.6487255973857,110.33106781801524,37.945887445887394,-16.40752652943422,0.8373404673715896,-0.09712121212121616,-0.23914305314099238,-0.18375194860114874,0.05612012987012882,16.428879020565763,16.42916608967813,272.9214939292255,-0.6782489805181672,-0.3387066596164235,995.68,-3.15,43.03,False
HAOS / PANGAEA,HAOS_Flight_104,HAOS_Flight_104_seg00,train,10.1594/PANGAEA.918840,CC BY 4.0,fixed-wing UAV,2020-02-28 16:56:36+00:00,955.0,65.043817,24.503384,62.66,382484.7441228,7215659.709988,-1135.0827547999797,111.09951599966735,37.69,-1135.0846729501986,111.05973490447323,37.86870129870124,-16.807092298704674,0.7112242044574515,0.07648268398268243,-0.2573469550904406,-0.05266058867801249,0.1745995670995697,16.822133973018527,16.822307838317943,272.4231346229119,-0.22227225239781545,0.26049636811200516,995.68,-3.15,43.03,False
HAOS / PANGAEA,HAOS_Flight_104,HAOS_Flight_104_seg00,train,10.1594/PANGAEA.918840,CC BY 4.0,fixed-wing UAV,2020-02-28 16:56:37+00:00,956.0,65.043815,24.503033,62.51,382468.2378839,7215660.057659,-1151.5889936999884,111.44718699995428,37.54,-1152.262910194795,111.75351622693015,38.09885281385276,-16.922220439615103,0.7320192900155646,0.25207792207792323,0.6142165589842534,0.051377142358219885,0.14369588744588668,16.93804583911267,16.939921491160494,272.47694942442985,0.28391315426782754,0.8526328847413299,995.7,-3.16,43.42,False
HAOS / PANGAEA,HAOS_Flight_104,HAOS_Flight_104_seg00,train,10.1594/PANGAEA.918840,CC BY 4.0,fixed-wing UAV,2020-02-28 16:56:38+00:00,957.0,65.043816,24.502685,63.26,382451.8497131,7215660.913681,-1167.9771644999855,112.30320899933577,38.29,-1168.9291138294288,112.52377348450436,38.372857142857086,-15.578659180736167,0.8139784891738913,0.3638744588744558,1.9645879563863673,0.08510404869659993,0.04111471861471827,15.599909706481416,15.604152891848832,272.99096093144755,0.7476254262900518,1.3362058721134629,995.6,-3.18,43.76,False
HAOS / PANGAEA,HAOS_Flight_104,HAOS_Flight_104_seg00,train,10.1594/PANGAEA.918840,CC BY 4.0,fixed-wing UAV,2020-02-28 16:56:39+00:00,958.0,65.043821,24.502338,64.17,382435.5493756,7215662.014975,-1184.2775019999826,113.40450299996883,39.2,-1183.4202285562674,113.38147320527793,38.82660173160167,-12.993044526842368,0.9022273874087645,0.3343073593073598,1.6128020435043595,0.12694879113374213,-0.03870129870129446,13.024331857531076,13.028621636442816,273.97220027700996,0.9748825585470617,1.4703399796996752,995.48,-3.21,44.5,False
HAOS / PANGAEA,HAOS_Flight_104,HAOS_Flight_104_seg00,train,10.1594/PANGAEA.918840,CC BY 4.0,fixed-wing UAV,2020-02-28 16:56:40+00:00,959.0,65.043826,24.50199,64.63,382419.232598,7215663.279545,-1200.5942796000163,114.66907299961895,39.66,-1194.9152028831136,114.32822825932189,39.041471861471805,-12.353055093727448,1.0678760714413755,0.2864718614718669,-0.5587786896081184,0.1452105325279831,-0.0811904761904767,12.399126156815356,12.402435066551966,274.9407260485417,0.42951950163881975,1.3235375449713418,995.42,-3.25,44.49,False
HAOS / PANGAEA,HAOS_Flight_104,HAOS_Flight_104_seg00,train,10.1594/PANGAEA.918840,CC BY 4.0,fixed-wing UAV,2020-02-28 16:56:41+00:00,960.0,65.0438305,24.5018185,64.175,382411.166698,7215664.1007595,-1208.6601796000032,115.4902874995023,39.205,-1208.1263387437223,115.51722534816068,39.399545454545404,-14.110601906058605,1.1926484524647307,0.17192640692640637,-1.7826357622247997,0.03341830953716851,-0.18206709956710299,14.16091439429076,14.161958027470279,274.8312392802876,-0.43169197905950485,0.6955888066936308,995.48,-3.215,44.995000000000005,True
HAOS / PANGAEA,HAOS_Flight_104,HAOS_Flight_104_seg00,train,10.1594/PANGAEA.918840,CC BY 4.0,fixed-wing UAV,2020-02-28 16:56:42+00:00,961.0,65.043835,24.501647,63.72,382403.100798,7215664.921974,-1216.72607959999,116.31150199938565,38.75,-1223.1364066952308,116.71352516425135,39.38532467532462,-15.918326618177048,1.1347126905157126,-0.0776623376623391,-1.8027403198042293,-0.11022151519999568,-0.1054978354978342,15.958718470258862,15.958907439159878,274.0773420904227,-0.8450847416180006,-0.2788249606203725,995.54,-3.18,45.5,False
HAOS / PANGAEA,HAOS_Flight_104,HAOS_Flight_104_seg00,train,10.1594/PANGAEA.918840,CC BY 4.0,fixed-wing UAV,2020-02-28 16:56:43+00:00,962.0,65.043841,24.501304,64.25,382386.9819896,7215666.16595,-1232.8448879999924,117.55547800008208,39.28,-1239.9629919800764,117.7866507291921,39.244220779220726,-17.716082545667064,0.9722054220647394,-0.03906926406926203,-1.7858386989188375,-0.18021707901895212,0.02604978354978371,17.742738349746954,17.742781364683953,273.1410697970516,-0.9011757471219481,-0.1261643088997315,995.47,-3.19,45.93,False
HAOS / PANGAEA,HAOS_Flight_104,HAOS_Flight_104_seg00,train,10.1594/PANGAEA.918840,CC BY 4.0,fixed-wing UAV,2020-02-28 16:56:44+00:00,963.0,65.043844,24.500608,65.15,382354.2531419,7215667.891161,-1265.573735699989,119.28068900015205,40.18000000000001,-1258.568571786565,118.65793600838083,39.307186147186094,-19.490004016014723,0.7742785324778083,-0.025562770562771675,-1.1808743628797629,-0.19301583114770082,0.15562770562770467,19.505377817159196,19.50539456779495,272.2749905961788,-0.7343951592594105,-0.0750889339910511,995.35,-3.24,46.31,False
HAOS / PANGAEA,HAOS_Flight_104,HAOS_Flight_104_seg00,train,10.1594/PANGAEA.918840,CC BY 4.0,fixed-wing UAV,2020-02-28 16:56:45+00:00,964.0,65.043841,24.500258,63.87,382337.7705591,7215668.211513,-1282.0563184999628,119.60104099940509,38.9,-1278.9430000121058,119.33520779414772,39.19309523809518,-20.07783127142659,0.5861737597693377,0.2721861471861473,0.48814453993458073,-0.18475987718066733,0.3874512987012988,20.086386141875238,20.088230224169514,271.6722794785328,-0.5112764127108375,0.7763548369027375,995.52,-3.19,47.06,False
HAOS / PANGAEA,HAOS_Flight_104,HAOS_Flight_104_seg00,train,10.1594/PANGAEA.918840,CC BY 4.0,fixed-wing UAV,2020-02-28 16:56:46+00:00,965.0,65.043837,24.499912,64.47,382321.4788762,7215668.314119,-1298.3480014000088,119.70364699978381,39.5,-1298.724234329418,119.8302835279195,39.85155844155839,-18.51371493614556,0.40475877811647365,0.7493398268398259,2.045495624671844,-0.14711684743405584,0.19536796536796253,18.51813895631312,18.53329384058349,271.2524377707571,-0.3130509172958168,2.3172198228436205,995.44,-3.21,46.66,False
HAOS / PANGAEA,HAOS_Flight_104,HAOS_Flight_104_seg00,train,10.1594/PANGAEA.918840,CC BY 4.0,fixed-wing UAV,2020-02-28 16:56:47+00:00,966.0,65.043832,24.49957,65.23,382305.3556829,7215668.482878,-1314.4711946999887,119.87240599934012,40.260000000000005,-1315.970429884397,120.14472535038067,40.691774891774834,-15.986840022082902,0.29194006490122604,0.6629220779220724,1.5208142004292426,-0.004447473454970208,-0.09708333333333208,15.98950539864089,16.00324181453754,271.0461776439412,0.10659693141965641,2.3741132500399935,995.34,-3.23,47.49,False
HAOS / PANGAEA,HAOS_Flight_104,HAOS_Flight_104_seg00,train,10.1594/PANGAEA.918840,CC BY 4.0,fixed-wing UAV,2020-02-28 16:56:48+00:00,967.0,65.04383,24.499226,65.15,382289.1876394,7215668.879398,-1330.6392381999758,120.26892600022256,40.18000000000001,-1330.697914373584,120.41416365772196,41.17740259740253,-15.472086535287076,0.39586383120653323,0.5551731601731618,-0.13944792672839412,0.1972648084800639,-0.13341991341990855,15.47714992911386,15.487103898600468,271.46563163359644,0.6852330481326198,2.0543476547912807,995.35,-3.21,47.77,False
HAOS / PANGAEA,HAOS_Flight_104,HAOS_Flight_104_seg00,train,10.1594/PANGAEA.918840,CC BY 4.0,fixed-wing UAV,2020-02-28 16:56:49+00:00,968.0,65.043831,24.498881,69.16,382272.9772826,7215669.643805,-1346.8495949999779,121.03333299979568,44.19,-1346.914602954971,120.93645301279373,41.80212121212116,-16.26573587553969,0.6864696818613538,0.39608225108225525,-0.4587263691526573,0.2926043744422664,-0.2529112554112576,16.280215115192235,16.28503255589488,272.4166437402064,0.9799938852530594,1.393677248057546,994.82,-3.51,48.22,False
HAOS / PANGAEA,HAOS_Flight_104,HAOS_Flight_104_seg00,train,10.1594/PANGAEA.918840,CC BY 4.0,fixed-wing UAV,2020-02-28 16:56:50+00:00,969.0,65.04383,24.498535,67.27,382256.6601758,7215670.202025,-1363.1667018000153,121.59155299980193,42.3,-1363.2293861246633,121.78710302144466,41.969567099567044,-16.38953927359239,0.981072580091066,0.04935064935064659,-0.12617569740666568,0.12165028893275576,-0.2668181818181843,16.41887636252962,16.418950529635723,273.4256194041025,0.40251104481142586,0.172214915714637,995.07,-3.3,47.69,False
HAOS / PANGAEA,HAOS_Flight_104,HAOS_Flight_104_seg00,train,10.1594/PANGAEA.918840,CC BY 4.0,fixed-wing UAV,2020-02-28 16:56:51+00:00,970.0,65.04383,24.498187,65.38,382240.3080097,7215670.793628,-1379.518867900013,122.18315599951893,40.41,-1379.6936815021559,122.89859817297587,41.90082251082245,-16.51808727035302,0.9297702597268653,-0.13755411255411332,-0.033823417317762505,-0.46042318180105823,-0.18290043290043023,16.54423403506101,16.54480585986888,273.22166582982925,-1.6079712262082182,-0.4763646651417544,995.32,-3.24,47.75,False
HAOS / PANGAEA,HAOS_Flight_104,HAOS_Flight_104_seg00,train,10.1594/PANGAEA.918840,CC BY 4.0,fixed-wing UAV,2020-02-28 16:56:52+00:00,971.0,65.04383,24.497841,66.67,382224.0222556,7215671.453416,-1395.804621999967,122.84294399991632,41.7,-1396.2655606653693,123.6466435408984,41.69445887445882,-16.457186108227916,0.06022621648894955,-0.3164502164502139,0.32535823063284397,-1.3926724296282842,0.07040043290043307,16.45729630887171,16.460338469712397,270.2096769516861,-4.945849294776959,-1.1015799545592886,995.15,-3.22,47.59,False
HAOS / PANGAEA,HAOS_Flight_104,HAOS_Flight_104_seg00,train,10.1594/PANGAEA.918840,CC BY 4.0,fixed-wing UAV,2020-02-28 16:56:53+00:00,972.0,65.043828,24.497496,66.44,382207.7821127,7215671.91091,-1412.044764899998,123.30043799988925,41.47,-1412.6080537186117,123.01905060595377,41.26792207792202,-15.867370809087333,-1.855574599529703,0.0032467532467528315,1.0097036716477987,-2.407710588779061,0.40238095238095006,15.975500414306172,15.975500744230313,263.3299672402753,-9.219689193367627,0.011644408674144971,995.18,-3.21,48.6,False
HAOS / PANGAEA,HAOS_Flight_104,HAOS_Flight_104_seg00,train,10.1594/PANGAEA.918840,CC BY 4.0,fixed-wing UAV,2020-02-28 16:56:54+00:00,973.0,65.043805,24.497165,66.74,382192.1140128,7215669.885586,-1427.712864800007,121.2751139998436,41.769999999999996,-1428.000302283544,119.93549434183899,41.70095238095232,-14.437778764932318,-4.755194961069172,0.48831168831168625,1.9834444370113715,-3.1711090530613575,0.1836038961038966,15.20070178586858,15.208543095505567,251.77029856495085,-13.945728306298637,1.839953244116435,995.14,-3.22,48.44,False
HAOS / PANGAEA,HAOS_Flight_104,HAOS_Flight_104_seg00,train,10.1594/PANGAEA.918840,CC BY 4.0,fixed-wing UAV,2020-02-28 16:56:55+00:00,974.0,65.043742,24.496873,67.05,382178.0774179,7215663.467899,-1441.7494597000186,114.85742700006813,42.08,-1441.4836112484763,113.50866068381542,42.244545454545396,-11.90048193506459,-8.197792705652418,0.37045454545454604,3.141221213203494,-3.3102719469552255,-0.1231601731601728,14.450788059190636,14.455535690589075,235.43851062767806,-18.066664828736954,1.468489747497547,995.1,-3.22,49.09,False
HAOS / PANGAEA,HAOS_Flight_104,HAOS_Flight_104_seg00,train,10.1594/PANGAEA.918840,CC BY 4.0,fixed-wing UAV,2020-02-28 16:56:56+00:00,975.0,65.043644,24.496655,67.5,382167.4063911,7215652.900773,-1452.4204864999629,104.29030099976808,42.53,-1451.8012661536732,103.53990893053415,42.441861471861415,-8.15533633852533,-11.375738854979623,0.24199134199134065,4.1698349780321,-2.600735107108182,-0.08957792207792359,13.997033446097243,13.999125154836054,215.63696890747696,-20.278153597803378,0.9904742634190661,995.04,-3.23,49.48,False
HAOS / PANGAEA,HAOS_Flight_104,HAOS_Flight_104_seg00,train,10.1594/PANGAEA.918840,CC BY 4.0,fixed-wing UAV,2020-02-28 16:56:57+00:00,976.0,65.04352,24.496534,67.73,382161.1616907,7215639.321376,-1458.6651869000052,90.71090399939567,42.760000000000005,-1457.794283925527,90.75718297385617,42.72852813852808,-3.560811979000391,-13.399262919868782,0.19129870129869886,4.667571586361419,-1.2318650097172927,-0.0766558441558427,13.864329365157305,13.865649063014747,194.8822034320713,-20.254810152347627,0.7905115662898542,995.01,-3.28,49.3,False
HAOS / PANGAEA,HAOS_Flight_104,HAOS_Flight_104_seg00,train,10.1594/PANGAEA.918840,CC BY 4.0,fixed-wing UAV,2020-02-28 16:56:58+00:00,977.0,65.043387,24.496517,68.03,382159.7919926,7215624.607997,-1460.0348849999718,75.99752500001341,43.06,-1458.922890111674,76.74138309079659,42.82445887445881,1.1798068341975068,-13.839468874414209,0.08867965367965525,4.531442835979874,0.03759481494306627,-0.09658008658008477,13.889666766769418,13.889949854944602,175.1273486027817,-18.660002612775898,0.3658043733730026,994.97,-3.25,50.44,False
HAOS / PANGAEA,HAOS_Flight_104,HAOS_Flight_104_seg00,train,10.1594/PANGAEA.918840,CC BY 4.0,fixed-wing UAV,2020-02-28 16:56:59+00:00,978.0,65.043263,24.496614,67.8,382163.7673592,7215610.562025,-1456.0595183999976,61.95155300013721,42.83,-1455.434670257132,63.07824522502776,42.90588744588739,5.502073692959357,-13.32407328998265,-0.001861471861470676,3.635078009523056,0.8023933863753108,-0.057088744588746465,14.415399542141886,14.415399662328547,157.5621982065195,-14.879249617236557,-0.007398648954545112,995.0,-3.29,50.03,False
HAOS / PANGAEA,HAOS_Flight_104,HAOS_Flight_104_seg00,train,10.1594/PANGAEA.918840,CC BY 4.0,fixed-wing UAV,2020-02-28 16:57:00+00:00,979.0,65.043156,24.49679,67.8,382171.5967688,7215598.303693,-1448.230108799995,49.693221000023186,42.83,-1447.9187427257552,50.09323651083129,42.82073593073587,8.449962853243619,-12.234682101663587,-0.025497835497837684,1.9116637094720659,1.4979696633915092,0.16034632034632068,14.869072545050157,14.869094407178247,145.3688493683086,-9.820736205709725,-0.09825205468057371,995.0,-3.29,49.64,False
HAOS / PANGAEA,HAOS_Flight_104,HAOS_Flight_104_seg00,train,10.1594/PANGAEA.918840,CC BY 4.0,fixed-wing UAV,2020-02-28 16:57:01+00:00,980.0,65.043065,24.497006,67.8,382181.3426769,7215587.771157,-1438.4842007000116,39.160685000009835,42.83,-1438.5347445506447,38.60888102170058,42.85489177489171,9.325401111903489,-10.328133963199631,0.3188311688311707,0.1413898919939811,2.1321352153040785,0.37190476190476396,13.915223931352616,13.918876045640568,137.92072579510005,-6.4910059622363825,1.3125541304623627,995.0,-3.29,49.64,False
HAOS / PANGAEA,HAOS_Flight_104,HAOS_Flight_104_seg00,train,10.1594/PANGAEA.918840,CC BY 4.0,fixed-wing UAV,2020-02-28 16:57:02+00:00,981.0,65.04298,24.497232,68.33,382191.6040687,7215577.905743,-1428.2228088999982,29.295270999893546,43.36,-1429.2679405019483,29.436968584432027,43.45839826839821,8.732742637231581,-7.97041167105543,0.7183116883116902,-0.836614495450192,1.1612964069039355,0.1778896103896077,11.823208370582792,11.845008562925745,132.38683744383582,-0.8139365248999072,3.4766961300524066,994.93,-3.3,49.65,False
HAOS / PANGAEA,HAOS_Flight_104,HAOS_Flight_104_seg00,train,10.1594/PANGAEA.918840,CC BY 4.0,fixed-wing UAV,2020-02-28 16:57:03+00:00,982.0,65.042889,24.497446,68.33,382201.2789719,7215567.398628,-1418.5479056999902,18.788155999965966,43.36,-1421.0692592761816,22.668057679589722,44.29151515151509,7.652172121003105,-8.00554114939176,0.6746103896103861,-1.2200152380937084,-1.3150945660059437,-0.17972943722944024,11.074494447335368,11.095022597626027,136.29285274530025,8.459506614165441,3.4859040436901982,994.93,-3.3,49.65,False
HAOS / PANGAEA,HAOS_Flight_104,HAOS_Flight_104_seg00,train,10.1594/PANGAEA.918840,CC BY 4.0,fixed-wing UAV,2020-02-28 16:57:04+00:00,983.0,65.0428375,24.4975375,69.92,382205.35493365,7215561.454892,-1414.4719439499895,12.844419999979436,44.95,-1413.963596259942,13.425886285648506,44.807619047618985,6.2927121610441645,-10.600600803067318,0.35885281385280976,-1.5063420485955135,-2.596940675363328,-0.35856060606060325,12.327650373357631,12.332872296012582,149.30585067216668,12.170496708088653,1.667385634759973,994.72,-3.4299999999999997,49.56,True
HAOS / PANGAEA,HAOS_Flight_104,HAOS_Flight_104_seg00,train,10.1594/PANGAEA.918840,CC BY 4.0,fixed-wing UAV,2020-02-28 16:57:05+00:00,984.0,65.042786,24.497629,71.51,382209.4308954,7215555.511156,-1410.3959821999888,6.900683999992907,46.540000000000006,-1408.4838349540933,1.466856073455086,45.00922077922071,4.639488023812078,-13.199422500118416,-0.04251082251082039,-1.5780695469730404,-2.4300526688601076,-0.38087662337661854,13.99105440843284,13.991118991337276,160.63384616147755,9.612988987243329,-0.1740886102623388,994.51,-3.56,49.47,False
HAOS / PANGAEA,HAOS_Flight_104,HAOS_Flight_104_seg00,train,10.1594/PANGAEA.918840,CC BY 4.0,fixed-wing UAV,2020-02-28 16:57:06+00:00,985.0,65.042668,24.497761,69.92,382215.1121302,7215542.166184,-1404.7147473999648,-6.444288000464439,44.95,-1404.684620212318,-12.972958714588328,44.722597402597344,3.136573067098084,-15.460706140787533,-0.4029004329004273,-1.2450472321461916,-2.0600999977885124,-0.28275974025974193,15.775662425934145,15.780806498270668,168.53182864665337,6.145911712365601,-1.4629799170536852,994.72,-3.45,49.58,False
HAOS / PANGAEA,HAOS_Flight_104,HAOS_Flight_104_seg00,train,10.1594/PANGAEA.918840,CC BY 4.0,fixed-wing UAV,2020-02-28 16:57:07+00:00,986.0,65.042407,24.497882,68.33,382219.6769047,7215512.830426,-1400.1499728999916,-35.780046000145376,43.36,-1402.210688819897,-29.45455620811998,44.20341991341986,2.1493935595196945,-17.31962249569544,-0.6080303030303043,-0.9317528979448753,-1.2878665692461215,-0.0760173160173192,17.452484524190368,17.463072951703186,172.92566958620876,3.7153775836366187,-1.995331121490444,994.93,-3.34,49.69,False
HAOS / PANGAEA,HAOS_Flight_104,HAOS_Flight_104_seg00,train,10.1594/PANGAEA.918840,CC BY 4.0,fixed-wing UAV,2020-02-28 16:57:08+00:00,987.0,65.042274,24.497894,68.18,382219.6442707,7215498.067522,-1400.1826068999944,-50.54295000061393,43.21000000000001,-1400.3858330932785,-47.61220370597921,43.506536796536736,1.2730672712083333,-18.036439279279776,-0.5549350649350657,-0.9358617510287672,0.23523451949497698,0.17980519480519774,18.08131195882003,18.089825733778163,175.96258381392659,3.065097502319824,-1.757917770348067,994.95,-3.33,49.61,False
HAOS / PANGAEA,HAOS_Flight_104,HAOS_Flight_104_seg00,train,10.1594/PANGAEA.918840,CC BY 4.0,fixed-wing UAV,2020-02-28 16:57:09+00:00,988.0,65.042143,24.497902,67.73,382219.4267214,7215483.438002,-1400.4001561999903,-65.1724700005725,42.760000000000005,-1399.6645542774804,-65.52743476667953,43.093549783549726,0.27767005746216,-16.849153456705487,-0.24841991341990877,-0.7445430378786,1.7053623279865064,0.28847402597402727,16.85144126976745,16.85327224374558,179.0558645908484,2.4418007840260096,-0.844579488868747,995.01,-3.34,49.78,False
HAOS / PANGAEA,HAOS_Flight_104,HAOS_Flight_104_seg00,train,10.1594/PANGAEA.918840,CC BY 4.0,fixed-wing UAV,2020-02-28 16:57:10+00:00,989.0,65.042011,24.497913,68.26,382219.3685078,7215468.716718,-1400.458369800006,-79.8937539998442,43.290000000000006,-1399.8304929783542,-81.31051061939019,43.00969696969692,-0.21601880454886668,-14.625714623306763,0.022012987012988816,-0.1694984285134069,1.3555535822582705,0.16221861471861132,14.627309813028779,14.627326376953693,180.84618538197861,0.596333274077549,0.08622571848718354,994.94,-3.34,49.92,False
HAOS / PANGAEA,HAOS_Flight_104,HAOS_Flight_104_seg00,train,10.1594/PANGAEA.918840,CC BY 4.0,fixed-wing UAV,2020-02-28 16:57:11+00:00,990.0,65.041878,24.497932,68.56,382219.6742973,7215453.840344,-1400.1525802999968,-94.77012800052762,43.59,-1400.0965918865782,-94.77886401329306,43.1375757575757,-0.06132679956465381,-14.138046292188946,0.07601731601731387,0.16427206851028586,-0.09015354766002304,-0.07941558441558705,14.13817930061797,14.138383661817814,180.2485311390035,-0.6408116244107052,0.3080615484189249,994.9,-3.44,49.99,False
HAOS / PANGAEA,HAOS_Flight_104,HAOS_Flight_104_seg00,train,10.1594/PANGAEA.918840,CC BY 4.0,fixed-wing UAV,2020-02-28 16:57:12+00:00,991.0,65.041745,24.497951,68.26,382219.9757368,7215438.98478,-1399.8511407999904,-109.62569200061262,43.290000000000006,-1399.9531465774835,-109.58660320376808,43.161731601731546,0.11252533247170504,-14.806021718626809,-0.13681818181818528,0.0409732932923248,-0.31785938098173006,-0.06369047619047663,14.806449307072127,14.807081424027244,179.5645621331572,-0.16424948691349253,-0.529423436474298,994.94,-3.38,50.81,False
HAOS / PANGAEA,HAOS_Flight_104,HAOS_Flight_104_seg00,train,10.1594/PANGAEA.918840,CC BY 4.0,fixed-wing UAV,2020-02-28 16:57:13+00:00,992.0,65.041612,24.497967,67.27,382220.1546727,7215424.168987,-1399.672204900009,-124.44148499984294,42.3,-1399.8715412216347,-124.39090745054668,42.86393939393933,0.020619787019995783,-14.773765054152406,-0.05136363636363939,-0.1007737664490378,0.04267144700798298,0.13923160173160198,14.773779443693872,14.773868730770966,179.9200321651765,0.3909627848419309,-0.1991980277012555,995.07,-3.37,50.54,False
HAOS / PANGAEA,HAOS_Flight_104,HAOS_Flight_104_seg00,train,10.1594/PANGAEA.918840,CC BY 4.0,fixed-wing UAV,2020-02-28 16:57:14+00:00,993.0,65.04148,24.497976,68.33,382220.0237983,7215409.455603,-1399.803079299978,-139.15486900042742,43.36,-1399.9119070034435,-139.1341333120729,43.05900432900427,-0.08902220042637055,-14.720678824610843,0.1416450216450187,-0.07269685920061875,0.03490024576371553,0.10508658008658145,14.720947999687889,14.721629438403607,180.34648770284107,0.2830764535638354,0.5512832112471021,994.93,-3.38,50.42,False
HAOS / PANGAEA,HAOS_Flight_104,HAOS_Flight_104_seg00,train,10.1594/PANGAEA.918840,CC BY 4.0,fixed-wing UAV,2020-02-28 16:57:15+00:00,994.0,65.041348,24.497982,67.88,382219.6899565,7215394.757958,-1400.1369210999692,-153.85251400060952,42.91,-1400.0495856224875,-153.83226509976836,43.14722943722937,-0.12477393138124171,-14.703964562624975,0.1588095238095235,0.01750633527831269,-0.00025884200036330185,0.017413419913420825,14.704493952288306,14.705351504052393,180.48618507230418,-0.06814015862802204,0.6187742153542887,994.99,-3.44,50.26,False
HAOS / PANGAEA,HAOS_Flight_104,HAOS_Flight_104_seg00,train,10.1594/PANGAEA.918840,CC BY 4.0,fixed-wing UAV,2020-02-28 16:57:16+00:00,995.0,65.041217,24.49799,67.5,382219.5192728,7215380.101819,-1400.3076047999784,-168.50865299999714,42.53,-1400.161454866206,-168.54206243732284,43.376623376623314,-0.054009529869745165,-14.72119650861157,0.17647186147186034,0.10162641471356437,-0.02234915049052688,-0.103409090909091,14.721295584101089,14.722353276306256,180.21020738558502,-0.3955289720237581,0.6868015471504284,995.04,-3.37,50.26,False
HAOS / PANGAEA,HAOS_Flight_104,HAOS_Flight_104_seg00,train,10.1594/PANGAEA.918840,CC BY 4.0,fixed-wing UAV,2020-02-28 16:57:17+00:00,996.0,65.041085,24.498004,70.22,382219.5757885,7215365.410798,-1400.2510890999692,-183.19967400003225,45.25,-1400.157604682227,-183.2746581169915,43.50017316017309,0.07847889804588704,-14.748662863606029,-0.0480086580086585,0.11977324025747293,-0.034339354995410076,-0.22309523809523668,14.748871658596466,14.748949794239381,179.69512712825667,-0.4644686792713608,-0.1865013021147805,994.68,-3.58,50.03,False
HAOS / PANGAEA,HAOS_Flight_104,HAOS_Flight_104_seg00,train,10.1594/PANGAEA.918840,CC BY 4.0,fixed-wing UAV,2020-02-28 16:57:18+00:00,997.0,65.040952,24.498021,67.57,382219.7963705,7215350.559221,-1400.0305070999893,-198.0512509997934,42.599999999999994,-1400.0044970701142,-198.0393881645349,43.280606060606,0.1855369506452007,-14.78987521860239,-0.269718614718613,0.05309099653868543,-0.04124065157978407,-0.17534632034632125,14.79103894058439,14.793497932301527,179.2812700270423,-0.2042367546594526,-1.0446883254398553,995.03,-3.44,49.8,False
HAOS / PANGAEA,HAOS_Flight_104,HAOS_Flight_104_seg00,train,10.1594/PANGAEA.918840,CC BY 4.0,fixed-wing UAV,2020-02-28 16:57:19+00:00,998.0,65.040819,24.49804,68.03,382220.0769558,7215335.696901,-1399.7499217999866,-212.91357100009918,43.06,-1399.7865307809366,-212.85440855419628,42.960735930735865,0.1846608911232579,-14.831144166765597,-0.398701298701301,-0.07492771060566383,-0.03245273706083651,-0.15316017316017216,14.832293718103603,14.837651420143342,179.28665361893775,0.29055221995053565,-1.5397754676464595,994.97,-3.42,49.58,False
HAOS / PANGAEA,HAOS_Flight_104,HAOS_Flight_104_seg00,train,10.1594/PANGAEA.918840,CC BY 4.0,fixed-wing UAV,2020-02-28 16:57:20+00:00,999.0,65.040687,24.498056,67.27,382220.2863611,7215320.920844,-1399.540516500012,-227.68962800037116,42.3,-1399.6351752878677,-227.7016764980661,42.483203463203395,0.03568152943387304,-14.854780692724063,-0.5760389610389574,-0.23199817099464326,-0.03515770017307318,0.057424242424245264,14.854823546594902,14.865988143581482,179.86237446694338,0.8936295896208897,-2.220697729342187,995.07,-3.39,49.16,False
HAOS / PANGAEA,HAOS_Flight_104,HAOS_Flight_104_seg00,train,10.1594/PANGAEA.918840,CC BY 4.0,fixed-wing UAV,2020-02-28 16:57:21+00:00,1000.0,65.040554,24.498069,66.97,382220.3056143,7215306.086727,-1399.5212632999755,-242.5237450003624,42.0,-1399.7151677220688,-242.5639699396444,41.80865800865795,-0.2793354508660286,-14.901459567111743,-0.28385281385281047,-0.28449336049516205,-0.1015601860847184,0.2820779220779208,14.90407747981661,14.90678026752621,181.07391279817955,1.083010229904324,-1.0910841205311368,995.11,-3.35,49.18,False
HAOS / PANGAEA,HAOS_Flight_104,HAOS_Flight_104_seg00,train,10.1594/PANGAEA.918840,CC BY 4.0,fixed-wing UAV,2020-02-28 16:57:22+00:00,1001.0,65.04042,24.498078,66.44,382220.1010523,7215291.144343,-1399.7258252999745,-257.4661290002987,41.47,-1400.1938461895998,-257.5045956322896,41.915497835497774,-0.5333051915564511,-15.0579010648935,-0.011883116883115719,0.03812402110554558,-0.16139693826019652,0.13182900432900269,15.067342131492929,15.06734681740381,182.02839492675201,-0.15482399110255785,-0.045187286368025575,995.18,-3.36,49.79,False
HAOS / PANGAEA,HAOS_Flight_104,HAOS_Flight_104_seg00,train,10.1594/PANGAEA.918840,CC BY 4.0,fixed-wing UAV,2020-02-28 16:57:23+00:00,1002.0,65.040286,24.498084,66.82,382219.8218075,7215276.301078,-1400.0050701000146,-272.3093940000981,41.849999999999994,-1400.7817781051817,-272.6797720694314,41.78489177489172,-0.20308740865493746,-15.224253443632136,-0.0201948051948051,0.8426844966442104,0.009276401496485676,0.00521645021644801,15.225607948830783,15.225621341727107,180.76426481597443,-3.204443052230232,-0.07599541713587747,995.13,-3.37,50.24,False
HAOS / PANGAEA,HAOS_Flight_104,HAOS_Flight_104_seg00,train,10.1594/PANGAEA.918840,CC BY 4.0,fixed-wing UAV,2020-02-28 16:57:24+00:00,1003.0,65.040153,24.498091,66.89,382219.5681886,7215261.380048,-1400.2586889999802,-287.2304239999503,41.92,-1400.6000210069096,-287.95310251955385,41.875108225108164,1.1520638017319698,-15.039348261900528,-0.001450216450219699,1.9071538715368206,0.5650479111818356,0.0229220779220789,15.083409665788157,15.083409735504745,175.61950882229155,-7.567744387807219,-0.005508786379412785,995.12,-3.37,50.0,False
HAOS / PANGAEA,HAOS_Flight_104,HAOS_Flight_104_seg00,train,10.1594/PANGAEA.918840,CC BY 4.0,fixed-wing UAV,2020-02-28 16:57:25+00:00,1004.0,65.040019,24.498122,67.27,382220.4386011,7215246.444724,-1399.3882764999871,-302.16574800014496,42.3,-1398.4776505017178,-302.75846859323246,41.78199134199128,3.6112203344187037,-14.094157621268465,0.025649350649352698,2.9838202132061724,1.5784907364477903,0.09069264069264271,14.549439554734715,14.549462163463907,165.62877604035998,-13.274402568962014,0.1010071907925418,995.07,-3.42,50.21,False
HAOS / PANGAEA,HAOS_Flight_104,HAOS_Flight_104_seg00,train,10.1594/PANGAEA.918840,CC BY 4.0,fixed-wing UAV,2020-02-28 16:57:26+00:00,1005.0,65.039894,24.498229,66.74,382224.9254315,7215232.332103,-1394.9014460999751,-316.27836900018156,41.769999999999996,-1393.3775803380722,-316.1414177620908,41.92640692640687,7.119704228144315,-11.882366789004948,0.17993506493506572,3.4160849320331863,2.843729182900404,0.12739177489177322,13.8521055729699,13.853274177330677,149.07070368436752,-18.397738143028477,0.7442146581629885,995.14,-3.38,50.64,False
HAOS / PANGAEA,HAOS_Flight_104,HAOS_Flight_104_seg00,train,10.1594/PANGAEA.918840,CC BY 4.0,fixed-wing UAV,2020-02-28 16:57:27+00:00,1006.0,65.039796,24.49843,66.89,382233.932433,7215221.081998,-1385.8944445999805,-327.5284740002826,41.92,-1384.2382420454292,-326.52320217124236,42.14186147186141,10.443390198485076,-8.406699255467657,0.28043290043289915,2.400337234953497,3.6200492343032806,0.07690476190476225,13.406602522999428,13.409535182896528,128.83329975430303,-18.896395784306186,1.1983109662019582,995.12,-3.4,50.54,False
HAOS / PANGAEA,HAOS_Flight_104,HAOS_Flight_104_seg00,train,10.1594/PANGAEA.918840,CC BY 4.0,fixed-wing UAV,2020-02-28 16:57:28+00:00,1007.0,65.039738,24.498703,66.74,382246.5015841,7215214.02141,-1373.3252934999764,-334.58906200062484,41.769999999999996,-1372.490799941102,-332.9548162730261,42.48727272727267,11.920378698051309,-4.6422683203983865,0.33374458874459023,0.3928850466447784,3.552017107159429,0.0603030303030323,12.792422892616155,12.796775723362748,111.27791211575516,-16.108073381155265,1.4944643257346153,995.14,-3.37,50.44,False
HAOS / PANGAEA,HAOS_Flight_104,HAOS_Flight_104_seg00,train,10.1594/PANGAEA.918840,CC BY 4.0,fixed-wing UAV,2020-02-28 16:57:29+00:00,1008.0,65.039724,24.49901,68.48,382260.9188514,7215211.967682,-1358.9080261999625,-336.6427899999544,43.510000000000005,-1360.3974846493265,-335.80773881203913,42.80935064935059,11.229160291774633,-1.3026650411487992,0.40103896103896375,-0.5049181319250238,3.5699177608317285,0.05846320346320333,11.304467128874292,11.31157855102773,96.6171529919925,-17.085761090625905,2.0317815300007327,994.91,-3.4,50.35,False
HAOS / PANGAEA,HAOS_Flight_104,HAOS_Flight_104_seg00,train,10.1594/PANGAEA.918840,CC BY 4.0,fixed-wing UAV,2020-02-28 16:57:30+00:00,1009.0,65.039757,24.499313,68.56,382275.324614,7215215.051135,-1344.5022636000067,-333.5593370003626,43.59,-1350.0324793575528,-335.5601463553237,43.289350649350595,10.910542434201261,2.4975672012650705,0.4506709956709969,0.3624723981602642,3.7399287283716802,-0.023852813852816013,11.192755609470861,11.201824962017595,77.10638993450334,-16.97223354388246,2.3057418762966666,994.9,-3.41,51.06,False
HAOS / PANGAEA,HAOS_Flight_104,HAOS_Flight_104_seg00,train,10.1594/PANGAEA.918840,CC BY 4.0,fixed-wing UAV,2020-02-28 16:57:31+00:00,1010.0,65.039791,24.499453000000003,68.52000000000001,382282.0609287,7215218.5983815,-1337.7659488999634,-330.0120905004442,43.55000000000001,-1338.576399780924,-330.812604409509,43.710692640692585,11.954105088095162,6.177192415594561,0.3533333333333317,1.1071510439367103,2.82927676084455,-0.19690476190476147,13.455791860626471,13.460430120948812,62.67268590422759,-9.482142987334047,1.5041743998471748,994.905,-3.385,50.96,True
HAOS / PANGAEA,HAOS_Flight_104,HAOS_Flight_104_seg00,train,10.1594/PANGAEA.918840,CC BY 4.0,fixed-wing UAV,2020-02-28 16:57:32+00:00,1011.0,65.039825,24.499593,68.48,382288.7972434,7215222.145628,-1331.0296341999783,-326.4648440005258,43.510000000000005,-1326.1242691813625,-323.2057615241346,43.99601731601726,13.124844522074682,8.15612072295417,0.056861471861473945,1.374934843397341,1.162515569282732,-0.24497835497835396,15.452632428684643,15.452737045682829,58.142103959835254,-1.3551561297680605,0.21083188674834571,994.91,-3.36,50.86,False
HAOS / PANGAEA,HAOS_Flight_104,HAOS_Flight_104_seg00,train,10.1594/PANGAEA.918840,CC BY 4.0,fixed-wing UAV,2020-02-28 16:57:33+00:00,1012.0,65.03991,24.499855,69.09,382301.4897662,7215231.117292,-1318.3371113999747,-317.4931800002232,44.120000000000005,-1312.3267107367747,-314.50036296360065,43.82441558441553,14.703974774889844,8.502223554160025,-0.1366233766233762,1.7365503825747624,-0.25177407571824517,-0.08045454545454689,16.985131131242714,16.985680601393348,59.96237364469147,3.552787935004063,-0.4608603833372694,994.83,-3.44,50.88,False
HAOS / PANGAEA,HAOS_Flight_104,HAOS_Flight_104_seg00,train,10.1594/PANGAEA.918840,CC BY 4.0,fixed-wing UAV,2020-02-28 16:57:34+00:00,1013.0,65.040062,24.500408,69.09,382328.1754932,7215246.966169,-1291.651384399971,-301.6443030005321,44.120000000000005,-1296.7163196315828,-306.2013144158145,43.722770562770506,16.597945287224206,7.6525725715176804,-0.10404761904761983,1.4254592560592414,-1.3385424859372108,0.0091233766233767,18.2771347513781,18.277430908830222,65.24767982984338,5.840266266186265,-0.32616846802262583,994.83,-3.44,50.88,False
HAOS / PANGAEA,HAOS_Flight_104,HAOS_Flight_104_seg00,train,10.1594/PANGAEA.918840,CC BY 4.0,fixed-wing UAV,2020-02-28 16:57:35+00:00,1014.0,65.04011,24.500717,68.56,382342.9594663,7215251.716211,-1276.867411300016,-296.8942609997466,43.59,-1279.1308201623262,-299.1952178205653,43.61632034632029,17.554893287008326,5.825138582285604,-0.1183766233766228,0.023812422078663076,-2.3142769875950506,-0.059491341991343205,18.496121696752603,18.49650050269089,71.64290617706399,7.227816437636307,-0.3666924569502608,994.9,-3.38,51.19,False
HAOS / PANGAEA,HAOS_Flight_104,HAOS_Flight_104_seg00,train,10.1594/PANGAEA.918840,CC BY 4.0,fixed-wing UAV,2020-02-28 16:57:36+00:00,1015.0,65.040137,24.501036,67.88,382358.082843,7215254.216669,-1261.7440345999785,-294.39380300045013,42.91,-1261.6065330575661,-294.5510372512433,43.48601731601726,16.645570131381533,3.024018596327579,-0.22303030303030624,-1.4031665006472167,-2.7927853604012682,-0.10429653679653761,16.91802865199359,16.91949869191596,79.70331270511599,8.713246567863475,-0.7552862766398861,994.99,-3.41,51.83,False
HAOS / PANGAEA,HAOS_Flight_104,HAOS_Flight_104_seg00,train,10.1594/PANGAEA.918840,CC BY 4.0,fixed-wing UAV,2020-02-28 16:57:37+00:00,1016.0,65.040147,24.501355,68.18,382373.1471124,7215254.72472,-1246.6797652000096,-293.88575199991465,43.21000000000001,-1245.8396798995632,-293.14718062791013,43.17025974025968,14.748560285713893,0.2395678614830672,-0.326969696969698,-1.1912695120083185,-1.8585546769542134,0.04443722943723216,14.750505864599784,14.754129335353174,89.06939931279095,6.539351003686591,-1.2698490719417037,994.95,-3.4,50.69,False
HAOS / PANGAEA,HAOS_Flight_104,HAOS_Flight_104_seg00,train,10.1594/PANGAEA.918840,CC BY 4.0,fixed-wing UAV,2020-02-28 16:57:38+00:00,1017.0,65.040147,24.501667,68.26,382387.7853721,7215254.0989,-1232.0415054999758,-294.5115720005706,43.290000000000006,-1232.1094124861384,-294.0719015282772,42.832077922077865,14.263031107364895,-0.6930907575808476,-0.13415584415584192,0.027160455195257782,-0.334722237009359,0.1613419913419918,14.279861034614541,14.280491201580702,92.78201471248917,1.2970031402270517,-0.5382641692366424,994.94,-3.4,51.95,False
HAOS / PANGAEA,HAOS_Flight_104,HAOS_Flight_104_seg00,train,10.1594/PANGAEA.918840,CC BY 4.0,fixed-wing UAV,2020-02-28 16:57:39+00:00,1018.0,65.040147,24.501978,67.95,382402.4516561,7215253.566754,-1217.3752214999986,-295.0437179999426,42.980000000000004,-1217.3136176848334,-294.5333621430718,42.901948051948,14.802881196104408,-0.4298766125356508,-0.004285714285714448,0.30416367142629497,0.19679504332586362,0.0204437229437211,14.809121702788003,14.809122322924258,91.66340559324505,-0.8141331924612167,-0.016581221955185615,994.98,-3.4,51.02,False
HAOS / PANGAEA,HAOS_Flight_104,HAOS_Flight_104_seg00,train,10.1594/PANGAEA.918840,CC BY 4.0,fixed-wing UAV,2020-02-28 16:57:40+00:00,1019.0,65.040151,24.502291,67.27,382417.174045,7215253.377165,-1202.652832599997,-295.2333070002496,42.3,-1202.5036500939295,-294.9316547533485,42.823506493506436,14.871358450217485,-0.29950067092912036,-0.09326839826839972,0.1068881683988252,0.12236644808319852,-0.03520562770562741,14.874374030753094,14.874666443347817,91.15374832756675,-0.4785144764842378,-0.3592632225280848,995.07,-3.4,50.74,False
HAOS / PANGAEA,HAOS_Flight_104,HAOS_Flight_104_seg00,train,10.1594/PANGAEA.918840,CC BY 4.0,fixed-wing UAV,2020-02-28 16:57:41+00:00,1020.0,65.040157,24.502609,67.42,382432.1982284,7215253.483718,-1187.6286491999635,-295.12675399985164,42.45,-1187.5709007843984,-295.13236348493007,42.7154112554112,15.016657532902059,-0.18514371636925375,-0.07469696969696926,0.13534970595236473,0.0024435974091261414,0.03957792207792288,15.01779882859586,15.017984594926746,90.70637664027657,-0.019552980686965597,-0.2849808991102536,995.05,-3.43,50.58,False
HAOS / PANGAEA,HAOS_Flight_104,HAOS_Flight_104_seg00,train,10.1594/PANGAEA.918840,CC BY 4.0,fixed-wing UAV,2020-02-28 16:57:42+00:00,1021.0,65.040163,24.502931,68.56,382447.3560482,7215253.5159,-1172.470829400001,-295.0945720002055,43.59,-1172.4703350281254,-295.301942186087,42.6741125541125,15.142057862122215,-0.2946134761108681,-0.014112554112553966,0.08873651839792274,-0.20627080845581247,0.010129870129869545,15.1449236841974,15.144930259474519,91.11464236619281,0.7731413561695045,-0.053390137291111577,994.9,-3.5,50.25,False
HAOS / PANGAEA,HAOS_Flight_104,HAOS_Flight_104_seg00,train,10.1594/PANGAEA.918840,CC BY 4.0,fixed-wing UAV,2020-02-28 16:57:43+00:00,1022.0,65.040164,24.503255,67.05,382462.5884366,7215253.079916,-1157.238440999994,-295.5305559998378,42.08,-1157.286785060154,-295.7215904371518,42.68718614718609,15.194130569697904,-0.5976853332808787,-0.05443722943723017,0.02173954837371639,-0.30278134853902827,-0.10050865800865871,15.20588147812048,15.20597892075996,92.25265935261558,1.1388984065710037,-0.2051186690334053,995.1,-3.43,49.92,False
HAOS / PANGAEA,HAOS_Flight_104,HAOS_Flight_104_seg00,train,10.1594/PANGAEA.918840,CC BY 4.0,fixed-wing UAV,2020-02-28 16:57:44+00:00,1023.0,65.040163,24.503578,67.73,382477.7985828,7215252.279214,-1142.0282947999658,-296.33125799987465,42.760000000000005,-1142.0820738887296,-296.49731285264875,42.56523809523804,15.185536958869648,-0.9001761731889246,-0.2151298701298714,-0.014347202273199855,-0.2158699935872619,-0.14366883116883145,15.212194117614102,15.213715217953673,93.39243917933481,0.8153021380319941,-0.8102192160184891,995.01,-3.49,49.34,False
HAOS / PANGAEA,HAOS_Flight_104,HAOS_Flight_104_seg00,train,10.1594/PANGAEA.918840,CC BY 4.0,fixed-wing UAV,2020-02-28 16:57:45+00:00,1024.0,65.040158,24.5039,67.35,382492.9447375,7215251.124591,-1126.8821401000023,-297.4858809998259,42.379999999999995,-1126.9157111424147,-297.52194278352965,42.25692640692635,15.165436165151505,-1.0294253204554025,-0.34177489177489306,-0.012015552162210952,-0.012556383151405726,-0.009664502164502764,15.200334554531354,15.204176421178742,93.88326362867957,0.049961813422046135,-1.28806111210514,995.06,-3.42,49.79,False
HAOS / PANGAEA,HAOS_Flight_104,HAOS_Flight_104_seg00,train,10.1594/PANGAEA.918840,CC BY 4.0,fixed-wing UAV,2020-02-28 16:57:46+00:00,1025.0,65.040152,24.504222,66.97,382508.0530762,7215249.89546,-1111.773801399977,-298.71501199994236,42.0,-1111.7512015584266,-298.55616349355955,41.88168831168825,15.161505854545226,-0.9252889394917361,-0.23445887445887692,-0.00399570065297894,0.17543607470337008,0.11564935064935078,15.189714263242575,15.191523635329258,93.4923628061789,-0.6600077369651287,-0.8843113865366671,995.11,-3.4,49.02,False
HAOS / PANGAEA,HAOS_Flight_104,HAOS_Flight_104_seg00,train,10.1594/PANGAEA.918840,CC BY 4.0,fixed-wing UAV,2020-02-28 16:57:47+00:00,1026.0,65.040149,24.504543,66.44,382523.1703355,7215248.950406,-1096.6565421000123,-299.6600660001859,41.47,-1096.5926994333242,-299.3725206625131,41.78800865800859,15.157444763845547,-0.6785531710486623,-0.1104761904761915,-0.008598808334170371,0.252348939443678,0.1570129870129886,15.172625553112717,15.173027752022044,92.56324815474932,-0.9507703624661914,-0.4171794505504087,995.18,-3.4,48.1,False
HAOS / PANGAEA,HAOS_Flight_104,HAOS_Flight_104_seg00,train,10.1594/PANGAEA.918840,CC BY 4.0,fixed-wing UAV,2020-02-28 16:57:48+00:00,1027.0,65.040151,24.504866,66.67,382538.3485205,7215248.551312,-1081.4783570999862,-300.0591600006446,41.7,-1081.4363120307355,-299.9132698356569,41.66073593073587,15.144308237876885,-0.4205910606043801,0.07956709956710029,0.1472222639659435,0.20278369807698482,0.20836580086580092,15.150147485885608,15.150356423774971,91.59082208124653,-0.7755595595333439,0.30090908906014435,995.15,-3.4,47.27,False
HAOS / PANGAEA,HAOS_Flight_104,HAOS_Flight_104_seg00,train,10.1594/PANGAEA.918840,CC BY 4.0,fixed-wing UAV,2020-02-28 16:57:49+00:00,1028.0,65.040155,24.505189,66.74,382553.5972821,7215248.442784,-1066.2295954999863,-300.1676880000159,41.769999999999996,-1066.3040829575705,-300.2137027837219,41.947142857142794,15.451889291777434,-0.27298577489469267,0.30625541125541034,0.18449886894364909,0.06852127384955509,0.10987012987012967,15.454300499169834,15.457334708660618,91.01212903568262,-0.2718500306827684,1.1352727415299635,995.14,-3.39,47.09,False
HAOS / PANGAEA,HAOS_Flight_104,HAOS_Flight_104_seg00,train,10.1594/PANGAEA.918840,CC BY 4.0,fixed-wing UAV,2020-02-28 16:57:50+00:00,1029.0,65.040159,24.505509,67.05,382568.6535405,7215248.343387,-1051.1733371000155,-300.2670849999413,42.08,-1050.5325334471806,-300.45924138544626,42.27324675324669,15.513305975764183,-0.28354851290526994,0.29930735930735963,-0.6002027756471762,-0.0534360832615306,-0.08225108225108002,15.515897075478799,15.518783681467664,91.04712201988099,0.257333365659973,1.1051195879131994,995.1,-3.39,46.38,False
HAOS / PANGAEA,HAOS_Flight_104,HAOS_Flight_104_seg00,train,10.1594/PANGAEA.918840,CC BY 4.0,fixed-wing UAV,2020-02-28 16:57:51+00:00,1030.0,65.040161,24.505828,67.8,382583.6548658,7215247.971366,-1036.172011799994,-300.6391059998423,42.83,-1035.277471006042,-300.7807998095324,42.54575757575751,14.251483740483081,-0.37985794141775386,0.1417532467532503,-1.8095410416689504,-0.1018393647260325,-0.14444805194805,14.256545193731606,14.25724990465822,91.52679576700257,0.649296767796727,0.5696748422513374,995.0,-3.4,45.77,False
HAOS / PANGAEA,HAOS_Flight_104,HAOS_Flight_104_seg00,train,10.1594/PANGAEA.918840,CC BY 4.0,fixed-wing UAV,2020-02-28 16:57:52+00:00,1031.0,65.040162,24.506145,68.1,382598.5702701,7215247.404805,-1021.2566074999631,-301.20566700026393,43.129999999999995,-1022.0295659662145,-301.21895726828177,42.55675324675319,11.894223892426282,-0.48722724235733494,0.010411255411259646,-1.4601528304126816,-0.13091887453938966,-0.10955627705627968,11.904198939401986,11.90420349217446,92.34571555547444,0.8572291081536053,0.05011012042399288,994.96,-3.46,45.27,False
HAOS / PANGAEA,HAOS_Flight_104,HAOS_Flight_104_seg00,train,10.1594/PANGAEA.918840,CC BY 4.0,fixed-wing UAV,2020-02-28 16:57:53+00:00,1032.0,65.04016,24.506462,67.27,382613.5074089,7215246.63432,-1006.3194686999777,-301.97615200001746,42.3,-1011.4890232211895,-301.7552542942471,42.56658008658003,11.331178079657718,-0.6416956904965332,-0.07735930735930907,0.5144991444804532,-0.14312893188723308,-0.1111471861471891,11.349333462019583,11.34959710714669,93.24125398330978,0.5397424330927809,-0.3905333463990352,995.07,-3.4,44.79,False
HAOS / PANGAEA,HAOS_Flight_104,HAOS_Flight_104_seg00,train,10.1594/PANGAEA.918840,CC BY 4.0,fixed-wing UAV,2020-02-28 16:57:54+00:00,1033.0,65.04015799999999,24.506619999999998,67.12,382620.92323960003,7215246.112368001,-998.9036379999598,-302.49810399953276,42.150000000000006,-999.367209806899,-302.50234864927484,42.40203463203457,12.923222181387189,-0.7734851061318011,-0.21188311688311856,1.6065504732651448,-0.07116100869090758,-0.02760822510822436,12.94634893546847,12.94808268486596,93.42520042166001,-0.07783924691182209,-0.9376330474074183,995.09,-3.395,44.215,True
HAOS / PANGAEA,HAOS_Flight_104,HAOS_Flight_104_seg00,train,10.1594/PANGAEA.918840,CC BY 4.0,fixed-wing UAV,2020-02-28 16:57:55+00:00,1034.0,65.040156,24.506778,66.97,382628.3390703,7215245.590416,-991.4878073,-303.0200559999794,42.0,-985.6425788584152,-303.3022245065107,42.142813852813795,14.544279026188008,-0.7840177078783483,-0.1325757575757578,1.6280893946965023,0.03167180409673165,0.1642532467532476,14.565395159688569,14.565998506431887,93.08557548948613,-0.4560020023755842,-0.521497805530468,995.11,-3.39,43.64,False
HAOS / PANGAEA,HAOS_Flight_104,HAOS_Flight_104_seg00,train,10.1594/PANGAEA.918840,CC BY 4.0,fixed-wing UAV,2020-02-28 16:57:56+00:00,1035.0,65.040153,24.507093,67.5,382643.1673433,7215244.705349,-976.659534299979,-303.9051230000332,42.53,-970.278651754523,-304.07038406503153,42.136883116883055,16.179400970780193,-0.7101414979383378,0.11662337662337663,1.632793204547653,0.08696303136032668,0.17572510822510878,16.194978132753906,16.1953980418004,92.51319641690884,-0.5618142196582351,0.4125915896757305,995.04,-3.41,43.16,False
HAOS / PANGAEA,HAOS_Flight_104,HAOS_Flight_104_seg00,train,10.1594/PANGAEA.918840,CC BY 4.0,fixed-wing UAV,2020-02-28 16:57:57+00:00,1036.0,65.040152,24.507725,67.05,382672.9169164,7215243.43287,-946.90996119997,-305.17760200053453,42.08,-953.2837769168548,-304.7225075023874,42.37606060606055,17.809865435283314,-0.610091645157695,0.21887445887445978,1.097134357574447,0.09485735070039425,0.029826839826840867,17.82031196804339,17.821656058490696,91.96194705016967,-0.4453751619041625,0.7036887015940667,995.1,-3.43,42.77,False
HAOS / PANGAEA,HAOS_Flight_104,HAOS_Flight_104_seg00,train,10.1594/PANGAEA.918840,CC BY 4.0,fixed-wing UAV,2020-02-28 16:57:58+00:00,1037.0,65.040155,24.508044,67.35,382687.9069179,7215243.168245,-931.9199596999679,-305.4422270003706,42.379999999999995,-934.6589208839564,-305.2905673553469,42.574632034631975,18.373669685929087,-0.5204267965375493,0.17627705627705836,-0.41886372641158687,0.0876211624469505,-0.023484848484848442,18.381038647970463,18.38188389090611,91.6224460931005,-0.2471360707875466,0.5494587072130146,995.06,-3.37,42.58,False
HAOS / PANGAEA,HAOS_Flight_104,HAOS_Flight_104_seg00,train,10.1594/PANGAEA.918840,CC BY 4.0,fixed-wing UAV,2020-02-28 16:57:59+00:00,1038.0,65.040158,24.508362,68.03,382702.8952739,7215242.906215,-916.9316036999808,-305.7042570002377,43.06,-916.5364375449966,-305.76336109546247,42.728614718614665,16.97213798246014,-0.43484932026379397,0.1719047619047629,-1.8503819148309617,0.05726381604864628,-0.06163419913420043,16.97770778482773,16.97857805807558,91.46767490859457,-0.01893351393076512,0.5801184050516321,994.97,-3.42,42.13,False
HAOS / PANGAEA,HAOS_Flight_104,HAOS_Flight_104_seg00,train,10.1594/PANGAEA.918840,CC BY 4.0,fixed-wing UAV,2020-02-28 16:58:00+00:00,1039.0,65.040161,24.508678,67.92,382717.7663998,7215242.672534,-902.0604777999688,-305.9379380000755,42.95,-900.7146449190361,-306.1602659958745,42.9184415584415,14.672905856267164,-0.40589916444025675,0.053008658008657505,-1.4009816846317733,-0.04315047729376431,-0.12764069264069278,14.67851901244034,14.678614727432436,91.58457906523898,0.31929915241653223,0.2069118264543369,994.99,-3.41,42.09,False
HAOS / PANGAEA,HAOS_Flight_104,HAOS_Flight_104_seg00,train,10.1594/PANGAEA.918840,CC BY 4.0,fixed-wing UAV,2020-02-28 16:58:01+00:00,1040.0,65.040162,24.508993,67.8,382732.6090811,7215242.125244,-887.2177965000155,-306.48522800020874,42.83,-887.1906258324623,-306.575159424343,42.83463203463198,14.170174613196593,-0.5211502748513226,-0.08337662337662266,0.057135901625628094,-0.12137424897146332,-0.028354978354979465,14.179754799623963,14.179999923793531,92.10627321342764,0.46356078806624496,-0.33689394796807065,995.0,-3.4,42.06,False
HAOS / PANGAEA,HAOS_Flight_104,HAOS_Flight_104_seg00,train,10.1594/PANGAEA.918840,CC BY 4.0,fixed-wing UAV,2020-02-28 16:58:02+00:00,1041.0,65.040161,24.509309,67.8,382747.4700238,7215241.416001,-872.3568538000109,-307.1944709997624,42.83,-872.3742956926429,-307.20256654557716,42.751688311688255,14.78717765951842,-0.6486476623831834,-0.0037012987013014254,0.2784189777075312,-0.061925431889847005,0.06985930735930523,14.80139746524212,14.801397928023148,92.51170064137148,0.20075791421058822,-0.014327619427790863,995.0,-3.4,42.06,False
HAOS / PANGAEA,HAOS_Flight_104,HAOS_Flight_104_seg00,train,10.1594/PANGAEA.918840,CC BY 4.0,fixed-wing UAV,2020-02-28 16:58:03+00:00,1042.0,65.040159,24.509622,67.95,382762.2097728,7215240.678702,-857.6171048000106,-307.9317700006068,42.980000000000004,-857.6162705134254,-307.87245474910935,42.82722943722938,14.727012568611656,-0.6450011386310166,0.05634199134198781,-0.05427288354604798,0.0460878214143321,0.012337662337664312,14.741130406616751,14.741238078427108,92.50778904184881,-0.17031873751031462,0.21898880919826452,994.98,-3.39,41.78,False
HAOS / PANGAEA,HAOS_Flight_104,HAOS_Flight_104_seg00,train,10.1594/PANGAEA.918840,CC BY 4.0,fixed-wing UAV,2020-02-28 16:58:04+00:00,1043.0,65.040159,24.509935,66.82,382776.9279607,7215240.043618,-842.8989168999833,-308.56685400009155,41.849999999999994,-842.9202705554196,-308.4925688228392,42.86437229437223,14.678631892426324,-0.5564720195545192,0.0209740259740272,-0.04679837185742031,0.09205371648923233,0.029870129870133155,14.689176128765776,14.68919110270092,92.17106316635085,-0.3518994680756295,0.08181005799754966,995.13,-3.32,42.01,False
HAOS / PANGAEA,HAOS_Flight_104,HAOS_Flight_104_seg00,train,10.1594/PANGAEA.918840,CC BY 4.0,fixed-wing UAV,2020-02-28 16:58:05+00:00,1044.0,65.040159,24.510246,68.56,382791.5837323,7215239.461936,-828.2431453000172,-309.1485360004008,43.59,-828.2590067285728,-308.9853987882184,42.86917748917743,14.633415824896815,-0.46089370565255194,0.11608225108225412,-0.04208999069112451,0.045987197012550496,0.08341991341991317,14.6406721741951,14.641132360622487,91.80399010569755,-0.174062863689186,0.4542744770940576,994.9,-3.41,42.01,False
HAOS / PANGAEA,HAOS_Flight_104,HAOS_Flight_104_seg00,train,10.1594/PANGAEA.918840,CC BY 4.0,fixed-wing UAV,2020-02-28 16:58:06+00:00,1045.0,65.040161,24.510556,68.56,382806.1497126,7215239.15628,-813.677165000001,-309.45419200044125,43.59,-813.653438905626,-309.4143562341443,43.09653679653674,14.594451911044075,-0.4644976255294182,0.18781385281385354,-0.03690523755375352,-0.06697779758209776,0.014989177489175276,14.601841823136578,14.603049635990741,91.82293743897247,0.26779660141036193,0.7369171547183391,994.9,-3.41,42.01,False
HAOS / PANGAEA,HAOS_Flight_104,HAOS_Flight_104_seg00,train,10.1594/PANGAEA.918840,CC BY 4.0,fixed-wing UAV,2020-02-28 16:58:07+00:00,1046.0,65.040163,24.510865,67.5,382820.7029555,7215238.80256,-799.1239220999996,-309.80791200045496,42.53,-799.0701029064846,-309.9143940392772,43.24480519480514,14.559605349789308,-0.5948493008167475,0.14606060606060467,-0.036549797510531334,-0.17851376188900758,-0.17221861471861466,14.571751906764526,14.572483910882811,92.33958330851829,0.7075197230594764,0.5742875723177835,995.04,-3.36,41.84,False
HAOS / PANGAEA,HAOS_Flight_104,HAOS_Flight_104_seg00,train,10.1594/PANGAEA.918840,CC BY 4.0,fixed-wing UAV,2020-02-28 16:58:08+00:00,1047.0,65.040163,24.511176,68.1,382835.3626936,7215238.196061,-784.4641839999822,-310.4144109999761,43.129999999999995,-784.5342282060474,-310.6040548357778,43.38865800865795,14.521352316023012,-0.8215251493074334,-0.15662337662337578,-0.025375151517380345,-0.239241340906176,-0.18646103896103838,14.54457206854198,14.545415344331573,93.23797688509143,0.9456603822864074,-0.6169663544216455,994.96,-3.41,42.12,False
HAOS / PANGAEA,HAOS_Flight_104,HAOS_Flight_104_seg00,train,10.1594/PANGAEA.918840,CC BY 4.0,fixed-wing UAV,2020-02-28 16:58:09+00:00,1048.0,65.040159,24.511484,68.86,382849.8057208,7215237.207846,-770.0211567999795,-311.40262600034475,43.89,-770.0273982744386,-311.5574443378921,42.93155844155839,14.508855046754547,-1.0733319826290995,-0.2268614718614721,-0.005579375004145959,-0.19132739500528828,0.08251082251082309,14.548502201693115,14.550270871708353,94.2309040730911,0.7530229573096965,-0.8933669813525952,994.86,-3.43,42.38,False
HAOS / PANGAEA,HAOS_Flight_104,HAOS_Flight_104_seg00,train,10.1594/PANGAEA.918840,CC BY 4.0,fixed-wing UAV,2020-02-28 16:58:10+00:00,1049.0,65.040153,24.511793,67.73,382864.3300845,7215235.915414,-755.4967930999701,-312.695058000274,42.760000000000005,-755.5165181125383,-312.750718801036,42.934935064935004,14.51019356601472,-1.20417993931801,0.008398268398270403,-0.0019784084427101334,-0.011082528136853398,0.07781385281385234,14.560074403981284,14.56007682604673,94.74402279971082,0.04410872782162687,0.03304827075224497,995.01,-3.4,42.48,False
HAOS / PANGAEA,HAOS_Flight_104,HAOS_Flight_104_seg00,train,10.1594/PANGAEA.918840,CC BY 4.0,fixed-wing UAV,2020-02-28 16:58:11+00:00,1050.0,65.040146,24.5121,67.65,382878.74883,7215234.613269,-741.0780475999927,-313.99720299988985,42.68000000000001,-741.0070111424092,-313.9658042165281,42.94835497835493,14.504898229869127,-1.0954970389028063,-0.07123376623376743,0.002140805087009312,0.21556399566689777,-0.01256493506493861,14.546208661404021,14.54638307864045,94.31912152873434,-0.8476433870940804,-0.2805790590398032,995.02,-3.35,42.48,False
HAOS / PANGAEA,HAOS_Flight_104,HAOS_Flight_104_seg00,train,10.1594/PANGAEA.918840,CC BY 4.0,fixed-wing UAV,2020-02-28 16:58:12+00:00,1051.0,65.040141,24.51241,67.12,382893.292677,7215233.456196,-726.5342005999992,-315.1542760003358,42.150000000000006,-726.5067216528,-314.9417128788416,42.79246753246747,14.51447517618874,-0.7730519479842144,-0.016731601731606816,0.01340911450108706,0.3643835508506612,0.13477272727272904,14.535047263579205,14.53505689362714,93.04873602552266,-1.436741176991177,-0.06595436003072869,995.09,-3.33,42.53,False
HAOS / PANGAEA,HAOS_Flight_104,HAOS_Flight_104_seg00,train,10.1594/PANGAEA.918840,CC BY 4.0,fixed-wing UAV,2020-02-28 16:58:13+00:00,1052.0,65.04014,24.51272,68.71,382907.896311,7215232.815453,-711.9305666,-315.79501899983734,43.739999999999995,-711.9780607900317,-315.51190811249654,42.914891774891714,14.531716458871301,-0.36672993720148384,0.19831168831169066,0.011349650325371385,0.3679013862788736,0.08165584415584703,14.536343215811565,14.537695883928508,91.44563917475199,-1.450962555775957,0.781607710045113,994.88,-3.42,42.58,False
HAOS / PANGAEA,HAOS_Flight_104,HAOS_Flight_104_seg00,train,10.1594/PANGAEA.918840,CC BY 4.0,fixed-wing UAV,2020-02-28 16:58:14+00:00,1053.0,65.040145,24.513028,67.73,382922.4063289,7215232.788332,-697.4205486999708,-315.82213999982923,42.760000000000005,-697.4432887350574,-315.67517275324457,43.18909090909085,14.537174476839482,-0.03724917542646722,0.14658008658008725,0.0030937651530962285,0.22358505402637263,-0.10190476190476261,14.537222199276698,14.537961170429815,90.14681091397074,-0.8813305825944723,0.5776987931554337,995.01,-3.33,42.69,False
HAOS / PANGAEA,HAOS_Flight_104,HAOS_Flight_104_seg00,train,10.1594/PANGAEA.918840,CC BY 4.0,fixed-wing UAV,2020-02-28 16:58:15+00:00,1054.0,65.040153,24.513335,68.26,382936.895449,7215233.103236,-682.9314285999862,-315.50723600015044,43.290000000000006,-682.9037118363527,-315.5864064633495,43.20805194805189,14.537903989177494,0.08044017085126143,-0.005497835497834558,-0.0066549180758670445,0.0007684664242191275,-0.1780086580086575,14.53812653059635,14.538127570145496,89.68297800956304,-0.002964265760027243,-0.02166735547417315,994.94,-3.4,42.68,False
HAOS / PANGAEA,HAOS_Flight_104,HAOS_Flight_104_seg00,train,10.1594/PANGAEA.918840,CC BY 4.0,fixed-wing UAV,2020-02-28 16:58:16+00:00,1055.0,65.04016,24.513643,68.71,382951.4318794,7215233.298436,-668.3949982000049,-315.31203600019217,43.739999999999995,-668.3674807567024,-315.51429241154204,43.17809523809518,14.523864640687748,-0.03571224257802896,-0.20943722943722776,0.14169353073248203,-0.2066441520330642,-0.07354437229437494,14.523908546437829,14.525418528165176,90.14088238245068,0.8017609025957851,-0.8261576165199092,994.88,-3.41,43.22,False
HAOS / PANGAEA,HAOS_Flight_104,HAOS_Flight_104_seg00,train,10.1594/PANGAEA.918840,CC BY 4.0,fixed-wing UAV,2020-02-28 16:58:17+00:00,1056.0,65.040164,24.513952,67.57,382965.9726773,7215233.14861,-653.8542003000039,-315.46186200063676,42.599999999999994,-653.8559825549772,-315.65783094850553,42.78917748917743,14.821291050642458,-0.33284813321486695,-0.15258658008658443,0.18482888550042276,-0.3107108375444625,0.12850649350649057,14.82502803665608,14.82581326444055,91.28649981475462,1.1927454143550726,-0.5896959068914827,995.03,-3.33,43.34,False
HAOS / PANGAEA,HAOS_Flight_104,HAOS_Flight_104_seg00,train,10.1594/PANGAEA.918840,CC BY 4.0,fixed-wing UAV,2020-02-28 16:58:18+00:00,1057.0,65.040164,24.51426,67.42,382980.4545926,7215232.568568,-639.3722849999904,-316.0419040005654,42.45,-638.7248986554175,-316.1799886779718,42.87292207792201,14.893522411688593,-0.657133917666954,0.047575757575753386,-0.5625252957724456,-0.24329540083283518,0.05158549783550015,14.90801243671398,14.908088350487049,92.52637321116083,1.0686976888607385,0.1828466989868406,995.05,-3.33,43.85,False
HAOS / PANGAEA,HAOS_Flight_104,HAOS_Flight_104_seg00,train,10.1594/PANGAEA.918840,CC BY 4.0,fixed-wing UAV,2020-02-28 16:58:19+00:00,1058.0,65.04016,24.514569,67.8,382994.9747779,7215231.584941,-624.852099700016,-317.0255310004577,42.83,-624.0689377316,-316.97209878383944,42.88432900432894,13.696240459097567,-0.8194389348805373,-0.049415584415584135,-1.7157182559506907,-0.08106653244551865,-0.03317099567099291,13.720731863913793,13.720820849402648,93.4238951924761,0.7809808990928644,-0.20635139697719362,995.0,-3.33,43.81,False
HAOS / PANGAEA,HAOS_Flight_104,HAOS_Flight_104_seg00,train,10.1594/PANGAEA.918840,CC BY 4.0,fixed-wing UAV,2020-02-28 16:58:20+00:00,1059.0,65.040157,24.514873,67.57,383009.2792381,7215230.711163,-610.5476395000005,-317.89930900000036,42.599999999999994,-611.3324177372224,-317.81886654773285,42.774090909090845,11.462085899787212,-0.8192669825579912,-0.018766233766232432,-1.3591145178598936,-0.00889168623069736,0.07219696969697154,11.49132766754175,11.491342990892765,94.08833500934657,0.46862170155725597,-0.09356839065201548,995.03,-3.33,43.55,False
HAOS / PANGAEA,HAOS_Flight_104,HAOS_Flight_104_seg00,train,10.1594/PANGAEA.918840,CC BY 4.0,fixed-wing UAV,2020-02-28 16:58:21+00:00,1060.0,65.040153,24.515178,68.71,383023.6045214,7215229.677783,-596.2223561999854,-318.9326889999211,43.739999999999995,-601.1447659320256,-318.6106327489554,42.846796536796475,10.97801142337778,-0.837222307341932,0.09497835497835894,0.5474750976181326,-0.02937480202146503,0.08560606060605913,11.009889917874927,11.010299582283778,94.3611385955906,-0.04429671993937817,0.49425779363485556,994.88,-3.41,43.83,False
HAOS / PANGAEA,HAOS_Flight_104,HAOS_Flight_104_seg00,train,10.1594/PANGAEA.918840,CC BY 4.0,fixed-wing UAV,2020-02-28 16:58:22+00:00,1061.0,65.04015100000001,24.515332,67.91499999999999,383030.8393652,7215229.165203501,-588.9875123999664,-319.44526849966496,42.94499999999999,-589.3763948904668,-319.4933111624167,42.96404761904756,12.557036095023477,-0.8780165866009213,0.15244588744588583,1.5781257511905835,-0.004320176433168399,0.01566017316016932,12.587695127308605,12.588618207200819,93.9997415694678,-0.46818330662012075,0.6938584765741451,994.985,-3.375,44.065,True
HAOS / PANGAEA,HAOS_Flight_104,HAOS_Flight_104_seg00,train,10.1594/PANGAEA.918840,CC BY 4.0,fixed-wing UAV,2020-02-28 16:58:23+00:00,1062.0,65.040149,24.515486,67.12,383038.074209,7215228.652624,-581.7526686000056,-319.95784800034016,42.150000000000006,-576.0306937419787,-320.36666592215727,43.15168831168825,14.134262925758946,-0.8458626602082688,0.12629870129869758,1.5635465314931878,0.07135313093759521,-0.12056277056276876,14.159550561173136,14.160113822154404,93.42477198235036,-0.6577703853156147,0.5110466331285667,995.09,-3.34,44.3,False
HAOS / PANGAEA,HAOS_Flight_104,HAOS_Flight_104_seg00,train,10.1594/PANGAEA.918840,CC BY 4.0,fixed-wing UAV,2020-02-28 16:58:24+00:00,1063.0,65.040145,24.515796,68.1,383052.6470608,7215227.659622,-567.179816799995,-320.950850000605,43.129999999999995,-561.1078690389489,-321.18503648283325,43.21664502164496,15.684129158009853,-0.7353103247257309,-0.0886796536796517,1.5257771292208986,0.13709365582047894,-0.11456709956709688,15.701356270041869,15.701606694850048,92.68420079883657,-0.7597832953902928,-0.323597259539153,994.96,-3.38,44.38,False
HAOS / PANGAEA,HAOS_Flight_104,HAOS_Flight_104_seg00,train,10.1594/PANGAEA.918840,CC BY 4.0,fixed-wing UAV,2020-02-28 16:58:25+00:00,1064.0,65.040142,24.516408,68.79,383081.4481409,7215226.223286,-538.3787366999895,-322.3871860001236,43.82000000000001,-544.662435425959,-321.83728657160873,42.97432900432894,17.185817184200744,-0.571675348567311,-0.10283549783549617,0.9939663165606589,0.165823029229216,0.006363636363635905,17.195322765011685,17.195630262730827,91.90520539156978,-0.6878406445186475,-0.34264955930298735,994.87,-3.4,44.17,False
HAOS / PANGAEA,HAOS_Flight_104,HAOS_Flight_104_seg00,train,10.1594/PANGAEA.918840,CC BY 4.0,fixed-wing UAV,2020-02-28 16:58:26+00:00,1065.0,65.040146,24.516712,68.41,383095.7910742,7215226.017176,-524.0358033999801,-322.59329599980265,43.44,-526.7362346705474,-322.3283871799679,43.010974025973965,17.67206179113117,-0.4036642662672989,-0.07595238095237988,-0.4375010677478315,0.1619103252917995,-0.0901136363636379,17.676671428451098,17.676834602201595,91.30851950979928,-0.5173106768936867,-0.2461845890833308,994.92,-3.38,44.66,False
HAOS / PANGAEA,HAOS_Flight_104,HAOS_Flight_104_seg00,train,10.1594/PANGAEA.918840,CC BY 4.0,fixed-wing UAV,2020-02-28 16:58:27+00:00,1066.0,65.04015,24.517015,67.2,383110.0616538,7215225.989565,-509.76522379997186,-322.620907000266,42.230000000000004,-509.3183118436966,-322.6446151041433,42.822424242424184,16.31081504870508,-0.24785469798371196,-0.28306277056277196,-1.7660132521688467,0.09985291993638157,-0.13647186147186297,16.312698106210902,16.31515381589936,90.87058403778241,-0.24106606604638245,-0.9941135727651496,995.08,-3.33,44.6,False
HAOS / PANGAEA,HAOS_Flight_104,HAOS_Flight_104_seg00,train,10.1594/PANGAEA.918840,CC BY 4.0,fixed-wing UAV,2020-02-28 16:58:28+00:00,1067.0,65.040156,24.517318,66.97,383124.3496235,7215226.022023,-495.4772540999693,-322.58844900038093,42.0,-494.1146045731373,-322.8240965759353,42.44484848484842,14.140035286793477,-0.20395842639453576,-0.3488961038961058,-1.27711341926846,-0.06763802546487341,0.018446969696970683,14.141506176905699,14.145809465802087,90.82638737770651,0.3623658559969274,-1.4133020534172211,995.11,-3.33,45.32,False
HAOS / PANGAEA,HAOS_Flight_104,HAOS_Flight_104_seg00,train,10.1594/PANGAEA.918840,CC BY 4.0,fixed-wing UAV,2020-02-28 16:58:29+00:00,1068.0,65.040159,24.517623,67.57,383138.6839525,7215225.788011,-481.1429250999936,-322.82246100064367,42.599999999999994,-481.03824127010967,-323.0525319569324,42.12463203463197,13.756588210168161,-0.3831307489134588,-0.2461688311688306,0.1627438103876102,-0.20634277050739058,0.17872294372294384,13.761922407676211,13.76412392592931,91.59531574977626,0.8072847964744768,-1.0247791418397938,995.03,-3.33,44.92,False
HAOS / PANGAEA,HAOS_Flight_104,HAOS_Flight_104_seg00,train,10.1594/PANGAEA.918840,CC BY 4.0,fixed-wing UAV,2020-02-28 16:58:30+00:00,1069.0,65.040157,24.517933,66.82,383153.2915264,7215225.077596,-466.53535119997105,-323.5328759998083,41.849999999999994,-466.60142815280096,-323.5903580737622,41.95251082251076,14.465522907568698,-0.6166439674093169,0.008549783549781864,0.3689874555199282,-0.1584358873900129,0.20885281385281473,14.478660254731341,14.478662779094476,92.44095697065546,0.5847933411449187,0.03383368679113759,995.13,-3.34,45.1,False
HAOS / PANGAEA,HAOS_Flight_104,HAOS_Flight_104_seg00,train,10.1594/PANGAEA.918840,CC BY 4.0,fixed-wing UAV,2020-02-28 16:58:31+00:00,1070.0,65.040156,24.51824,67.27,383167.7376207,7215224.306889,-452.0892569000134,-324.3035829998553,42.3,-452.10719545497227,-324.28581989175103,42.141731601731536,14.494563121208017,-0.7000025236934846,0.17153679653679887,0.008040475870117803,-0.00772933341619364,-0.005346320346317768,14.511456288321334,14.512470102654023,92.7649024320661,0.029170366048160406,0.6772495152595115,995.07,-3.35,45.2,False
HAOS / PANGAEA,HAOS_Flight_104,HAOS_Flight_104_seg00,train,10.1594/PANGAEA.918840,CC BY 4.0,fixed-wing UAV,2020-02-28 16:58:32+00:00,1071.0,65.040154,24.518548,66.89,383182.2185365,7215223.519154,-437.6083410999854,-325.091318000108,41.92,-437.61230191038493,-324.9903631211492,42.29558441558436,14.481603859308933,-0.6321026342417042,-0.0021428571428536713,-0.01687272856884192,0.13130602150960158,-0.10996753246753421,14.495392512042118,14.495392670431645,92.49929770275179,-0.5162142222645564,-0.008470047940309464,995.12,-3.35,44.93,False
HAOS / PANGAEA,HAOS_Flight_104,HAOS_Flight_104_seg00,train,10.1594/PANGAEA.918840,CC BY 4.0,fixed-wing UAV,2020-02-28 16:58:33+00:00,1072.0,65.040153,24.518856,66.97,383196.6997903,7215222.922345,-423.12708730000304,-325.68812699988484,42.0,-423.1439877363544,-325.55002516023444,42.13744588744583,14.460817664070333,-0.43739048067428143,-0.04839826839826955,0.0023378159077083183,0.20153698479067828,-0.05373376623376558,14.467430938009453,14.467511891768295,91.73247398753699,-0.7967622872430398,-0.19167232817278199,995.11,-3.35,45.08,False
HAOS / PANGAEA,HAOS_Flight_104,HAOS_Flight_104_seg00,train,10.1594/PANGAEA.918840,CC BY 4.0,fixed-wing UAV,2020-02-28 16:58:34+00:00,1073.0,65.040156,24.519164,67.95,383211.1948613,7215222.646114,-408.63201629999094,-325.96435800008476,42.980000000000004,-408.69066658224426,-325.86514408249775,42.19878787878782,14.48627949112435,-0.22902866466034766,-0.10961038961038483,0.04050040010750422,0.17258609852899554,0.08637445887445949,14.48808985422875,14.488504479818358,90.90577312826571,-0.6845661927542311,-0.4334658993277535,994.98,-3.4,45.05,False
HAOS / PANGAEA,HAOS_Flight_104,HAOS_Flight_104_seg00,train,10.1594/PANGAEA.918840,CC BY 4.0,fixed-wing UAV,2020-02-28 16:58:35+00:00,1074.0,65.040161,24.519469,67.2,383225.576689,7215222.600631,-394.2501885999809,-326.00984100066125,42.230000000000004,-394.1714287541057,-326.00808248955514,41.91822510822506,14.541818464285342,-0.09221828361629036,0.12435064935064943,0.04071104339932674,0.08437347734442824,0.28387445887445395,14.542110866723002,14.542642522734894,90.36334160202853,-0.3343411700338088,0.48992844326909535,995.08,-3.36,45.31,False
HAOS / PANGAEA,HAOS_Flight_104,HAOS_Flight_104_seg00,train,10.1594/PANGAEA.918840,CC BY 4.0,fixed-wing UAV,2020-02-28 16:58:36+00:00,1075.0,65.040165,24.519777,66.36,383240.105851,7215222.569846,-379.7210265999893,-326.040626000613,41.39,-379.6070296536736,-326.04958064973033,42.44748917748912,14.567701577923003,-0.06028170997149118,0.45813852813852307,-0.0009679495659611348,-0.03819148370176606,0.15738095238095262,14.567826301407408,14.575028441102349,90.23709078819809,0.1505088820596568,1.8012814660010368,995.19,-3.38,45.0,False
HAOS / PANGAEA,HAOS_Flight_104,HAOS_Flight_104_seg00,train,10.1594/PANGAEA.918840,CC BY 4.0,fixed-wing UAV,2020-02-28 16:58:37+00:00,1076.0,65.04017,24.520089,67.65,383254.7772338,7215222.537564,-365.04964380001184,-326.0729080000892,42.68000000000001,-365.0360255982597,-326.1286459094981,42.834502164502105,14.53988256515342,-0.16860125101982248,0.4391125541125547,-0.04893306201373093,-0.16880946202320501,0.03123376623376828,14.54086006363784,14.547488828848678,90.66435936614783,0.6690338165858208,1.7297224606053359,995.02,-3.41,45.14,False
HAOS / PANGAEA,HAOS_Flight_104,HAOS_Flight_104_seg00,train,10.1594/PANGAEA.918840,CC BY 4.0,fixed-wing UAV,2020-02-28 16:58:38+00:00,1077.0,65.040173,24.520399,67.65,383269.4142369,7215222.231167,-350.41264070000034,-326.37930500041693,42.68000000000001,-350.52726452336674,-326.38678315177,43.32571428571423,14.469835453895541,-0.3979006340179012,0.5206060606060596,-0.08074776082399637,-0.2639259079942917,-0.03369047619047727,14.47530528097298,14.484664084738176,91.57515842136974,1.0543686751012151,2.0597616761460693,995.02,-3.41,45.14,False
HAOS / PANGAEA,HAOS_Flight_104,HAOS_Flight_104_seg00,train,10.1594/PANGAEA.918840,CC BY 4.0,fixed-wing UAV,2020-02-28 16:58:39+00:00,1078.0,65.040174,24.520706,70.83,383283.8489126,7215221.759208,-335.9779649999691,-326.85126399993896,45.86,-336.0963546904686,-326.9244471775339,43.875714285714224,14.378387043505427,-0.6964530670084059,0.37173160173160014,0.06862033181917582,-0.3276386478204074,-0.2637391774891764,14.395244383038106,14.400043237126619,92.77309671635027,1.2743807399226899,1.479232930091379,994.6,-3.63,45.45,False
HAOS / PANGAEA,HAOS_Flight_104,HAOS_Flight_104_seg00,train,10.1594/PANGAEA.918840,CC BY 4.0,fixed-wing UAV,2020-02-28 16:58:40+00:00,1079.0,65.040171,24.521008,68.41,383298.0675985,7215220.922429,-321.75927909999155,-327.68804300017655,43.44,-321.7704904363559,-327.7796892857868,44.06917748917743,14.607076117533893,-1.053177929658716,-0.006872294372293197,0.1367137308451163,-0.3199137987486296,-0.2937987012986998,14.644994245644115,14.644995858086789,94.12391990121512,1.2189997205914231,-0.026886554381474335,994.92,-3.46,44.95,False
HAOS / PANGAEA,HAOS_Flight_104,HAOS_Flight_104_seg00,train,10.1594/PANGAEA.918840,CC BY 4.0,fixed-wing UAV,2020-02-28 16:58:41+00:00,1080.0,65.040165,24.521309,69.09,383312.1824777,7215219.728249,-307.64439989998937,-328.8822229998186,44.120000000000005,-306.88220245540083,-329.03080303685135,43.86196969696964,14.65181450519566,-1.336280664505665,-0.21586580086579943,-0.5590876386378909,-0.17952743239774804,-0.12347943722943988,14.712624317537426,14.714207839804937,95.21109615753312,0.9264698094398505,-0.8405918393498111,994.83,-3.46,44.97,False
HAOS / PANGAEA,HAOS_Flight_104,HAOS_Flight_104_seg00,train,10.1594/PANGAEA.918840,CC BY 4.0,fixed-wing UAV,2020-02-28 16:58:42+00:00,1081.0,65.040157,24.521613,68.1,383326.444859,7215218.248908,-293.38201860000845,-330.36156400013715,43.129999999999995,-292.46686142596457,-330.4522506147981,43.63744588744583,13.488900840258111,-1.4122327944542121,-0.25383116883117296,-1.350767237768821,-0.005352164558203754,0.13785714285714157,13.562626860016755,13.565001939045867,95.97685952009482,0.6099491888819045,-1.0721932518745438,994.96,-3.39,45.03,False
HAOS / PANGAEA,HAOS_Flight_104,HAOS_Flight_104_seg00,train,10.1594/PANGAEA.918840,CC BY 4.0,fixed-wing UAV,2020-02-28 16:58:43+00:00,1082.0,65.040148,24.521917,67.95,383340.7324944,7215216.658654,-279.09438319999026,-331.95181800052524,42.980000000000004,-279.9044007748846,-331.8552686257598,43.35430735930729,11.950280029658018,-1.3469849936220726,0.05984848484848371,-1.5663713065973468,0.11959441554797934,0.220735930735934,12.025953656998945,12.026102577369983,96.43099453529692,0.24275016599230934,0.2851364125848954,994.98,-3.4,45.02,False
HAOS / PANGAEA,HAOS_Flight_104,HAOS_Flight_104_seg00,train,10.1594/PANGAEA.918840,CC BY 4.0,fixed-wing UAV,2020-02-28 16:58:44+00:00,1083.0,65.040139,24.52222,68.71,383354.9560008,7215215.063733,-264.87087679997785,-333.54673899989575,43.739999999999995,-268.56630136664853,-333.14622060204226,43.757142857142796,10.356158227063418,-1.1730439633582534,0.18764069264069505,-0.7362486836581752,0.21699023485845714,-0.058560606060604314,10.42238194291231,10.424070912723073,96.46235985207943,-0.7254901017827273,1.0314205005777173,994.88,-3.41,44.64,False
HAOS / PANGAEA,HAOS_Flight_104,HAOS_Flight_104_seg00,train,10.1594/PANGAEA.918840,CC BY 4.0,fixed-wing UAV,2020-02-28 16:58:45+00:00,1084.0,65.04013599999999,24.522370000000002,68.975,383361.9883439,7215214.4500824995,-257.83853369997814,-334.16038950067014,44.004999999999995,-259.1920843207578,-334.2013565524763,43.72958874458868,10.477782662341667,-0.9130045239051583,-0.05727272727272492,1.1798497341952867,0.2719570358023873,-0.17280303030303124,10.517485763239184,10.517641700743955,94.98001433173147,-1.8149515004270729,-0.31199976808520685,994.845,-3.435,44.565,True
HAOS / PANGAEA,HAOS_Flight_104,HAOS_Flight_104_seg00,train,10.1594/PANGAEA.918840,CC BY 4.0,fixed-wing UAV,2020-02-28 16:58:46+00:00,1085.0,65.040133,24.52252,69.24,383369.020687,7215213.836432,-250.80619059997844,-334.7740400005132,44.269999999999996,-247.6107360419652,-334.9722296498526,43.642597402597346,12.715857695453991,-0.6291298917534789,-0.15796536796536742,2.2541868457738445,0.25496101629964585,-0.06879870129870369,12.731411600907977,12.732391543194494,92.83245685122529,-1.719650908658994,-0.7108626109695755,994.81,-3.46,44.49,False
HAOS / PANGAEA,HAOS_Flight_104,HAOS_Flight_104_seg00,train,10.1594/PANGAEA.918840,CC BY 4.0,fixed-wing UAV,2020-02-28 16:58:47+00:00,1086.0,65.04013,24.522822,68.48,383383.230587,7215213.044135,-236.59629059996223,-335.56633700057864,43.510000000000005,-233.7603689298498,-335.45961633598324,43.41365800865795,14.986156353889356,-0.4030824913058666,-0.1948701298701323,2.267549671532194,0.15042388966622866,-0.017867965367965866,14.991576226601914,14.992842696617986,91.54071251441349,-0.871130854852706,-0.7447253741813442,994.91,-3.46,44.05,False
HAOS / PANGAEA,HAOS_Flight_104,HAOS_Flight_104_seg00,train,10.1594/PANGAEA.918840,CC BY 4.0,fixed-wing UAV,2020-02-28 16:58:48+00:00,1087.0,65.040133,24.523125,67.5,383397.5074208,7215212.721932,-222.31945680000354,-335.88854000065476,42.53,-217.63842333418648,-335.7783946324643,43.25285714285708,17.25095703851838,-0.32828211242102157,-0.19370129870129915,1.7437772156911535,0.044069318221758635,0.018647186147187966,17.254080325828507,17.255167576214987,91.09019514151987,-0.28200808568646757,-0.6431986220782069,995.04,-3.44,44.53,False
HAOS / PANGAEA,HAOS_Flight_104,HAOS_Flight_104_seg00,train,10.1594/PANGAEA.918840,CC BY 4.0,fixed-wing UAV,2020-02-28 16:58:49+00:00,1088.0,65.040141,24.523744,67.5,383426.6417259,7215212.493591,-193.18515169998864,-336.11688099987805,42.53,-199.25845485281303,-336.1161805608253,43.02625541125535,18.473710785271663,-0.3149438548623493,-0.15757575757575637,0.26397872197193806,0.014560176920397794,0.10859848484848555,18.476395206034596,18.477067135477796,90.97669634304054,-0.06309152060058028,-0.4886346539417728,995.04,-3.4,44.38,False
HAOS / PANGAEA,HAOS_Flight_104,HAOS_Flight_104_seg00,train,10.1594/PANGAEA.918840,CC BY 4.0,fixed-wing UAV,2020-02-28 16:58:50+00:00,1089.0,65.040145,24.524053,68.41,383441.2421233,7215212.340407,-178.58475430001272,-336.27006500028074,43.44,-180.69100176364316,-336.408282342189,42.93770562770557,17.778914482462255,-0.299161758580226,0.023495670995671958,-1.1358987815949462,-0.035726618002570376,0.15374458874458696,17.781431267828328,17.781446790940787,90.96401210031871,0.1947417311431819,0.075708303854592,994.92,-3.46,44.22,False
HAOS / PANGAEA,HAOS_Flight_104,HAOS_Flight_104_seg00,train,10.1594/PANGAEA.918840,CC BY 4.0,fixed-wing UAV,2020-02-28 16:58:51+00:00,1090.0,65.040146,24.524361,68.71,383455.7010966,7215211.930355,-164.12578100000974,-336.6801169998944,43.739999999999995,-163.70062588788852,-336.71450407798574,43.07324675324669,16.20191322208177,-0.3863970908674901,0.14991341991341756,-1.7437600118981322,-0.09875722353861249,0.03673701298701282,16.206520131345254,16.20721348045891,91.36617980532691,0.5132082976035097,0.5299818350387983,994.88,-3.46,43.99,False
HAOS / PANGAEA,HAOS_Flight_104,HAOS_Flight_104_seg00,train,10.1594/PANGAEA.918840,CC BY 4.0,fixed-wing UAV,2020-02-28 16:58:52+00:00,1091.0,65.040146,24.524669,67.57,383470.2064543,7215211.395513,-149.62042330001714,-337.2149590002373,42.599999999999994,-148.28717531947962,-337.181076523924,43.237532467532404,14.291394458665991,-0.49667620565745096,0.0969696969696976,-1.1772455685039063,-0.04459876192379397,-0.08304112554112208,14.300022476431822,14.300351252629625,91.99042869552574,0.30044540928523067,0.3885217123577236,995.03,-3.44,44.06,False
HAOS / PANGAEA,HAOS_Flight_104,HAOS_Flight_104_seg00,train,10.1594/PANGAEA.918840,CC BY 4.0,fixed-wing UAV,2020-02-28 16:58:53+00:00,1092.0,65.040147,24.524977,68.18,383484.7043796,7215210.86226,-135.12249799998244,-337.7482120003551,43.21000000000001,-135.11783697055654,-337.70785648930064,43.26718614718609,13.847422085073958,-0.475594614715078,-0.016168831168826614,0.14173343939580008,0.017512799769832554,-0.09094155844155694,13.855586910692018,13.855596344829094,91.96707062389737,-0.0881116886708615,-0.06686150295070349,994.95,-3.44,44.45,False
HAOS / PANGAEA,HAOS_Flight_104,HAOS_Flight_104_seg00,train,10.1594/PANGAEA.918840,CC BY 4.0,fixed-wing UAV,2020-02-28 16:58:54+00:00,1093.0,65.040145,24.525284,68.18,383499.1384098,7215210.141719,-120.68846779997693,-338.46875299979,43.21000000000001,-120.5923311493317,-338.13226575335415,43.20519480519475,14.574861337457591,-0.46165060611778586,-0.08491341991341628,0.38809006623221975,-0.1867695498034294,-0.05641774891775242,14.582170767353022,14.582417994870617,91.81420531818401,0.6780665511607837,-0.33363520929140944,994.95,-3.44,44.38,False
HAOS / PANGAEA,HAOS_Flight_104,HAOS_Flight_104_seg00,train,10.1594/PANGAEA.918840,CC BY 4.0,fixed-wing UAV,2020-02-28 16:58:55+00:00,1094.0,65.040142,24.525593,68.18,383513.6724362,7215209.271643,-106.15444139996544,-339.3388290004805,43.21000000000001,-105.96811429564136,-338.6311577015362,43.097359307359255,14.623602217538398,-0.8491337143219368,-0.12900432900433145,-0.055665792756737886,-0.7614628863148027,-0.10073593073593479,14.648234360549809,14.648802408336797,93.32320372621894,2.999350486069202,-0.5045804378410762,994.95,-3.45,44.31,False
HAOS / PANGAEA,HAOS_Flight_104,HAOS_Flight_104_seg00,train,10.1594/PANGAEA.918840,CC BY 4.0,fixed-wing UAV,2020-02-28 16:58:56+00:00,1095.0,65.04014,24.5259,68.18,383528.0946912,7215208.44294,-91.73218639998231,-340.1675319997594,43.21000000000001,-91.3451267142549,-339.830533181998,42.94718614718609,14.463529751944115,-1.9845763787473913,-0.28638528138528585,-0.3770876355040613,-1.5432492975998287,-0.04901515151514957,14.599049156998367,14.601857855007658,97.81290629032242,6.2593921930229905,-1.1238104262153306,994.95,-3.48,44.0,False
HAOS / PANGAEA,HAOS_Flight_104,HAOS_Flight_104_seg00,train,10.1594/PANGAEA.918840,CC BY 4.0,fixed-wing UAV,2020-02-28 16:58:57+00:00,1096.0,65.04013,24.526205,67.8,383542.4380767,7215206.707574,-77.38880089996383,-341.90289800055325,42.83,-77.04105479175313,-342.600310459031,42.524588744588684,13.869426946530275,-3.935632309521594,-0.2270346320346306,-0.9091336392863418,-2.2617413625786327,0.15224025974026212,14.417010976651518,14.41879850143671,105.84198811226491,9.710167588136816,-0.9022016495553868,995.0,-3.46,44.19,False
HAOS / PANGAEA,HAOS_Flight_104,HAOS_Flight_104_seg00,train,10.1594/PANGAEA.918840,CC BY 4.0,fixed-wing UAV,2020-02-28 16:58:58+00:00,1097.0,65.040092,24.526501,66.97,383556.1877387,7215201.933746,-63.63913889997639,-346.6767260003835,42.0,-63.60627282119435,-347.7017978010412,42.493116883116826,12.645262473371432,-6.508059103904657,0.018095238095238386,-1.6049162179652523,-2.722700814961428,0.177997835497834,14.221726207474678,14.221737719351099,117.23324146659604,12.75378931463044,0.07290115120558148,995.11,-3.45,43.98,False
HAOS / PANGAEA,HAOS_Flight_104,HAOS_Flight_104_seg00,train,10.1594/PANGAEA.918840,CC BY 4.0,fixed-wing UAV,2020-02-28 16:58:59+00:00,1098.0,65.040022,24.526765,66.97,383568.2970636,7215193.651077,-51.52981400000863,-354.95939499977976,42.0,-51.75052984501026,-355.6164286668403,42.56077922077916,10.65959451059977,-9.38103393944445,0.1289610389610374,-2.3961244349564303,-2.7566728452522966,0.09926406926406983,14.19967439427459,14.200259992443355,131.3495667415258,14.806038889690686,0.5203443337796103,995.11,-3.45,43.98,False
HAOS / PANGAEA,HAOS_Flight_104,HAOS_Flight_104_seg00,train,10.1594/PANGAEA.918840,CC BY 4.0,fixed-wing UAV,2020-02-28 16:59:00+00:00,1099.0,65.039923,24.526976,67.65,383577.7940228,7215182.269971,-42.03285479999613,-366.3405010001734,42.68000000000001,-42.28708379999481,-366.4638656799301,42.7510389610389,7.853013603458571,-12.02140479440925,0.21662337662337805,-3.144007229759861,-2.229333936123922,0.04576839826839674,14.359108464217096,14.360742375464117,146.8453192459774,15.560271832694573,0.8643060112458972,995.02,-3.46,44.12,False
HAOS / PANGAEA,HAOS_Flight_104,HAOS_Flight_104_seg00,train,10.1594/PANGAEA.918840,CC BY 4.0,fixed-wing UAV,2020-02-28 16:59:01+00:00,1100.0,65.039805,24.527121,68.94,383584.1259642,7215168.922994,-35.7009133999818,-379.68747800029814,43.97,-36.04450263809312,-379.6592382556588,42.99402597402592,4.371580051080048,-13.839701811692294,0.22049783549783086,-3.640655669153073,-1.2863217272837915,-0.042705627705631244,14.513719660361364,14.515394506351496,162.47011040691496,15.45567124861667,0.8703918648655071,994.85,-3.48,44.07,False
HAOS / PANGAEA,HAOS_Flight_104,HAOS_Flight_104_seg00,train,10.1594/PANGAEA.918840,CC BY 4.0,fixed-wing UAV,2020-02-28 16:59:02+00:00,1101.0,65.039677,24.527192,68.1,383586.8926334,7215154.433656,-32.934244200005196,-394.17681600060314,43.129999999999995,-33.543923697834714,-394.1432693033147,43.19203463203456,0.5717022651524246,-14.594048248976833,0.13121212121211556,-3.731618269153758,-0.3052752207636047,-0.0974675324675296,14.605241790995594,14.605831177793243,177.75666174321077,14.803174855965432,0.5147260569712123,994.96,-3.51,43.91,False
HAOS / PANGAEA,HAOS_Flight_104,HAOS_Flight_104_seg00,train,10.1594/PANGAEA.918840,CC BY 4.0,fixed-wing UAV,2020-02-28 16:59:03+00:00,1102.0,65.039541,24.527177,68.1,383585.6002153,7215139.330964,-34.22666230000323,-409.27950800023973,43.129999999999995,-34.90109810778827,-408.8473347536125,43.25645021645015,-3.0916564872274677,-14.450252253219503,0.025562770562771675,-3.3707187636353453,0.38861067757085266,-0.057380952380949424,14.777284257152631,14.777306367262264,192.0764601188458,13.152952528877139,0.09911411186733925,994.96,-3.48,43.81,False
HAOS / PANGAEA,HAOS_Flight_104,HAOS_Flight_104_seg00,train,10.1594/PANGAEA.918840,CC BY 4.0,fixed-wing UAV,2020-02-28 16:59:04+00:00,1103.0,65.039409,24.527082,67.88,383580.5562173,7215124.887073,-39.27066029998241,-423.72339900024235,42.91,-39.72723667228965,-423.0437738097537,43.243160173160106,-6.169735262118266,-13.816826893835128,0.016450216450216715,-2.570676964065619,0.6661167911725698,0.0638961038961039,15.131765879064849,15.131774820834881,204.06256680096504,10.018183179763605,0.06228801125373376,994.99,-3.48,43.85,False
HAOS / PANGAEA,HAOS_Flight_104,HAOS_Flight_104_seg00,train,10.1594/PANGAEA.918840,CC BY 4.0,fixed-wing UAV,2020-02-28 16:59:05+00:00,1104.0,65.039287,24.526928,68.1,383572.7615408,7215111.50712,-47.06533680000575,-437.10335200000554,43.129999999999995,-47.240568632024804,-436.4809885412827,43.28935064935058,-8.233010415358706,-13.118018670874363,0.15335497835497947,-1.4046321417731278,0.5704055108156183,0.11722943722943668,15.487571609158529,15.488330836413573,212.11282647837302,5.624556536236195,0.567313333733812,994.96,-3.46,43.51,False
HAOS / PANGAEA,HAOS_Flight_104,HAOS_Flight_104_seg00,train,10.1594/PANGAEA.918840,CC BY 4.0,fixed-wing UAV,2020-02-28 16:59:06+00:00,1105.0,65.039174,24.526739,68.71,383563.383525,7215099.338401,-56.443352599977516,-449.2720710001886,43.739999999999995,-56.19325750300706,-449.27981115150243,43.549870129870065,-8.978999545664522,-12.676015872203891,0.2509090909090901,-0.12812395941970678,0.22289137437623197,-0.07042207792207833,15.53395671531914,15.535982962313954,215.3116798734374,0.8528509984389955,0.9253780083092507,994.88,-3.52,43.6,False
HAOS / PANGAEA,HAOS_Flight_104,HAOS_Flight_104_seg00,train,10.1594/PANGAEA.918840,CC BY 4.0,fixed-wing UAV,2020-02-28 16:59:07+00:00,1106.0,65.039062,24.526552,68.94,383554.0788384,7215087.199075,-65.74803919997066,-461.4113969998434,43.97,-65.19856772335385,-461.8330202856905,43.79116883116876,-8.48925833419812,-12.6722359221219,0.012510822510822805,0.9259002530271161,-0.20321381392633953,-0.07755411255411104,15.252969229978435,15.252974360804151,213.81852847525101,-3.365261936135912,0.04699525427147185,994.85,-3.49,43.94,False
HAOS / PANGAEA,HAOS_Flight_104,HAOS_Flight_104_seg00,train,10.1594/PANGAEA.918840,CC BY 4.0,fixed-wing UAV,2020-02-28 16:59:08+00:00,1107.0,65.038945,24.526388,68.94,383545.871311,7215074.420779,-73.9555665999651,-474.1896930001676,43.97,-73.1717741714033,-474.6242829957462,43.57489177489171,-7.127199039610289,-13.08244350005657,0.095800865800868,1.559090556220042,-0.67189852326797,0.1726298701298692,14.897895625973295,14.89820364635557,208.5811560011656,-6.425610290876791,0.36843523172030906,994.85,-3.49,43.94,False
HAOS / PANGAEA,HAOS_Flight_104,HAOS_Flight_104_seg00,train,10.1594/PANGAEA.918840,CC BY 4.0,fixed-wing UAV,2020-02-28 16:59:09+00:00,1108.0,65.038821,24.526273,68.63,383539.8939375,7215060.782654,-79.93294009997044,-487.8278179997578,43.66,-79.45296580257443,-487.99790728580365,43.9827705627705,-5.371077221758036,-14.01603296865784,0.3577705627705612,1.747364542313349,-0.7740938658231471,0.08790043290043315,15.009918410857253,15.014181645237167,200.96730789349743,-7.318893609502113,1.3654213178097814,994.89,-3.49,43.33,False
HAOS / PANGAEA,HAOS_Flight_104,HAOS_Flight_104_seg00,train,10.1594/PANGAEA.918840,CC BY 4.0,fixed-wing UAV,2020-02-28 16:59:10+00:00,1109.0,65.038691,24.526198,68.86,383535.8327929,7215046.533697,-83.99408470001072,-502.07677500043064,43.89,-83.91392861491937,-502.6563489330619,44.29043290043283,-3.6324699549835913,-14.630631231702864,0.2716017316017343,1.586687388150981,0.14314556655118338,-0.11488095238095042,15.074820337633804,15.077266851539996,193.94336878216137,-5.936595468013477,1.0321814185753637,994.86,-3.5,43.66,False
HAOS / PANGAEA,HAOS_Flight_104,HAOS_Flight_104_seg00,train,10.1594/PANGAEA.918840,CC BY 4.0,fixed-wing UAV,2020-02-28 16:59:11+00:00,1110.0,65.038562,24.526154,68.26,383533.1751573,7215032.161501,-86.65172029996756,-516.4489710005,43.290000000000006,-86.71790571254161,-517.2591697492094,44.525974025973966,-2.1977024454560734,-13.729741835555473,0.12800865800866035,1.1971402424281763,1.5316004329703787,-0.12917748917749172,13.904521096023615,13.905110324132309,189.09411695747048,-3.916817131247136,0.5274650307281371,994.94,-3.49,43.43,False
HAOS / PANGAEA,HAOS_Flight_104,HAOS_Flight_104_seg00,train,10.1594/PANGAEA.918840,CC BY 4.0,fixed-wing UAV,2020-02-28 16:59:12+00:00,1111.0,65.03843,24.526133,71.96,383531.6418078,7215017.56065,-88.1850698000053,-531.0498219998553,46.989999999999995,-88.30933350583152,-530.1158326041729,44.546450216450154,-1.2381894701272387,-11.567430365762107,0.013246753246750842,0.8164974050914537,1.3375309513684357,-0.16798701298701602,11.633510150882632,11.63351769273425,186.10973451966711,-3.084905584428671,0.06524107646107036,994.45,-3.74,43.67,False
HAOS / PANGAEA,HAOS_Flight_104,HAOS_Flight_104_seg00,train,10.1594/PANGAEA.918840,CC BY 4.0,fixed-wing UAV,2020-02-28 16:59:13+00:00,1112.0,65.038301,24.526125,69.16,383530.6980206,7215003.153119,-89.12885699997423,-545.4573530005291,44.19,-89.19428465279609,-540.3940304807336,44.55246753246747,-0.5647076352731659,-11.054679932818601,-0.20796536796537168,0.6199349536808931,-0.5213964134051423,-0.2510930735930721,11.069094051926657,11.071047498979988,182.92430578861314,-3.0586848750825233,-1.0763424814131668,994.82,-3.57,43.85,False
HAOS / PANGAEA,HAOS_Flight_104,HAOS_Flight_104_seg00,train,10.1594/PANGAEA.918840,CC BY 4.0,fixed-wing UAV,2020-02-28 16:59:14+00:00,1113.0,65.03823650000001,24.5261295,68.63,383530.60991995,7214995.9604805,-89.21695764997276,-552.6499915001914,43.66,-89.43874877637785,-552.22519246981,44.13051948051941,0.0016804372345475826,-12.610223192572391,-0.48893939393939334,0.48902080096988954,-1.553449916693637,-0.24265151515151118,12.61022330453985,12.619698630367754,179.99236476950205,-2.298061416385422,-2.2204315638943326,994.8900000000001,-3.54,44.120000000000005,True
HAOS / PANGAEA,HAOS_Flight_104,HAOS_Flight_104_seg00,train,10.1594/PANGAEA.918840,CC BY 4.0,fixed-wing UAV,2020-02-28 16:59:15+00:00,1114.0,65.038172,24.526134,68.1,383530.5218193,7214988.767842,-89.30505829997128,-559.8426299998537,43.129999999999995,-89.19092377832699,-565.6144768658784,43.57458874458868,0.41333396666661315,-14.161579766205875,-0.693268398268394,0.35161137467007464,-1.5571036980844326,0.05844155844155985,14.167610470457324,14.184562295490462,178.3281829558423,-1.2795660779112854,-2.801438885337507,994.96,-3.51,44.39,False
HAOS / PANGAEA,HAOS_Flight_104,HAOS_Flight_104_seg00,train,10.1594/PANGAEA.918840,CC BY 4.0,fixed-wing UAV,2020-02-28 16:59:16+00:00,1115.0,65.038042,24.526154,68.41,383530.9168784,7214974.235697,-88.9099991999683,-574.3747749999166,43.44,-88.61208084304462,-580.5483520022218,42.74398268398262,0.7049031865746969,-15.724430588741257,-0.37205627705627364,0.23832468084098934,-1.5761524578244348,0.36305194805194674,15.740222547428765,15.744619135307207,177.43323261367948,-0.6353802445310562,-1.3540650740697602,994.92,-3.51,43.89,False
HAOS / PANGAEA,HAOS_Flight_104,HAOS_Flight_104_seg00,train,10.1594/PANGAEA.918840,CC BY 4.0,fixed-wing UAV,2020-02-28 16:59:17+00:00,1116.0,65.037782,24.526207,67.2,383532.2643972,7214945.178916,-87.56248039996717,-603.4315560003743,42.230000000000004,-87.7811174051776,-597.0633380433609,42.83047619047613,0.8899833283485918,-17.313884681854745,0.03283549783549944,0.14559666612674604,-1.0749186656348968,0.18375541125540806,17.336743439911167,17.33677453482109,177.05742246678017,-0.3114551960059148,0.10851710421584161,995.08,-3.52,43.7,False
HAOS / PANGAEA,HAOS_Flight_104,HAOS_Flight_104_seg00,train,10.1594/PANGAEA.918840,CC BY 4.0,fixed-wing UAV,2020-02-28 16:59:18+00:00,1117.0,65.037653,24.526237,67.8,383533.1263213,7214930.762686,-86.70055629999842,-617.8477859999985,42.83,-86.83211418634744,-615.1761213659313,42.80965367965362,0.996096518828189,-17.87426792001105,-0.004545454545457517,0.07745818869160104,0.38652389338727744,-0.006980519480521252,17.902001618566505,17.902002195629258,176.81032222166766,-0.3360229649286508,-0.014547834447545446,995.0,-3.53,44.35,False
HAOS / PANGAEA,HAOS_Flight_104,HAOS_Flight_104_seg00,train,10.1594/PANGAEA.918840,CC BY 4.0,fixed-wing UAV,2020-02-28 16:59:19+00:00,1118.0,65.037523,24.526266,67.88,383533.9018531,7214916.281235,-85.92502450000029,-632.3292370000854,42.91,-85.78892436752122,-632.811873883383,42.82138528138522,1.044899705731794,-16.54083689508019,0.018874458874456934,-0.04662269512784789,1.718788394004946,0.010097402597404326,16.573807667059626,16.573818414290724,176.38537653692288,-0.19443113876451185,0.06524912007701868,994.99,-3.56,44.0,False
HAOS / PANGAEA,HAOS_Flight_104,HAOS_Flight_104_seg00,train,10.1594/PANGAEA.918840,CC BY 4.0,fixed-wing UAV,2020-02-28 16:59:20+00:00,1119.0,65.037393,24.526295,68.03,383534.7412925,7214901.723435,-85.0855850999942,-646.8870370006189,43.06,-84.74231477488385,-648.2577951560917,42.847402597402535,0.9028511285724932,-14.436691132001158,0.015649350649351135,-0.3223610627116642,1.172202890198605,-0.0789393939393932,14.464895125826716,14.464903591221796,176.42145994413863,0.9999814897357694,0.06198741067228772,994.97,-3.58,44.31,False
HAOS / PANGAEA,HAOS_Flight_104,HAOS_Flight_104_seg00,train,10.1594/PANGAEA.918840,CC BY 4.0,fixed-wing UAV,2020-02-28 16:59:21+00:00,1120.0,65.037261,24.52632,67.73,383535.3401609,7214886.969243,-84.48671669996111,-661.6412289999425,42.760000000000005,-83.98322211037623,-661.6852561473853,42.85268398268392,0.4001775803084655,-14.19643111468298,-0.13900432900432946,-0.8535731068162349,-0.2783156363404373,-0.16806277056276997,14.202070218447753,14.202750462259152,178.38533951639442,3.3245730703772916,-0.5607708564056578,995.01,-3.59,44.25,False
HAOS / PANGAEA,HAOS_Flight_104,HAOS_Flight_104_seg00,train,10.1594/PANGAEA.918840,CC BY 4.0,fixed-wing UAV,2020-02-28 16:59:22+00:00,1121.0,65.037129,24.526336,67.57,383535.5032473,7214872.288899,-84.32363030000124,-676.3215730004013,42.599999999999994,-83.94195961426692,-676.6506573854576,42.569393939393876,-0.8042950850599766,-14.993322404682033,-0.3204761904761888,-1.6775087839851253,-0.3160221687784599,-0.0969264069264053,15.01487953047216,15.018299248025857,183.07060608489323,6.442128712216468,-1.2227301283477368,995.03,-3.58,44.31,False
HAOS / PANGAEA,HAOS_Flight_104,HAOS_Flight_104_seg00,train,10.1594/PANGAEA.918840,CC BY 4.0,fixed-wing UAV,2020-02-28 16:59:23+00:00,1122.0,65.036996,24.52633,67.42,383534.6568858,7214857.445957,-85.16999179997947,-691.1645149998367,42.45,-85.59181228049619,-691.6719009567494,42.21173160173154,-2.954839987661785,-14.8284754522399,-0.3328571428571401,-2.5329031645076725,0.4257534047622755,-0.001482683982684918,15.120012023486172,15.123675395482325,191.26959694082734,9.736078517133363,-1.2611252875355008,995.05,-3.55,44.78,False
HAOS / PANGAEA,HAOS_Flight_104,HAOS_Flight_104_seg00,train,10.1594/PANGAEA.918840,CC BY 4.0,fixed-wing UAV,2020-02-28 16:59:24+00:00,1123.0,65.036861,24.526263,66.59,383530.8794139,7214842.502406,-88.94746369996574,-706.1080660000443,41.620000000000005,-89.85163958959049,-706.3076082899374,41.903679653679596,-5.870101414075322,-14.141815595157482,-0.32344155844155864,-3.110555248813199,1.0342363538553059,0.014404761904760477,15.311728803076694,15.315144575899229,202.54276311915993,12.225501554859251,-1.2101233509067038,995.16,-3.53,44.6,False
HAOS / PANGAEA,HAOS_Flight_104,HAOS_Flight_104_seg00,train,10.1594/PANGAEA.918840,CC BY 4.0,fixed-wing UAV,2020-02-28 16:59:25+00:00,1124.0,65.036733,24.526115,66.59,383523.3670949,7214828.592431,-96.45978269999614,-720.0180409997702,41.620000000000005,-97.33201510864683,-719.9555321470643,41.564848484848426,-9.175950485288183,-12.760002744529288,-0.3040476190476191,-3.2588503253262573,1.803595509731906,0.14662337662337777,15.716734309291336,15.71967500629399,215.72060005054584,13.539648241565805,-1.1082755665463342,995.16,-3.56,45.05,False
HAOS / PANGAEA,HAOS_Flight_104,HAOS_Flight_104_seg00,train,10.1594/PANGAEA.918840,CC BY 4.0,fixed-wing UAV,2020-02-28 16:59:26+00:00,1125.0,65.036621,24.525882,66.29,383511.9255301,7214816.560542,-107.90134749998106,-732.0499299997464,41.32000000000001,-108.20354056016686,-731.827613778996,41.29558441558436,-12.387802064727836,-10.53462457569367,-0.03019480519480311,-2.9273685786806425,2.663930424205887,0.28852813852813775,16.261486861467628,16.261514894742895,229.62205960229156,13.984318709263855,-0.10638835964657745,995.2,-3.56,45.06,False
HAOS / PANGAEA,HAOS_Flight_104,HAOS_Flight_104_seg00,train,10.1594/PANGAEA.918840,CC BY 4.0,fixed-wing UAV,2020-02-28 16:59:27+00:00,1126.0,65.036535,24.525588,66.52,383497.7190217,7214807.438431,-122.10785590001615,-741.172040999867,41.55,-122.1076192381025,-741.0247812984517,41.50445887445882,-15.030687642649468,-7.432141896117514,0.27300865800865637,-2.151939240580525,3.4546956146403716,0.12945887445887294,16.76777576707539,16.769998148546957,243.68923746907356,14.062143947496772,0.9327928810231937,995.17,-3.56,45.12,False
HAOS / PANGAEA,HAOS_Flight_104,HAOS_Flight_104_seg00,train,10.1594/PANGAEA.918840,CC BY 4.0,fixed-wing UAV,2020-02-28 16:59:28+00:00,1127.0,65.036476,24.525252,66.14,383481.61353,7214801.542709,-138.21334760001628,-747.0677629997954,41.17,-138.2649158454658,-746.691897571231,41.84160173160167,-16.691680545888886,-3.6252333464129265,0.22872294372294277,-1.0626263630895068,3.9850224804745835,-0.07469696969696926,17.08082305575319,17.082354359014303,257.7463474972851,14.053305877948159,0.7671806049348785,995.22,-3.55,45.15,False
HAOS / PANGAEA,HAOS_Flight_104,HAOS_Flight_104_seg00,train,10.1594/PANGAEA.918840,CC BY 4.0,fixed-wing UAV,2020-02-28 16:59:29+00:00,1128.0,65.036454,24.524889,67.05,383464.4744874,7214799.754336,-155.3523902000161,-748.8561359997839,42.08,-155.49098032988027,-748.2752479912775,41.961904761904705,-17.15594036882848,0.537903064831653,0.12361471861471784,0.05300942857468982,4.106133794403945,-0.09208874458874483,17.16437093650548,17.164816056241683,271.79584922496986,13.856650181541443,0.4126267862116911,995.1,-3.57,45.2,False
HAOS / PANGAEA,HAOS_Flight_104,HAOS_Flight_104_seg00,train,10.1594/PANGAEA.918840,CC BY 4.0,fixed-wing UAV,2020-02-28 16:59:30+00:00,1129.0,65.03647,24.524516,68.18,383446.9886457,7214802.209285,-172.8382319000084,-746.4011869998649,43.21000000000001,-172.57679658312276,-745.6160914415677,42.088831168831106,-16.585661688739506,4.587034242394964,0.04454545454545311,0.9193780008676171,3.78380917426648,-0.05068181818181827,17.20828453955319,17.208342194753858,285.45964786036797,13.045486067031478,0.14831582051627454,994.95,-3.58,45.19,False
HAOS / PANGAEA,HAOS_Flight_104,HAOS_Flight_104_seg00,train,10.1594/PANGAEA.918840,CC BY 4.0,fixed-wing UAV,2020-02-28 16:59:31+00:00,1130.0,65.036525,24.524152,66.82,383430.0744184,7214809.012901,-189.7524591999827,-739.5975710004568,41.849999999999994,-188.66230370735929,-739.1011795064876,42.05099567099561,-15.317184367093247,8.105521413364613,0.0222510822510813,1.3911083781368205,3.0665202629591306,-0.0030303030303020506,17.329616681220564,17.329630966316028,297.8868213590328,11.187046290081259,0.07356725918564436,995.13,-3.53,45.28,False
HAOS / PANGAEA,HAOS_Flight_104,HAOS_Flight_104_seg00,train,10.1594/PANGAEA.918840,CC BY 4.0,fixed-wing UAV,2020-02-28 16:59:32+00:00,1131.0,65.036611,24.523839,66.44,383415.7238546,7214819.151711,-204.1030230000033,-729.4587610000744,41.47,-203.21116531730925,-729.4050486148385,42.13333333333327,-13.803444932465865,10.720074768313225,0.03848484848484901,1.1446110571395565,2.013766816559155,0.008046536796538106,17.477273673025877,17.47731604467363,307.8337404405305,7.538093116525784,0.12616474804726466,995.18,-3.55,45.11,False
HAOS / PANGAEA,HAOS_Flight_104,HAOS_Flight_104_seg00,train,10.1594/PANGAEA.918840,CC BY 4.0,fixed-wing UAV,2020-02-28 16:59:33+00:00,1132.0,65.036713,24.523564,67.05,383403.2022158,7214831.038533,-216.62466179998592,-717.5719389999285,42.08,-216.26919357229102,-717.6610299698611,42.12796536796531,-13.027962252814135,12.133055046482923,0.03834415584415751,0.48250973798614893,0.6110262045882564,0.1047294372294374,17.80277577294436,17.802817066296615,312.9630075920844,2.547403647789404,0.12340518858816966,995.1,-3.53,45.25,False
HAOS / PANGAEA,HAOS_Flight_104,HAOS_Flight_104_seg00,train,10.1594/PANGAEA.918840,CC BY 4.0,fixed-wing UAV,2020-02-28 16:59:34+00:00,1133.0,65.036819,24.523305,67.12,383391.5153089,7214843.336438,-228.31156870000996,-705.2740340000018,42.150000000000006,-229.26708982293752,-705.1389385218727,42.210021645021584,-12.838425456493567,11.942127177489738,0.2479437229437238,0.4609965067090869,-0.9458898176213211,0.18157467532467564,17.533954765690513,17.535707736359782,312.9285477361093,-1.3664099003747676,0.8101527745290137,995.09,-3.5,45.47,False
HAOS / PANGAEA,HAOS_Flight_104,HAOS_Flight_104_seg00,train,10.1594/PANGAEA.918840,CC BY 4.0,fixed-wing UAV,2020-02-28 16:59:35+00:00,1134.0,65.036922,24.523044,68.03,383379.6640403,7214855.315775,-240.16283729998395,-693.2946970006451,43.06,-241.94604448527815,-693.7767756148817,42.62385281385276,-12.10596923939596,10.24127541124028,0.4014935064935088,1.0846058311690783,-2.0582792576355757,0.0031168831168830735,15.856803375020958,15.861885458854898,310.23018779133486,-3.3347734945964196,1.4504165083177667,994.97,-3.52,46.03,False
HAOS / PANGAEA,HAOS_Flight_104,HAOS_Flight_104_seg00,train,10.1594/PANGAEA.918840,CC BY 4.0,fixed-wing UAV,2020-02-28 16:59:36+00:00,1135.0,65.037007,24.522752,67.95,383366.2916961,7214865.292545,-253.53518150001764,-683.3179270001128,42.980000000000004,-253.47902830172944,-684.6563876993921,43.0130086580086,-10.66921379415541,7.825568662218586,0.25417748917748995,0.4147674662362988,-2.3888277662564974,-0.16626623376623684,13.231464313238112,13.233905473007516,306.25900074691646,-7.189614087077314,1.1005211525659526,994.98,-3.52,45.72,False
HAOS / PANGAEA,HAOS_Flight_104,HAOS_Flight_104_seg00,train,10.1594/PANGAEA.918840,CC BY 4.0,fixed-wing UAV,2020-02-28 16:59:37+00:00,1136.0,65.037063,24.522421,67.88,383350.9419519,7214872.157872,-268.8849256999674,-676.4526000004262,42.91,-263.284472073589,-678.1256382904445,43.13220779220774,-11.276434306923363,5.463619878727286,0.06896103896103511,-1.6717861824674856,-2.1311010139797304,-0.1616450216450236,12.53032772347085,12.530517486619487,295.85095961718025,-10.995719761723453,0.31532587806431217,994.99,-3.52,45.63,False
HAOS / PANGAEA,HAOS_Flight_104,HAOS_Flight_104_seg00,train,10.1594/PANGAEA.918840,CC BY 4.0,fixed-wing UAV,2020-02-28 16:59:38+00:00,1137.0,65.03708,24.5222485,68.145,383342.9021038,7214874.3514315,-276.9247738000122,-674.2590405000374,43.175,-276.03189691557617,-673.7291479419375,43.15093073593067,-14.012786159090382,3.5633666342591255,-0.06911255411255723,-2.532240430952271,-1.5852463668266807,-0.06036796536796274,14.458760586943342,14.458925764235811,284.26756122346956,-8.93139175210183,-0.2738704662891342,994.9549999999999,-3.5149999999999997,45.595,True
HAOS / PANGAEA,HAOS_Flight_104,HAOS_Flight_104_seg00,train,10.1594/PANGAEA.918840,CC BY 4.0,fixed-wing UAV,2020-02-28 16:59:39+00:00,1138.0,65.037097,24.522076,68.41,383334.8622557,7214876.544991,-284.96462189999875,-672.0654810005799,43.44,-291.31004439176974,-670.9989050219262,42.99398268398262,-16.340915168827905,2.2931271450739246,-0.051774891774890364,-2.164543816449253,-0.8713164199263872,0.018658008658011482,16.501028472743897,16.501109698978524,277.9881761129766,-4.299290447939199,-0.17977503968210304,994.92,-3.51,45.56,False
HAOS / PANGAEA,HAOS_Flight_104,HAOS_Flight_104_seg00,train,10.1594/PANGAEA.918840,CC BY 4.0,fixed-wing UAV,2020-02-28 16:59:40+00:00,1139.0,65.037112,24.521721,67.65,383318.2172005,7214878.869235,-301.60967709997203,-669.7412370005623,42.68000000000001,-308.713727253232,-669.1428936517897,43.04738095238089,-18.34187379198889,1.820733794406351,-0.03179653679653427,-1.9451936160181305,-0.16462974460671376,-0.04637445887445679,18.432021206350164,18.43204863196423,275.66898032759116,-1.2219013883663474,-0.09883916332498843,995.02,-3.43,45.27,False
HAOS / PANGAEA,HAOS_Flight_104,HAOS_Flight_104_seg00,train,10.1594/PANGAEA.918840,CC BY 4.0,fixed-wing UAV,2020-02-28 16:59:41+00:00,1140.0,65.037126,24.521005,67.73,383284.5847059,7214881.796795,-335.2421716999961,-666.8136769998819,42.760000000000005,-327.9937919757475,-667.3574374331135,42.930389610389554,-20.231302400864166,1.963867655860497,-0.14452380952380395,-1.3040156367955973,0.13161111473971232,-0.059264069264070685,20.326395966942766,20.32690975373449,275.5443733362439,0.005865951114558069,-0.4073749622183025,995.01,-3.5,45.71,False
HAOS / PANGAEA,HAOS_Flight_104,HAOS_Flight_104_seg00,train,10.1594/PANGAEA.918840,CC BY 4.0,fixed-wing UAV,2020-02-28 16:59:42+00:00,1141.0,65.037135,24.520645,67.8,383267.6913678,7214883.377305,-352.13550979999127,-665.2331670001149,42.83,-349.1763320549603,-665.2151583400687,42.75833333333328,-20.949905065580083,2.0839560238857757,-0.15032467532467564,0.389833671534646,-0.03402166067846224,0.043944805194799486,21.05329890934691,21.05383557631054,275.6807122298203,0.011145921463709806,-0.40909612903913817,995.0,-3.48,45.72,False
HAOS / PANGAEA,HAOS_Flight_104,HAOS_Flight_104_seg00,train,10.1594/PANGAEA.918840,CC BY 4.0,fixed-wing UAV,2020-02-28 16:59:43+00:00,1142.0,65.037143,24.520277,68.1,383250.3945119,7214885.037006,-369.43236569996225,-663.5734660001472,43.129999999999995,-369.8936021069077,-663.189525385342,42.6297402597402,-19.451635057794874,1.8958243345035726,-0.05663419913420498,2.021178526727624,-0.2601833745355293,0.047586580086580454,19.54380352768955,19.54388558504787,275.5666651791713,-0.19854855283574208,-0.16603172965524568,994.96,-3.48,45.7,False
HAOS / PANGAEA,HAOS_Flight_104,HAOS_Flight_104_seg00,train,10.1594/PANGAEA.918840,CC BY 4.0,fixed-wing UAV,2020-02-28 16:59:44+00:00,1143.0,65.037155,24.519911,67.12,383233.2163473,7214887.035061,-386.61053030000767,-661.575411000289,42.150000000000006,-388.07960217055006,-661.4235096710615,42.64506493506487,-16.907548012124835,1.563589274814717,-0.05515151515151473,1.5449028325759002,-0.35125815756299517,-0.02286255411254956,16.979693495544083,16.979783063756898,275.2836151241488,-0.6976650556903531,-0.18610100001366311,995.09,-3.39,45.68,False
HAOS / PANGAEA,HAOS_Flight_104,HAOS_Flight_104_seg00,train,10.1594/PANGAEA.918840,CC BY 4.0,fixed-wing UAV,2020-02-28 16:59:45+00:00,1144.0,65.037164,24.519545,67.5,383216.048039,7214888.746026,-403.7788385999738,-659.864446000196,42.53,-403.70869813115735,-660.0623468357126,42.51943722943717,-16.361829392643074,1.1933080193775822,-0.1023593073593041,-0.06248148127835407,-0.4274953495483089,-0.004891774891774503,16.405287108218182,16.405606435937464,274.1713350677906,-1.4506646652193635,-0.35748720294974506,995.04,-3.42,45.73,False
HAOS / PANGAEA,HAOS_Flight_104,HAOS_Flight_104_seg00,train,10.1594/PANGAEA.918840,CC BY 4.0,fixed-wing UAV,2020-02-28 16:59:46+00:00,1145.0,65.037168,24.519183,67.5,383199.0524167,7214889.853834,-420.77446089999285,-658.7566379997879,42.53,-420.8032609558362,-659.0368936323064,42.440346320346265,-17.032510974681543,0.7085985757180993,-0.06493506493506374,-0.29516406991437805,-0.5572049371772891,0.06989177489177045,17.04724441204962,17.047368084452657,272.3822857937101,-1.9523364793415803,-0.21824566359737038,995.04,-3.43,45.84,False
HAOS / PANGAEA,HAOS_Flight_104,HAOS_Flight_104_seg00,train,10.1594/PANGAEA.918840,CC BY 4.0,fixed-wing UAV,2020-02-28 16:59:47+00:00,1146.0,65.037165,24.518822,67.5,383182.0024048,7214890.145744,-437.8244728000136,-658.4647280005738,42.53,-437.77372008052043,-658.6451496842764,42.389567099567046,-16.95215753247183,0.07889814502300396,0.03742424242423681,0.04541045941793698,-0.5606545367745639,0.05634199134198781,16.952341133985875,16.952382443094848,270.2666621091074,-1.8888859690778146,0.12648681630839445,995.04,-3.44,45.95,False
HAOS / PANGAEA,HAOS_Flight_104,HAOS_Flight_104_seg00,train,10.1594/PANGAEA.918840,CC BY 4.0,fixed-wing UAV,2020-02-28 16:59:48+00:00,1147.0,65.037156,24.518463,67.27,383165.0813119,7214889.815241,-454.7455656999955,-658.7952310005203,42.3,-454.70757602077987,-658.8790973422604,42.51519480519474,-16.94169005584567,-0.41271049783102853,0.04774891774891188,-0.009890651512961313,-0.3334167564955237,0.016233766233771263,16.946716257238744,16.946783525569273,268.60451385555444,-1.125343525243786,0.16143565408968433,995.07,-3.4,45.76,False
HAOS / PANGAEA,HAOS_Flight_104,HAOS_Flight_104_seg00,train,10.1594/PANGAEA.918840,CC BY 4.0,fixed-wing UAV,2020-02-28 16:59:49+00:00,1148.0,65.037144,24.518105,67.57,383148.1936449,7214889.16615,-471.6332326999982,-659.4443220002577,42.599999999999994,-471.6571001922118,-659.4705706799384,42.48506493506487,-16.971938835497753,-0.5879353679680435,0.06989177489177933,-0.044291271858682535,-0.025338349524275827,0.046612554112559934,16.982119297448847,16.98226312047314,268.01597505861986,-0.08156275416298736,0.23580573450900655,995.03,-3.39,45.83,False
HAOS / PANGAEA,HAOS_Flight_104,HAOS_Flight_104_seg00,train,10.1594/PANGAEA.918840,CC BY 4.0,fixed-wing UAV,2020-02-28 16:59:50+00:00,1149.0,65.037131,24.517747,67.5,383131.2707279,7214888.33894,-488.55614970001625,-660.2715320000425,42.53,-488.6514536917754,-660.0549680781965,42.6549783549783,-17.030272599563034,-0.4633871968795802,0.14097402597403175,-0.06551564740287574,0.21461428577802621,-0.024123376623379045,17.036575727230495,17.03715898222643,268.44138834722844,0.7261823676135711,0.4740995192657532,995.04,-3.41,45.79,False
HAOS / PANGAEA,HAOS_Flight_104,HAOS_Flight_104_seg00,train,10.1594/PANGAEA.918840,CC BY 4.0,fixed-wing UAV,2020-02-28 16:59:51+00:00,1150.0,65.037121,24.517384,67.73,383114.1449436,7214887.941583,-505.6819339999929,-660.6688890000805,42.760000000000005,-505.71764539133784,-660.3973450736976,42.76701298701293,-17.102970130303504,-0.15870679641199104,0.021645021645021245,-0.06495314935411045,0.32433236359815965,-0.13361471861472296,17.10370647331394,17.103720169373773,269.468339793847,1.0886035357971129,0.07250871193377001,995.01,-3.41,45.94,False
HAOS / PANGAEA,HAOS_Flight_104,HAOS_Flight_104_seg00,train,10.1594/PANGAEA.918840,CC BY 4.0,fixed-wing UAV,2020-02-28 16:59:52+00:00,1151.0,65.037116,24.517018,67.73,383096.9326916,7214888.06678,-522.8941859999904,-660.5436920002103,42.760000000000005,-522.8573939523824,-660.3723816710204,42.69826839826834,-17.160178898271255,0.1852775303167391,-0.12625541125541417,-0.03919071136203911,0.30072372504085365,0.06187229437229291,17.161179084897235,17.16164351141188,270.6185954188227,1.0038849127781801,-0.4215195039959803,995.01,-3.41,45.94,False
HAOS / PANGAEA,HAOS_Flight_104,HAOS_Flight_104_seg00,train,10.1594/PANGAEA.918840,CC BY 4.0,fixed-wing UAV,2020-02-28 16:59:53+00:00,1152.0,65.037116,24.516654,68.18,383079.7974239,7214888.687582,-540.0294537000009,-659.9228900000453,43.21000000000001,-540.0380031878803,-660.0267900130641,42.514502164502105,-17.181351553027582,0.44274065366971627,0.14538961038960707,-0.0031672741312860353,0.18532386365103548,0.24891774891775142,17.187055026243886,17.187669958838065,271.47610961940336,0.618119590111291,0.48466781283178656,994.95,-3.44,46.06,False
HAOS / PANGAEA,HAOS_Flight_104,HAOS_Flight_104_seg00,train,10.1594/PANGAEA.918840,CC BY 4.0,fixed-wing UAV,2020-02-28 16:59:54+00:00,1153.0,65.037115,24.516288,67.35,383062.5417519,7214889.220405,-557.2851257000002,-659.3900669999421,42.379999999999995,-557.2200970584375,-659.486900363681,42.989047619047554,-17.166513446533827,0.5559252576188101,0.3715800865800887,0.018555739610690125,0.0571216493583222,0.0074675324675368415,17.17551270856522,17.179531674723503,271.85483459904526,0.19233373305241297,1.2393603886878446,995.06,-3.38,45.96,False
HAOS / PANGAEA,HAOS_Flight_104,HAOS_Flight_104_seg00,train,10.1594/PANGAEA.918840,CC BY 4.0,fixed-wing UAV,2020-02-28 16:59:55+00:00,1154.0,65.037114,24.515925,67.27,383045.4584648,7214889.855425,-574.3684128000168,-658.7550470000133,42.3,-574.371030080948,-658.9149394978265,43.25766233766228,-17.144240073806202,0.5569839523863607,0.16032467532468075,0.017469540046022303,0.00026861682653134267,-0.1321861471861503,17.153285365536203,17.15403459344292,271.8607770855082,0.002787531830194095,0.5355043990694858,995.07,-3.36,46.08,False
HAOS / PANGAEA,HAOS_Flight_104,HAOS_Flight_104_seg00,train,10.1594/PANGAEA.918840,CC BY 4.0,fixed-wing UAV,2020-02-28 16:59:56+00:00,1155.0,65.037112,24.515561,68.48,383028.3368869,7214890.281548,-591.4899906999781,-658.3289240002632,43.510000000000005,-591.50857720605,-658.3729324589083,43.309696969696915,-17.131574366441782,0.5564624912718728,0.10720779220778809,0.007564051843132802,0.03989077700217081,-0.024783549783553127,17.140609405068354,17.140944673145285,271.86040966270565,0.13409115158043763,0.35835796627706656,994.91,-3.44,46.13,False
HAOS / PANGAEA,HAOS_Flight_104,HAOS_Flight_104_seg00,train,10.1594/PANGAEA.918840,CC BY 4.0,fixed-wing UAV,2020-02-28 16:59:57+00:00,1156.0,65.03711,24.515198,70.37,383011.2100458,7214890.739323,-608.6168317999691,-657.8711489997804,45.400000000000006,-608.6341788138316,-657.8020145152827,43.47207792207786,-17.129111970119936,0.6367655063907023,0.1107575757575745,-0.0038541028140457456,0.1197529805197064,-0.11652597402597209,17.140943591151427,17.141301421876427,272.12895938866905,0.3992816265884139,0.370216102156866,994.66,-3.59,46.09,False
HAOS / PANGAEA,HAOS_Flight_104,HAOS_Flight_104_seg00,train,10.1594/PANGAEA.918840,CC BY 4.0,fixed-wing UAV,2020-02-28 16:59:58+00:00,1157.0,65.03711,24.514833,67.5,382994.067294,7214891.418141,-625.7595835999819,-657.1923310002312,42.53,-625.7668011462898,-657.0994014461269,43.531212121212064,-17.139282572069874,0.7959684523112855,-0.1258441558441561,0.005480319476362183,0.18363710282591228,-0.2748376623376618,17.15775547273981,17.15821697070803,272.6589729158825,0.6138967735153242,-0.4202303574919285,995.04,-3.35,45.97,False
HAOS / PANGAEA,HAOS_Flight_104,HAOS_Flight_104_seg00,train,10.1594/PANGAEA.918840,CC BY 4.0,fixed-wing UAV,2020-02-28 16:59:59+00:00,1158.0,65.037112,24.514469,67.5,382976.9258306,7214892.312975,-642.901046999963,-656.2974970005453,42.53,-642.9127439579713,-656.2100776106602,43.220389610389546,-17.118151331167212,1.0040397120425268,-0.43891774891774915,0.0407094389535132,0.19476566991556865,-0.16819264069263795,17.147571278175235,17.153187736698253,273.3567529356997,0.6583090905323672,-1.4662510583132398,995.04,-3.35,46.46,False
HAOS / PANGAEA,HAOS_Flight_104,HAOS_Flight_104_seg00,train,10.1594/PANGAEA.918840,CC BY 4.0,fixed-wing UAV,2020-02-28 17:00:00+00:00,1159.0,65.037117,24.514106,68.41,382959.844778,7214893.493562,-659.9820995999617,-655.1169100003317,43.44,-660.0031038086242,-655.0913220220418,42.653376623376566,-17.057863694162847,1.1854997921424228,-0.462229437229432,-0.13730131488583197,0.12094748111798026,0.2032954545454544,17.099009432297787,17.105255906254374,273.9755910969472,0.3703233341953147,-1.5484726044564798,994.92,-3.41,45.97,False
HAOS / PANGAEA,HAOS_Flight_104,HAOS_Flight_104_seg00,train,10.1594/PANGAEA.918840,CC BY 4.0,fixed-wing UAV,2020-02-28 17:00:01+00:00,1160.0,65.037122,24.51374,67.12,382942.6837185,7214894.7035,-677.143159099971,-653.9069720003754,42.150000000000006,-677.028471346297,-653.8390780263753,42.29593073593068,-17.392753960938876,1.2459346742784874,-0.03232683982684037,-0.2177752097381358,-0.01738923370885459,0.30989177489177067,17.437323291099595,17.437353256239824,274.09739960409036,-0.10604093771231003,-0.10621982136965943,995.09,-3.34,46.44,False
HAOS / PANGAEA,HAOS_Flight_104,HAOS_Flight_104_seg00,train,10.1594/PANGAEA.918840,CC BY 4.0,fixed-wing UAV,2020-02-28 17:00:02+00:00,1161.0,65.037128,24.51338,67.12,382925.7680342,7214896.041088,-694.0588433999801,-652.5693840002641,42.150000000000006,-694.788611730502,-652.5994526734848,42.588722943722885,-17.49341411363912,1.1507213247247137,0.15755411255410934,0.6353944574171635,-0.16309214234291858,0.0050811688311700465,17.53122063401304,17.53192859376364,273.7635092215226,-0.41612102464978695,0.5149066833917473,995.09,-3.32,45.71,False
HAOS / PANGAEA,HAOS_Flight_104,HAOS_Flight_104_seg00,train,10.1594/PANGAEA.918840,CC BY 4.0,fixed-wing UAV,2020-02-28 17:00:03+00:00,1162.0,65.037132,24.513022,67.5,382908.9242364,7214897.191879,-710.9026411999948,-651.4185930006206,42.53,-712.0152995735752,-651.5376353769259,42.6110389610389,-16.12196504610455,0.9197503895926502,-0.022164502164500277,1.9854614435077451,-0.24601014183429015,-0.056168831168829314,16.14817939357167,16.148194604726836,273.2651575547908,-0.48737465476269437,-0.07864240299717493,995.04,-3.32,46.03,False
HAOS / PANGAEA,HAOS_Flight_104,HAOS_Flight_104_seg00,train,10.1594/PANGAEA.918840,CC BY 4.0,fixed-wing UAV,2020-02-28 17:00:04+00:00,1163.0,65.037133,24.512661,67.95,382891.9451873,7214898.005734,-727.8816903000115,-650.604737999849,42.980000000000004,-727.0325418227111,-650.7599518942995,42.544393939393885,-13.522491226623629,0.6587010410561334,0.04521645021645071,1.5715079863639403,-0.2585150508917877,0.0030627705627672697,13.538524884033764,13.53860039158301,272.7887599119972,-0.7439562923466361,0.19135778465679412,994.98,-3.37,46.46,False
HAOS / PANGAEA,HAOS_Flight_104,HAOS_Flight_104_seg00,train,10.1594/PANGAEA.918840,CC BY 4.0,fixed-wing UAV,2020-02-28 17:00:05+00:00,1164.0,65.037131,24.512298,67.8,382874.8531331,7214898.442065,-744.9737444999628,-650.1684070006013,42.83,-739.0602820268225,-650.2202332948136,42.7014718614718,-12.978949073376668,0.40272028780907476,-0.016038961038965738,-0.6658730667762711,-0.25024066881468343,-0.08214285714285907,12.985195519495196,12.985205424936076,271.7772449700975,-1.089248894305375,-0.07077015564287067,995.0,-3.4,45.51,False
HAOS / PANGAEA,HAOS_Flight_104,HAOS_Flight_104_seg00,train,10.1594/PANGAEA.918840,CC BY 4.0,fixed-wing UAV,2020-02-28 17:00:06+00:00,1165.0,65.037129,24.512117,67.535,382866.31453005003,7214898.5472065,-753.5123475499568,-650.0632655005902,42.565,-752.9904399694644,-649.9545113186814,42.51231601731595,-14.854237360176171,0.1582197034267665,-0.11906926406926743,-1.8545260017342287,-0.20369979328961563,0.049123376623377624,14.855079973766752,14.855557159415193,270.61026212338646,-0.8966553244028883,-0.4592382012426429,995.0350000000001,-3.3499999999999996,45.68,True
HAOS / PANGAEA,HAOS_Flight_104,HAOS_Flight_104_seg00,train,10.1594/PANGAEA.918840,CC BY 4.0,fixed-wing UAV,2020-02-28 17:00:07+00:00,1166.0,65.037127,24.511936,67.27,382857.775927,7214898.652348,-762.050950600009,-649.9581240005791,42.3,-768.7687567471748,-649.9037938879601,42.46333333333327,-16.688001076845126,-0.0046792987701564925,0.08220779220778951,-1.8238381826878367,-0.1080873755292373,0.19050865800866035,16.688001732880455,16.68820421608391,269.9839343212917,-0.3948668809115691,0.2822459819909273,995.07,-3.3,45.85,False
HAOS / PANGAEA,HAOS_Flight_104,HAOS_Flight_104_seg00,train,10.1594/PANGAEA.918840,CC BY 4.0,fixed-wing UAV,2020-02-28 17:00:08+00:00,1167.0,65.037123,24.511573,67.42,382840.6746259,7214898.841033,-779.1522516999976,-649.7694390006363,42.45,-786.3664421231547,-649.9638699162217,42.67673160173153,-18.501913725551844,-0.05795504763170811,0.26194805194805326,-1.8132057181830987,-0.0005711720152135058,0.11354978354978584,18.50200449398145,18.503858707773066,269.82052836156333,-0.000176985885907071,0.8111291490222883,995.05,-3.29,46.49,False
HAOS / PANGAEA,HAOS_Flight_104,HAOS_Flight_104_seg00,train,10.1594/PANGAEA.918840,CC BY 4.0,fixed-wing UAV,2020-02-28 17:00:09+00:00,1168.0,65.037109,24.510852,67.35,382806.6867399,7214898.633168,-813.1401377000147,-649.9773040004075,42.379999999999995,-805.7725841982785,-650.0197039832235,42.987229437229374,-20.314412513211323,-0.005821642800583504,0.3093073593073612,-1.1954257719630732,0.10832851626850015,-0.0053679653679648,20.314413347385685,20.316767968625406,269.9835803495199,0.30734174494353905,0.8723184195996729,995.06,-3.3,46.55,False
HAOS / PANGAEA,HAOS_Flight_104,HAOS_Flight_104_seg00,train,10.1594/PANGAEA.918840,CC BY 4.0,fixed-wing UAV,2020-02-28 17:00:10+00:00,1169.0,65.037102,24.510493,68.94,382789.7574805,7214898.550871,-830.0693971000146,-650.0596010005102,43.97,-826.9952671495773,-649.9755132018229,43.295346320346255,-20.89276526947799,0.1587019849052922,0.25121212121212366,0.5467718807954896,0.2333466845385601,-0.09834956709956622,20.89336801297289,20.894878187138648,270.4352118514504,0.6949879926051961,0.6888645604549053,994.85,-3.38,46.4,False
HAOS / PANGAEA,HAOS_Flight_104,HAOS_Flight_104_seg00,train,10.1594/PANGAEA.918840,CC BY 4.0,fixed-wing UAV,2020-02-28 17:00:11+00:00,1170.0,65.037098,24.510132,69.01,382772.7738871,7214898.805139,-847.0529905000003,-649.8053330006078,44.040000000000006,-847.5581147372345,-649.7023000134129,43.48965367965362,-19.220868751620344,0.4608717262765367,0.11260822510822877,2.174437223485768,0.3580665043343174,-0.16518398268398293,19.226393273703117,19.22672304183577,271.3735563347303,1.2958745332617632,0.33557527772714973,994.84,-3.36,46.68,False
HAOS / PANGAEA,HAOS_Flight_104,HAOS_Flight_104_seg00,train,10.1594/PANGAEA.918840,CC BY 4.0,fixed-wing UAV,2020-02-28 17:00:12+00:00,1171.0,65.037098,24.509774,68.18,382755.9125765,7214899.420914,-863.9143011000124,-649.1895580003038,43.21000000000001,-865.437004652818,-649.0537697492698,43.52056277056271,-16.543890822506455,0.874834993573927,-0.0791558441558422,1.6508591226735803,0.3893047104664049,-0.18521103896103952,16.567005155217245,16.56719425432861,273.02696091797395,1.5392843510596508,-0.27375263305149483,994.95,-3.31,46.77,False
HAOS / PANGAEA,HAOS_Flight_104,HAOS_Flight_104_seg00,train,10.1594/PANGAEA.918840,CC BY 4.0,fixed-wing UAV,2020-02-28 17:00:13+00:00,1172.0,65.037101,24.509417,68.1,382739.1436224,7214900.436411,-880.6832551999833,-648.1740610003471,43.129999999999995,-880.6458963822474,-647.9526300262651,43.33134199134194,-15.919150506273184,1.2394811472093465,-0.2578138528138503,-0.015267964288256053,0.2559240713969757,-0.062272727272729256,15.967331222081702,15.969412460650139,274.4521250368496,0.8777482096583452,-0.9250363749246759,994.96,-3.29,46.81,False
HAOS / PANGAEA,HAOS_Flight_104,HAOS_Flight_104_seg00,train,10.1594/PANGAEA.918840,CC BY 4.0,fixed-wing UAV,2020-02-28 17:00:14+00:00,1173.0,65.037109,24.509064,67.95,382722.5539356,7214901.974367,-897.2729420000105,-646.6361050000414,42.980000000000004,-897.2753056653644,-646.5748074548511,43.00493506493501,-16.574426751082967,1.3866831363678784,-0.20370129870130071,-0.2855574427514682,0.041579082224188824,0.11502164502164369,16.63233333743951,16.6335806868754,274.7824573372906,0.06679834863650766,-0.7016839408451645,994.98,-3.35,46.63,False
HAOS / PANGAEA,HAOS_Flight_104,HAOS_Flight_104_seg00,train,10.1594/PANGAEA.918840,CC BY 4.0,fixed-wing UAV,2020-02-28 17:00:15+00:00,1174.0,65.037118,24.508711,67.95,382705.9546533,7214903.601035,-913.8722242999938,-645.009437000379,42.980000000000004,-913.7947498844134,-645.1792637535293,42.923939393939335,-16.49026539177612,1.3226393116577242,-0.02777056277056289,0.05908430292353728,-0.14698444591289217,0.11257575757576,16.543223006414188,16.54324631516161,274.5857217341226,-0.49176460296708646,-0.0961804447824791,994.98,-3.29,46.44,False
HAOS / PANGAEA,HAOS_Flight_104,HAOS_Flight_104_seg00,train,10.1594/PANGAEA.918840,CC BY 4.0,fixed-wing UAV,2020-02-28 17:00:16+00:00,1175.0,65.037124,24.508362,67.73,382689.5849745,7214904.922897,-930.2419030999881,-643.6875750003383,42.760000000000005,-930.2558364489166,-643.9295288315357,42.949393939393886,-16.456258145235893,1.092714244542094,0.021450216450219273,0.0021047756517589278,-0.29363065799876154,0.005984848484846594,16.492496977803814,16.492510926922368,273.79892813135643,-1.0158378938021377,0.07451910895662378,995.01,-3.31,46.09,False
HAOS / PANGAEA,HAOS_Flight_104,HAOS_Flight_104_seg00,train,10.1594/PANGAEA.918840,CC BY 4.0,fixed-wing UAV,2020-02-28 17:00:17+00:00,1176.0,65.037125,24.508013,68.18,382673.1735534,7214905.728997,-946.653324200015,-642.8814750006422,43.21000000000001,-946.7072661748851,-642.9938352644451,42.966839826839774,-16.486055840472602,0.7353779956602011,-0.0158008658008697,-0.04922293506459141,-0.35969958327166296,0.0007359307359280365,16.502448847722025,16.502456412275176,272.55404594651833,-1.2535523707262148,-0.054859897142296055,994.95,-3.3,45.84,False
HAOS / PANGAEA,HAOS_Flight_104,HAOS_Flight_104_seg00,train,10.1594/PANGAEA.918840,CC BY 4.0,fixed-wing UAV,2020-02-28 17:00:18+00:00,1177.0,65.037122,24.507662,67.95,382656.6351208,7214906.075689,-963.1917567999917,-642.5347830001265,42.980000000000004,-963.2279481298618,-642.4587728402153,42.91779220779215,-16.554704015365076,0.3733150779987682,0.022922077922075346,-0.07152976515197906,-0.3068757553502621,0.03332251082251325,16.558912681206028,16.55892854642057,271.29182338990404,-1.0674940882530632,0.0793130267071681,994.98,-3.3,45.85,False
HAOS / PANGAEA,HAOS_Flight_104,HAOS_Flight_104_seg00,train,10.1594/PANGAEA.918840,CC BY 4.0,fixed-wing UAV,2020-02-28 17:00:19+00:00,1178.0,65.03712,24.50731,67.8,382640.0566751,7214906.419031,-979.770202499989,-642.1914410004392,42.83,-979.8166742056153,-642.2472051084476,43.012683982683924,-16.62911537077656,0.12162648495967687,0.0508441558441568,-0.06322767651377603,-0.17648045239002386,-0.03341991341991246,16.62956015703485,16.629637883749137,270.4190577700122,-0.6109558619555574,0.17517880436318967,995.0,-3.31,45.86,False
HAOS / PANGAEA,HAOS_Flight_104,HAOS_Flight_104_seg00,train,10.1594/PANGAEA.918840,CC BY 4.0,fixed-wing UAV,2020-02-28 17:00:20+00:00,1179.0,65.037114,24.506956,68.03,382623.3590195,7214906.431617,-996.4678580999607,-642.1788550000638,43.06,-996.486178871415,-642.2155198702959,43.01948051948046,-16.681159368392628,0.02035417321872046,-0.04391774891774958,-0.033775286796497994,-0.03903863964160337,0.00432900432900496,16.681171786360828,16.6812295990059,270.0699116659929,-0.13480797855420254,-0.15084646792448408,994.97,-3.3,45.85,False
HAOS / PANGAEA,HAOS_Flight_104,HAOS_Flight_104_seg00,train,10.1594/PANGAEA.918840,CC BY 4.0,fixed-wing UAV,2020-02-28 17:00:21+00:00,1180.0,65.037107,24.5066,67.8,382606.5572222,7214906.3711,-1013.269655400014,-642.2393720000982,42.83,-1013.1789929424006,-642.2064967620101,42.924848484848425,-16.696665944369556,0.04354920567647014,0.05950216450216672,-0.02124837846764649,0.05330671100210793,0.10853896103896332,16.696722738046084,16.69682876173693,270.14944181290383,0.18253750459512244,0.20418428928294804,995.0,-3.33,46.48,False
HAOS / PANGAEA,HAOS_Flight_104,HAOS_Flight_104_seg00,train,10.1594/PANGAEA.918840,CC BY 4.0,fixed-wing UAV,2020-02-28 17:00:22+00:00,1181.0,65.037102,24.506246,68.48,382589.900054,7214906.399566,-1029.9268235999625,-642.2109059998766,43.510000000000005,-1029.879510760154,-642.128421458943,43.138484848484794,-16.72365612532792,0.12696759522293632,0.17316017316017707,-0.032183374137389364,0.12346327376607746,0.008365800865798079,16.724138093440114,16.725034511594398,270.43498667518315,0.42170938832879457,0.5932139841933565,994.91,-3.36,45.86,False
HAOS / PANGAEA,HAOS_Flight_104,HAOS_Flight_104_seg00,train,10.1594/PANGAEA.918840,CC BY 4.0,fixed-wing UAV,2020-02-28 17:00:23+00:00,1182.0,65.037098,24.505892,67.73,382573.2339691,7214906.619011,-1046.5929084999952,-641.9914610004053,42.760000000000005,-1046.6263051930564,-641.9525615715643,43.27116883116878,-16.761032692644335,0.29047575320862506,0.07623376623376288,-0.21949173820297574,0.225378479425558,-0.09613636363636857,16.763549537227917,16.763722876324593,270.9928605895614,0.7464808955183544,0.2605559724806904,995.01,-3.31,46.31,False
HAOS / PANGAEA,HAOS_Flight_104,HAOS_Flight_104_seg00,train,10.1594/PANGAEA.918840,CC BY 4.0,fixed-wing UAV,2020-02-28 17:00:24+00:00,1183.0,65.037096,24.505538,68.18,382556.5201841,7214907.091655,-1063.306693499966,-641.5188170000911,43.21000000000001,-1063.4015761454427,-641.5474699525257,43.29095238095232,-17.162639601733872,0.5777245540740523,-0.019112554112560076,-0.27532811439425586,0.28066244586545963,-0.09361471861471671,17.172360459744137,17.172371095719672,271.92794846621985,0.9120184641232909,-0.06376923177025462,994.95,-3.36,46.45,False
HAOS / PANGAEA,HAOS_Flight_104,HAOS_Flight_104_seg00,train,10.1594/PANGAEA.918840,CC BY 4.0,fixed-wing UAV,2020-02-28 17:00:25+00:00,1184.0,65.037096,24.50518,68.94,382539.6699759,7214907.713239,-1080.1569017000147,-640.8972330000252,43.97,-1080.9515843965241,-640.7971124634162,43.23294372294366,-17.311688921432847,0.8518006449395443,-0.11099567099567054,0.5855824971843617,0.19766644048664261,-0.015800865800862596,17.332632161653354,17.332987558126266,272.816897517808,0.7770605976805797,-0.3669088745980408,994.85,-3.39,46.16,False
HAOS / PANGAEA,HAOS_Flight_104,HAOS_Flight_104_seg00,train,10.1594/PANGAEA.918840,CC BY 4.0,fixed-wing UAV,2020-02-28 17:00:26+00:00,1185.0,65.037097,24.504819,67.88,382522.7195378,7214908.540792,-1097.1073397999862,-640.0696800006554,42.91,-1098.0249539883084,-639.8438686626466,43.06896103896098,-15.991474607365149,0.9730574350473375,-0.05071428571428527,1.9487919063867025,0.06254558769879281,0.03805194805194745,16.021051803483605,16.02113207075832,273.482069661581,0.6741777457587131,-0.18136791908672095,994.99,-3.3,46.87,False
HAOS / PANGAEA,HAOS_Flight_104,HAOS_Flight_104_seg00,train,10.1594/PANGAEA.918840,CC BY 4.0,fixed-wing UAV,2020-02-28 17:00:27+00:00,1186.0,65.037102,24.504462,67.8,382505.9492933,7214909.77017,-1113.877584300004,-638.8403019998223,42.83,-1112.9345336112544,-638.8509975933215,43.13151515151509,-13.414105108659442,0.97689182033713,-0.03489177489177564,1.5979665803082526,0.00200265044753678,-0.046558441558442354,13.449629492844958,13.449674751857758,274.1652530093254,0.4422703759907392,-0.14863955599894105,995.0,-3.28,46.85,False
HAOS / PANGAEA,HAOS_Flight_104,HAOS_Flight_104_seg00,train,10.1594/PANGAEA.918840,CC BY 4.0,fixed-wing UAV,2020-02-28 17:00:28+00:00,1187.0,65.037109,24.504107,67.73,382489.2369116,7214911.161117,-1130.5899659999995,-637.44935500063,42.760000000000005,-1124.8531642056273,-637.8900850219724,42.99917748917743,-12.795541446748643,0.9770627359424111,-0.14383116883116998,-0.5634262154748058,-0.026080863584581948,0.03076839826839972,12.832791298288523,12.833597309817577,274.3666104135625,-0.26321820409208296,-0.6421497624505973,995.01,-3.28,46.68,False
HAOS / PANGAEA,HAOS_Flight_104,HAOS_Flight_104_seg00,train,10.1594/PANGAEA.918840,CC BY 4.0,fixed-wing UAV,2020-02-28 17:00:29+00:00,1188.0,65.0371105,24.503928000000002,68.03,382480.8401865,7214911.694367,-1138.986691099999,-636.9161050003022,43.06,-1138.5256165047517,-636.8968721214367,42.84385281385275,-14.540957539609053,0.9247300931679661,0.026645021645023803,-1.7425377188334892,-0.1266709015093852,0.09370129870130128,14.57033190815926,14.570356271248219,273.63881660114123,-0.9106607362561032,0.10477768063982629,994.97,-3.295,46.92,True
HAOS / PANGAEA,HAOS_Flight_104,HAOS_Flight_104_seg00,train,10.1594/PANGAEA.918840,CC BY 4.0,fixed-wing UAV,2020-02-28 17:00:30+00:00,1189.0,65.037112,24.503749,68.33,382472.4434614,7214912.227617,-1147.3834161999985,-636.3828549999744,43.36,-1153.9350792848454,-636.0406248356364,43.052467532467475,-16.280616884415622,0.7237209329236407,0.04357142857143259,-1.738830556275616,-0.22872363099949666,-0.0295129870129891,16.29669469941285,16.296752946377346,272.5452889410503,-1.0766395296523532,0.1531876900234771,994.93,-3.31,47.16,False
HAOS / PANGAEA,HAOS_Flight_104,HAOS_Flight_104_seg00,train,10.1594/PANGAEA.918840,CC BY 4.0,fixed-wing UAV,2020-02-28 17:00:31+00:00,1190.0,65.037114,24.503396,67.73,382455.8094824,7214913.060559,-1164.017395199975,-635.5499130003154,42.760000000000005,-1171.086850273583,-635.4494302555894,42.930995670995614,-18.018618652160285,0.46728283116897273,-0.0323809523809544,-1.738933269913332,-0.2278468972081953,0.001309523809521096,18.024676734307437,18.02470582013368,271.48553754183655,-0.884054879663866,-0.10293055123876478,995.01,-3.28,47.17,False
HAOS / PANGAEA,HAOS_Flight_104,HAOS_Flight_104_seg00,train,10.1594/PANGAEA.918840,CC BY 4.0,fixed-wing UAV,2020-02-28 17:00:32+00:00,1191.0,65.03711,24.50269,67.8,382422.5632104,7214913.955137,-1197.2636671999935,-634.6553349997848,42.83,-1189.972316589166,-635.1060591732985,42.987705627705566,-19.758483424242286,0.26802713850725013,0.04619047619047478,-1.1603041346353393,-0.1909926948490579,0.0381601731601755,19.760301257142654,19.76035524309025,270.77717918172254,-0.6226276572054109,0.13393087912567078,995.0,-3.28,47.25,False
HAOS / PANGAEA,HAOS_Flight_104,HAOS_Flight_104_seg00,train,10.1594/PANGAEA.918840,CC BY 4.0,fixed-wing UAV,2020-02-28 17:00:33+00:00,1192.0,65.037103,24.502342,68.26,382406.1524317,7214913.832435,-1213.6744459000183,-634.7780370004475,43.290000000000006,-1210.6038171220675,-634.9133759785749,43.02337662337656,-20.339226921430964,0.08529744147085694,0.04393939393939661,0.49003704945755544,-0.18668296970568576,0.021082251082251702,20.339405778315736,20.33945323958644,270.2402822274257,-0.5492902471528975,0.12377637469552268,994.94,-3.27,47.11,False
HAOS / PANGAEA,HAOS_Flight_104,HAOS_Flight_104_seg00,train,10.1594/PANGAEA.918840,CC BY 4.0,fixed-wing UAV,2020-02-28 17:00:34+00:00,1193.0,65.037095,24.501994,67.35,382389.7504546,7214913.579736,-1230.0764229999622,-635.0307360002771,42.379999999999995,-1230.650770432028,-634.9354642903568,43.07558441558436,-18.778409325327175,-0.1053388009041214,0.08835497835497819,2.0302132706722205,-0.1293501125031753,-0.02968614718614937,18.778704775689683,18.77891263238398,269.67859868741675,-0.4252886575646355,0.269578230417543,995.06,-3.23,47.09,False
HAOS / PANGAEA,HAOS_Flight_104,HAOS_Flight_104_seg00,train,10.1594/PANGAEA.918840,CC BY 4.0,fixed-wing UAV,2020-02-28 17:00:35+00:00,1194.0,65.037088,24.501644,68.79,382373.2273097,7214913.380224,-1246.5995679000043,-635.2302480004728,43.82000000000001,-1248.160635772722,-635.1240535803831,43.20008658008652,-16.278800380086523,-0.17340278353549365,-0.01543290043290213,1.4674069737038735,0.04544416455817668,-0.15155844155844278,16.279723902451263,16.279731217512737,269.38970491229645,0.13457177594343775,-0.054315404909135175,994.87,-3.29,46.9,False
HAOS / PANGAEA,HAOS_Flight_104,HAOS_Flight_104_seg00,train,10.1594/PANGAEA.918840,CC BY 4.0,fixed-wing UAV,2020-02-28 17:00:36+00:00,1195.0,65.037081,24.501292,68.1,382356.6334147,7214913.29538,-1263.1934629000025,-635.315092000179,43.129999999999995,-1263.208371192201,-635.2822698574278,43.044718614718555,-15.843595377919428,-0.014450471787768038,-0.21476190476190737,-0.18587249469709377,0.21435320131212166,-0.06784632034631954,15.84360196784067,15.84505746253707,269.94774223930364,0.7443726070627418,-0.7766035279594995,994.96,-3.3,47.24,False
HAOS / PANGAEA,HAOS_Flight_104,HAOS_Flight_104_seg00,train,10.1594/PANGAEA.918840,CC BY 4.0,fixed-wing UAV,2020-02-28 17:00:37+00:00,1196.0,65.037076,24.500938,67.84,382339.9653167,7214913.423734,-1279.8615608999971,-635.1867380002514,42.870000000000005,-1279.8478265285607,-635.1529545239587,42.770562770562705,-16.65054536948071,0.25530361908874966,-0.15112554112554122,-0.40373077478477626,0.255020810561291,0.01794372294372515,16.652502545835425,16.653188282375115,270.8784501264219,0.8785342586267539,-0.5199589645086233,995.0,-3.29,46.94,False
HAOS / PANGAEA,HAOS_Flight_104,HAOS_Flight_104_seg00,train,10.1594/PANGAEA.918840,CC BY 4.0,fixed-wing UAV,2020-02-28 17:00:38+00:00,1197.0,65.037073,24.500585,67.57,382323.3478561,7214913.739597,-1296.4790214999812,-634.8708750000224,42.599999999999994,-1296.5094619311624,-634.7716626192503,42.74246753246747,-16.65105692748898,0.49559114933481396,-0.17887445887445708,0.015247837340382375,0.21724656274346898,-0.004945887445886754,16.65843052000331,16.65939084906214,271.70481075655715,0.749091846369847,-0.6152054767812097,995.03,-3.28,46.65,False
HAOS / PANGAEA,HAOS_Flight_104,HAOS_Flight_104_seg00,train,10.1594/PANGAEA.918840,CC BY 4.0,fixed-wing UAV,2020-02-28 17:00:39+00:00,1198.0,65.037073,24.50023,66.97,382306.6469686,7214914.370093,-1313.1799089999986,-634.2403790000826,42.0,-1313.1499403835387,-634.161772225289,42.41281385281379,-16.620049694799945,0.6897967445756876,-0.16101731601731473,0.04583783030352606,0.15934120667935758,0.11452380952380992,16.63435816033931,16.63513745006348,272.3766338191616,0.5551620022633544,-0.554594557919394,995.11,-3.22,46.9,False
HAOS / PANGAEA,HAOS_Flight_104,HAOS_Flight_104_seg00,train,10.1594/PANGAEA.918840,CC BY 4.0,fixed-wing UAV,2020-02-28 17:00:40+00:00,1199.0,65.037075,24.499877,67.42,382290.0522198,7214915.250379,-1329.7746577999787,-633.3600930003449,42.45,-1329.7495613207623,-633.3920691300989,42.42043290043284,-16.55938126688193,0.8142735626935291,0.050173160173162756,0.06989402207392459,0.07837857789405689,0.12309523809523881,16.579389294448145,16.579465212209456,272.81513476108387,0.28196834664489245,0.173390074634969,995.05,-3.26,46.51,False
HAOS / PANGAEA,HAOS_Flight_104,HAOS_Flight_104_seg00,train,10.1594/PANGAEA.918840,CC BY 4.0,fixed-wing UAV,2020-02-28 17:00:41+00:00,1200.0,65.037077,24.499527,68.03,382273.5673686,7214916.124065,-1346.259508999996,-632.4864070005715,43.06,-1346.2687029173026,-632.533225099902,42.51316017316012,-16.480261650652096,0.8465539003638014,0.0851731601731629,0.08572228603838994,-0.0001032607865454338,0.06306277056276777,16.501990109686023,16.50220991405058,272.9405705124514,0.014341259655969241,0.2957230757713485,994.97,-3.32,46.27,False
HAOS / PANGAEA,HAOS_Flight_104,HAOS_Flight_104_seg00,train,10.1594/PANGAEA.918840,CC BY 4.0,fixed-wing UAV,2020-02-28 17:00:42+00:00,1201.0,65.037078,24.499177,67.2,382257.1128377,7214916.948005,-1362.714039899991,-631.6624670000747,42.230000000000004,-1362.7100846220665,-631.6989613293713,42.59077922077917,-16.38793669480515,0.8140670411204383,0.1762987012986983,0.07126787662303968,0.011727239212859786,0.023961038961035186,16.40814353485426,16.409090635756122,272.8438172803958,0.053818232489646387,0.6155957137893666,995.08,-3.21,46.8,False
HAOS / PANGAEA,HAOS_Flight_104,HAOS_Flight_104_seg00,train,10.1594/PANGAEA.918840,CC BY 4.0,fixed-wing UAV,2020-02-28 17:00:43+00:00,1202.0,65.037079,24.49883,67.8,382240.7548336,7214917.63959,-1379.0720439999714,-630.9708820004016,42.83,-1379.0445763069129,-630.9050910176611,42.86575757575751,-16.337725897406017,0.870008378789521,0.13309523809523327,0.0007144163399743775,0.030120132052502413,-0.10840909090908823,16.36087412328373,16.36141547728493,273.0482069774307,0.10516058743078123,0.46608922885317844,995.0,-3.27,46.12,False
HAOS / PANGAEA,HAOS_Flight_104,HAOS_Flight_104_seg00,train,10.1594/PANGAEA.918840,CC BY 4.0,fixed-wing UAV,2020-02-28 17:00:44+00:00,1203.0,65.037079,24.498485,67.88,382224.5496462,7214918.262184,-1395.2772314000176,-630.3482880005613,42.91,-1395.3855364168785,-629.9589445717922,42.856969696969635,-16.3865078621252,0.8743073052254431,-0.04051948051947818,-0.03181528787604293,-0.27269300324053347,-0.04188311688311508,16.409815757023647,16.409865782746767,273.0541384552574,-0.9571667310327144,-0.14147572025919833,994.99,-3.21,46.44,False
HAOS / PANGAEA,HAOS_Flight_104,HAOS_Flight_104_seg00,train,10.1594/PANGAEA.918840,CC BY 4.0,fixed-wing UAV,2020-02-28 17:00:45+00:00,1204.0,65.037076,24.498141,67.73,382208.353008,7214918.604414,-1411.473869599984,-630.0060580000281,42.760000000000005,-1411.8175920311633,-629.1564764072102,42.78471861471856,-16.401356473158103,0.32462237230845403,0.04932900432900311,0.15840937716643566,-1.0053200627781393,0.08363636363636218,16.404568688149297,16.404642854840713,271.1338735153653,-3.5494755225780024,0.1722895182800584,995.01,-3.23,46.21,False
HAOS / PANGAEA,HAOS_Flight_104,HAOS_Flight_104_seg00,train,10.1594/PANGAEA.918840,CC BY 4.0,fixed-wing UAV,2020-02-28 17:00:46+00:00,1205.0,65.037073,24.497801,68.41,382192.2973635,7214918.891058,-1427.5295140999951,-629.7194140003994,43.44,-1428.1882493631947,-629.3096998271753,42.95562770562764,-16.06968910779233,-1.1363328203308356,0.12675324675324617,0.6720762579001871,-1.945183656919255,-0.02146103896103746,16.10981565070378,16.110314295047846,265.95518741010136,-7.228418813000423,0.450798220010886,994.92,-3.29,46.59,False
HAOS / PANGAEA,HAOS_Flight_104,HAOS_Flight_104_seg00,train,10.1594/PANGAEA.918840,CC BY 4.0,fixed-wing UAV,2020-02-28 17:00:47+00:00,1206.0,65.037061,24.497461,67.35,382176.2762013,7214918.226755,-1443.5506763000158,-630.3837170004845,42.379999999999995,-1443.956970246748,-631.4291420478719,43.03822510822505,-15.057203957357729,-3.565744941530056,0.006406926406928193,1.4685578412348832,-2.7691826103981043,-0.10462121212121289,15.473652703919537,15.473654030325946,256.67703588936445,-11.448687936974107,0.023723540188857934,995.06,-3.22,46.23,False
HAOS / PANGAEA,HAOS_Flight_104,HAOS_Flight_104_seg00,train,10.1594/PANGAEA.918840,CC BY 4.0,fixed-wing UAV,2020-02-28 17:00:48+00:00,1207.0,65.037014,24.497148,67.8,382161.3339985,7214913.548534,-1458.4928790999693,-635.0619379999116,42.83,-1458.3026572779102,-636.4411897102354,42.9684415584415,-13.132573425322562,-6.674698041127044,-0.08248917748917961,2.464927758767544,-3.1991696233620814,-0.06175324675324667,14.731465599583553,14.731696547788257,243.05781153615314,-15.605728505442185,-0.32082567057821276,995.0,-3.26,46.15,False
HAOS / PANGAEA,HAOS_Flight_104,HAOS_Flight_104_seg00,train,10.1594/PANGAEA.918840,CC BY 4.0,fixed-wing UAV,2020-02-28 17:00:49+00:00,1208.0,65.03693,24.496895,68.41,382149.0463027,7214904.628388,-1470.7805748999817,-643.9820840004832,43.44,-1470.222117097393,-644.778538130126,42.87324675324669,-10.12734843982264,-9.964084188254219,-0.11709956709956515,3.484475541452639,-2.99035189500853,-0.033235930735928676,14.20725730506053,14.207739877996454,225.46557887848004,-18.545056607397992,-0.472234640974058,994.92,-3.28,46.05,False
HAOS / PANGAEA,HAOS_Flight_104,HAOS_Flight_104_seg00,train,10.1594/PANGAEA.918840,CC BY 4.0,fixed-wing UAV,2020-02-28 17:00:50+00:00,1209.0,65.036817,24.496728,67.95,382140.6812898,7214892.449465,-1479.1455878000124,-656.1610070001334,42.980000000000004,-1478.5573541575554,-656.3693580867439,42.73424242424237,-6.163622342417284,-12.655401831144104,-0.14896103896103696,4.163446121857476,-2.0021503074195834,-0.05913419913420093,14.07655625100369,14.077344397250478,205.96769832135715,-19.06046508965179,-0.6062931961216897,994.98,-3.31,45.8,False
HAOS / PANGAEA,HAOS_Flight_104,HAOS_Flight_104_seg00,train,10.1594/PANGAEA.918840,CC BY 4.0,fixed-wing UAV,2020-02-28 17:00:51+00:00,1210.0,65.036689,24.496651,66.97,382136.4950258,7214878.278108,-1483.3318517999724,-670.33236400038,42.0,-1482.5493617822276,-670.0893417924142,42.575324675324616,-1.8004561961076888,-13.968384803093386,-0.235367965367967,4.216035561572994,-0.6278902045702353,-0.04133116883117083,14.08394179629385,14.085908369733003,187.34464869917647,-17.614604339685005,-0.9574262671864076,995.11,-3.19,45.91,False
HAOS / PANGAEA,HAOS_Flight_104,HAOS_Flight_104_seg00,train,10.1594/PANGAEA.918840,CC BY 4.0,fixed-wing UAV,2020-02-28 17:00:52+00:00,1211.0,65.036558,24.496669,67.42,382136.7868388,7214863.69366,-1483.0400387999834,-684.9168119998649,42.45,-1482.1582665497708,-684.3061276929307,42.26350649350643,2.268448780728704,-13.911182240284575,-0.23162337662337862,3.7044570942651944,0.3059080129991685,0.13405844155844093,14.094922887096562,14.09682590450052,170.73848964198714,-15.061155296596741,-0.941462937767557,995.05,-3.26,46.22,False
HAOS / PANGAEA,HAOS_Flight_104,HAOS_Flight_104_seg00,train,10.1594/PANGAEA.918840,CC BY 4.0,fixed-wing UAV,2020-02-28 17:00:53+00:00,1212.0,65.036433,24.496783,67.27,382141.6048225,7214849.570149,-1478.2220550999627,-699.0403230004013,42.3,-1478.0124642207702,-697.9117062729833,42.11207792207786,5.6084579924227,-13.356568777095049,0.03274891774891486,2.6638813184006835,0.7059569491316893,0.252056277056278,14.486294576255185,14.48633159366629,157.222338105983,-11.013449492893931,0.12952736562446696,995.07,-3.27,45.51,False
HAOS / PANGAEA,HAOS_Flight_104,HAOS_Flight_104_seg00,train,10.1594/PANGAEA.918840,CC BY 4.0,fixed-wing UAV,2020-02-28 17:00:54+00:00,1213.0,65.036328,24.496946,66.74,382148.8081084,7214837.555329,-1471.0187692000181,-711.055143000558,41.769999999999996,-1470.9413505649254,-711.0192652471208,42.32900432900426,7.596211417530071,-12.499268342021196,0.27248917748917734,1.114581712553104,1.2530642922289985,0.0681493506493549,14.62648751360584,14.629025508813505,148.7115906561993,-6.532064427107459,1.0672879583172499,995.14,-3.21,45.49,False
HAOS / PANGAEA,HAOS_Flight_104,HAOS_Flight_104_seg00,train,10.1594/PANGAEA.918840,CC BY 4.0,fixed-wing UAV,2020-02-28 17:00:55+00:00,1214.0,65.036233,24.497133,67.57,382157.1886888,7214826.580534,-1462.6381888000178,-722.0299380002543,42.599999999999994,-1462.82004138571,-722.9102429570257,42.65705627705621,7.837621417528908,-10.850440192637052,0.16904761904762466,-0.3177151587664184,1.8986405400868023,-0.10944805194804985,13.385079822642128,13.386147278287622,144.15820925176808,-3.684075991498044,0.7235818022912606,995.03,-3.24,45.85,False
HAOS / PANGAEA,HAOS_Flight_104,HAOS_Flight_104_seg00,train,10.1594/PANGAEA.918840,CC BY 4.0,fixed-wing UAV,2020-02-28 17:00:56+00:00,1215.0,65.036138,24.497319,68.03,382165.5108851,7214815.715283,-1454.3159924999927,-732.8951890002936,43.06,-1455.2661077298676,-732.7201456323949,42.66709956709951,6.960781099997234,-8.701987261847592,0.053593073593077634,-1.0374499352782323,1.0274311927040287,-0.04123376623376984,11.143475931119358,11.143604804773615,141.3434386732032,1.304808298222101,0.27555434879950746,994.97,-3.24,45.42,False
HAOS / PANGAEA,HAOS_Flight_104,HAOS_Flight_104_seg00,train,10.1594/PANGAEA.918840,CC BY 4.0,fixed-wing UAV,2020-02-28 17:00:57+00:00,1216.0,65.036037,24.497483,68.18,382172.765007,7214804.155556,-1447.0618705999805,-744.4549160003662,43.21000000000001,-1448.8984791857156,-740.3142174807209,42.76424242424237,5.762721546972443,-8.795577807228995,0.08658008658008498,-1.2885235535678135,-1.2238809924141378,-0.012348484848487828,10.515281669596858,10.51563810248108,146.76782584821228,8.596677705527664,0.4717478436888379,994.95,-3.29,45.87,False
HAOS / PANGAEA,HAOS_Flight_104,HAOS_Flight_104_seg00,train,10.1594/PANGAEA.918840,CC BY 4.0,fixed-wing UAV,2020-02-28 17:00:58+00:00,1217.0,65.03598099999999,24.4975475,67.65,382175.5674222,7214797.805421,-1444.2594553999952,-750.8050509998575,42.68000000000001,-1443.7406646359227,-750.3113012468528,42.84025974025968,4.3837339928616075,-11.149749246675867,0.028896103896101977,-1.419342190587031,-2.2610900184377556,-0.04896103896103732,11.980568934066506,11.980603781476951,158.53679408425853,10.424422074128582,0.13819223413364734,995.02,-3.27,45.59,True
HAOS / PANGAEA,HAOS_Flight_104,HAOS_Flight_104_seg00,train,10.1594/PANGAEA.918840,CC BY 4.0,fixed-wing UAV,2020-02-28 17:00:59+00:00,1218.0,65.035925,24.497612,67.12,382178.3698374,7214791.455286,-1441.45704020001,-757.1551860002801,42.150000000000006,-1440.1310111999924,-762.6137159740726,42.82203463203457,2.9240371657983815,-13.317757844104506,-0.011341991341989655,-1.2936429653706227,-2.020184998929693,0.003495670995672384,13.634979550449547,13.634984267755682,167.61666999646945,7.359245958020962,-0.047660363763642015,995.09,-3.25,45.31,False
HAOS / PANGAEA,HAOS_Flight_104,HAOS_Flight_104_seg00,train,10.1594/PANGAEA.918840,CC BY 4.0,fixed-wing UAV,2020-02-28 17:01:00+00:00,1219.0,65.035804,24.497706,67.95,382182.2319653,7214777.721126,-1437.5949123000028,-770.8893459998071,42.980000000000004,-1437.892590304326,-776.9468169350619,42.8175757575757,1.796448062120362,-15.190119244535254,0.035887445887446745,-0.8775059632009743,-1.728045669941622,0.04413419913419858,15.295978174118067,15.296020273648587,173.25528600030043,4.198321611569327,0.1344271932509196,994.98,-3.31,45.55,False
HAOS / PANGAEA,HAOS_Flight_104,HAOS_Flight_104_seg00,train,10.1594/PANGAEA.918840,CC BY 4.0,fixed-wing UAV,2020-02-28 17:01:01+00:00,1220.0,65.03555,24.497778,68.03,382184.5022026,7214749.293107,-1435.3246749999817,-799.3173650000244,43.06,-1436.5381150757516,-792.9939544631432,42.893809523809466,1.1690252393964329,-16.77384918398775,0.07692640692640751,-0.5974290232655903,-1.0494644870523757,0.011168831168831161,16.8145364627608,16.81471243077309,176.0133132196081,2.3759265583107543,0.26212603060632295,994.97,-3.27,45.75,False
HAOS / PANGAEA,HAOS_Flight_104,HAOS_Flight_104_seg00,train,10.1594/PANGAEA.918840,CC BY 4.0,fixed-wing UAV,2020-02-28 17:01:02+00:00,1221.0,65.035425,24.497779,68.26,382184.0246515,7214735.427899,-1435.8022261000006,-813.1825729999691,43.290000000000006,-1435.554539825533,-810.4945153030374,42.97142857142852,0.6015900155891813,-17.289048218640005,0.05822510822510907,-0.6527225337654841,0.3983211233733641,-0.0654545454545481,17.299511520656175,17.299609504741532,178.00713911692196,2.2379446676953463,0.1928401482415585,994.94,-3.27,46.87,False
HAOS / PANGAEA,HAOS_Flight_104,HAOS_Flight_104_seg00,train,10.1594/PANGAEA.918840,CC BY 4.0,fixed-wing UAV,2020-02-28 17:01:03+00:00,1222.0,65.0353,24.497788,67.8,382183.8665912,7214721.493141,-1435.9602863999899,-827.1173310000449,42.83,-1435.3349350445733,-827.5720509004232,43.010259740259684,-0.13641982813453524,-15.977206937241021,-0.053982683982688684,-0.5850670823614337,1.7432634945822088,-0.061266233766234635,15.977789330346388,15.977880523245279,180.4892025549988,2.1758082774129472,-0.19357923216720865,995.0,-3.27,46.63,False
HAOS / PANGAEA,HAOS_Flight_104,HAOS_Flight_104_seg00,train,10.1594/PANGAEA.918840,CC BY 4.0,fixed-wing UAV,2020-02-28 17:01:04+00:00,1223.0,65.035174,24.497799,67.8,382183.8647814,7214707.467411,-1435.9620961999753,-841.1430609999225,42.83,-1435.8273794818022,-842.4489291775194,42.86346320346314,-0.568544149133686,-13.802521229475587,-0.0643073593073602,-0.24374557229441507,1.2748296580053875,0.02209956709956984,13.814225810360798,13.814375489905418,182.35875567174784,1.0855661364939444,-0.26671879522128017,995.0,-3.28,46.26,False
HAOS / PANGAEA,HAOS_Flight_104,HAOS_Flight_104_seg00,train,10.1594/PANGAEA.918840,CC BY 4.0,fixed-wing UAV,2020-02-28 17:01:05+00:00,1224.0,65.035049,24.497805,67.57,382183.5709303,7214693.450797,-1436.2559473000001,-855.1596750002354,42.599999999999994,-1436.4720233428407,-855.1770933593743,42.881645021644964,-0.6239109727233654,-13.427547621230246,-0.009783549783549006,-0.08686697921882569,-0.1767886698889356,0.012629870129869047,13.442034817031633,13.442038377423902,182.66033482798667,0.32140605727715144,-0.0417017229832083,995.03,-3.29,46.64,False
HAOS / PANGAEA,HAOS_Flight_104,HAOS_Flight_104_seg00,train,10.1594/PANGAEA.918840,CC BY 4.0,fixed-wing UAV,2020-02-28 17:01:06+00:00,1225.0,65.034922,24.497802,67.95,382182.8803467,7214679.2877,-1436.9465308999643,-869.322771999985,42.980000000000004,-1437.0752014272489,-869.3040244199799,42.84389610389604,-0.7422781075713374,-14.156098569253459,-0.039047619047622106,-0.1842343554117747,-0.3892144696934281,-0.03477272727272762,14.175545968018286,14.175599747733878,183.00156778630216,0.6678278519319698,-0.15782518133571116,994.98,-3.32,46.76,False
HAOS / PANGAEA,HAOS_Flight_104,HAOS_Flight_104_seg00,train,10.1594/PANGAEA.918840,CC BY 4.0,fixed-wing UAV,2020-02-28 17:01:07+00:00,1226.0,65.034795,24.49779,67.88,382181.7703568,7214665.197219,-1438.0565207999898,-883.4132530000061,42.91,-1437.9565795579833,-883.4892904978813,42.80354978354972,-0.9923796835469147,-14.205976560617103,-0.07932900432900425,-0.23266393041353695,-0.03562425870504171,-0.020183982683979806,14.24059645791282,14.240817412215039,183.99599053185062,0.9250119492390242,-0.3191699266135827,994.99,-3.32,47.23,False
HAOS / PANGAEA,HAOS_Flight_104,HAOS_Flight_104_seg00,train,10.1594/PANGAEA.918840,CC BY 4.0,fixed-wing UAV,2020-02-28 17:01:08+00:00,1227.0,65.034666,24.497781,68.03,382180.7620804,7214650.898228,-1439.0647971999715,-897.7122440002859,43.06,-1439.0599607943427,-897.7159775412141,42.685238095238034,-1.2076059683984113,-14.227347086663542,-0.07941558441558172,-0.22019068874908498,-0.03007301085656877,0.04835497835497726,14.278505429466525,14.278726278430899,184.8515916847802,0.8695259777198001,-0.31866996993886687,994.97,-3.32,47.13,False
HAOS / PANGAEA,HAOS_Flight_104,HAOS_Flight_104_seg00,train,10.1594/PANGAEA.918840,CC BY 4.0,fixed-wing UAV,2020-02-28 17:01:09+00:00,1228.0,65.034538,24.497769,67.35,382179.6314017,7214636.647482,-1440.1954758999636,-911.9629899999127,42.379999999999995,-1440.3717914947802,-911.9439846712083,42.644718614718556,-1.4327610610450847,-14.26612258233024,0.017380952380950276,-0.10520204188367188,-0.07764458115860862,0.10852813852813625,14.33788888895851,14.337899423891407,185.73504248729023,0.38955275918002974,0.06945616159032686,995.06,-3.3,46.93,False
HAOS / PANGAEA,HAOS_Flight_104,HAOS_Flight_104_seg00,train,10.1594/PANGAEA.918840,CC BY 4.0,fixed-wing UAV,2020-02-28 17:01:10+00:00,1229.0,65.03441,24.497756,67.35,382178.4587901,7214622.448597,-1441.3680874999845,-926.1618750002235,42.379999999999995,-1441.9254829164329,-926.2482227058746,42.719999999999935,-1.418010052165755,-14.38263624898076,0.1376406926406908,0.38172858485154393,-0.060056119028359944,0.09420995670995858,14.452369285986933,14.45302469861617,185.63069720314024,-1.535669769629304,0.5456539480058232,995.06,-3.3,47.22,False
HAOS / PANGAEA,HAOS_Flight_104,HAOS_Flight_104_seg00,train,10.1594/PANGAEA.918840,CC BY 4.0,fixed-wing UAV,2020-02-28 17:01:11+00:00,1230.0,65.034284,24.497745,67.73,382177.3964667,7214608.332578,-1442.4304108999786,-940.2778940005228,42.760000000000005,-1443.2078115991117,-940.7092571691699,42.91999999999994,-0.6693038913419969,-14.38623482038696,0.20580086580086743,1.2614536553008975,0.23165203143295798,0.03207792207792437,14.401795721585547,14.403266088031705,182.6637029480316,-5.0846200884937565,0.8186978025062951,995.01,-3.33,46.8,False
HAOS / PANGAEA,HAOS_Flight_104,HAOS_Flight_104_seg00,train,10.1594/PANGAEA.918840,CC BY 4.0,fixed-wing UAV,2020-02-28 17:01:12+00:00,1231.0,65.034158,24.49774,68.33,382176.5766383,7214594.373728,-1443.2502393000177,-954.2367440005764,43.36,-1443.2640906991169,-955.0206923466485,43.13160173160167,1.10489725843604,-13.919332186114843,0.20179653679653953,2.24557056666589,0.8808296732352403,-0.038300865800867,13.963115929444692,13.964574046542744,175.46145702615274,-9.753169685311818,0.8279874686682956,994.93,-3.38,46.7,False
HAOS / PANGAEA,HAOS_Flight_104,HAOS_Flight_104_seg00,train,10.1594/PANGAEA.918840,CC BY 4.0,fixed-wing UAV,2020-02-28 17:01:13+00:00,1232.0,65.034034,24.497771,68.71,382177.4747232,7214580.448893,-1442.3521543999668,-968.1615789998323,43.739999999999995,-1440.9980170822396,-968.5479215413995,43.32359307359302,3.8218372419897833,-12.62457547391648,0.12919913419913343,2.964880594485976,1.8697885898701543,-0.1241666666666692,13.190388387036736,13.191021121094128,163.15736357740798,-15.053817844961255,0.5611910859930537,994.88,-3.38,47.04,False
HAOS / PANGAEA,HAOS_Flight_104,HAOS_Flight_104_seg00,train,10.1594/PANGAEA.918840,CC BY 4.0,fixed-wing UAV,2020-02-28 17:01:14+00:00,1233.0,65.033924,24.497894,68.33,382182.7859622,7214567.967668,-1437.0409153999644,-980.6428040005267,43.36,-1435.6204162151373,-980.2698432944815,43.38999999999994,7.034658447407992,-10.179755006374535,-0.046536796536798875,3.103169706822314,3.0529512153249243,-0.11503246753246721,12.373917385431989,12.374004894735089,145.35382133623023,-20.06602863203744,-0.21548143400997272,994.93,-3.37,47.95,False
HAOS / PANGAEA,HAOS_Flight_104,HAOS_Flight_104_seg00,train,10.1594/PANGAEA.918840,CC BY 4.0,fixed-wing UAV,2020-02-28 17:01:15+00:00,1234.0,65.033846,24.498104,68.1,382192.3302094,7214558.885076,-1427.4966682000086,-989.7253959998488,43.129999999999995,-1426.9287001874236,-988.9074315541486,43.23051948051942,10.028176655634411,-6.518673043266631,-0.10086580086580099,2.5255665042168403,4.062020754217826,0.06134199134199392,11.960661573743401,11.96108687333247,123.02530631333309,-22.85028717657568,-0.4831712406817139,994.96,-3.34,48.04,False
HAOS / PANGAEA,HAOS_Flight_104,HAOS_Flight_104_seg00,train,10.1594/PANGAEA.918840,CC BY 4.0,fixed-wing UAV,2020-02-28 17:01:16+00:00,1235.0,65.033808,24.498366,67.95,382204.5269689,7214554.182745,-1415.2999086999916,-994.4277269998565,42.980000000000004,-1415.5640629038685,-993.3071893810147,43.188268398268335,12.085791455841672,-2.055713497938882,0.07614718614718896,1.5862393536717718,4.5058741839219465,0.16575757575757777,12.259376537968954,12.259613023813673,99.65324698307887,-21.860108488314104,0.35587913199636173,994.98,-3.32,47.86,False
HAOS / PANGAEA,HAOS_Flight_104,HAOS_Flight_104_seg00,train,10.1594/PANGAEA.918840,CC BY 4.0,fixed-wing UAV,2020-02-28 17:01:17+00:00,1236.0,65.033815,24.49865,68.33,382217.9049464,7214554.438147,-1401.9219311999623,-994.1723250001669,43.36,-1402.7571172757403,-993.0188585500264,43.3828138528138,13.200655362977955,2.493075324577262,0.23064935064935455,0.590459315692442,3.9747436071959896,0.08807359307359164,13.434013792836996,13.435993662885139,79.3050893367049,-16.803284151577827,0.9836178717256164,994.93,-3.34,47.94,False
HAOS / PANGAEA,HAOS_Flight_104,HAOS_Flight_104_seg00,train,10.1594/PANGAEA.918840,CC BY 4.0,fixed-wing UAV,2020-02-28 17:01:18+00:00,1237.0,65.033864,24.498924,68.26,382231.0367344,7214559.453027,-1388.7901431999635,-989.1574450004846,43.290000000000006,-1389.1627521779126,-988.3210387318602,43.649567099567044,13.266710087226556,5.893773716453097,0.25229437229437224,-0.6358143509720549,2.412984953564262,-0.010108225108226065,14.516961292201348,14.519153474275408,66.04667867992322,-10.41812737021138,0.9956593072593032,994.94,-3.33,48.0,False
HAOS / PANGAEA,HAOS_Flight_104,HAOS_Flight_104_seg00,train,10.1594/PANGAEA.918840,CC BY 4.0,fixed-wing UAV,2020-02-28 17:01:19+00:00,1238.0,65.033941,24.499172,69.39,382243.0461992,7214567.529735,-1376.7806784000131,-981.0807370003313,44.42,-1376.2236971012871,-981.2313111171202,43.88740259740254,11.929026661033845,7.319045231705786,0.21043290043290241,-1.7677361792235615,0.6702164037635043,-0.020660173160173656,13.995359951905899,13.996941887033612,58.468834596282136,-6.336903965125886,0.8614289755449894,994.79,-3.39,48.04,False
HAOS / PANGAEA,HAOS_Flight_104,HAOS_Flight_104_seg00,train,10.1594/PANGAEA.918840,CC BY 4.0,fixed-wing UAV,2020-02-28 17:01:20+00:00,1239.0,65.034023,24.499417,69.39,382254.9213362,7214576.211301,-1364.9055414000177,-972.3991710003465,44.42,-1365.304698855845,-973.6829482684486,44.07043290043285,9.731237728779433,7.234206523980106,0.21097402597402493,-1.1976437731565852,-0.5334149707971392,-0.01835497835497968,12.125622943404458,12.127458175778315,53.37287074967145,-0.8628258067820963,0.9967901671282801,994.79,-3.34,48.12,False
HAOS / PANGAEA,HAOS_Flight_104,HAOS_Flight_104_seg00,train,10.1594/PANGAEA.918840,CC BY 4.0,fixed-wing UAV,2020-02-28 17:01:21+00:00,1240.0,65.034098,24.499674,68.79,382267.3490527,7214584.084576,-1352.4778249000083,-964.5258959997445,43.82000000000001,-1356.7612216437283,-966.76289806916,44.30935064935059,9.533739114720674,6.252215290111508,0.17372294372294306,0.9222286362646059,-1.2697650271697682,-0.11270562770562798,11.400981428870896,11.402304907457738,56.74318298271794,7.275731464891263,0.8729793394261243,994.87,-3.34,48.19,False
HAOS / PANGAEA,HAOS_Flight_104,HAOS_Flight_104_seg00,train,10.1594/PANGAEA.918840,CC BY 4.0,fixed-wing UAV,2020-02-28 17:01:22+00:00,1241.0,65.0341265,24.499813,69.09,382274.0287896,7214586.988430001,-1345.7980879999814,-961.6220419993624,44.120000000000005,-1346.2372206264035,-961.1785176882256,44.417878787878735,11.575695001308645,4.694676469640569,-0.014437229437231025,2.0024552402613836,-1.6196748528768694,-0.16560606060606275,12.491465162979033,12.491473506016519,67.92433367945398,10.355381388166993,-0.06622057024555146,994.8299999999999,-3.37,48.209999999999994,True
HAOS / PANGAEA,HAOS_Flight_104,HAOS_Flight_104_seg00,train,10.1594/PANGAEA.918840,CC BY 4.0,fixed-wing UAV,2020-02-28 17:01:23+00:00,1242.0,65.034155,24.499952,69.39,382280.7085265,7214589.892284,-1339.1183511000127,-958.7181879999116,44.42,-1333.609831641111,-957.3735451298788,44.28047619047613,13.538649595243442,3.012865584357769,-0.15748917748918245,1.8201055888469,-1.529129405865774,-0.054772727272727195,13.86983748614932,13.870731586085109,77.45394575905192,7.968649208591502,-0.6505539394726407,994.79,-3.4,48.23,False
HAOS / PANGAEA,HAOS_Flight_104,HAOS_Flight_104_seg00,train,10.1594/PANGAEA.918840,CC BY 4.0,fixed-wing UAV,2020-02-28 17:01:24+00:00,1243.0,65.034195,24.500247,69.77,382294.7693742,7214593.780323,-1325.057503399963,-954.8301490005106,44.8,-1319.1599214359167,-955.1527865195101,44.10290043290037,15.215906179002445,1.6364176579090213,-0.12398268398268542,1.5695900808406122,-1.1154178312266367,-0.02390692640692471,15.303648702166461,15.304150917488,83.86163209663698,4.930699650516485,-0.4641722541935092,994.74,-3.44,48.54,False
HAOS / PANGAEA,HAOS_Flight_104,HAOS_Flight_104_seg00,train,10.1594/PANGAEA.918840,CC BY 4.0,fixed-wing UAV,2020-02-28 17:01:25+00:00,1244.0,65.034221,24.500842,68.71,382322.8785869,7214595.643354,-1296.9482906999765,-952.9671180006117,43.739999999999995,-1303.178019283106,-954.1007098140608,44.03251082251076,16.677829756924666,0.7820299219044955,-0.20530303030303187,0.9656367123374707,-0.7844471103719854,-0.12627705627705588,16.696154533296458,16.69741673235616,87.3153450600849,2.9563727471656893,-0.7044978126347721,994.88,-3.33,48.62,False
HAOS / PANGAEA,HAOS_Flight_104,HAOS_Flight_104_seg00,train,10.1594/PANGAEA.918840,CC BY 4.0,fixed-wing UAV,2020-02-28 17:01:26+00:00,1245.0,65.034221,24.501138,68.41,382336.7957329,7214595.041399,-1283.031144700013,-953.5690729999915,43.44,-1285.8042619220673,-953.5887266757011,43.692294372294306,17.147179603677387,0.06752343716505038,-0.37653679653679717,-0.4123809517337236,-0.7450213137312005,-0.06211038961038717,17.14731255256451,17.15144622865613,89.77437759096836,2.6209191414326107,-1.2579523811408337,994.92,-3.34,48.62,False
HAOS / PANGAEA,HAOS_Flight_104,HAOS_Flight_104_seg00,train,10.1594/PANGAEA.918840,CC BY 4.0,fixed-wing UAV,2020-02-28 17:01:27+00:00,1246.0,65.034218,24.501429,68.1,382350.4625248,7214594.201426,-1269.3643528000102,-954.4090459998697,43.129999999999995,-1268.8836600757513,-953.9656629397307,43.279437229437164,15.853067853457219,-0.7080127055579055,-0.3295238095238062,-1.6915415672071958,-0.5496688213932828,0.14117965367965368,15.868870229400393,15.872291211371884,92.55718334295011,2.2563674394432374,-1.1896001551630455,994.96,-3.35,48.63,False
HAOS / PANGAEA,HAOS_Flight_104,HAOS_Flight_104_seg00,train,10.1594/PANGAEA.918840,CC BY 4.0,fixed-wing UAV,2020-02-28 17:01:28+00:00,1247.0,65.034215,24.501722,68.56,382364.2476538,7214593.236581,-1255.579223799985,-955.3738910006359,43.59,-1254.098126215153,-955.0047520868169,43.033246753246694,13.764096469262995,-1.0318142056215152,-0.0941774891774898,-1.2171266851664768,-0.0883267154429177,0.18755411255411047,13.802716840176807,13.803038128237137,94.28711246985483,0.607356990124347,-0.39092948030237457,994.9,-3.38,48.57,False
HAOS / PANGAEA,HAOS_Flight_104,HAOS_Flight_104_seg00,train,10.1594/PANGAEA.918840,CC BY 4.0,fixed-wing UAV,2020-02-28 17:01:29+00:00,1248.0,65.034214,24.502022,67.65,382378.3655829,7214592.600217,-1241.4612946999841,-956.010255000554,42.68000000000001,-1241.3554671372253,-956.0292913509737,43.091082251082184,13.418814483124265,-0.8846661364437409,0.04558441558441473,0.18076134632531193,0.1840216547656155,0.09493506493506843,13.447944687032136,13.448021945417103,93.7718973231988,-0.7983650951438817,0.1942144083883774,995.02,-3.39,48.29,False
HAOS / PANGAEA,HAOS_Flight_104,HAOS_Flight_104_seg00,train,10.1594/PANGAEA.918840,CC BY 4.0,fixed-wing UAV,2020-02-28 17:01:30+00:00,1249.0,65.034213,24.502326,67.88,382392.6781473,7214591.944511,-1227.1487303000176,-956.665961000137,42.91,-1227.2604972489044,-956.7740843597044,43.12441558441552,14.125619161913619,-0.6637708960902842,0.09569264069264705,0.3666602426395116,0.20032007910018024,0.02716450216450106,14.14120604863382,14.141529817929898,92.69038227956707,-0.9065261241825928,0.3877109729834437,994.99,-3.39,48.79,False
HAOS / PANGAEA,HAOS_Flight_104,HAOS_Flight_104_seg00,train,10.1594/PANGAEA.918840,CC BY 4.0,fixed-wing UAV,2020-02-28 17:01:31+00:00,1250.0,65.034212,24.502627,68.41,382406.8408316,7214591.231102,-1212.9860459999763,-957.3793700002134,43.44,-1213.104228813398,-957.3568331431543,43.28246753246748,14.152134968403288,-0.48402597824338045,0.09991341991341685,0.004557450536083252,0.17580647514907355,-0.043722943722947605,14.160409786143818,14.160762267724023,91.95884507483362,-0.7126208378444973,0.40426247316095265,994.92,-3.38,48.29,False
HAOS / PANGAEA,HAOS_Flight_104,HAOS_Flight_104_seg00,train,10.1594/PANGAEA.918840,CC BY 4.0,fixed-wing UAV,2020-02-28 17:01:32+00:00,1251.0,65.034212,24.502926,68.41,382420.9230547,7214590.696752,-1198.9038228999707,-957.9137200005352,43.44,-1198.9562273120978,-957.7421363161911,43.32424242424236,14.134734062985785,-0.31215794579213707,0.008246753246751837,-0.006812862448498436,0.1597030962861936,-0.11506493506493065,14.138180562379722,14.138182967531256,91.26514060387808,-0.6458798495268365,0.03342043200342953,994.92,-3.38,48.29,False
HAOS / PANGAEA,HAOS_Flight_104,HAOS_Flight_104_seg00,train,10.1594/PANGAEA.918840,CC BY 4.0,fixed-wing UAV,2020-02-28 17:01:33+00:00,1252.0,65.034215,24.503223,68.26,382434.9100207,7214590.506253,-1184.916856899974,-958.1042189998552,43.290000000000006,-1184.8347606874265,-957.9811490347386,43.29896103896098,14.138509243506292,-0.16461978567099322,-0.13021645021644446,0.027653661903968896,0.10917343825781245,-0.13047619047619108,14.13946757493178,14.140067171921574,90.66708537577995,-0.44318043722802364,-0.5276466079404871,994.94,-3.39,48.38,False
HAOS / PANGAEA,HAOS_Flight_104,HAOS_Flight_104_seg00,train,10.1594/PANGAEA.918840,CC BY 4.0,fixed-wing UAV,2020-02-28 17:01:34+00:00,1253.0,65.03422,24.503523,68.41,382449.0707662,7214590.516664,-1170.756111399969,-958.093807999976,43.44,-1170.6792088250852,-958.0713758875331,43.06380952380947,14.190041386793723,-0.09381106927651217,-0.2527056277056303,0.05225595378476555,-0.01012789830571137,-0.11514069264069704,14.190351478227646,14.192601425035216,90.37877972942204,0.03828838849372702,-1.0202309397907445,994.92,-3.43,48.51,False
HAOS / PANGAEA,HAOS_Flight_104,HAOS_Flight_104_seg00,train,10.1594/PANGAEA.918840,CC BY 4.0,fixed-wing UAV,2020-02-28 17:01:35+00:00,1254.0,65.034225,24.503826,67.5,382463.3159763,7214590.530498,-1156.5109013000038,-958.0799740003422,42.53,-1156.454677913839,-958.1687711732916,42.79354978354972,14.243021151075823,-0.18487558228241596,-0.36049783549783854,0.029599392855743645,-0.16441540692096623,-0.03891774891774702,14.244220950649337,14.248782024450936,90.7436621527674,0.6600764344989324,-1.449752593034066,995.04,-3.42,48.68,False
HAOS / PANGAEA,HAOS_Flight_104,HAOS_Flight_104_seg00,train,10.1594/PANGAEA.918840,CC BY 4.0,fixed-wing UAV,2020-02-28 17:01:36+00:00,1255.0,65.034228,24.50413,67.05,382477.6397505,7214590.294649,-1142.1871271000127,-958.3158229999244,42.08,-1142.1931665229336,-958.441127052098,42.34281385281379,14.24924017250521,-0.42264188311844464,-0.33054112554112436,-0.0334417326826042,-0.2688881460832704,0.10310606060606275,14.255506713375791,14.25933831181434,91.6989325984199,1.0872790854746464,-1.3282739728909283,995.1,-3.39,48.55,False
HAOS / PANGAEA,HAOS_Flight_104,HAOS_Flight_104_seg00,train,10.1594/PANGAEA.918840,CC BY 4.0,fixed-wing UAV,2020-02-28 17:01:37+00:00,1256.0,65.034229,24.504434,67.35,382491.9555895,7214589.784089,-1127.8712880999665,-958.8263830002397,42.379999999999995,-1127.9561975688287,-959.0140549395285,42.13246753246747,14.176137685710614,-0.7226518744489567,-0.15428571428571303,-0.0956175459896258,-0.2708260595245804,0.1384199134199129,14.19454491753326,14.195383386774093,92.9182203237167,1.1125321233913619,-0.62274431610672,995.06,-3.38,48.33,False
HAOS / PANGAEA,HAOS_Flight_104,HAOS_Flight_104_seg00,train,10.1594/PANGAEA.918840,CC BY 4.0,fixed-wing UAV,2020-02-28 17:01:38+00:00,1257.0,65.034225,24.504734,67.12,382506.0536077,7214588.76091,-1113.7732699000044,-959.8495620004833,42.150000000000006,-1113.8408911515123,-959.8864308009959,42.034242424242365,14.058005080525959,-0.9642940021676054,-0.05370129870129858,-0.10681172088163748,-0.17294399244957503,0.10051948051948045,14.091038633355247,14.091140961476196,93.92399684520262,0.7290244317661323,-0.2183545836571584,995.09,-3.39,48.68,False
HAOS / PANGAEA,HAOS_Flight_104,HAOS_Flight_104_seg00,train,10.1594/PANGAEA.918840,CC BY 4.0,fixed-wing UAV,2020-02-28 17:01:39+00:00,1258.0,65.03422,24.505031,66.36,382520.0384278,7214587.664517,-1099.7884497999912,-960.9459549998865,41.39,-1099.8401874077767,-960.9426429438637,42.025064935064876,13.96251424394734,-1.0685398593481068,0.04675324675324788,-0.07134071786032337,-0.019400142879135274,0.10100649350649427,14.003341795566087,14.003419843364334,94.37626918724897,0.09953568644093037,0.19129389278827372,995.19,-3.36,48.75,False
HAOS / PANGAEA,HAOS_Flight_104,HAOS_Flight_104_seg00,train,10.1594/PANGAEA.918840,CC BY 4.0,fixed-wing UAV,2020-02-28 17:01:40+00:00,1259.0,65.034214,24.505326,67.73,382533.8936803,7214586.51608,-1085.933197300008,-962.0943919997662,42.760000000000005,-1085.9158626636176,-962.0235105196921,42.12774891774886,13.915323644805312,-1.003094287925876,0.14831168831168995,-0.02478332262319327,0.14540818833461344,0.09919913419913229,13.951431119786504,13.952219416531449,94.12306821808448,-0.5884035951555097,0.6090639475104672,995.01,-3.45,48.36,False
HAOS / PANGAEA,HAOS_Flight_104,HAOS_Flight_104_seg00,train,10.1594/PANGAEA.918840,CC BY 4.0,fixed-wing UAV,2020-02-28 17:01:41+00:00,1260.0,65.034211,24.50562,67.2,382547.7098863,7214585.567704,-1072.1169912999612,-963.0427680006251,42.230000000000004,-1072.0095401181661,-962.9488315197154,42.321688311688256,13.912947598700953,-0.7777234826788799,0.24515151515151246,0.010508913201761061,0.2650453063036764,0.020519480519478606,13.93466772835681,13.936824027198227,93.19946199693794,-1.0895890972199123,1.0078961735659813,995.08,-3.4,48.73,False
HAOS / PANGAEA,HAOS_Flight_104,HAOS_Flight_104_seg00,train,10.1594/PANGAEA.918840,CC BY 4.0,fixed-wing UAV,2020-02-28 17:01:42+00:00,1261.0,65.03421,24.505917,67.05,382561.7027003,7214584.952772,-1058.1241772999638,-963.6577000003308,42.08,-1058.0899674662157,-963.5789574850498,42.618051948051885,13.936341471208834,-0.47300367531852316,0.18935064935064716,0.031807670884404615,0.30715170887992826,-0.1079220779220762,13.944366105312929,13.945651642982108,91.94389002364466,-1.2647826499985493,0.7779719948856217,995.1,-3.41,48.63,False
HAOS / PANGAEA,HAOS_Flight_104,HAOS_Flight_104_seg00,train,10.1594/PANGAEA.918840,CC BY 4.0,fixed-wing UAV,2020-02-28 17:01:43+00:00,1262.0,65.034212,24.506215,68.03,382575.7432249,7214584.616134,-1044.0836527000065,-963.9943380001932,43.06,-1044.1368571757484,-963.8948388703525,42.70038961038955,13.976562940469762,-0.1634200649190234,0.02930735930736006,0.04103565573464607,0.277577406985813,-0.10521645021644765,13.977518297127387,13.977549022194143,90.66989669694084,-1.1398263447165358,0.12013474069750843,994.97,-3.47,49.15,False
HAOS / PANGAEA,HAOS_Flight_104,HAOS_Flight_104_seg00,train,10.1594/PANGAEA.918840,CC BY 4.0,fixed-wing UAV,2020-02-28 17:01:44+00:00,1263.0,65.034217,24.506512,68.03,382589.7398239,7214584.649983,-1030.087053700001,-963.9604890001938,43.06,-1030.1368415852762,-963.9057976148879,42.676666666666605,14.018412782678126,0.08215113865310286,-0.02108225108224815,0.18466755135528956,0.1508049800219169,-0.0870183982683983,14.018653492940594,14.018669345428124,89.66423733421158,-0.6108966669276612,-0.08616541521852498,994.97,-3.47,49.15,False
HAOS / PANGAEA,HAOS_Flight_104,HAOS_Flight_104_seg00,train,10.1594/PANGAEA.918840,CC BY 4.0,fixed-wing UAV,2020-02-28 17:01:45+00:00,1264.0,65.034224,24.506807,67.5,382603.657524,7214584.819315,-1016.1693536000093,-963.7911569997668,42.53,-1016.1000316103922,-963.7305365930463,42.658225108225054,14.345898043180341,0.1381898951248104,-0.14472943722943654,0.20965992284084223,-0.03762397084997815,-0.16283549783550022,14.346563599428267,14.347293602712703,89.44810336308552,0.1541837520273626,-0.5779854234816773,995.04,-3.44,48.72,False
HAOS / PANGAEA,HAOS_Flight_104,HAOS_Flight_104_seg00,train,10.1594/PANGAEA.918840,CC BY 4.0,fixed-wing UAV,2020-02-28 17:01:46+00:00,1265.0,65.034231,24.507105,66.89,382617.7154909,7214585.053902,-1002.1113867000095,-963.5565700000152,41.92,-1001.4450454989155,-963.6294178246383,42.38720779220773,14.43773262835981,0.006903196953146562,-0.3467532467532486,-0.5173409842495289,-0.16318810886588153,-0.07607683982683966,14.437734278692542,14.441897690963872,89.9726048382663,0.6809287399702586,-1.3758169042339825,995.12,-3.4,48.65,False
HAOS / PANGAEA,HAOS_Flight_104,HAOS_Flight_104_seg00,train,10.1594/PANGAEA.918840,CC BY 4.0,fixed-wing UAV,2020-02-28 17:01:47+00:00,1266.0,65.034237,24.507404,67.65,382631.7810606,7214585.128955,-988.0458169999765,-963.4815170001239,42.68000000000001,-987.2245663536726,-963.71673019914,41.96471861471856,13.311216074681283,-0.18818632260695267,-0.29688311688311586,-1.6374169546543555,-0.21008319053015612,0.15194805194805205,13.312546243257513,13.315856227218735,90.80996084302603,1.073790852503831,-1.2775415179077891,995.02,-3.45,49.08,False
HAOS / PANGAEA,HAOS_Flight_104,HAOS_Flight_104_seg00,train,10.1594/PANGAEA.918840,CC BY 4.0,fixed-wing UAV,2020-02-28 17:01:48+00:00,1267.0,65.034238,24.507702,66.44,382645.8241504,7214584.774252,-974.0027271999861,-963.8362199999392,41.47,-974.822613349553,-964.0057904698522,41.7934415584415,11.1628987190511,-0.41326318410716567,-0.04285714285714448,-1.3307829435096323,-0.2634711331129722,0.17072510822510623,11.170545835863665,11.17062804885316,92.12018654327397,1.5158540264359563,-0.21982107192333158,995.18,-3.41,48.79,False
HAOS / PANGAEA,HAOS_Flight_104,HAOS_Flight_104_seg00,train,10.1594/PANGAEA.918840,CC BY 4.0,fixed-wing UAV,2020-02-28 17:01:49+00:00,1268.0,65.034235,24.507998,66.44,382659.7330916,7214583.828539,-960.0937859999831,-964.7819330003113,41.47,-964.8987689155704,-964.5432565673543,41.87900432900427,10.649650187662019,-0.7151285888328971,0.04456709956709659,0.4726590320324249,-0.270972564879969,0.009599567099566997,10.673633777591201,10.673726820773503,93.84166889589795,1.1952466994683566,0.23923360349206294,995.18,-3.4,48.88,False
HAOS / PANGAEA,HAOS_Flight_104,HAOS_Flight_104_seg00,train,10.1594/PANGAEA.918840,CC BY 4.0,fixed-wing UAV,2020-02-28 17:01:50+00:00,1269.0,65.0342315,24.508146,66.85499999999999,382666.69528755,7214583.1678885,-953.1315900500049,-965.4425835004076,41.88499999999999,-953.5233129742289,-965.436047647518,41.882575757575694,12.10821678311595,-0.9552083138671037,-0.023658008658010488,1.4662054101749504,-0.12918037330342713,0.020649350649353693,12.145836183228045,12.145859224080661,94.51067994221069,0.12898738576646887,-0.11160222425741728,995.125,-3.4299999999999997,48.875,True
HAOS / PANGAEA,HAOS_Flight_104,HAOS_Flight_104_seg00,train,10.1594/PANGAEA.918840,CC BY 4.0,fixed-wing UAV,2020-02-28 17:01:51+00:00,1270.0,65.034228,24.508294,67.27,382673.6574835,7214582.507238,-946.1693940999685,-966.103234000504,42.3,-940.6823353493385,-966.4536731950885,41.83168831168825,13.58206100801192,-0.9734893354397514,0.08586580086580398,1.484991819375665,0.0748574361749661,0.11966450216450397,13.61690356547966,13.617174290113606,94.09964366743088,-0.726392684856392,0.36129232783002285,995.07,-3.46,48.87,False
HAOS / PANGAEA,HAOS_Flight_104,HAOS_Flight_104_seg00,train,10.1594/PANGAEA.918840,CC BY 4.0,fixed-wing UAV,2020-02-28 17:01:52+00:00,1271.0,65.034222,24.508591,67.27,382687.5856292,7214581.298859,-932.2412484000088,-967.311612999998,42.3,-926.3591909582051,-967.3830263183975,42.0543073593073,15.07820042186728,-0.8054934415171715,0.21567099567099746,1.4952003935055416,0.21337877811956218,0.011645021645019682,15.099700250214433,15.101240400202213,93.0578945724979,-1.1050597706602365,0.8183074764798806,995.07,-3.42,49.5,False
HAOS / PANGAEA,HAOS_Flight_104,HAOS_Flight_104_seg00,train,10.1594/PANGAEA.918840,CC BY 4.0,fixed-wing UAV,2020-02-28 17:01:53+00:00,1272.0,65.03422,24.50918,66.59,382715.3057069,7214580.037009,-904.5211706999689,-968.5734630003572,41.620000000000005,-910.5259345056039,-968.0646600781229,42.26303030303024,16.572461795023003,-0.546731779200627,0.10915584415584334,0.9975553694764017,0.2746457727293148,-0.08660173160173379,16.58147778655102,16.58183706904028,91.88952412611042,-1.0990896701041193,0.3771725849098898,995.16,-3.42,48.89,False
HAOS / PANGAEA,HAOS_Flight_104,HAOS_Flight_104_seg00,train,10.1594/PANGAEA.918840,CC BY 4.0,fixed-wing UAV,2020-02-28 17:01:54+00:00,1273.0,65.034225,24.509474,67.2,382729.1504968,7214579.942297,-890.6763807999669,-968.668174999766,42.230000000000004,-893.2142673681591,-968.4764898767987,42.27261904761899,17.073311160820083,-0.25620189605854193,0.04246753246752988,-0.404009005142143,0.28237522564106143,-0.008630952380951129,17.075233333858943,17.075286143928643,90.85971523228966,-0.9775064283880969,0.14249909867849456,995.08,-3.42,48.9,False
HAOS / PANGAEA,HAOS_Flight_104,HAOS_Flight_104_seg00,train,10.1594/PANGAEA.918840,CC BY 4.0,fixed-wing UAV,2020-02-28 17:01:55+00:00,1274.0,65.03423,24.509768,67.57,382743.0156048,7214579.999566,-876.8112727999687,-968.6109060002491,42.599999999999994,-876.3793121839637,-968.57706387024,42.3479653679653,15.764443784738717,0.01801867208149588,0.09189393939394108,-1.7162397774892497,0.17798584521830207,0.055660173160175574,15.764454082356632,15.764721913526671,89.93451126933422,-0.6393861249521814,0.33398398881539276,995.03,-3.42,49.11,False
HAOS / PANGAEA,HAOS_Flight_104,HAOS_Flight_104_seg00,train,10.1594/PANGAEA.918840,CC BY 4.0,fixed-wing UAV,2020-02-28 17:01:56+00:00,1275.0,65.034237,24.510062,67.8,382756.889951,7214580.243499,-862.9369265999994,-968.3669730005786,42.83,-861.6853797986817,-968.4404525326357,42.45640692640687,13.640831605841583,0.09976979437806222,0.15378787878788103,-1.278984493343529,-0.08172853950924264,-0.03685606060606261,13.641196461850292,13.642063319837618,89.5809429823853,0.3482210605352795,0.6459127792648207,995.0,-3.45,49.43,False
HAOS / PANGAEA,HAOS_Flight_104,HAOS_Flight_104_seg00,train,10.1594/PANGAEA.918840,CC BY 4.0,fixed-wing UAV,2020-02-28 17:01:57+00:00,1276.0,65.034243,24.510354,67.05,382770.6818341,7214580.392803,-849.1450435000006,-968.2176689999178,42.08,-849.0976489722806,-968.3775242814838,42.65554112554106,13.206474798051659,-0.1454384069369894,0.018181818181815856,0.07070349881212223,-0.3182579123321716,-0.17177489177489136,13.207275605581415,13.20728812059078,90.63095339040478,1.3246502769074457,0.07887628143085404,995.1,-3.45,48.59,False
HAOS / PANGAEA,HAOS_Flight_104,HAOS_Flight_104_seg00,train,10.1594/PANGAEA.918840,CC BY 4.0,fixed-wing UAV,2020-02-28 17:01:58+00:00,1277.0,65.034245,24.51065,67.65,382784.5911531,7214580.08798,-835.235724499973,-968.5224919999018,42.68000000000001,-835.2724302025783,-968.7313293465097,42.4927705627705,13.782238603465828,-0.536746030286281,-0.1897619047619017,0.25316537662439487,-0.3696702781064687,-0.1270129870129857,13.79268636719808,13.793991692196666,92.23024353620019,1.5303865448657967,-0.7882344333225316,995.02,-3.43,48.91,False
HAOS / PANGAEA,HAOS_Flight_104,HAOS_Flight_104_seg00,train,10.1594/PANGAEA.918840,CC BY 4.0,fixed-wing UAV,2020-02-28 17:01:59+00:00,1278.0,65.034243,24.510942,67.35,382798.328531,7214579.324596,-821.498346599983,-969.2858760003,42.379999999999995,-821.5331717653489,-969.4510163420564,42.27601731601726,13.712805551300448,-0.8847789631499268,-0.23584415584415552,-0.04642115757744136,-0.2785145379391736,0.07439393939393923,13.741319802020804,13.743343565786853,93.69172648013637,1.1689763455381135,-0.983278778014131,995.06,-3.44,49.14,False
HAOS / PANGAEA,HAOS_Flight_104,HAOS_Flight_104_seg00,train,10.1594/PANGAEA.918840,CC BY 4.0,fixed-wing UAV,2020-02-28 17:02:00+00:00,1279.0,65.034238,24.511234,67.42,382812.047061,7214578.154624,-807.7798165999702,-970.4558480000123,42.45,-807.8468190999774,-970.5008872728096,42.02108225108219,13.689396288310945,-1.0937751061646281,-0.04097402597402322,-0.00751724296935663,-0.08610766026436067,0.13822510822510736,13.733022781648872,13.733083906832123,94.56819622727642,0.3603911430125759,-0.17094792815461626,995.05,-3.45,49.1,False
HAOS / PANGAEA,HAOS_Flight_104,HAOS_Flight_104_seg00,train,10.1594/PANGAEA.918840,CC BY 4.0,fixed-wing UAV,2020-02-28 17:02:01+00:00,1280.0,65.034231,24.511524,66.52,382825.6915848,7214576.832683,-794.1352927999687,-971.7777890004218,41.55,-794.154379188727,-971.6385665543856,42.19406926406921,13.697771065361735,-1.0569942836786481,0.0406060606060592,0.025381906167496027,0.12839858660282744,0.033181818181816425,13.738492241683236,13.738552250035243,94.41250876616152,-0.5411737188679822,0.1693453022134953,995.17,-3.44,49.38,False
HAOS / PANGAEA,HAOS_Flight_104,HAOS_Flight_104_seg00,train,10.1594/PANGAEA.918840,CC BY 4.0,fixed-wing UAV,2020-02-28 17:02:02+00:00,1281.0,65.034226,24.511812,66.89,382839.2211471,7214575.820879,-780.605730500014,-972.789592999965,41.92,-780.451276969254,-972.6148758401669,42.10229437229431,13.740160100645937,-0.8369779329589733,0.02538961038960963,0.048176756714156,0.24917300115035346,0.02467532467532685,13.76562863263581,13.765652047177372,93.48584878954046,-1.0466771239789259,0.10567740188525919,995.12,-3.45,48.88,False
HAOS / PANGAEA,HAOS_Flight_104,HAOS_Flight_104_seg00,train,10.1594/PANGAEA.918840,CC BY 4.0,fixed-wing UAV,2020-02-28 17:02:03+00:00,1282.0,65.034224,24.512107,67.12,382853.0853263,7214575.053423,-766.7415512999869,-973.5570490006357,42.150000000000006,-766.6740589874352,-973.3125224203036,42.24484848484843,13.794124578790047,-0.5586482813779412,0.0899567099567129,0.03636653647521371,0.24379063534425427,0.01769480519480382,13.80543229303111,13.805725370553061,92.31915451820367,-1.0184314916653505,0.37333614520475983,995.09,-3.48,49.39,False
HAOS / PANGAEA,HAOS_Flight_104,HAOS_Flight_104_seg00,train,10.1594/PANGAEA.918840,CC BY 4.0,fixed-wing UAV,2020-02-28 17:02:04+00:00,1283.0,65.034228,24.512402,68.26,382867.0095391,7214574.851476,-752.8173384999973,-973.7589960005134,43.290000000000006,-752.8630278116739,-973.7321724029227,42.282207792207736,13.812893173596365,-0.34939666227046473,0.06077922077921727,0.0002845265170208222,0.11492457250696475,-0.04246753246753521,13.817311455300947,13.817445131661255,91.44898580620975,-0.476878643383966,0.25202951990743166,994.94,-3.58,48.69,False
HAOS / PANGAEA,HAOS_Flight_104,HAOS_Flight_104_seg00,train,10.1594/PANGAEA.918840,CC BY 4.0,fixed-wing UAV,2020-02-28 17:02:05+00:00,1284.0,65.034231,24.512695,66.74,382880.817677,7214574.711503,-739.0092005999759,-973.8989690002054,41.769999999999996,-739.0482726402424,-974.0113157448445,42.36640692640687,13.794693631824089,-0.3287991363640117,0.005021645021642485,-0.05500840540915419,-0.05902875109489969,-0.04396103896104009,13.798611570297998,13.798612484046377,91.36539723143574,0.25241033131641294,0.020851304624765556,995.14,-3.49,48.58,False
HAOS / PANGAEA,HAOS_Flight_104,HAOS_Flight_104_seg00,train,10.1594/PANGAEA.918840,CC BY 4.0,fixed-wing UAV,2020-02-28 17:02:06+00:00,1285.0,65.034233,24.512988,67.5,382894.6227254,7214574.390218,-725.2041521999636,-974.2202540002763,42.53,-725.2736405480257,-974.3897706756508,42.29225108225102,13.702876362778056,-0.4674541644602641,-0.02714285714286291,-0.09754855984957089,-0.16603257896548484,0.0013744588744604158,13.71084731187146,13.710874178700156,91.95380646884257,0.7083342807080114,-0.11342618667081782,995.04,-3.46,48.78,False
HAOS / PANGAEA,HAOS_Flight_104,HAOS_Flight_104_seg00,train,10.1594/PANGAEA.918840,CC BY 4.0,fixed-wing UAV,2020-02-28 17:02:07+00:00,1286.0,65.034233,24.513277,66.82,382908.2156798,7214573.8413,-711.6111977999681,-974.7691719997674,41.849999999999994,-711.6425199146863,-974.946224073765,42.31212121212114,13.599596512124947,-0.6608642942949814,0.007770562770563316,0.09450410329623082,-0.15130246000558145,0.048230519480522815,13.615644197322249,13.615646414684864,92.78206579285177,0.6094915959000081,0.03269918017871158,995.13,-3.46,49.16,False
HAOS / PANGAEA,HAOS_Flight_104,HAOS_Flight_104_seg00,train,10.1594/PANGAEA.918840,CC BY 4.0,fixed-wing UAV,2020-02-28 17:02:08+00:00,1287.0,65.03423,24.513566,67.27,382921.7761969,7214573.003682,-698.0506806999911,-975.6067900005728,42.3,-698.0744475237758,-975.7114992642407,42.30779220779215,13.891884569370518,-0.770059084471427,0.06931818181818272,0.21447773397630954,-0.015389401604721797,0.0012445887445888815,13.913211271388487,13.913383948293177,93.1727896606426,0.020237795881769573,0.2854557674118246,995.07,-3.47,49.17,False
HAOS / PANGAEA,HAOS_Flight_104,HAOS_Flight_104_seg00,train,10.1594/PANGAEA.918840,CC BY 4.0,fixed-wing UAV,2020-02-28 17:02:09+00:00,1288.0,65.034226,24.513854,67.57,382935.3193454,7214571.979846,-684.5075321999611,-976.630626000464,42.599999999999994,-683.8587507759453,-976.4863422427079,42.45075757575751,14.028551980077566,-0.691643097504425,0.01025974025974108,-0.4533445739768638,0.13930778789188025,-0.057018398268397164,14.04559150879961,14.045595255963127,92.8225413846153,-0.5026912106365009,0.04185225740502525,995.03,-3.48,49.2,False
HAOS / PANGAEA,HAOS_Flight_104,HAOS_Flight_104_seg00,train,10.1594/PANGAEA.918840,CC BY 4.0,fixed-wing UAV,2020-02-28 17:02:10+00:00,1289.0,65.034225,24.514141,67.8,382948.8290155,7214571.355747,-670.9978620999609,-977.2547249998897,42.83,-670.0173435636207,-977.0947854592496,42.32831168831163,12.98519542141679,-0.4914435086876665,-0.044718614718611605,-1.2330886617952785,0.2500296310346357,0.017543290043288806,12.99449178900871,12.99456873501838,92.1674072393696,-0.9366302699733313,-0.19717414240919096,995.0,-3.53,49.2,False
HAOS / PANGAEA,HAOS_Flight_104,HAOS_Flight_104_seg00,train,10.1594/PANGAEA.918840,CC BY 4.0,fixed-wing UAV,2020-02-28 17:02:11+00:00,1290.0,65.034227,24.514435,67.2,382962.6653368,7214571.009899,-657.1615408000071,-977.6005730004981,42.230000000000004,-657.8883599331117,-977.4692292600832,42.361320346320284,11.562374656487009,-0.19158383543515356,0.04534632034631869,-1.4495364366850936,0.334207454585453,0.01905844155844072,11.563961780591162,11.56405068960449,90.94928084466864,-1.586308755502843,0.22467554843838136,995.08,-3.54,49.13,False
HAOS / PANGAEA,HAOS_Flight_104,HAOS_Flight_104_seg00,train,10.1594/PANGAEA.918840,CC BY 4.0,fixed-wing UAV,2020-02-28 17:02:12+00:00,1291.0,65.034233,24.514729,66.82,382976.5264475,7214571.152747,-643.3004301000037,-977.4577250005677,41.849999999999994,-646.8925942506467,-977.4779531301199,42.41900432900427,10.086122548046603,0.17697140048323945,-0.006601731601730165,-0.6714799209944999,0.2783678592488741,-0.06461038961038668,10.087675001247964,10.087677161451156,88.99478972836391,-1.4978284074671528,-0.03749638090150781,995.13,-3.48,49.03,False
HAOS / PANGAEA,HAOS_Flight_104,HAOS_Flight_104_seg00,train,10.1594/PANGAEA.918840,CC BY 4.0,fixed-wing UAV,2020-02-28 17:02:13+00:00,1292.0,65.0342375,24.514874,67.235,382983.38868584996,7214571.400134,-636.4381917500286,-977.2103380002081,42.265,-637.7161148370185,-977.1152864591168,42.34811688311682,10.219414814498009,0.3651518830625946,-0.08387445887445466,1.0974913068213823,0.0460387748590847,-0.0032467532467528315,10.225936389812208,10.226280358631726,87.95362402973433,-0.12489962376537156,-0.46993688958729635,995.075,-3.5,49.075,True
HAOS / PANGAEA,HAOS_Flight_104,HAOS_Flight_104_seg00,train,10.1594/PANGAEA.918840,CC BY 4.0,fixed-wing UAV,2020-02-28 17:02:14+00:00,1293.0,65.034242,24.515019,67.65,382990.2509242,7214571.647521,-629.5759533999953,-976.9629509998485,42.68000000000001,-626.4537646216506,-976.7476493639947,42.25125541125536,12.281105161689368,0.26904895020140884,-0.013095238095235828,2.046257023488181,-0.18500627483865628,0.059350649350648155,12.284051910101883,12.284058890095672,88.74499048083317,1.0329174798302734,-0.06107932430151443,995.02,-3.52,49.12,False
HAOS / PANGAEA,HAOS_Flight_104,HAOS_Flight_104_seg00,train,10.1594/PANGAEA.918840,CC BY 4.0,fixed-wing UAV,2020-02-28 17:02:15+00:00,1294.0,65.034253,24.515311,67.8,383004.0055205,7214572.270686,-615.8213570999797,-976.3397860005498,42.83,-613.1539045136398,-976.5771885587139,42.32192640692635,14.311928861474371,-0.004860666614717957,0.03482683982684165,2.031060630630236,-0.3162309869939577,-0.021222943722944976,14.311929686872524,14.31197206085714,90.01945898939488,1.2644231109657678,0.13942403581343718,995.0,-3.49,49.18,False
HAOS / PANGAEA,HAOS_Flight_104,HAOS_Flight_104_seg00,train,10.1594/PANGAEA.918840,CC BY 4.0,fixed-wing UAV,2020-02-28 17:02:16+00:00,1295.0,65.034259,24.515601,66.67,383017.6916099,7214572.385694,-602.1352677000104,-976.2247780002654,41.7,-597.8299068987019,-976.7573706972241,42.32090909090904,16.34322642294984,-0.36341302378650653,-0.05554112554112578,1.5347864295455622,-0.3471992391885692,-0.05665584415584668,16.34726640566133,16.34736075806397,91.2738367027647,1.1421561449565403,-0.1946661759301102,995.15,-3.51,49.0,False
HAOS / PANGAEA,HAOS_Flight_104,HAOS_Flight_104_seg00,train,10.1594/PANGAEA.918840,CC BY 4.0,fixed-wing UAV,2020-02-28 17:02:17+00:00,1296.0,65.034259,24.516184,66.97,383045.1462036,7214571.294321,-574.6806740000029,-977.3161510005593,42.0,-580.4674516677401,-977.304014606287,42.2108441558441,17.381501720565495,-0.6992591449918564,-0.07848484848485171,0.1243437487518122,-0.2802619642751836,0.029226190476190794,17.39556165847703,17.395738710538215,92.30377127930797,0.95672151094797,-0.2585038729862292,995.11,-3.5,49.03,False
HAOS / PANGAEA,HAOS_Flight_104,HAOS_Flight_104_seg00,train,10.1594/PANGAEA.918840,CC BY 4.0,fixed-wing UAV,2020-02-28 17:02:18+00:00,1297.0,65.034255,24.516473,67.42,383058.7313834,7214570.328742,-561.0954942000099,-978.2817299999297,42.45,-563.0669034575709,-978.1558889872078,42.16393939393934,16.591913920453464,-0.9239369523368737,0.0029112554112558087,-1.1846446312757166,-0.10882926192857667,0.10272727272727344,16.617619174708242,16.617619429720946,93.18727972466064,0.5957025330974426,0.010037698221954558,995.05,-3.51,48.94,False
HAOS / PANGAEA,HAOS_Flight_104,HAOS_Flight_104_seg00,train,10.1594/PANGAEA.918840,CC BY 4.0,fixed-wing UAV,2020-02-28 17:02:19+00:00,1298.0,65.034251,24.516758,67.2,383072.1078103,7214569.366301,-547.7190672999714,-979.2441710000858,42.230000000000004,-547.2836238268331,-979.1518885109607,42.21666666666661,15.012212458014062,-0.9169176688490097,0.12696969696969518,-1.69859004810354,0.12722143285111542,0.03629329004328952,15.040188193503434,15.040724124853455,93.49517634550284,-0.14130598746600923,0.4836811119503491,995.08,-3.5,49.31,False
HAOS / PANGAEA,HAOS_Flight_104,HAOS_Flight_104_seg00,train,10.1594/PANGAEA.918840,CC BY 4.0,fixed-wing UAV,2020-02-28 17:02:20+00:00,1299.0,65.034248,24.517044,67.31,383085.5668285,7214568.514123,-534.2600490999757,-980.0963489999995,42.34,-533.0424785415428,-979.9897243249059,42.41787878787873,13.194733824246384,-0.6694940866346428,0.07549783549783484,-1.113105077708525,0.2723222813453958,-0.09849567099566947,13.211707801217463,13.211923514307644,92.90466774972862,-0.9137210596585995,0.3274111354057801,995.07,-3.5,49.39,False
HAOS / PANGAEA,HAOS_Flight_104,HAOS_Flight_104_seg00,train,10.1594/PANGAEA.918840,CC BY 4.0,fixed-wing UAV,2020-02-28 17:02:21+00:00,1300.0,65.034248,24.517327,67.42,383098.9117284,7214567.99312,-520.9151492000092,-980.6173520004377,42.45,-520.8941561783404,-980.49087668423,42.36766233766228,12.786002302597012,-0.37227310615821807,-0.07002164502164376,0.14180495778865065,0.24854018288016277,-0.08090909090909193,12.791420646182534,12.791612297844097,91.66773422618564,-1.0858927171185817,-0.3136402728184169,995.05,-3.5,49.48,False
HAOS / PANGAEA,HAOS_Flight_104,HAOS_Flight_104_seg00,train,10.1594/PANGAEA.918840,CC BY 4.0,fixed-wing UAV,2020-02-28 17:02:22+00:00,1301.0,65.034251,24.517611,67.27,383112.2840723,7214567.821376,-507.5428052999778,-980.7890960006043,42.3,-507.47047393634875,-980.7342705372223,42.27783549783544,13.478343739823686,-0.17241372087431728,-0.08632034632034902,0.3825488025972561,0.1344485780036564,0.004783549783548224,13.479446444865236,13.479722833284775,90.73288231549145,-0.6153279984249885,-0.3669085332516806,995.07,-3.51,49.56,False
HAOS / PANGAEA,HAOS_Flight_104,HAOS_Flight_104_seg00,train,10.1594/PANGAEA.918840,CC BY 4.0,fixed-wing UAV,2020-02-28 17:02:23+00:00,1302.0,65.034255,24.517899,67.27,383125.846457,7214567.743736,-493.9804205999826,-980.8667360004038,42.3,-493.937468698693,-980.8357041259786,42.19502164502158,13.551099907791524,-0.10337595015090528,-0.060454545454547315,0.04287910335821721,-0.0005047747681885539,0.05350649350649661,13.551494209053741,13.551629055212631,90.43707822933567,-0.00018469169714296977,-0.2556003991648005,995.07,-3.54,49.5,False
HAOS / PANGAEA,HAOS_Flight_104,HAOS_Flight_104_seg00,train,10.1594/PANGAEA.918840,CC BY 4.0,fixed-wing UAV,2020-02-28 17:02:24+00:00,1303.0,65.03426,24.518187,66.97,383139.4418096,7214567.744624,-480.38506800000323,-980.8658480001613,42.0,-480.3682741207657,-980.9410224375241,42.156926406926345,13.56410194654012,-0.17342327041069439,0.020692640692644204,-0.011328446644668588,-0.1182886320246439,0.07717532467532706,13.565210549300495,13.565226331773173,90.73251293209717,0.5011958220251517,0.08740004843771226,995.11,-3.47,49.75,False
HAOS / PANGAEA,HAOS_Flight_104,HAOS_Flight_104_seg00,train,10.1594/PANGAEA.918840,CC BY 4.0,fixed-wing UAV,2020-02-28 17:02:25+00:00,1304.0,65.034264,24.518475,67.12,383152.9929915,7214567.677254,-466.8338860999793,-980.9332180004567,42.150000000000006,-466.80926480561277,-981.1825506668,42.23640692640687,13.528443014502187,-0.3399532142001931,0.09389610389610681,-0.05573217370221073,-0.1697453539878495,0.020865800865799145,13.532713644516315,13.53303938746965,91.43946987338597,0.725484022562847,0.39753772061407117,995.09,-3.54,49.6,False
HAOS / PANGAEA,HAOS_Flight_104,HAOS_Flight_104_seg00,train,10.1594/PANGAEA.918840,CC BY 4.0,fixed-wing UAV,2020-02-28 17:02:26+00:00,1305.0,65.034263,24.518766,67.12,383166.7029567,7214567.030771,-453.1239208999905,-981.5797009998932,42.150000000000006,-453.31138809176133,-981.6209288659245,42.34471861471856,13.452637599135699,-0.5129139783863934,0.06242424242424249,-0.07323176471768988,-0.14386182690944338,-0.04924242424242564,13.462412084129042,13.462556811725843,92.18348097722287,0.6229997707627599,0.2656745295155663,995.09,-3.54,49.6,False
HAOS / PANGAEA,HAOS_Flight_104,HAOS_Flight_104_seg00,train,10.1594/PANGAEA.918840,CC BY 4.0,fixed-wing UAV,2020-02-28 17:02:27+00:00,1306.0,65.034262,24.519048,67.65,383179.975342,7214566.359706,-439.8515355999698,-982.2507659997791,42.68000000000001,-439.9039896073414,-982.2083786235728,42.36125541125536,13.381979485066807,-0.6276768680190798,-0.0045887445887444755,-0.04711882413678836,-0.06328503893658421,-0.02339826839826742,13.396691874839666,13.396692660726828,92.6854694149115,0.27862525184594134,-0.019625418750586637,995.02,-3.55,49.3,False
HAOS / PANGAEA,HAOS_Flight_104,HAOS_Flight_104_seg00,train,10.1594/PANGAEA.918840,CC BY 4.0,fixed-wing UAV,2020-02-28 17:02:28+00:00,1307.0,65.03426,24.51933,67.65,383193.2128238,7214565.685721,-426.6140538000036,-982.9247510004789,42.68000000000001,-426.5474291216277,-982.8762826019627,42.33554112554107,13.358399950862122,-0.6394840562595618,0.015627705627707655,0.0005599196928613992,0.04788426085866604,0.09476190476190283,13.37369766016128,13.37370679096063,92.74073148091475,-0.20472957811580242,0.06695240098444685,995.02,-3.55,49.3,False
HAOS / PANGAEA,HAOS_Flight_104,HAOS_Flight_104_seg00,train,10.1594/PANGAEA.918840,CC BY 4.0,fixed-wing UAV,2020-02-28 17:02:29+00:00,1308.0,65.03426,24.519614,67.2,383206.5807492,7214565.059884,-413.2461283999728,-983.5505880005658,42.230000000000004,-413.18718970561713,-983.4873467360919,42.39251082251077,13.38309932445253,-0.5319083463017478,0.18493506493506118,0.05462969058386591,0.1288178787804668,0.08153679653679369,13.393665443672514,13.394942142288997,92.27601025867989,-0.5583301957504151,0.791069886450074,995.08,-3.5,49.42,False
HAOS / PANGAEA,HAOS_Flight_104,HAOS_Flight_104_seg00,train,10.1594/PANGAEA.918840,CC BY 4.0,fixed-wing UAV,2020-02-28 17:02:30+00:00,1309.0,65.03426,24.519899,67.05,383220.011069,7214564.619624,-399.8158085999894,-983.9908480001613,42.08,-399.78123047272265,-983.9400992945662,42.70541125541119,13.467659332029854,-0.38184829869862824,0.17870129870129503,0.09460040389885194,0.1362024113058169,-0.10349567099567025,13.473071513460836,13.474256571736616,91.62407108941392,-0.5903217937848785,0.7599031778009123,995.1,-3.54,49.52,False
HAOS / PANGAEA,HAOS_Flight_104,HAOS_Flight_104_seg00,train,10.1594/PANGAEA.918840,CC BY 4.0,fixed-wing UAV,2020-02-28 17:02:31+00:00,1310.0,65.034262,24.520187,67.5,383233.5595614,7214564.29805,-386.26731620001374,-984.3124219998717,42.53,-386.2518710415574,-984.2510433334892,42.74991341991336,13.572300132250234,-0.259503523690114,-0.022056277056279328,0.08730300920194622,0.08785763750503861,-0.11383116883116884,13.574780770188788,13.57479868867472,91.09536667111013,-0.3792022403139859,-0.09309398777197617,995.04,-3.57,49.53,False
HAOS / PANGAEA,HAOS_Flight_104,HAOS_Flight_104_seg00,train,10.1594/PANGAEA.918840,CC BY 4.0,fixed-wing UAV,2020-02-28 17:02:32+00:00,1311.0,65.034266,24.520476,68.41,383247.2065558,7214564.138105,-372.62032180000097,-984.4723669998348,43.44,-372.6366302082222,-984.4591063419464,42.661298701298634,13.642265350433746,-0.20613302368855102,-0.04896103896104265,0.056113825977291754,-0.007171894011435143,-0.0029545454545427674,13.643822584418935,13.643910432806143,90.86566660878594,0.025526113326660077,-0.20560578490848094,994.92,-3.59,49.67,False
HAOS / PANGAEA,HAOS_Flight_104,HAOS_Flight_104_seg00,train,10.1594/PANGAEA.918840,CC BY 4.0,fixed-wing UAV,2020-02-28 17:02:33+00:00,1312.0,65.034268,24.520766,68.41,383260.8727665,7214563.922584,-358.95411109999986,-984.6878880001605,43.44,-358.96734034068993,-984.6633093808663,42.65199134199128,13.684527784204818,-0.27384731171298426,-0.027965367965364862,0.030237175329077104,-0.11436419709974643,-0.06693722943722769,13.687267551516848,13.687296120439985,91.14641889776345,0.4760128470874168,-0.11706466037195451,994.92,-3.59,49.67,False
HAOS / PANGAEA,HAOS_Flight_104,HAOS_Flight_104_seg00,train,10.1594/PANGAEA.918840,CC BY 4.0,fixed-wing UAV,2020-02-28 17:02:34+00:00,1313.0,65.034272,24.521056,66.59,383274.5310757,7214563.73644,-345.29580189997796,-984.8740320000798,41.620000000000005,-345.26757463981255,-985.0068009653723,42.605367965367904,13.7027397010919,-0.4348614178880439,-0.18283549783549802,-0.001333885174489069,-0.1719948214799274,-0.12595238095238415,13.709638207066142,13.710857325051432,91.81769230296078,0.7195759339325347,-0.7640669449433426,995.16,-3.52,49.07,False
HAOS / PANGAEA,HAOS_Flight_104,HAOS_Flight_104_seg00,train,10.1594/PANGAEA.918840,CC BY 4.0,fixed-wing UAV,2020-02-28 17:02:35+00:00,1314.0,65.034272,24.521348,66.74,383288.2647081,7214563.245094,-331.56216949998634,-985.3653779998422,41.769999999999996,-331.56186093850613,-985.5330322166424,42.28632034632028,13.68186001385584,-0.6178369546728391,-0.27987012987013316,-0.03400349903287747,-0.14961728131501673,0.02046536796536813,13.69580285858798,13.698662096383728,92.58557076562852,0.6320726066325871,-1.1706612579390492,995.14,-3.55,49.62,False
HAOS / PANGAEA,HAOS_Flight_104,HAOS_Flight_104_seg00,train,10.1594/PANGAEA.918840,CC BY 4.0,fixed-wing UAV,2020-02-28 17:02:36+00:00,1315.0,65.03427,24.521639,67.57,383301.956957,7214562.469191,-317.86992059997283,-986.1412810003385,42.599999999999994,-317.9038546121009,-986.242474874718,42.04562770562764,13.634732703026145,-0.7340959805180773,-0.14190476190476176,-0.04142018550430748,-0.03865449128824139,0.21673160173160433,13.654480319352452,13.655217675051347,93.08183751622596,0.1703455227793686,-0.5954273663895951,995.03,-3.58,49.09,False
HAOS / PANGAEA,HAOS_Flight_104,HAOS_Flight_104_seg00,train,10.1594/PANGAEA.918840,CC BY 4.0,fixed-wing UAV,2020-02-28 17:02:37+00:00,1316.0,65.034266,24.521929,67.35,383315.5845409,7214561.525323,-304.24233669997193,-987.0851490003988,42.379999999999995,-304.29239553245384,-987.0012241776785,42.00251082251076,13.599019642847225,-0.6951459372493218,0.1535930735930755,0.13180838998707145,0.10719246641548352,0.12998376623376728,13.616775063157167,13.617641277140276,92.92626181118726,-0.4701663574437537,0.6462515275872226,995.06,-3.58,49.47,False
HAOS / PANGAEA,HAOS_Flight_104,HAOS_Flight_104_seg00,train,10.1594/PANGAEA.918840,CC BY 4.0,fixed-wing UAV,2020-02-28 17:02:38+00:00,1317.0,65.034265,24.522218,66.67,383329.1771473,7214560.821725,-290.6497303000069,-987.788747000508,41.7,-290.7058153264064,-987.6327667492167,42.35281385281379,13.898349483000288,-0.5197110476871103,0.11806277056277281,0.20990566288280377,0.19564862018839335,-0.17722943722943718,13.908063054383325,13.908564151000467,92.14150480133844,-0.842304440197495,0.4863607512272101,995.15,-3.56,49.74,False
HAOS / PANGAEA,HAOS_Flight_104,HAOS_Flight_104_seg00,train,10.1594/PANGAEA.918840,CC BY 4.0,fixed-wing UAV,2020-02-28 17:02:39+00:00,1318.0,65.034265,24.522504,67.35,383342.6289875,7214560.348713,-277.19789010001114,-988.261758999899,42.379999999999995,-276.49569656645326,-988.0406462730527,42.2386363636363,14.018830968612832,-0.30384869687253513,-0.20086580086579886,-0.46778020394430087,0.20511115163873228,-0.1653084415584427,14.022123439662387,14.023562059159106,91.24165293079227,-0.8287869660660507,-0.8207013418736975,995.06,-3.58,49.35,False
HAOS / PANGAEA,HAOS_Flight_104,HAOS_Flight_104_seg00,train,10.1594/PANGAEA.918840,CC BY 4.0,fixed-wing UAV,2020-02-28 17:02:40+00:00,1319.0,65.03427,24.522793,67.05,383356.25758,7214560.330659,-263.56929760001367,-988.279813000001,42.08,-262.66815338918076,-988.2404641429617,41.95108225108219,12.962789075111687,-0.10948874440964573,-0.2125541125541126,-1.560461661359355,0.1647452488964518,0.053636363636362816,12.963251459066406,12.96499393141975,90.48393086920635,-0.6882322605452463,-0.9393756178232859,995.1,-3.58,49.31,False
HAOS / PANGAEA,HAOS_Flight_104,HAOS_Flight_104_seg00,train,10.1594/PANGAEA.918840,CC BY 4.0,fixed-wing UAV,2020-02-28 17:02:41+00:00,1320.0,65.034276,24.523084,67.42,383369.9919714,7214560.509089,-249.8349062000052,-988.1013830006123,42.45,-250.5701184162299,-988.259623761872,41.81352813852808,10.897907645894122,0.025641800920368496,-0.09359307359307323,-1.2521443809516768,0.005008719596418132,0.013712121212121176,10.897937812283203,10.898339700331267,89.86518840970177,0.03049782292299506,-0.4920523834650496,995.05,-3.6,49.12,False
HAOS / PANGAEA,HAOS_Flight_104,HAOS_Flight_104_seg00,train,10.1594/PANGAEA.918840,CC BY 4.0,fixed-wing UAV,2020-02-28 17:02:42+00:00,1321.0,65.03428,24.523376,65.99,383383.7535574,7214560.338918,-236.0733201999683,-988.2715539997444,41.019999999999996,-240.87233809739251,-988.189180541121,41.763896103896045,10.458500313208333,-0.09947130521680947,-0.18512987012987026,0.5296888548675582,-0.25863963639810095,0.0039285714285721696,10.458973340722325,10.460611665230415,90.54492651505234,1.2446334848217444,-1.014062499720062,995.24,-3.54,49.26,False
HAOS / PANGAEA,HAOS_Flight_104,HAOS_Flight_104_seg00,train,10.1594/PANGAEA.918840,CC BY 4.0,fixed-wing UAV,2020-02-28 17:02:43+00:00,1322.0,65.03428,24.523522,66.365,383390.61690615,7214560.080080001,-229.20997144997818,-988.5303919995204,41.394999999999996,-229.65311778981322,-988.4585663723057,41.44326839826834,11.957285355629239,-0.4916374718758334,-0.08573593073592889,1.4893684705592136,-0.3807112250922273,0.20922077922078053,11.967388206275333,11.967695314032568,92.35445537934527,1.5604379199843368,-0.4104674186808084,995.19,-3.55,49.075,True
HAOS / PANGAEA,HAOS_Flight_104,HAOS_Flight_104_seg00,train,10.1594/PANGAEA.918840,CC BY 4.0,fixed-wing UAV,2020-02-28 17:02:44+00:00,1323.0,65.03428,24.523668,66.74,383397.4802549,7214559.821242,-222.34662269998807,-988.7892300002277,41.769999999999996,-216.95776738613404,-989.1724554848727,41.59242424242419,13.43723725432676,-0.8608937554012641,0.2333116883116908,1.4856179349542344,-0.28799903790820736,0.18420995670995488,13.464786782090382,13.466807989685556,93.66580235502101,0.8680867886401404,0.9926958105464709,995.14,-3.56,48.89,False
HAOS / PANGAEA,HAOS_Flight_104,HAOS_Flight_104_seg00,train,10.1594/PANGAEA.918840,CC BY 4.0,fixed-wing UAV,2020-02-28 17:02:45+00:00,1324.0,65.034277,24.523959,66.82,383411.158785,7214558.992388,-208.66809260001173,-989.6180840004236,41.849999999999994,-202.7786432811597,-990.1803538831082,41.90989177489172,14.928521225537708,-1.067635547692248,0.2826839826839809,1.5016584891779488,-0.13147072406948723,-0.03186147186147359,14.966649312522359,14.96931868449904,94.09062895662555,0.12235528920561507,1.0820507128742847,995.13,-3.55,49.42,False
HAOS / PANGAEA,HAOS_Flight_104,HAOS_Flight_104_seg00,train,10.1594/PANGAEA.918840,CC BY 4.0,fixed-wing UAV,2020-02-28 17:02:46+00:00,1325.0,65.034268,24.524544,66.59,383438.663092,7214556.854109,-181.16378559998702,-991.7563629997894,41.620000000000005,-187.10072493505862,-991.3077265802572,42.15779220779215,16.440554232682658,-1.1238352035402386,0.16958874458874362,1.0278560589861883,-0.037181056225563225,-0.07531385281385283,16.47892074871701,16.479793365961456,93.91051293343224,-0.12196283106953901,0.5896245546409898,995.16,-3.56,49.18,False
HAOS / PANGAEA,HAOS_Flight_104,HAOS_Flight_104_seg00,train,10.1594/PANGAEA.918840,CC BY 4.0,fixed-wing UAV,2020-02-28 17:02:47+00:00,1326.0,65.034263,24.524837,68.26,383452.449761,7214555.814502,-167.37711659999331,-992.7959700003266,43.290000000000006,-169.8975348157944,-992.4280242901887,42.249069264069206,16.984233343510084,-1.1419976601433746,0.1320562770562752,-0.31952215784286864,0.026748667793697223,-0.04608766233766204,17.022583262318697,17.02309548181184,93.84670329448647,-0.01771037345068245,0.4444751679497044,994.94,-3.67,49.03,False
HAOS / PANGAEA,HAOS_Flight_104,HAOS_Flight_104_seg00,train,10.1594/PANGAEA.918840,CC BY 4.0,fixed-wing UAV,2020-02-28 17:02:48+00:00,1327.0,65.034263,24.525131,67.42,383466.261062,7214555.299963,-153.5658155999845,-993.3105089999735,42.45,-153.13225824803845,-993.5917219005439,42.4219047619047,15.80150991699692,-1.0703378679528441,0.07741341991341955,-1.556003137120598,0.29620253460211643,-0.07202380952380771,15.837718863792407,15.83790805776156,93.87509218653088,-0.7889672394959721,0.2800546564673373,995.05,-3.6,49.17,False
HAOS / PANGAEA,HAOS_Flight_104,HAOS_Flight_104_seg00,train,10.1594/PANGAEA.918840,CC BY 4.0,fixed-wing UAV,2020-02-28 17:02:49+00:00,1328.0,65.034264,24.525424,66.44,383480.092391,7214554.847844,-139.73448659997666,-993.7626280002296,41.47,-138.29451498180055,-994.5687000260943,42.403896103896045,13.872227069268888,-0.5495925909391417,-0.01199134199134022,-1.1748950052503702,0.8571154891998276,-0.07435606060606048,13.883109733678968,13.883114912355024,92.26876881549452,-3.3077879698587336,-0.049488416437331754,995.18,-3.56,49.5,False
HAOS / PANGAEA,HAOS_Flight_104,HAOS_Flight_104_seg00,train,10.1594/PANGAEA.918840,CC BY 4.0,fixed-wing UAV,2020-02-28 17:02:50+00:00,1329.0,65.034268,24.525719,67.73,383493.9647362,7214554.696712,-125.86214139999356,-993.9137599999085,42.760000000000005,-125.38780410950068,-994.6909070824222,42.39792207792202,13.45171990649618,0.6438931104468111,-0.07129870129870142,-0.14394072619356635,1.6421970433426054,0.01393939393939192,13.467121696209123,13.46731043249963,87.2595162468134,-6.825704280721455,-0.3033370154523721,995.01,-3.61,48.97,False
HAOS / PANGAEA,HAOS_Flight_104,HAOS_Flight_104_seg00,train,10.1594/PANGAEA.918840,CC BY 4.0,fixed-wing UAV,2020-02-28 17:02:51+00:00,1330.0,65.034274,24.526011,67.73,383507.7539401,7214554.884229,-112.07293749996461,-993.7262430004776,42.760000000000005,-111.39107516880819,-993.2809138052007,42.26129870129864,13.584345616881755,2.734801495746069,0.01588744588744362,-0.5938616286821734,2.5605285854495037,0.14457792207792153,13.856896660509145,13.856905768279091,78.61736025405162,-11.218188452789095,0.06569170717114863,995.01,-3.6,49.02,False
HAOS / PANGAEA,HAOS_Flight_104,HAOS_Flight_104_seg00,train,10.1594/PANGAEA.918840,CC BY 4.0,fixed-wing UAV,2020-02-28 17:02:52+00:00,1331.0,65.034307,24.526299,66.89,383521.447614,7214557.982943,-98.37926359998528,-990.6275289999321,41.92,-98.21911287573717,-989.2213040909301,42.429696969696906,12.263996649131833,5.764950281345818,0.21785714285714164,-1.8521538471864858,3.230175131945998,0.13270562770562933,13.551393491309522,13.553144553608213,64.82313934123522,-15.78053210109138,0.9210285015783961,995.12,-3.58,48.98,False
HAOS / PANGAEA,HAOS_Flight_104,HAOS_Flight_104_seg00,train,10.1594/PANGAEA.918840,CC BY 4.0,fixed-wing UAV,2020-02-28 17:02:53+00:00,1332.0,65.03438,24.526544,67.8,383533.2775309,7214565.634429,-86.54934669996146,-982.976042999886,42.83,-86.86308187054452,-981.7510132425091,42.697012987012926,9.880037922508784,9.195151759638065,0.28129870129870227,-2.9059548805204045,3.295794895008413,0.058690476190477625,13.496887242360243,13.499818302197221,47.056296051868856,-18.625695727011646,1.1939712488511083,995.0,-3.62,48.93,False
HAOS / PANGAEA,HAOS_Flight_104,HAOS_Flight_104_seg00,train,10.1594/PANGAEA.918840,CC BY 4.0,fixed-wing UAV,2020-02-28 17:02:54+00:00,1333.0,65.034486,24.526718,67.8,383541.9567075,7214577.219073,-77.87017010001,-971.39139899984,42.83,-78.4590370307196,-970.8310005716539,42.99229437229431,6.452086888091024,12.356540071362645,0.3352380952380969,-3.8432185895042004,2.6153980184294596,0.04911255411255411,13.939638006299406,13.943668539059788,27.571747887211927,-19.20508392642356,1.3776560212196431,995.0,-3.62,49.06,False
HAOS / PANGAEA,HAOS_Flight_104,HAOS_Flight_104_seg00,train,10.1594/PANGAEA.918840,CC BY 4.0,fixed-wing UAV,2020-02-28 17:02:55+00:00,1334.0,65.034617,24.526802,68.1,383546.4814172,7214591.605407,-73.34546039998531,-957.005065000616,43.129999999999995,-73.95890809436247,-957.0379330997838,43.36748917748912,2.193600743500383,14.425947796496985,0.3795238095238105,-4.443888286255248,1.2424027229260446,-0.1314393939393952,14.59177350595676,14.59670827176926,8.646128199021746,-18.4458858155329,1.4898950449524626,994.96,-3.61,48.78,False
HAOS / PANGAEA,HAOS_Flight_104,HAOS_Flight_104_seg00,train,10.1594/PANGAEA.918840,CC BY 4.0,fixed-wing UAV,2020-02-28 17:02:56+00:00,1335.0,65.034754,24.526785,69.01,383546.2477298,7214606.850728,-73.57914779998828,-941.7597440006211,44.040000000000006,-74.07183554371883,-941.97910497866,43.75134199134193,-2.435689684419472,14.841345517214734,0.07235930735930651,-4.537399348481767,-0.3278392197038329,-0.08392857142857224,15.039884341315172,15.040058406452376,350.6799762561462,-17.599036917905874,0.2756571020036047,994.84,-3.65,48.26,False
HAOS / PANGAEA,HAOS_Flight_104,HAOS_Flight_104_seg00,train,10.1594/PANGAEA.918840,CC BY 4.0,fixed-wing UAV,2020-02-28 17:02:57+00:00,1336.0,65.034883,24.526669,69.47,383541.3706723,7214621.512402,-78.45620529999724,-927.0980700002983,44.5,-78.83028746320142,-927.3552420653543,43.51220779220773,-6.88119795346315,13.770269357089319,0.211666666666666,-4.161514507141661,-1.671766504232096,0.2689718614718615,15.393869021189525,15.39532416739954,333.44805436321,-16.888999863393938,0.7877709258622995,994.78,-3.62,48.5,False
HAOS / PANGAEA,HAOS_Flight_104,HAOS_Flight_104_seg00,train,10.1594/PANGAEA.918840,CC BY 4.0,fixed-wing UAV,2020-02-28 17:02:58+00:00,1337.0,65.034999,24.526468,68.48,383532.43149,7214634.726362,-87.39538760000141,-913.8841099999845,43.510000000000005,-87.83423145064513,-914.4385662644813,44.17467532467526,-10.758718698702793,11.497812508750542,0.6103030303030295,-3.4284296176434452,-2.747592361380896,0.05375541125541261,15.746419292150122,15.758241980404877,316.9019765293583,-16.19275056270238,2.2195709038970124,994.91,-3.58,48.25,False
HAOS / PANGAEA,HAOS_Flight_104,HAOS_Flight_104_seg00,train,10.1594/PANGAEA.918840,CC BY 4.0,fixed-wing UAV,2020-02-28 17:02:59+00:00,1338.0,65.035082,24.526189,68.86,383519.6522339,7214644.539031,-100.17464370001107,-904.0714410003275,43.89,-100.347724860607,-904.3596170478532,44.73281385281379,-13.738057188750041,8.275084634327527,0.3191774891774912,-2.399931798810009,-3.5343340065035704,-0.15816017316017295,16.037806615203035,16.040982366932763,301.0625532378053,-15.505815508933702,1.140125309120177,994.86,-3.58,48.63,False
HAOS / PANGAEA,HAOS_Flight_104,HAOS_Flight_104_seg00,train,10.1594/PANGAEA.918840,CC BY 4.0,fixed-wing UAV,2020-02-28 17:03:00+00:00,1339.0,65.035135,24.525863,69.01,383504.5224139,7214651.017498,-115.3044636999839,-897.5929740006104,44.040000000000006,-115.31034582814522,-897.8883969958263,44.813030303030246,-15.558582296322811,4.429144495743401,0.29398268398268357,-1.213699338092301,-3.955110647226718,0.24903679653679234,16.176736507578518,16.17940758662397,285.89034551149086,-14.884787561221431,1.0411316943365185,994.84,-3.58,48.36,False
HAOS / PANGAEA,HAOS_Flight_104,HAOS_Flight_104_seg00,train,10.1594/PANGAEA.918840,CC BY 4.0,fixed-wing UAV,2020-02-28 17:03:01+00:00,1340.0,65.035155,24.525512,73.18,383488.1155789,7214653.85993,-131.7112987000146,-894.7505419999361,48.21000000000001,-131.46488945325262,-895.5013280563664,45.32077922077916,-16.165455864934643,0.36486333987409125,0.8172510822510759,-0.23609337927309326,-4.026902218075151,0.23893398268398158,16.169572925032185,16.190212719707375,271.2929781153624,-14.31552685936457,2.8934113955881706,994.29,-3.9,48.13,False
HAOS / PANGAEA,HAOS_Flight_104,HAOS_Flight_104_seg00,train,10.1594/PANGAEA.918840,CC BY 4.0,fixed-wing UAV,2020-02-28 17:03:02+00:00,1341.0,65.035133,24.525161,70.22,383471.5093465,7214652.080834,-148.31753110000864,-896.5296379998326,45.25,-147.6412575580145,-897.1586703160781,46.4475324675324,-16.030769054868998,-3.6246599404069,0.7718506493506467,0.5247920906935093,-3.5890488051779244,-0.33659090909090494,16.435440857310034,16.45355492284385,257.25929179276176,-12.777838657840073,2.6887819043011754,994.68,-3.62,48.37,False
HAOS / PANGAEA,HAOS_Flight_104,HAOS_Flight_104_seg00,train,10.1594/PANGAEA.918840,CC BY 4.0,fixed-wing UAV,2020-02-28 17:03:03+00:00,1342.0,65.035077,24.524839,69.92,383456.0838777,7214646.517764,-163.742999900016,-902.0927079999819,44.95,-163.52642756299062,-902.7506479371802,46.86448051948045,-15.115871683547624,-6.8132342704817574,0.144069264069266,1.7613358462695032,-2.044387441053857,-0.593544372294371,16.580402226060258,16.581028132501114,245.73730079968226,-9.46020084458141,0.4978379259522867,994.72,-3.6,48.3,False
HAOS / PANGAEA,HAOS_Flight_104,HAOS_Flight_104_seg00,train,10.1594/PANGAEA.918840,CC BY 4.0,fixed-wing UAV,2020-02-28 17:03:04+00:00,1343.0,65.034998,24.524555,73.02,383442.3723557,7214638.13403,-177.45452189998468,-910.4764419998974,48.05,-177.87300092510975,-910.7851388570416,46.73567099567093,-12.508097362329991,-7.713434822514614,-0.4152380952380952,2.28101753409463,-0.7274949113209459,-0.2702813852813861,14.695222910412333,14.70108836319422,238.33889010359894,-6.906811079894505,-1.6185573727925506,994.31,-3.79,48.16,False
HAOS / PANGAEA,HAOS_Flight_104,HAOS_Flight_104_seg00,train,10.1594/PANGAEA.918840,CC BY 4.0,fixed-wing UAV,2020-02-28 17:03:05+00:00,1344.0,65.034906,24.524296,73.02,383429.7663347,7214628.396838,-190.06054289999884,-920.2136340001598,48.05,-188.5426222876506,-918.1775175822095,46.03400432900426,-10.553836615358364,-8.26822409312365,-0.39649350649350623,1.01276688744354,-1.0397976277350267,0.05597402597402734,13.406975682747742,13.412837285916833,231.92367863989327,-5.695561366326142,-1.6939528824804275,994.31,-3.79,48.16,False
HAOS / PANGAEA,HAOS_Flight_104,HAOS_Flight_104_seg00,train,10.1594/PANGAEA.918840,CC BY 4.0,fixed-wing UAV,2020-02-28 17:03:06+00:00,1345.0,65.034808,24.524047,69.54,383417.649455,7214617.931269,-202.1774225999834,-930.6792029999197,44.57000000000001,-198.98067415582648,-927.3215870432889,45.94268398268392,-10.482563587442911,-9.793030077984668,-0.3032900432900405,-0.11667206981201161,-1.3278167424320486,-0.11111471861471678,14.345298096348378,14.348503835712462,226.94776737094665,-3.642183105194895,-1.2111739246888777,994.77,-3.55,47.78,False
HAOS / PANGAEA,HAOS_Flight_104,HAOS_Flight_104_seg00,train,10.1594/PANGAEA.918840,CC BY 4.0,fixed-wing UAV,2020-02-28 17:03:07+00:00,1346.0,65.0347565,24.523927999999998,69.61500000000001,383411.82193465,7214612.4051625,-208.0049429499777,-936.2053094999865,44.64500000000001,-209.50774946253642,-937.7635777381788,45.42742424242418,-10.787180754982387,-10.923857577987746,-0.6187229437229398,-0.5283211095267433,-0.9613023809473589,-0.05208874458874391,15.352326632299832,15.364789328393405,224.63931242950346,-1.1912243503493523,-2.3078612088223984,994.76,-3.565,47.94,True
HAOS / PANGAEA,HAOS_Flight_104,HAOS_Flight_104_seg00,train,10.1594/PANGAEA.918840,CC BY 4.0,fixed-wing UAV,2020-02-28 17:03:08+00:00,1347.0,65.034705,24.523809,69.69,383405.9944143,7214606.879056,-213.832463299972,-941.7314160000533,44.72,-220.55503566579125,-949.1693021992644,44.70523809523804,-11.539205806496398,-11.715634839879385,-0.4074675324675283,-1.0034767292188178,-0.5692218885589568,0.399999999999995,16.444128749984777,16.449176275306037,224.56531867024793,1.0235625216818949,-1.4194363152695484,994.75,-3.58,48.1,False
HAOS / PANGAEA,HAOS_Flight_104,HAOS_Flight_104_seg00,train,10.1594/PANGAEA.918840,CC BY 4.0,fixed-wing UAV,2020-02-28 17:03:09+00:00,1348.0,65.034492,24.523351,69.92,383383.5086059,7214584.061961,-236.3182717000018,-964.5485110003501,44.95,-232.58616107552922,-961.1948474179376,44.612489177489124,-12.794134213420023,-12.06230135510566,0.18127705627705026,-1.5203615011893277,-0.015090110412387503,0.35009740259739885,17.583770478836122,17.58470487735069,226.68643747286725,3.2896139451140325,0.5906607071972759,994.72,-3.58,48.25,False
HAOS / PANGAEA,HAOS_Flight_104,HAOS_Flight_104_seg00,train,10.1594/PANGAEA.918840,CC BY 4.0,fixed-wing UAV,2020-02-28 17:03:10+00:00,1349.0,65.034389,24.523115,70.15,383371.9292342,7214573.021403,-247.89764340000693,-975.5890690004453,45.18000000000001,-246.1433040926313,-973.2939049094757,45.06779220779214,-14.579928808875053,-11.74581506070416,0.2927272727272694,-1.553184789501131,1.0613324524314862,-0.0356277056277019,18.722673300363102,18.724961542505973,231.14454656047602,5.651729737778826,0.8957412525218732,994.69,-3.58,48.4,False
HAOS / PANGAEA,HAOS_Flight_104,HAOS_Flight_104_seg00,train,10.1594/PANGAEA.918840,CC BY 4.0,fixed-wing UAV,2020-02-28 17:03:11+00:00,1350.0,65.034298,24.52284,70.22,383358.6060951,7214563.391702,-261.2207824999932,-985.2187700001523,45.25,-261.7460186932793,-984.6864775393459,45.19794372294366,-15.900503792422285,-9.939636450242688,0.11002164502164646,-0.5851567911778517,2.841693882648002,-0.12387987012986912,18.751597095069755,18.75191985846254,237.98989694842493,8.901617095890174,0.3361688899120381,994.68,-3.6,48.18,False
HAOS / PANGAEA,HAOS_Flight_104,HAOS_Flight_104_seg00,train,10.1594/PANGAEA.918840,CC BY 4.0,fixed-wing UAV,2020-02-28 17:03:12+00:00,1351.0,65.034226,24.522523,70.07,383343.3660749,7214555.978947,-276.4608026999631,-992.6315250005573,45.099999999999994,-277.94431167747587,-993.1731778099611,45.28783549783543,-15.750242391230756,-6.062427295408156,0.04496753246753116,-0.1737363432900878,3.5377039470340605,-0.053116883116883784,16.876704657445188,16.87676456473836,248.94778075225634,11.006296550866587,0.152662725379708,994.7,-3.61,48.12,False
HAOS / PANGAEA,HAOS_Flight_104,HAOS_Flight_104_seg00,train,10.1594/PANGAEA.918840,CC BY 4.0,fixed-wing UAV,2020-02-28 17:03:13+00:00,1352.0,65.034178,24.522171,70.37,383326.5760381,7214551.226588,-293.2508394999895,-997.3838840005919,45.400000000000006,-293.24650347574084,-996.8113321301622,45.287878787878725,-16.24797647900246,-2.8642285561745666,0.0037878787878788955,-0.7887825555748691,2.5361239886036344,-0.011141774891774148,16.498501292063562,16.49850172689171,260.0024900501581,8.890834534115582,0.01315449568402276,994.66,-3.62,48.38,False
HAOS / PANGAEA,HAOS_Flight_104,HAOS_Flight_104_seg00,train,10.1594/PANGAEA.918840,CC BY 4.0,fixed-wing UAV,2020-02-28 17:03:14+00:00,1353.0,65.034156,24.5218,70.37,383309.0050159,7214549.446836,-310.8218616999802,-999.1636359998956,45.400000000000006,-310.4402646354808,-998.9016349223102,45.29541125541119,-17.327807502380494,-0.9901793182008873,0.022683982683982862,-0.5731869174264119,1.918231068136663,0.05319264069264307,17.356075821502582,17.35609064521204,266.7294498204875,6.59832550040424,0.07488419292849967,994.66,-3.62,48.38,False
HAOS / PANGAEA,HAOS_Flight_104,HAOS_Flight_104_seg00,train,10.1594/PANGAEA.918840,CC BY 4.0,fixed-wing UAV,2020-02-28 17:03:15+00:00,1354.0,65.034152,24.521429,70.3,383291.526686,7214549.714004,-328.3001915999921,-998.8964680004865,45.33,-327.9021184805018,-998.791690766564,45.33324675324669,-17.394350313855284,0.9722335800987594,0.11017316017316503,0.06450659274798909,1.6715304978651204,0.07660173160173045,17.42149996341845,17.421848326185476,273.19914105096655,5.53027169094178,0.3623323455569045,994.67,-3.57,48.54,False
HAOS / PANGAEA,HAOS_Flight_104,HAOS_Flight_104_seg00,train,10.1594/PANGAEA.918840,CC BY 4.0,fixed-wing UAV,2020-02-28 17:03:16+00:00,1355.0,65.034166,24.521066,70.3,383274.505144,7214551.94263,-345.32173359999433,-996.6678419997916,45.33,-345.22896526319136,-996.9571677621127,45.51575757575752,-17.198794316884516,2.3528816775293535,0.17588744588744376,0.19195969664750123,1.0401154198811469,0.10807359307358944,17.35899127665408,17.359882330723714,277.7899932023711,3.4870593498754787,0.5805212588749624,994.67,-3.57,48.54,False
HAOS / PANGAEA,HAOS_Flight_104,HAOS_Flight_104_seg00,train,10.1594/PANGAEA.918840,CC BY 4.0,fixed-wing UAV,2020-02-28 17:03:17+00:00,1356.0,65.034183,24.520703,70.68,383257.5017982,7214554.527499,-362.32507939997595,-994.0829730005935,45.71000000000001,-362.29970711427086,-994.0859274115053,45.68502164502158,-17.01043092056028,3.052464419861053,0.3263203463203439,0.11816270021896003,0.40917989932853516,0.13441558441558676,17.282138152950605,17.28521865948168,280.17325975071753,1.399784401360175,1.0817270958929188,994.62,-3.56,48.67,False
HAOS / PANGAEA,HAOS_Flight_104,HAOS_Flight_104_seg00,train,10.1594/PANGAEA.918840,CC BY 4.0,fixed-wing UAV,2020-02-28 17:03:18+00:00,1357.0,65.034206,24.520341,70.98,383240.5956938,7214557.703561,-379.2311837999732,-990.9069110006094,46.010000000000005,-379.2498271043119,-990.8522389223906,46.16839826839821,-16.962468916446596,3.171241476186424,0.4447186147186173,0.0016162337653753411,-0.09791217418995757,0.031244588744588242,17.25636474584673,17.262094278736264,280.5895620050914,-0.319244588259459,1.476258834513458,994.58,-3.56,48.62,False
HAOS / PANGAEA,HAOS_Flight_104,HAOS_Flight_104_seg00,train,10.1594/PANGAEA.918840,CC BY 4.0,fixed-wing UAV,2020-02-28 17:03:19+00:00,1358.0,65.034231,24.519981,71.66,383223.7512444,7214561.178938,-396.0756332000019,-987.4315339997411,46.69,-396.22464494716405,-987.7434444591324,46.57445887445881,-17.00719845302953,2.856640071481138,0.3888095238095204,-0.04510052846737267,-0.45271263955146424,-0.09970779220779491,17.2454397368905,17.24982216037391,279.5347705741986,-1.5104556591874638,1.2915513726436187,994.49,-3.54,48.54,False
HAOS / PANGAEA,HAOS_Flight_104,HAOS_Flight_104_seg00,train,10.1594/PANGAEA.918840,CC BY 4.0,fixed-wing UAV,2020-02-28 17:03:20+00:00,1359.0,65.034248,24.519616,71.81,383206.6450454,7214563.748953,-413.18183219997445,-984.861519000493,46.84,-413.264224010371,-985.1389587794283,46.94601731601725,-17.05266997338134,2.2658161970834954,0.24530303030302747,-0.05124346602038088,-0.6840249599508184,-0.12207792207792068,17.20254272658631,17.204291611010994,277.5686506867165,-2.2811997415064718,0.8169650293246425,994.47,-3.53,48.33,False
HAOS / PANGAEA,HAOS_Flight_104,HAOS_Flight_104_seg00,train,10.1594/PANGAEA.918840,CC BY 4.0,fixed-wing UAV,2020-02-28 17:03:21+00:00,1360.0,65.034258,24.519248,72.72,383189.3389665,7214565.554971,-430.48791109997546,-983.0555010000244,47.75,-430.32998489392673,-983.2118120649654,47.06506493506487,-17.109685385070293,1.4885901515795013,0.14465367965367903,-0.06854791958988926,-0.7928815206414015,-0.04837662337662252,17.17431904371953,17.174928218263528,274.97237109118566,-2.651562181242465,0.482572225067576,994.35,-3.59,48.81,False
HAOS / PANGAEA,HAOS_Flight_104,HAOS_Flight_104_seg00,train,10.1594/PANGAEA.918840,CC BY 4.0,fixed-wing UAV,2020-02-28 17:03:22+00:00,1361.0,65.034261,24.518884,71.81,383172.2563218,7214566.564747,-447.57055579998996,-982.0457250000909,46.84,-447.48359478051157,-982.1617784762693,47.235324675324605,-17.18976581256112,0.6800531558006924,0.14854978354978243,-0.06770306634307133,-0.690159119079965,0.0411363636363653,17.203212519335146,17.203853871258097,272.2655263242316,-2.3063244482194167,0.49473690463557685,994.47,-3.52,48.72,False
HAOS / PANGAEA,HAOS_Flight_104,HAOS_Flight_104_seg00,train,10.1594/PANGAEA.918840,CC BY 4.0,fixed-wing UAV,2020-02-28 17:03:23+00:00,1362.0,65.034258,24.518523,72.27,383155.2189301,7214566.95406,-464.60794750001514,-981.6564119998366,47.3,-464.709516519049,-981.8517057533641,47.36216450216443,-17.245091517756435,0.10827191341957132,0.22692640692640964,-0.046617899239606686,-0.4164217251274067,0.042608225108226705,17.24543140263619,17.246924359351468,270.35972219474684,-1.3860180992455655,0.7538909711513897,994.41,-3.51,49.13,False
HAOS / PANGAEA,HAOS_Flight_104,HAOS_Flight_104_seg00,train,10.1594/PANGAEA.918840,CC BY 4.0,fixed-wing UAV,2020-02-28 17:03:24+00:00,1363.0,65.034249,24.518157,72.12,383137.9841366,7214566.633827,-481.8427410000004,-981.976645000279,47.150000000000006,-481.97377781602444,-981.9452346494302,47.689177489177425,-17.283001611040334,-0.15279029445412107,0.23376623376623584,-0.04814230627022198,-0.12893844054900683,-0.010735930735933152,17.2836769687848,17.285257771099378,269.49349012574044,-0.4270018240917154,0.7748930958934371,994.43,-3.49,48.86,False
HAOS / PANGAEA,HAOS_Flight_104,HAOS_Flight_104_seg00,train,10.1594/PANGAEA.918840,CC BY 4.0,fixed-wing UAV,2020-02-28 17:03:25+00:00,1364.0,65.03424,24.517787,73.25,383120.4908241,7214566.210739,-499.33605350001017,-982.3997330004349,48.28,-499.27551974112964,-982.1572863422723,47.829696969696904,-17.34137613029688,-0.14960496767844234,0.20545454545454334,-0.061271678240188976,0.10224129765157386,-0.07415584415584675,17.3420214432685,17.343238431995115,269.5057185465634,0.3383353517286222,0.6787632963050481,994.28,-3.51,49.24,False
HAOS / PANGAEA,HAOS_Flight_104,HAOS_Flight_104_seg00,train,10.1594/PANGAEA.918840,CC BY 4.0,fixed-wing UAV,2020-02-28 17:03:26+00:00,1365.0,65.034233,24.517418,73.25,383103.1127885,7214566.17946,-516.7140891000163,-982.4310119999573,48.28,-516.6565300766182,-982.2444445847871,48.10008658008651,-17.40554496752071,0.05169230084902665,0.08545454545454234,-0.24057413803983252,0.25538828797255064,-0.00656926406926317,17.40562172719931,17.405831499520254,270.1701608291977,0.8276077901647689,0.28129678632884986,994.28,-3.51,49.24,False
HAOS / PANGAEA,HAOS_Flight_104,HAOS_Flight_104_seg00,train,10.1594/PANGAEA.918840,CC BY 4.0,fixed-wing UAV,2020-02-28 17:03:27+00:00,1366.0,65.034229,24.517049,73.63,383085.7136474,7214566.420967,-534.1132301999605,-982.1895050005987,48.66,-534.0866096761711,-982.0539017405742,48.00060606060599,-17.822524406376544,0.36117160826665895,0.192316017316017,-0.2648073298751399,0.278804498946414,0.2307683982684008,17.826183583327797,17.827220944303736,271.1609341268929,0.8877844090677646,0.618105867044362,994.23,-3.49,49.08,False
HAOS / PANGAEA,HAOS_Flight_104,HAOS_Flight_104_seg00,train,10.1594/PANGAEA.918840,CC BY 4.0,fixed-wing UAV,2020-02-28 17:03:28+00:00,1367.0,65.034229,24.51668,72.72,383068.376699,7214567.075443,-551.4501785999746,-981.5350290006027,47.75,-552.3015788893713,-981.5221013682537,48.484718614718545,-17.93515962727099,0.6093012987418547,0.5469913419913439,0.6471040707193367,0.15243613092906116,0.20587662337662493,17.94550637146636,17.953840771727737,271.9457296473332,0.5733366850391141,1.7458741082849198,994.35,-3.49,48.93,False
HAOS / PANGAEA,HAOS_Flight_104,HAOS_Flight_104_seg00,train,10.1594/PANGAEA.918840,CC BY 4.0,fixed-wing UAV,2020-02-28 17:03:29+00:00,1368.0,65.034229,24.51631,73.4,383050.9496871,7214567.790454,-568.877190499974,-980.8200179999694,48.43000000000001,-569.956928930713,-980.8352991430905,49.09458874458868,-16.52831626493787,0.6660438701247813,0.6040692640692669,2.0510865610346514,-0.004235324670588625,-0.023181818181818414,16.54173065282894,16.55275664856261,272.3076074969712,0.27066405841397884,2.0913922074522073,994.26,-3.48,49.26,False
HAOS / PANGAEA,HAOS_Flight_104,HAOS_Flight_104_seg00,train,10.1594/PANGAEA.918840,CC BY 4.0,fixed-wing UAV,2020-02-28 17:03:30+00:00,1369.0,65.03423,24.515939,74.01,383033.495056,7214568.54157,-586.3318215999752,-980.0689019998536,49.040000000000006,-585.358211419247,-980.1900136280042,49.69285714285708,-13.832986505201688,0.6008306494006774,0.5006277056277071,1.6708636441560998,-0.07909311252456064,-0.06379870129870469,13.84602878526371,13.855076370124898,272.4870577641612,-0.051027065409696565,2.0707283868772266,994.18,-3.53,49.34,False
HAOS / PANGAEA,HAOS_Flight_104,HAOS_Flight_104_seg00,train,10.1594/PANGAEA.918840,CC BY 4.0,fixed-wing UAV,2020-02-28 17:03:31+00:00,1370.0,65.034229,24.51557,77.04,383016.1346063,7214569.16671,-603.6922713000095,-979.4437620006502,52.07000000000001,-597.6229019411164,-979.6336378442892,50.09584415584409,-13.186588976625671,0.50785764507566,0.4764718614718575,-0.6017728417688204,-0.08778415913531035,-0.03835497835498103,13.196364962599642,13.20496397802364,272.2055533661518,-0.43352684470211605,2.067840105549072,993.78,-3.62,49.2,False
HAOS / PANGAEA,HAOS_Flight_104,HAOS_Flight_104_seg00,train,10.1594/PANGAEA.918840,CC BY 4.0,fixed-wing UAV,2020-02-28 17:03:32+00:00,1371.0,65.034228,24.515388,75.94,383007.54744735,7214569.407064,-612.279430249997,-979.2034080000594,50.97,-611.7313893724984,-979.1742983378529,50.645800865800794,-15.03653218873933,0.42526233113005674,0.42391774891774503,-1.8566740065980127,-0.07853678141589171,-0.12278138528138349,15.04254460898395,15.048516690063497,271.62000407475693,-0.5082312173542688,1.6142395902256093,993.925,-3.545,49.415000000000006,True
HAOS / PANGAEA,HAOS_Flight_104,HAOS_Flight_104_seg00,train,10.1594/PANGAEA.918840,CC BY 4.0,fixed-wing UAV,2020-02-28 17:03:33+00:00,1372.0,65.034227,24.515206,74.84,382998.9602884,7214569.647418,-620.8665891999844,-978.9630540004,49.870000000000005,-627.6959663185951,-978.7831131820291,50.94367965367958,-16.899936989821697,0.3507840822438766,0.2309090909090905,-1.8801918277058576,-0.06453979973585433,-0.21775974025973888,16.90357712829741,16.90515420635268,271.1890909314432,-0.3586350050157348,0.782632777298576,994.07,-3.47,49.63,False
HAOS / PANGAEA,HAOS_Flight_104,HAOS_Flight_104_seg00,train,10.1594/PANGAEA.918840,CC BY 4.0,fixed-wing UAV,2020-02-28 17:03:34+00:00,1373.0,65.034226,24.514841,75.3,382981.7907862,7214570.120005,-638.0360913999612,-978.4904669998214,50.33,-645.5312633521418,-978.4727301733651,51.107619047618975,-18.796915844151044,0.2961827316583481,-0.011601731601732723,-1.9094821900444003,-0.024264933986927417,-0.05114718614718683,18.79924917284276,18.799252752777313,270.90273406472545,-0.17665017925132862,-0.035359400012291084,994.01,-3.5,49.02,False
HAOS / PANGAEA,HAOS_Flight_104,HAOS_Flight_104_seg00,train,10.1594/PANGAEA.918840,CC BY 4.0,fixed-wing UAV,2020-02-28 17:03:35+00:00,1374.0,65.034218,24.514104,76.66,382947.0459913,7214570.589829,-672.7808862999664,-978.020643000491,51.69,-665.2897980068972,-978.1907477187124,50.920476190476116,-20.718901369910498,0.30225421427002175,0.12861471861471685,-1.2907415569312377,0.026451431757067212,0.23472943722943818,20.721105945053296,20.72150509330747,270.8357905729406,0.016379733041807183,0.3556270571436313,993.83,-3.49,49.11,False
HAOS / PANGAEA,HAOS_Flight_104,HAOS_Flight_104_seg00,train,10.1594/PANGAEA.918840,CC BY 4.0,fixed-wing UAV,2020-02-28 17:03:36+00:00,1375.0,65.034214,24.513734,76.74,382929.6448853,7214570.845936,-690.1819922999712,-977.7645359998569,51.769999999999996,-686.9690660919628,-977.8682217448251,51.36484848484841,-21.37839895801352,0.3490855951724825,0.45785714285714363,0.4942765274297187,0.06507178569853522,0.04843073593073832,21.381248858772267,21.386150563484204,270.9354935308091,0.20983319218419058,1.226741868942191,993.82,-3.51,49.32,False
HAOS / PANGAEA,HAOS_Flight_104,HAOS_Flight_104_seg00,train,10.1594/PANGAEA.918840,CC BY 4.0,fixed-wing UAV,2020-02-28 17:03:37+00:00,1376.0,65.034209,24.513367,76.66,382912.3209608,7214571.041432,-707.5059168000007,-977.5690400004387,51.69,-708.0465959229242,-977.4925765283674,51.8361904761904,-19.73034831505106,0.4323977856670922,0.2254761904761935,2.168372719480402,0.12946599243747414,-0.20642857142857096,19.735085823940267,19.736373830842375,271.255456957309,0.5539284693674579,0.654584030641807,993.83,-3.46,49.28,False
HAOS / PANGAEA,HAOS_Flight_104,HAOS_Flight_104_seg00,train,10.1594/PANGAEA.918840,CC BY 4.0,fixed-wing UAV,2020-02-28 17:03:38+00:00,1377.0,65.034207,24.512997,76.28,382894.9138731,7214571.499109,-724.9130044999765,-977.1113630002365,51.31,-726.4297627220649,-977.0034261734909,51.815800865800796,-17.041653519052716,0.6080175800474308,0.045000000000001705,1.6307126487580774,0.2215938225259606,-0.030378787878790448,17.052496592613313,17.05255596797995,272.043350469544,0.8939302784538102,0.15119804183083102,993.88,-3.43,48.66,False
HAOS / PANGAEA,HAOS_Flight_104,HAOS_Flight_104_seg00,train,10.1594/PANGAEA.918840,CC BY 4.0,fixed-wing UAV,2020-02-28 17:03:39+00:00,1378.0,65.034208,24.51263,77.34,382877.6559445,7214572.240718,-742.1709330999875,-976.3697540005669,52.370000000000005,-742.1299029610296,-976.2765413682725,51.926190476190406,-16.468923017534905,0.8755854307190134,0.1647186147186126,-0.09879240594818839,0.25981030955679785,0.12518398268398023,16.49218224505109,16.493004802825144,273.0433175142166,0.8495501242379362,0.5722328006417967,993.74,-3.42,49.74,False
HAOS / PANGAEA,HAOS_Flight_104,HAOS_Flight_104_seg00,train,10.1594/PANGAEA.918840,CC BY 4.0,fixed-wing UAV,2020-02-28 17:03:40+00:00,1379.0,65.034211,24.512265,77.19,382860.4915127,7214573.265215,-759.3353649000055,-975.3452570000663,52.22,-759.3676087571347,-975.2522553120529,52.14523809523802,-17.239238330949092,1.1276381991610265,0.29536796536796217,-0.3808387577901726,0.1981058160490079,0.12086580086580057,17.276079015201095,17.278603773871232,273.7424507180199,0.5890252596090112,0.9794866744421084,993.76,-3.42,49.3,False
HAOS / PANGAEA,HAOS_Flight_104,HAOS_Flight_104_seg00,train,10.1594/PANGAEA.918840,CC BY 4.0,fixed-wing UAV,2020-02-28 17:03:41+00:00,1380.0,65.034216,24.511899,76.81,382843.2869618,7214574.525319,-776.5399157999782,-974.0851530004293,51.84,-776.6083796229278,-974.0212649699505,52.51692640692633,-17.23060053311525,1.2717970628170292,0.40645021645021373,0.02903649848261125,0.04809484305869205,-0.02037878787878533,17.27747268846869,17.282252870480573,274.2213680334346,0.16594553586879512,1.3476269268586003,993.81,-3.42,49.22,False
HAOS / PANGAEA,HAOS_Flight_104,HAOS_Flight_104_seg00,train,10.1594/PANGAEA.918840,CC BY 4.0,fixed-wing UAV,2020-02-28 17:03:42+00:00,1381.0,65.034222,24.511532,78.55,382826.0148675,7214575.899181,-793.812010099995,-972.711291000247,53.58,-793.8288098233652,-972.7086611864188,52.95813852813845,-17.18116533398387,1.2238278852784106,0.2546103896103915,0.05564091980645003,-0.16040904221759433,0.037294372294374156,17.224697295641338,17.22657898066159,274.07434178975745,-0.5209262458117544,0.8468676191873795,993.58,-3.45,49.03,False
HAOS / PANGAEA,HAOS_Flight_104,HAOS_Flight_104_seg00,train,10.1594/PANGAEA.918840,CC BY 4.0,fixed-wing UAV,2020-02-28 17:03:43+00:00,1382.0,65.034227,24.511166,77.95,382808.8366724,7214577.1184,-810.9902051999816,-971.4920720001683,52.980000000000004,-810.9707102908956,-971.5736091993937,53.026147186147114,-17.11931869350235,0.9509789783818405,0.48103896103896204,0.052357170565187516,-0.3393568149072621,0.24709956709956415,17.14571181220025,17.152458483525347,273.1795155418111,-1.1229837542349512,1.607065044545291,993.66,-3.41,49.57,False
HAOS / PANGAEA,HAOS_Flight_104,HAOS_Flight_104_seg00,train,10.1594/PANGAEA.918840,CC BY 4.0,fixed-wing UAV,2020-02-28 17:03:44+00:00,1383.0,65.034229,24.5108,78.86,382791.6052497,7214577.96533,-828.2216278999695,-970.6451420001686,53.89,-828.0674472103699,-970.8067032296551,53.92021645021637,-17.076450992853495,0.5451142554638864,0.7488095238095198,0.029142969371378058,-0.4158008571279197,-0.004523809523810485,17.085149342713894,17.101550916971973,271.82837428128755,-1.3893097123870553,2.5095587351859447,993.54,-3.4,48.72,False
HAOS / PANGAEA,HAOS_Flight_104,HAOS_Flight_104_seg00,train,10.1594/PANGAEA.918840,CC BY 4.0,fixed-wing UAV,2020-02-28 17:03:45+00:00,1384.0,65.034227,24.51044,79.08,382774.6448498,7214578.447717,-845.1820278000087,-970.162755000405,54.11,-845.1236122766026,-970.4833806884659,54.52376623376615,-17.061032754759594,0.11937726412600114,0.4719913419913411,-0.003543040694978572,-0.36856737661020134,-0.16693722943722733,17.061450395267396,17.06797777761281,270.400896117037,-1.236178446095924,1.5846376265752355,993.51,-3.39,49.13,False
HAOS / PANGAEA,HAOS_Flight_104,HAOS_Flight_104_seg00,train,10.1594/PANGAEA.918840,CC BY 4.0,fixed-wing UAV,2020-02-28 17:03:46+00:00,1385.0,65.034218,24.510084,79.24,382757.8472996,7214578.078203,-861.9795779999695,-970.5322690000758,54.269999999999996,-862.1895127198891,-970.5679487014031,54.864199134199055,-17.083537074243452,-0.1920204977565163,0.41493506493506516,-0.029828169157269713,-0.1956660400196597,-0.10506493506493442,17.084616204018435,17.089654237190462,269.3560173890957,-0.6554692538438166,1.3912724116129904,993.49,-3.39,49.16,False
HAOS / PANGAEA,HAOS_Flight_104,HAOS_Flight_104_seg00,train,10.1594/PANGAEA.918840,CC BY 4.0,fixed-wing UAV,2020-02-28 17:03:47+00:00,1386.0,65.034208,24.509718,82.27,382740.5897401,7214577.659765,-879.2371374999639,-970.950706999749,57.3,-879.2906864250895,-970.8674216839789,55.353636363636284,-17.120689093074134,-0.27195481591331827,0.26186147186147224,-0.049251336145971436,0.04930865257730943,-0.18028138528138626,17.12284889974814,17.1248511197631,269.08995760934937,0.1662602021121231,0.8761618895640535,993.09,-3.62,49.48,False
HAOS / PANGAEA,HAOS_Flight_104,HAOS_Flight_104_seg00,train,10.1594/PANGAEA.918840,CC BY 4.0,fixed-wing UAV,2020-02-28 17:03:48+00:00,1387.0,65.0342,24.509353,79.46,382723.3742899,7214577.380659,-896.4525876999833,-971.2298130001873,54.489999999999995,-896.4308909060373,-971.1118583332297,55.387922077922,-17.182039746535395,-0.09340319260189744,0.05437229437229263,-0.04663230238338656,0.28080760166687924,-0.10493506493506644,17.182293618952922,17.182379647601365,269.68853779331994,0.9370357235240276,0.18130830845936732,993.46,-3.4,49.42,False
HAOS / PANGAEA,HAOS_Flight_104,HAOS_Flight_104_seg00,train,10.1594/PANGAEA.918840,CC BY 4.0,fixed-wing UAV,2020-02-28 17:03:49+00:00,1388.0,65.034193,24.508987,80.37,382706.099124,7214577.363928,-913.7277535999892,-971.2465439997613,55.400000000000006,-913.6547659181603,-971.0542280691827,55.46238095238087,-17.213953697840907,0.2896603874204402,0.05199134199133937,-0.18314315395400627,0.4115041476750889,-0.05539502164501897,17.216390593020687,17.216469096510274,270.9640290563974,1.3461361117445967,0.17302554770846254,993.34,-3.4,49.45,False
HAOS / PANGAEA,HAOS_Flight_104,HAOS_Flight_104_seg00,train,10.1594/PANGAEA.918840,CC BY 4.0,fixed-wing UAV,2020-02-28 17:03:50+00:00,1389.0,65.034192,24.508623,80.37,382688.9722962,7214577.902785,-930.8545813999954,-970.7076869998127,55.400000000000006,-930.8587983017192,-970.5325375583889,55.49190476190468,-17.548326054443407,0.7296051027482804,-0.056417748917745314,-0.20292908841588542,0.37149542746001885,0.06298701298701559,17.56348686676463,17.563577479585604,272.38081001680916,1.195045229757598,-0.1840459021146156,993.34,-3.4,49.45,False
HAOS / PANGAEA,HAOS_Flight_104,HAOS_Flight_104_seg00,train,10.1594/PANGAEA.918840,CC BY 4.0,fixed-wing UAV,2020-02-28 17:03:51+00:00,1390.0,65.034195,24.508259,79.99,382671.8300399,7214578.922925,-947.9968376999605,-969.687547000125,55.019999999999996,-948.7514180270471,-969.5950178636862,55.34954545454538,-17.619811874672678,1.032651242340478,0.17796536796537055,0.6625370829601991,0.19634029165808897,0.19263528138527874,17.650046433003048,17.65094362234945,273.3541195159126,0.7882350794712423,0.5776936049148116,993.39,-3.4,49.36,False
HAOS / PANGAEA,HAOS_Flight_104,HAOS_Flight_104_seg00,train,10.1594/PANGAEA.918840,CC BY 4.0,fixed-wing UAV,2020-02-28 17:03:52+00:00,1391.0,65.0342,24.507894,81.13,382654.7005375,7214580.177816,-965.1263401000178,-968.4326560003683,56.16,-966.0984220510645,-968.4672350737079,55.84783549783542,-16.22325188852301,1.1222856860644583,0.3288528138528122,1.6210368701283642,-0.00563215583491683,0.0006060606060600549,16.262024074499784,16.265348787308234,273.95728017575163,0.3546580415181462,1.1584849765767211,993.24,-3.41,49.36,False
HAOS / PANGAEA,HAOS_Flight_104,HAOS_Flight_104_seg00,train,10.1594/PANGAEA.918840,CC BY 4.0,fixed-wing UAV,2020-02-28 17:03:53+00:00,1392.0,65.034205,24.507534,81.21,382637.7764505,7214581.390119,-982.0504270999809,-967.220352999866,56.239999999999995,-981.1979218040931,-967.3504464915572,56.007251082251,-14.37773813441595,1.0213869306706442,0.17917748917749066,1.8469230709914086,-0.18079029105999211,-0.060551948051946525,14.413971871902048,14.41508549043714,274.0634355989489,-0.24145648831182412,0.7121968366860836,993.23,-3.43,49.37,False
HAOS / PANGAEA,HAOS_Flight_104,HAOS_Flight_104_seg00,train,10.1594/PANGAEA.918840,CC BY 4.0,fixed-wing UAV,2020-02-28 17:03:54+00:00,1393.0,65.034209,24.507169,81.06,382620.6269359,7214582.456579,-999.1999416999752,-966.1538930004463,56.09,-994.8538983198964,-966.4244612123666,56.2061904761904,-12.529405746540192,0.7607051039444741,0.20774891774891913,0.8299818310613318,-0.28200248154425367,-0.013928571428571956,12.552477070945063,12.554196120398446,273.474367199128,-1.00186911003307,0.9481833325609696,993.25,-3.4,49.39,False
HAOS / PANGAEA,HAOS_Flight_104,HAOS_Flight_104_seg00,train,10.1594/PANGAEA.918840,CC BY 4.0,fixed-wing UAV,2020-02-28 17:03:55+00:00,1394.0,65.034209,24.5069865,81.325,382612.03115415,7214582.7861535,-1007.7957234499627,-965.8243185002357,56.355000000000004,-1006.2567332971735,-965.8290362836683,56.42274891774884,-12.717774472293286,0.4573819675821369,0.15132034632034674,-1.3996226504303877,-0.25094996648837764,0.03945887445887308,12.725996455774458,12.72689607247559,272.05969737888273,-1.2535456328798447,0.6812518495253094,993.2149999999999,-3.395,49.495000000000005,True
HAOS / PANGAEA,HAOS_Flight_104,HAOS_Flight_104_seg00,train,10.1594/PANGAEA.918840,CC BY 4.0,fixed-wing UAV,2020-02-28 17:03:56+00:00,1395.0,65.034209,24.506804,81.59,382603.4353724,7214583.115728,-1016.3915052000084,-965.4947440000251,56.620000000000005,-1020.289447264483,-965.5096972772023,56.508831168831094,-15.328651047400967,0.2588051709677188,0.2866666666666653,-2.5917906547647362,-0.13599027383034468,0.16385281385281303,15.330835693122095,15.33351560560344,270.9672759333683,-0.73315777901193,1.0712316403103526,993.18,-3.39,49.6,False
HAOS / PANGAEA,HAOS_Flight_104,HAOS_Flight_104_seg00,train,10.1594/PANGAEA.918840,CC BY 4.0,fixed-wing UAV,2020-02-28 17:03:57+00:00,1396.0,65.034204,24.506438,81.66,382586.1627466,7214583.308534,-1033.6641309999977,-965.3019380001351,56.69,-1036.9140353919754,-965.3114259417329,56.99608225108217,-17.901355781822758,0.18540141992144754,0.4790259740259728,-2.5700638142890284,-0.017520573563672315,0.06530303030302953,17.90231584220064,17.908723527870418,270.5933818208589,-0.17047264094387646,1.532741314536579,993.17,-3.38,49.04,False
HAOS / PANGAEA,HAOS_Flight_104,HAOS_Flight_104_seg00,train,10.1594/PANGAEA.918840,CC BY 4.0,fixed-wing UAV,2020-02-28 17:03:58+00:00,1397.0,65.034198,24.506073,82.34,382568.9820444,7214583.296121,-1050.8448331999825,-965.3143509998918,57.370000000000005,-1056.0921588281285,-965.1388944373595,57.46688311688304,-20.468778675979024,0.2237640238403742,0.41727272727272435,-1.962334550213427,0.05581741773193016,-0.0710714285714289,20.47000172996033,20.474254256346054,270.62633065148054,0.09316187541454721,1.167789617841946,993.08,-3.4,49.03,False
HAOS / PANGAEA,HAOS_Flight_104,HAOS_Flight_104_seg00,train,10.1594/PANGAEA.918840,CC BY 4.0,fixed-wing UAV,2020-02-28 17:03:59+00:00,1398.0,65.034189,24.505348,82.87,382534.8215907,7214583.679864,-1085.0052868999774,-964.9306080006063,57.900000000000006,-1077.8515927439335,-964.8638978940521,57.83062770562762,-21.826024882249612,0.29703625538530787,0.336883116883115,-0.23101904669630358,0.07313738361469291,-0.09898809523809149,21.82804601189929,21.83064549966476,270.779705571688,0.19325190486634974,0.8842041318598591,993.01,-3.4,49.55,False
HAOS / PANGAEA,HAOS_Flight_104,HAOS_Flight_104_seg00,train,10.1594/PANGAEA.918840,CC BY 4.0,fixed-wing UAV,2020-02-28 17:04:00+00:00,1399.0,65.034188,24.504987,83.78,382517.8296536,7214584.203002,-1101.9972239999915,-964.4074699999765,58.81,-1099.7442085926277,-964.5448219265888,58.14064935064927,-20.93081676937163,0.37003879106976,0.21929653679654137,1.3995076005396072,0.09872326947387933,-0.1092532467532461,20.934087497187573,20.93523609398652,271.01283446121323,0.35449437601770584,0.6001840989303103,992.89,-3.46,49.53,False
HAOS / PANGAEA,HAOS_Flight_104,HAOS_Flight_104_seg00,train,10.1594/PANGAEA.918840,CC BY 4.0,fixed-wing UAV,2020-02-28 17:04:01+00:00,1400.0,65.034185,24.504623,82.95,382500.6485642,7214584.55143,-1119.1783134000143,-964.0590420002118,57.980000000000004,-1119.7132262826767,-964.1238203119126,58.2692207792207,-19.027009681170398,0.4944827943330665,0.1183766233766228,2.0780009201843086,0.14337155034610305,-0.05768939393939654,19.03343402124912,19.0338021337358,271.4886943237234,0.6146568201928166,0.35634102894515834,993.0,-3.37,49.44,False
HAOS / PANGAEA,HAOS_Flight_104,HAOS_Flight_104_seg00,train,10.1594/PANGAEA.918840,CC BY 4.0,fixed-wing UAV,2020-02-28 17:04:02+00:00,1401.0,65.034184,24.504259,83.18,382483.5267245,7214585.070414,-1136.30015309999,-963.5400580000132,58.21000000000001,-1137.7982279549685,-963.5558563379227,58.377402597402515,-16.774814929003014,0.6567818917619661,0.1039177489177483,1.4042742765168441,0.20185459743140655,0.00993506493506402,16.78766744832792,16.787989077140505,272.2421481015989,0.8405779981698774,0.35466346954998557,992.97,-3.38,49.36,False
HAOS / PANGAEA,HAOS_Flight_104,HAOS_Flight_104_seg00,train,10.1594/PANGAEA.918840,CC BY 4.0,fixed-wing UAV,2020-02-28 17:04:03+00:00,1402.0,65.034183,24.503897,83.41,382466.4986182,7214585.67816,-1153.3282593999757,-962.9323120005429,58.44,-1153.2628561406827,-962.8102565283887,58.4770562770562,-16.21846112813671,0.8981919891958796,0.13824675324675084,-0.08492584253082214,0.2714389275086546,0.10633116883116678,16.243313400114435,16.24390169814877,273.1698503200632,0.9037796016280761,0.48763229821398807,992.94,-3.39,49.27,False
HAOS / PANGAEA,HAOS_Flight_104,HAOS_Flight_104_seg00,train,10.1594/PANGAEA.918840,CC BY 4.0,fixed-wing UAV,2020-02-28 17:04:04+00:00,1403.0,65.034186,24.503537,83.41,382449.5809362,7214586.66572,-1170.245941400004,-961.9447520002723,58.44,-1170.235150211242,-961.759472359531,58.65389610389602,-16.94466661406466,1.1996597467792753,0.31658008658008185,-0.34893283084483073,0.24047566990236646,0.14338744588744667,16.987080684150527,16.990030403770884,274.049707304855,0.7455073169230116,1.0676704041190415,992.94,-3.39,49.12,False
HAOS / PANGAEA,HAOS_Flight_104,HAOS_Flight_104_seg00,train,10.1594/PANGAEA.918840,CC BY 4.0,fixed-wing UAV,2020-02-28 17:04:05+00:00,1404.0,65.034192,24.503179,84.39,382432.7242118,7214587.99199,-1187.102665799961,-960.6184820001945,59.42,-1187.152189368812,-960.4109370348301,59.11021645021636,-16.91632678982637,1.3791433290006125,0.4250216450216442,0.011464170884039504,0.06551945777977153,-0.011244588744586892,16.972452633079413,16.977773463586477,274.6608649539092,0.22334429875474562,1.4344926204571533,992.81,-3.41,49.49,False
HAOS / PANGAEA,HAOS_Flight_104,HAOS_Flight_104_seg00,train,10.1594/PANGAEA.918840,CC BY 4.0,fixed-wing UAV,2020-02-28 17:04:06+00:00,1405.0,65.0342,24.502818,84.32,382415.7827539,7214589.619221,-1204.044123700005,-958.9912510002032,59.349999999999994,-1204.0678037908947,-959.0011857015297,59.503939393939305,-16.92173827229658,1.3306986623388184,0.29409090909090807,-0.010879557899670544,-0.15322600971722977,-0.10610389610389603,16.9739796478627,16.976527163965752,274.4963959023645,-0.5185773669570714,0.9926064750118506,992.82,-3.36,49.73,False
HAOS / PANGAEA,HAOS_Flight_104,HAOS_Flight_104_seg00,train,10.1594/PANGAEA.918840,CC BY 4.0,fixed-wing UAV,2020-02-28 17:04:07+00:00,1406.0,65.034208,24.502457,84.77,382398.8477028,7214591.15906,-1220.9791747999843,-957.4514119997621,59.8,-1220.9956659134052,-957.7495397101525,59.69839826839818,-16.938085905625712,1.072691309566153,0.21281385281385212,-0.014419332573311294,-0.3224672781328195,-0.05294372294372174,16.97201876006432,16.973352954791363,273.623710219995,-1.0898310839518877,0.7183999011523658,992.76,-3.4,49.28,False
HAOS / PANGAEA,HAOS_Flight_104,HAOS_Flight_104_seg00,train,10.1594/PANGAEA.918840,CC BY 4.0,fixed-wing UAV,2020-02-28 17:04:08+00:00,1407.0,65.03421,24.502097,85.07,382381.867319,7214592.069726,-1237.9595585999778,-956.5407460005954,60.099999999999994,-1237.943975602146,-956.8558030823974,59.92956709956701,-16.950576937443202,0.6857641060731794,0.1882034632034646,-0.003257982251057001,-0.3910781537329626,-0.022748917748916853,16.964443136199893,16.965487068307866,272.31673373446074,-1.3207016873402504,0.6356130695074065,992.72,-3.39,49.27,False
HAOS / PANGAEA,HAOS_Flight_104,HAOS_Flight_104_seg00,train,10.1594/PANGAEA.918840,CC BY 4.0,fixed-wing UAV,2020-02-28 17:04:09+00:00,1408.0,65.034206,24.501736,85.07,382364.90086,7214592.278817,-1254.9260175999952,-956.3316550003365,60.099999999999994,-1254.8968197882916,-956.3780114980061,60.07480519480511,-16.944601870127826,0.29053500210022776,0.16731601731601842,0.004947701296885043,-0.3250804848856319,6.493506493576717e-05,16.947092468166474,16.94791839059403,270.98230684531455,-1.0981595361380425,0.5656539726872625,992.72,-3.39,49.27,False
HAOS / PANGAEA,HAOS_Flight_104,HAOS_Flight_104_seg00,train,10.1594/PANGAEA.918840,CC BY 4.0,fixed-wing UAV,2020-02-28 17:04:10+00:00,1409.0,65.0342,24.501378,84.7,382347.9872977,7214592.264142,-1271.83957989997,-956.3463300000876,59.730000000000004,-1271.8331793424018,-956.274733078197,60.264199134199046,-16.940681534849432,0.03560313630191558,0.18833333333333613,-0.0037574626659306887,-0.13127679758690647,0.01383116883117097,16.940718947214226,16.941765784384682,270.12041466218466,-0.4438668482115607,0.6369423080318339,992.77,-3.4,49.73,False
HAOS / PANGAEA,HAOS_Flight_104,HAOS_Flight_104_seg00,train,10.1594/PANGAEA.918840,CC BY 4.0,fixed-wing UAV,2020-02-28 17:04:11+00:00,1410.0,65.034194,24.501018,85.76,382331.0462188,7214592.2405,-1288.7806587999803,-956.3699719998986,60.790000000000006,-1288.7781828579905,-956.3068052254023,60.45147186147178,-16.952116795459688,0.02798140692641482,0.19497835497836036,-0.02202289329255791,0.10026966343286858,-0.03452380952381162,16.952139888699598,16.953261142474922,270.0945731488914,0.3380650276338416,0.6589695654757706,992.63,-3.39,49.15,False
HAOS / PANGAEA,HAOS_Flight_104,HAOS_Flight_104_seg00,train,10.1594/PANGAEA.918840,CC BY 4.0,fixed-wing UAV,2020-02-28 17:04:12+00:00,1411.0,65.034189,24.500659,85.76,382314.1077253,7214592.340789,-1305.7191522999783,-956.2696830006316,60.790000000000006,-1305.7374129333211,-956.2187702643441,60.65415584415577,-16.984727321434548,0.23614246316765275,0.11928571428571288,-0.04170751894082514,0.2534191233490901,0.0982683982683934,16.986368812856856,16.986787645933198,270.7965447174523,0.8518003435409128,0.4023494200163541,992.63,-3.38,49.54,False
HAOS / PANGAEA,HAOS_Flight_104,HAOS_Flight_104_seg00,train,10.1594/PANGAEA.918840,CC BY 4.0,fixed-wing UAV,2020-02-28 17:04:13+00:00,1412.0,65.034185,24.500298,85.76,382297.1227567,7214592.617709,-1322.7041209000163,-955.9927630005404,60.790000000000006,-1322.7476375008596,-955.834520299067,60.69004329004321,-17.035531833341338,0.534819653624595,0.39151515151514715,-0.0375458393923509,0.29891222618823576,0.2532142857142876,17.043924926691304,17.048421071188827,271.7981738359732,1.0010618413522172,1.3159070806440996,992.63,-3.38,49.54,False
HAOS / PANGAEA,HAOS_Flight_104,HAOS_Flight_104_seg00,train,10.1594/PANGAEA.918840,CC BY 4.0,fixed-wing UAV,2020-02-28 17:04:14+00:00,1413.0,65.034186,24.499936,86.29,382280.0487548,7214593.378715,-1339.778122799995,-955.2317570000887,61.32000000000001,-1339.8084766000038,-955.1491309570949,61.43718614718606,-17.05981900021925,0.8339669155441243,0.6257142857142881,0.001833867212894802,0.26713329766374727,0.09844155844156077,17.080191015807284,17.091648355375522,272.79866840015677,0.8967785050394156,2.0980305691552332,992.56,-3.39,49.41,False
HAOS / PANGAEA,HAOS_Flight_104,HAOS_Flight_104_seg00,train,10.1594/PANGAEA.918840,CC BY 4.0,fixed-wing UAV,2020-02-28 17:04:15+00:00,1414.0,65.034189,24.499573,86.36,382262.9787615,7214594.362437,-1356.848116100009,-954.2480350006372,61.39,-1356.867275501298,-954.1665864679787,61.94147186147178,-17.03186409891555,1.0690862489520896,0.5883982683982687,0.04549237392188843,0.1490121883545612,-0.030043290043293425,17.065384264399874,17.075524958661763,273.5917308460521,0.5089397329772449,1.974721879117187,992.55,-3.42,49.64,False
HAOS / PANGAEA,HAOS_Flight_104,HAOS_Flight_104_seg00,train,10.1594/PANGAEA.918840,CC BY 4.0,fixed-wing UAV,2020-02-28 17:04:16+00:00,1415.0,65.034194,24.499209,86.9,382245.8724372,7214595.597689,-1373.9544404000044,-953.0127830002457,61.93000000000001,-1373.872204797835,-953.0109584591908,62.6139826839826,-16.968834252375473,1.1319912922532467,0.5656277056277013,0.07108916515335295,-0.08288550328302335,-0.10427489177489413,17.006549919672956,17.0159535398902,273.81654786611125,-0.265141659741192,1.9049212554661958,992.48,-3.42,49.42,False
HAOS / PANGAEA,HAOS_Flight_104,HAOS_Flight_104_seg00,train,10.1594/PANGAEA.918840,CC BY 4.0,fixed-wing UAV,2020-02-28 17:04:17+00:00,1416.0,65.034198,24.498848,90.08,382228.9276461,7214596.751344,-1390.8992314999923,-951.8591280002147,65.11,-1390.804944006049,-951.9026038834722,63.072727272727185,-16.889685768608842,0.9033152423860429,0.37984848484848044,-0.13602708311816514,-0.2607072245791642,-0.15168831168831076,16.913824635175658,16.918089391563004,273.0614475265697,-0.8941480631532569,1.2865249419360199,992.06,-3.67,49.22,False
HAOS / PANGAEA,HAOS_Flight_104,HAOS_Flight_104_seg00,train,10.1594/PANGAEA.918840,CC BY 4.0,fixed-wing UAV,2020-02-28 17:04:18+00:00,1417.0,65.034202,24.498492,87.73,382212.1540514,7214597.840084,-1407.672826199967,-950.7703880006447,62.760000000000005,-1407.6515763350526,-951.2043279744187,63.37367965367956,-17.240888418611803,0.6105768430949183,0.26225108225107974,-0.24816361526120545,-0.15130387874853568,-0.13879870129870042,17.251696656976854,17.253689842305853,272.0282517398048,-0.5412985997479952,0.8709127704105596,992.37,-3.45,49.24,False
HAOS / PANGAEA,HAOS_Flight_104,HAOS_Flight_104_seg00,train,10.1594/PANGAEA.918840,CC BY 4.0,fixed-wing UAV,2020-02-28 17:04:19+00:00,1418.0,65.034201,24.498136,88.41,382195.4039619,7214598.40223,-1424.4229157000082,-950.2082420000806,63.44,-1425.2867208432726,-950.6814501972824,63.597229437229345,-17.386012999131253,0.6007074848889715,0.1022510822510796,0.5520946792182144,-0.001674629323474619,-0.18803030303030077,17.39638748385315,17.396687982836966,271.9788503270737,0.06339220198231997,0.33676463025186415,992.28,-3.43,49.12,False
HAOS / PANGAEA,HAOS_Flight_104,HAOS_Flight_104_seg00,train,10.1594/PANGAEA.918840,CC BY 4.0,fixed-wing UAV,2020-02-28 17:04:20+00:00,1419.0,65.034196,24.497777,87.96,382178.5196028,7214598.551235,-1441.3072747999686,-950.0592370005324,62.989999999999995,-1442.423602333315,-950.0029130046407,63.57818181818172,-16.136699060175374,0.6072275844479691,-0.1138095238095218,1.6544483587616696,-0.18101611470569878,-0.05888528138527782,16.148120073184348,16.148521124415357,272.1550361437694,-0.5037513085804602,-0.40380535869143114,992.34,-3.4,49.59,False
HAOS / PANGAEA,HAOS_Flight_104,HAOS_Flight_104_seg00,train,10.1594/PANGAEA.918840,CC BY 4.0,fixed-wing UAV,2020-02-28 17:04:21+00:00,1420.0,65.034192,24.497418,88.64,382161.5904844,7214598.777187,-1458.2363932000007,-949.8332850001752,63.67,-1457.5601189636234,-949.4669950283865,63.3696103896103,-14.077116281607914,0.23867525547757396,-0.015519480519476048,1.370000776730933,0.6381351655899152,0.07564935064934986,14.07913948661238,14.079148040196307,270.9713477099128,2.9239809975514945,-0.06315729556479809,992.25,-3.41,49.07,False
HAOS / PANGAEA,HAOS_Flight_104,HAOS_Flight_104_seg00,train,10.1594/PANGAEA.918840,CC BY 4.0,fixed-wing UAV,2020-02-28 17:04:22+00:00,1421.0,65.034208,24.497052,88.79,382144.4160202,7214601.183259,-1475.4108573999838,-947.4272130001336,63.82000000000001,-1470.577834896531,-949.5255624936856,63.54714285714277,-13.396697506713508,1.8834979156277996,0.037489177489177905,0.15549292013128024,2.8859929491259777,0.00496753246753201,13.528454031579447,13.52850597527262,278.0029981388724,11.308011224095733,0.15877395483103446,992.23,-3.39,49.33,False
HAOS / PANGAEA,HAOS_Flight_104,HAOS_Flight_104_seg00,train,10.1594/PANGAEA.918840,CC BY 4.0,fixed-wing UAV,2020-02-28 17:04:23+00:00,1422.0,65.034232,24.496873,88.6,382136.1012557,7214604.1996935,-1483.7256218999973,-944.4107785001397,63.629999999999995,-1484.3535139770504,-945.6999991971309,63.44458874458866,-13.766130441345354,6.010661153729529,-0.005584415584412028,0.03942036547778116,4.225085344137369,0.02760822510822436,15.021131609605463,15.021132647666281,293.58737015810425,14.90290547719722,-0.021300887150753,992.255,-3.415,49.685,True
HAOS / PANGAEA,HAOS_Flight_104,HAOS_Flight_104_seg00,train,10.1594/PANGAEA.918840,CC BY 4.0,fixed-wing UAV,2020-02-28 17:04:24+00:00,1423.0,65.034256,24.496694,88.41,382127.7864912,7214607.216128,-1492.040386400011,-941.3943440001458,63.44,-1498.1100957792216,-937.5042401862265,63.53597402597394,-13.317856775757946,10.333668603902538,0.09270562770562663,0.8939247909113419,4.102108601681323,-0.020984848484852492,16.856749862143737,16.85700478282815,307.8088090932668,13.146599060004023,0.3151015289133978,992.28,-3.44,50.04,False
HAOS / PANGAEA,HAOS_Flight_104,HAOS_Flight_104_seg00,train,10.1594/PANGAEA.918840,CC BY 4.0,fixed-wing UAV,2020-02-28 17:04:25+00:00,1424.0,65.034336,24.496368,87.88,382112.8157853,7214616.755109,-1507.011092300003,-931.8553630001843,62.91,-1510.9892275285663,-925.0326619893258,63.62999999999991,-11.97828085952267,14.214878357092175,-0.04755411255411701,1.7254010766237684,3.4046984004224896,0.05529220779220623,18.588759481378382,18.588820308189423,319.88056827811226,11.133849964556003,-0.14657481618315263,992.35,-3.4,49.68,False
HAOS / PANGAEA,HAOS_Flight_104,HAOS_Flight_104_seg00,train,10.1594/PANGAEA.918840,CC BY 4.0,fixed-wing UAV,2020-02-28 17:04:26+00:00,1425.0,65.034573,24.495897,88.87,382091.6737781,7214644.020851,-1528.153099499992,-904.5896209999919,63.900000000000006,-1522.066657498267,-909.0744834720422,63.44086580086571,-9.867054622510409,17.143065404747517,0.20329004329003908,2.9463018791149693,2.1356853268691225,0.3145670995670997,19.779875085425974,19.780919726765894,330.07650902237884,10.948937926525655,0.5888435271259109,992.22,-3.45,49.3,False
HAOS / PANGAEA,HAOS_Flight_104,HAOS_Flight_104_seg00,train,10.1594/PANGAEA.918840,CC BY 4.0,fixed-wing UAV,2020-02-28 17:04:27+00:00,1426.0,65.034716,24.495773,89.32,382086.458636,7214660.207215,-1533.3682415999938,-888.40325700026,64.35,-1530.723336773587,-890.7465311798308,64.03658008657999,-6.085677101292731,18.48624901083042,0.5815800865800824,4.79402601353155,0.12224332955912587,0.1301731601731646,19.462190736698357,19.47087834867071,341.7784441311636,14.502097708577367,1.7116352243988415,992.16,-3.45,49.3,False
HAOS / PANGAEA,HAOS_Flight_104,HAOS_Flight_104_seg00,train,10.1594/PANGAEA.918840,CC BY 4.0,fixed-wing UAV,2020-02-28 17:04:28+00:00,1427.0,65.034864,24.495739,89.25,382085.5059407,7214676.711301,-1534.3209368999815,-871.8991710003465,64.28,-1534.2380117008524,-872.1019854503813,64.60402597402587,-0.27900259544730943,17.38755206386577,0.4636363636363683,5.816283841450513,-2.173102870142003,-0.21140692640692293,17.3897903731445,17.395969875220956,359.0807044395336,19.82038038665872,1.5272245789903984,992.17,-3.45,49.47,False
HAOS / PANGAEA,HAOS_Flight_104,HAOS_Flight_104_seg00,train,10.1594/PANGAEA.918840,CC BY 4.0,fixed-wing UAV,2020-02-28 17:04:29+00:00,1428.0,65.035004,24.495802,88.64,382089.0872269,7214692.235549,-1530.7396507000085,-856.3749230001122,63.67,-1531.2813419644817,-855.9714270520992,64.96385281385272,5.546890581608295,14.140043270546414,0.15876623376623655,4.603911903894073,-2.849825339313213,-0.2861471861471898,15.189101975339415,15.189931715917753,21.419204904481035,19.14842327586138,0.5988704182757472,992.25,-3.4,49.2,False
HAOS / PANGAEA,HAOS_Flight_104,HAOS_Flight_104_seg00,train,10.1594/PANGAEA.918840,CC BY 4.0,fixed-wing UAV,2020-02-28 17:04:30+00:00,1429.0,65.035127,24.495946,92.13,382096.4413329,7214705.657002,-1523.385544699966,-842.9534700000659,67.16,-1523.1442305376358,-843.8218989092885,64.92155844155835,8.928821212340836,11.687901385239343,-0.10865800865801134,2.4923901751063795,-1.9006822846630484,-0.13428571428571345,14.708191154354346,14.708592509002107,37.37755099125633,12.055302672034516,-0.4232697268473112,991.79,-3.62,49.73,False
HAOS / PANGAEA,HAOS_Flight_104,HAOS_Flight_104_seg00,train,10.1594/PANGAEA.918840,CC BY 4.0,fixed-wing UAV,2020-02-28 17:04:31+00:00,1430.0,65.035229,24.496155,89.48,382106.7203358,7214716.564642,-1513.1065417999635,-832.0458300001919,64.51,-1513.4236995398,-832.5956242816205,64.7465367965367,10.531670931821054,10.338678701220317,-0.10980519480519035,1.3645573132027948,-1.388858005434713,-0.012272727272723216,14.758196702281454,14.758605187619777,45.52981024855006,7.615845937805121,-0.426289083240334,992.14,-3.4,49.75,False
HAOS / PANGAEA,HAOS_Flight_104,HAOS_Flight_104_seg00,train,10.1594/PANGAEA.918840,CC BY 4.0,fixed-wing UAV,2020-02-28 17:04:32+00:00,1431.0,65.035313,24.496389,89.02,382118.0846564,7214725.561415,-1501.7422211999656,-823.0490570003167,64.05,-1502.0808886739937,-823.1445415068479,64.70194805194797,11.657935838746425,8.910185374369917,-0.13320346320345777,0.7038435794320321,-1.0121983928511042,-0.14140692640692976,14.673066190335403,14.673670794609414,52.609242866866566,4.808882122054028,-0.5201221417524212,992.2,-3.4,49.09,False
HAOS / PANGAEA,HAOS_Flight_104,HAOS_Flight_104_seg00,train,10.1594/PANGAEA.918840,CC BY 4.0,fixed-wing UAV,2020-02-28 17:04:33+00:00,1432.0,65.03539,24.496633,88.94,382129.9403296,7214733.645868,-1489.8865479999804,-814.9646040005609,63.97,-1490.1078278623072,-814.7752535328807,64.48012987012979,11.939358090685118,8.314281915518109,-0.39261904761904987,-0.04672161515583184,-0.10953308547465213,-0.03735930735930992,14.54907403886308,14.55437065299881,55.14757449265812,0.23230955570340975,-1.5457998257728491,992.21,-3.42,50.16,False
HAOS / PANGAEA,HAOS_Flight_104,HAOS_Flight_104_seg00,train,10.1594/PANGAEA.918840,CC BY 4.0,fixed-wing UAV,2020-02-28 17:04:34+00:00,1433.0,65.035469,24.496875,89.1,382141.6392867,7214741.950203,-1478.1875908999937,-806.6602690005675,64.13,-1478.2021724926235,-806.5159776758117,63.916709956709866,11.564492608434762,8.691119203420612,-0.20792207792207762,-0.6475752817071907,0.7909680021920451,0.2065584415584425,14.466272577917534,14.46776672085558,53.073861978273385,-4.031021143481041,-0.8234489732958047,992.19,-3.42,49.21,False
HAOS / PANGAEA,HAOS_Flight_104,HAOS_Flight_104_seg00,train,10.1594/PANGAEA.918840,CC BY 4.0,fixed-wing UAV,2020-02-28 17:04:35+00:00,1434.0,65.035553,24.497103,89.7,382152.7736016,7214750.950637,-1467.0532759999624,-797.6598350005224,64.73,-1466.9788426454377,-797.3930151260395,64.06428571428563,10.644207527270737,9.896217919902199,0.020497835497835126,-1.174545063200867,1.4256314892227238,0.06874458874458966,14.533901162516567,14.533915617033852,47.08553220569604,-7.235051581799097,0.08080684403756103,992.11,-3.46,49.12,False
HAOS / PANGAEA,HAOS_Flight_104,HAOS_Flight_104_seg00,train,10.1594/PANGAEA.918840,CC BY 4.0,fixed-wing UAV,2020-02-28 17:04:36+00:00,1435.0,65.03565,24.497311,88.72,382162.996106,7214761.295779,-1456.8307716000127,-787.3146930001676,63.75,-1456.913757438082,-786.7235418360073,63.957705627705536,9.215402482033028,11.54238218186606,-0.0704329004328983,-1.628643043071861,1.6594683009016364,-0.05309523809523675,14.769909591399657,14.770077526254997,38.60375881467519,-8.940748909022146,-0.2732228873583795,992.24,-3.43,49.43,False
HAOS / PANGAEA,HAOS_Flight_104,HAOS_Flight_104_seg00,train,10.1594/PANGAEA.918840,CC BY 4.0,fixed-wing UAV,2020-02-28 17:04:37+00:00,1436.0,65.035764,24.497488,88.64,382171.8108487,7214773.727924,-1448.0160288999905,-774.8825480006635,63.67,-1448.5480376813716,-774.3082507623074,63.923419913419835,7.386921441127015,13.215154521705472,-0.08569264069263838,-1.880944909199286,1.5466865551742046,-0.030054112554115164,15.1395811504128,15.13982366603401,29.204034387651745,-9.083786876454868,-0.3243005315870359,992.25,-3.44,49.37,False
HAOS / PANGAEA,HAOS_Flight_104,HAOS_Flight_104_seg00,train,10.1594/PANGAEA.918840,CC BY 4.0,fixed-wing UAV,2020-02-28 17:04:38+00:00,1437.0,65.035896,24.497613,88.64,382178.299126,7214788.198786,-1441.5277515999624,-760.4116860004142,63.67,-1442.139914555828,-760.2932327925963,63.78632034632026,5.453512663634456,14.63575529221447,-0.13054112554112862,-1.836534151407875,1.216049226165211,-0.0013744588744604158,15.618775027062949,15.619320546408629,20.436185061765457,-7.926014592436646,-0.4788647880707753,992.25,-3.44,49.76,False
HAOS / PANGAEA,HAOS_Flight_104,HAOS_Flight_104_seg00,train,10.1594/PANGAEA.918840,CC BY 4.0,fixed-wing UAV,2020-02-28 17:04:39+00:00,1438.0,65.036039,24.497689,88.64,382182.5047372,7214803.928633,-1437.322140400007,-744.6818390004337,63.67,-1437.6410123541027,-745.0367401778784,63.66233766233758,3.713853138311265,15.647252974035894,-0.08844155844155921,-1.511332003893699,0.7921196417782426,0.008463203463204394,16.08195357431489,16.082196761502427,13.352005202778457,-5.956424502244034,-0.3150908827604205,992.25,-3.44,49.76,False
HAOS / PANGAEA,HAOS_Flight_104,HAOS_Flight_104_seg00,train,10.1594/PANGAEA.918840,CC BY 4.0,fixed-wing UAV,2020-02-28 17:04:40+00:00,1439.0,65.036183,24.497727,89.1,382184.9262409,7214819.917917,-1434.900636699982,-728.6925550000742,64.13,-1434.7122082792055,-728.9987268445245,63.60943722943714,2.4308486558470577,16.219994575770954,-0.11361471861471983,-0.9740939976725258,0.6000502873443736,0.04804112554112727,16.40113560780694,16.401529121699554,8.52333605727739,-3.684518234903777,-0.3968956723663663,992.19,-3.45,49.4,False
HAOS / PANGAEA,HAOS_Flight_104,HAOS_Flight_104_seg00,train,10.1594/PANGAEA.918840,CC BY 4.0,fixed-wing UAV,2020-02-28 17:04:41+00:00,1440.0,65.036329,24.497751,88.34,382186.6855361,7214836.129662,-1433.1413414999843,-712.4808100005612,63.370000000000005,-1432.7793150424086,-712.5967510263365,63.43510822510814,1.7656651429662134,16.84735354872464,0.007640692640695335,-0.44690774707697756,0.4330216482961191,0.18380952380952564,16.939624995637022,16.93962671882101,5.982968732970903,-1.691467045242575,0.025843512550750923,992.29,-3.45,49.28,False
HAOS / PANGAEA,HAOS_Flight_104,HAOS_Flight_104_seg00,train,10.1594/PANGAEA.918840,CC BY 4.0,fixed-wing UAV,2020-02-28 17:04:42+00:00,1441.0,65.036476,24.497771,88.41,382188.2845736,7214852.447822,-1431.5423040000023,-696.162650000304,63.44,-1431.180877993273,-695.3040197470752,63.62471861471853,1.5370331616931026,17.086037872363192,0.25400432900433145,-0.186587349293859,-0.4968944842930796,0.11228354978354282,17.155033113228715,17.156913455372052,5.14040196679224,-0.48165149169645344,0.8482823999078395,992.28,-3.44,49.48,False
HAOS / PANGAEA,HAOS_Flight_104,HAOS_Flight_104_seg00,train,10.1594/PANGAEA.918840,CC BY 4.0,fixed-wing UAV,2020-02-28 17:04:43+00:00,1442.0,65.036626,24.497792,88.19,382189.9074916,7214869.116769,-1429.919385999965,-679.4937030002475,63.22,-1429.7052487190224,-678.4246752816101,63.9431168831168,1.3924904443784953,15.853564580138482,0.23220779220778098,-0.22390853452384363,-1.4409255865886905,-0.08443722943723131,15.91460145697362,15.916295423026957,5.019665749577996,-0.3776928015300882,0.8359356325583711,992.31,-3.49,49.52,False
HAOS / PANGAEA,HAOS_Flight_104,HAOS_Flight_104_seg00,train,10.1594/PANGAEA.918840,CC BY 4.0,fixed-wing UAV,2020-02-28 17:04:44+00:00,1443.0,65.036778,24.497813,89.02,382191.5874848,7214885.991617,-1428.2393927999656,-662.6188550004736,64.05,-1428.395897104516,-663.5968905867983,64.0891341991341,1.0892160926454153,14.204186699185811,0.08512987012986883,-0.5585336522739226,-1.5785567846594972,-0.09462121212120422,14.245887528750355,14.246141883913456,4.385016363732063,-1.8884738501274112,0.3423812101218854,992.2,-3.53,49.53,False
HAOS / PANGAEA,HAOS_Flight_104,HAOS_Flight_104_seg00,train,10.1594/PANGAEA.918840,CC BY 4.0,fixed-wing UAV,2020-02-28 17:04:45+00:00,1444.0,65.036929,24.49783,90.39,382193.0621578,7214902.827635,-1426.7647197999759,-645.7828369997442,65.42,-1427.5268165337316,-650.0163018832385,64.11337662337654,0.27542313983065014,12.696451010819487,0.042965367965372536,-0.2599320451342919,-0.6750530812232114,-0.03924242424242408,12.699438025995219,12.699510707068118,1.242718049323173,-0.9244222114921853,0.19384518055219294,992.02,-3.67,49.09,False
HAOS / PANGAEA,HAOS_Flight_104,HAOS_Flight_104_seg00,train,10.1594/PANGAEA.918840,CC BY 4.0,fixed-wing UAV,2020-02-28 17:04:46+00:00,1445.0,65.037005,24.497834,89.28999999999999,382193.58464835,7214911.2773035,-1426.2422292499687,-637.333168500103,64.32,-1427.8450508248548,-638.2039885651593,64.17506493506484,0.5693520023768315,12.854080536739389,0.006645021645020677,1.2494486298639913,0.9950627629933138,-0.10507575757575793,12.866683649938427,12.866685365854934,2.5361719407476926,4.727252828242229,0.029590504557458073,992.165,-3.565,49.17,True
HAOS / PANGAEA,HAOS_Flight_104,HAOS_Flight_104_seg00,train,10.1594/PANGAEA.918840,CC BY 4.0,fixed-wing UAV,2020-02-28 17:04:47+00:00,1446.0,65.037081,24.497838,88.19,382194.1071389,7214919.726972,-1425.7197386999615,-628.8835000004619,63.22,-1426.388112528978,-624.3081408097597,64.12666666666658,2.7743203995586327,14.686576536806115,-0.16718614718614333,2.580773356385407,1.5253135746746125,-0.12003246753246621,14.946316738610589,14.94725176273826,10.69722370580763,8.639649375703328,-0.6408710124772526,992.31,-3.46,49.25,False
HAOS / PANGAEA,HAOS_Flight_104,HAOS_Flight_104_seg00,train,10.1594/PANGAEA.918840,CC BY 4.0,fixed-wing UAV,2020-02-28 17:04:48+00:00,1447.0,65.037233,24.497852,88.26,382195.4291535,7214936.636306,-1424.3977240999811,-611.9741660002619,63.290000000000006,-1422.2964100257375,-608.8308354915471,63.84069264069255,5.730898715147646,15.904707686088614,-0.23341991341991175,3.1566467310627218,0.8213452088497775,0.10980519480519213,16.905706925864035,16.907318282897144,19.81547069215435,9.199861771701364,-0.7910421130035845,992.3,-3.45,49.25,False
HAOS / PANGAEA,HAOS_Flight_104,HAOS_Flight_104_seg00,train,10.1594/PANGAEA.918840,CC BY 4.0,fixed-wing UAV,2020-02-28 17:04:49+00:00,1448.0,65.037375,24.497933,89.55,382199.8483288,7214952.259984,-1419.9785487999907,-596.3504880005494,64.58,-1414.9263150986826,-592.4987254375825,63.659826839826756,9.087613861684076,16.32926695450567,0.05242424242424093,3.2283851572489652,-0.6065177315628603,0.22641774891775057,18.687688058467355,18.687761590725017,29.09694724921036,9.931188598392309,0.1607304202872028,992.13,-3.59,49.25,False
HAOS / PANGAEA,HAOS_Flight_104,HAOS_Flight_104_seg00,train,10.1594/PANGAEA.918840,CC BY 4.0,fixed-wing UAV,2020-02-28 17:04:50+00:00,1449.0,65.037621,24.498294,88.79,382217.9566011,7214979.036728,-1401.8702765000053,-569.5737439999357,63.82000000000001,-1404.1211823023693,-576.1723015825357,63.945541125541034,12.187669029645576,14.691672222962893,0.2194155844155894,2.5912984363096143,-3.1074640210990196,0.01005411255411559,19.088858244619068,19.090119231734665,39.67784788893897,12.787535638243614,0.658553443493713,992.23,-3.5,49.23,False
HAOS / PANGAEA,HAOS_Flight_104,HAOS_Flight_104_seg00,train,10.1594/PANGAEA.918840,CC BY 4.0,fixed-wing UAV,2020-02-28 17:04:51+00:00,1450.0,65.037704,24.498556,88.79,382230.65622,7214987.845218,-1389.1706575999851,-560.7652540002018,63.82000000000001,-1390.5509770393915,-563.1153809916567,64.09865800865794,14.270210734303305,10.11433891230763,0.07253246753247211,1.2654815873421512,-5.223917035714521,-0.1332251082251137,17.49110534055654,17.491255729457844,54.67201852569758,17.119120003580008,0.23759392933606302,992.23,-3.44,49.23,False
HAOS / PANGAEA,HAOS_Flight_104,HAOS_Flight_104_seg00,train,10.1594/PANGAEA.918840,CC BY 4.0,fixed-wing UAV,2020-02-28 17:04:52+00:00,1451.0,65.037752,24.498845,89.25,382244.4383876,7214992.646898,-1375.388489999983,-555.9635740006343,64.28,-1375.5807608337627,-555.9436237579205,64.09060606060598,14.718632204329879,4.243838151533851,-0.04703463203463798,-0.4533541817598348,-5.924946561108953,-0.01570346320346694,15.318234109150795,15.31830631889053,73.91608789609899,21.363860633918932,-0.17592611643624922,992.17,-3.46,49.28,False
HAOS / PANGAEA,HAOS_Flight_104,HAOS_Flight_104_seg00,train,10.1594/PANGAEA.918840,CC BY 4.0,fixed-wing UAV,2020-02-28 17:04:53+00:00,1452.0,65.037763,24.49914,89.25,382258.3638284,7214993.273492,-1361.4630492000142,-555.3369800001383,64.28,-1361.1137126307317,-554.627704688589,64.00458874458866,13.363502370783635,-1.7355542099102763,0.041125541125538234,-1.3827082064914293,-4.999733576809092,0.0936038961039003,13.475731669541254,13.475794423321023,97.39973979353545,20.897666345100422,0.17485600627993075,992.17,-3.45,48.86,False
HAOS / PANGAEA,HAOS_Flight_104,HAOS_Flight_104_seg00,train,10.1594/PANGAEA.918840,CC BY 4.0,fixed-wing UAV,2020-02-28 17:04:54+00:00,1453.0,65.037735,24.499423,88.64,382271.5628341,7214989.659932,-1348.2640435000067,-558.9505400005728,63.67,-1348.8537560921955,-559.414732177741,64.17285714285705,11.95321579134702,-5.7556290020843335,0.14017316017316261,-1.2088178965367433,-3.0779685778815633,0.019112554112556523,13.266749148308415,13.267489644954503,115.71142058629982,14.195108034967745,0.605350380093883,992.25,-3.51,49.31,False
HAOS / PANGAEA,HAOS_Flight_104,HAOS_Flight_104_seg00,train,10.1594/PANGAEA.918840,CC BY 4.0,fixed-wing UAV,2020-02-28 17:04:55+00:00,1454.0,65.037676,24.499676,89.32,382283.2012086,7214982.576387,-1336.6256689999718,-566.0340849999338,64.35,-1337.2072810480377,-566.1389626927577,64.28493506493498,10.945866577710149,-7.891491365673403,0.07935064935065128,-1.1194881332255022,-1.9678939686275783,-0.05397186147186517,13.493984997454605,13.494218304039784,125.78995586347094,9.610597540097466,0.3369208507642858,992.16,-3.46,48.75,False
HAOS / PANGAEA,HAOS_Flight_104,HAOS_Flight_104_seg00,train,10.1594/PANGAEA.918840,CC BY 4.0,fixed-wing UAV,2020-02-28 17:04:56+00:00,1455.0,65.037596,24.499896,89.4,382293.2397039,7214973.240566,-1326.5871736999834,-575.3699059998617,64.43,-1326.9620229367752,-575.1977149090878,64.33155844155836,9.714239524896016,-9.69141693933949,0.03222943722943228,-0.9774474329028635,-1.2817700834183086,-0.010573593073594623,13.721880769018815,13.721918618611339,134.93261566649477,6.757816370582128,0.13457392355323014,992.15,-3.47,49.06,False
HAOS / PANGAEA,HAOS_Flight_104,HAOS_Flight_104_seg00,train,10.1594/PANGAEA.918840,CC BY 4.0,fixed-wing UAV,2020-02-28 17:04:57+00:00,1456.0,65.037505,24.500094,89.48,382302.1506581,7214962.788126,-1317.676219499961,-585.8223460000008,64.51,-1317.7788019982456,-585.5217965714367,64.34939393939385,8.990971711904422,-10.45503153251002,0.058203463203462036,-0.37522727370617304,-0.2898819741220393,0.017911255411256377,13.789316758637622,13.789439593876658,139.3055886046352,1.9778918889940638,0.2418388850408773,992.14,-3.48,49.37,False
HAOS / PANGAEA,HAOS_Flight_104,HAOS_Flight_104_seg00,train,10.1594/PANGAEA.918840,CC BY 4.0,fixed-wing UAV,2020-02-28 17:04:58+00:00,1457.0,65.037415,24.500283,89.48,382310.6467324,7214952.396199,-1309.1801451999927,-596.214273000136,64.51,-1308.9800795129663,-596.1077779741079,64.44796536796528,8.96378497748367,-10.271180887583569,0.06805194805194503,0.2998235201287116,0.5741977001625287,-0.015876623376623655,13.632556544831344,13.632726397007223,138.8883994444829,-2.5832743113360745,0.2860106988627919,992.14,-3.52,49.18,False
HAOS / PANGAEA,HAOS_Flight_104,HAOS_Flight_104_seg00,train,10.1594/PANGAEA.918840,CC BY 4.0,fixed-wing UAV,2020-02-28 17:04:59+00:00,1458.0,65.037328,24.500481,89.25,382319.5503614,7214942.379617,-1300.276516199985,-606.2308550002053,64.28,-1299.8512320432783,-606.0641583466038,64.48549783549774,9.590618752161845,-9.306636132184963,0.026450216450214725,0.8391304322536826,1.2550920032849149,-0.027499999999996305,13.36388581761342,13.363911993131328,134.13903998196304,-6.392998415213037,0.11340143215780865,992.17,-3.46,49.18,False
HAOS / PANGAEA,HAOS_Flight_104,HAOS_Flight_104_seg00,train,10.1594/PANGAEA.918840,CC BY 4.0,fixed-wing UAV,2020-02-28 17:05:00+00:00,1459.0,65.037254,24.500702,89.17,382329.6251198,7214933.632285,-1290.2017578000086,-614.978187000379,64.2,-1289.7988420086426,-614.7210502384778,64.50086580086571,10.642045841991035,-7.760996881013739,0.013051948051952422,1.0947999766252678,1.701796371310337,-0.03743506493506388,13.171416487612245,13.171422954392272,126.10240261405681,-8.761842400252307,0.056776072165963025,992.18,-3.49,48.94,False
HAOS / PANGAEA,HAOS_Flight_104,HAOS_Flight_104_seg00,train,10.1594/PANGAEA.918840,CC BY 4.0,fixed-wing UAV,2020-02-28 17:05:01+00:00,1460.0,65.037194,24.50095,89.78,382341.0453863,7214926.477742,-1278.7814912999747,-622.1327300006524,64.81,-1278.5671403592962,-621.5861521086313,64.51160173160164,11.78021870541238,-5.903043389564289,-0.04841991341991303,1.0504964022755985,1.8564057500954618,-0.005248917748922111,13.176474263110993,13.176563227732865,116.61535518145843,-9.239242742636348,-0.21054525972347624,992.1,-3.5,48.98,False
HAOS / PANGAEA,HAOS_Flight_104,HAOS_Flight_104_seg00,train,10.1594/PANGAEA.918840,CC BY 4.0,fixed-wing UAV,2020-02-28 17:05:02+00:00,1461.0,65.037154,24.501217,89.78,382353.4648973,7214921.631046,-1266.3619802999892,-626.9794260002673,64.81,-1266.2384045978179,-626.5271370176064,64.40402597402588,12.743038646542232,-4.048185380822815,0.002554112554108201,0.8162667372313308,1.7062652435433847,0.06599567099566883,13.370596053459114,13.370596297408257,107.62391712878411,-8.048166611045076,0.010944902335443728,992.1,-3.5,48.98,False
HAOS / PANGAEA,HAOS_Flight_104,HAOS_Flight_104_seg00,train,10.1594/PANGAEA.918840,CC BY 4.0,fixed-wing UAV,2020-02-28 17:05:03+00:00,1462.0,65.037133,24.501505,89.17,382366.9077136,7214918.724018,-1252.9191639999626,-629.8864540001377,64.2,-1253.0810630662118,-629.6825228702769,64.51670995670986,13.412752179875042,-2.490512902477519,0.08357142857142463,0.527900421749564,1.3078316363215947,-0.004653679653674914,13.64201508414903,13.642271062393649,100.51902195936827,-5.848502829253164,0.3509914201148779,992.18,-3.5,48.92,False
HAOS / PANGAEA,HAOS_Flight_104,HAOS_Flight_104_seg00,train,10.1594/PANGAEA.918840,CC BY 4.0,fixed-wing UAV,2020-02-28 17:05:04+00:00,1463.0,65.037126,24.501797,89.32,382380.6053906,7214917.348879,-1239.2214870000025,-631.261593000032,64.35,-1239.4129002380678,-631.5081628225614,64.57116883116873,13.79883949004136,-1.4325221081796258,-0.006753246753241626,0.2821862665533672,0.7958106622543539,-0.06098484848484276,13.87299862547201,13.873000269180778,95.92691147027779,-3.419652438955325,-0.027891050583509325,992.16,-3.54,49.14,False
HAOS / PANGAEA,HAOS_Flight_104,HAOS_Flight_104_seg00,train,10.1594/PANGAEA.918840,CC BY 4.0,fixed-wing UAV,2020-02-28 17:05:05+00:00,1464.0,65.037122,24.50209,89.17,382394.3700114,7214916.414808,-1225.4568661999656,-632.1956639997661,64.2,-1225.483384086129,-632.5475670866361,64.50320346320338,13.977124712981777,-0.8988915779688114,-0.03839826839826088,0.11380286363578307,0.3496418386623077,0.006482683982682147,14.005999475624336,14.006052111077024,93.67971708145762,-1.4672369531457488,-0.1570793438696706,992.18,-3.5,49.19,False
HAOS / PANGAEA,HAOS_Flight_104,HAOS_Flight_104_seg00,train,10.1594/PANGAEA.918840,CC BY 4.0,fixed-wing UAV,2020-02-28 17:05:06+00:00,1465.0,65.03712,24.502387,90.23,382408.3453722,7214915.56874,-1211.4815053999773,-633.041732000187,65.26,-1211.4586508121042,-633.305945978499,64.49437229437221,14.026445217312926,-0.7332384308550104,0.006212121212122668,0.02768537922406722,0.10884538524504705,-0.011666666666670267,14.045597318404203,14.045598692160235,92.9924375639863,-0.450251264737633,0.025340916160524207,992.04,-3.55,49.24,False
HAOS / PANGAEA,HAOS_Flight_104,HAOS_Flight_104_seg00,train,10.1594/PANGAEA.918840,CC BY 4.0,fixed-wing UAV,2020-02-28 17:05:07+00:00,1466.0,65.037117,24.502687,89.4,382422.4427286,7214914.710886,-1197.3841489999904,-633.8995860004798,64.43,-1197.4304936515032,-634.0140439483462,64.51562770562762,14.032495471429911,-0.6812008074787173,-0.061731601731601415,0.006020503249544618,0.1015419751129798,-0.03798701298701346,14.049020026173022,14.049155650303792,92.77921455198236,-0.4148633545442468,-0.2517568821418952,992.15,-3.51,49.27,False
HAOS / PANGAEA,HAOS_Flight_104,HAOS_Flight_104_seg00,train,10.1594/PANGAEA.918840,CC BY 4.0,fixed-wing UAV,2020-02-28 17:05:08+00:00,1467.0,65.037114,24.502985,89.17,382436.4949061,7214913.885786,-1183.3319715000107,-634.7246860004961,64.2,-1183.3936598692444,-634.6683475934565,64.37090909090901,14.038486223812015,-0.5301544806290508,-0.06976190476190425,0.1555874748368069,0.20395029387819363,-0.008392857142858645,14.048493130207623,14.048666340718851,92.1627108548978,-0.8438245676559263,-0.28451662555107315,992.18,-3.52,49.4,False
HAOS / PANGAEA,HAOS_Flight_104,HAOS_Flight_104_seg00,train,10.1594/PANGAEA.918840,CC BY 4.0,fixed-wing UAV,2020-02-28 17:05:09+00:00,1468.0,65.037115,24.503282,89.17,382450.4750592,7214913.364685,-1169.3518183999695,-635.2457870002836,64.2,-1169.3535212038792,-635.0743529096043,64.37610389610381,14.343670421103525,-0.27330021972233,-0.0785173160173187,0.19687791147134703,0.2430759178589028,-0.0012554112554106212,14.34627387718987,14.346488738651525,91.0915654166705,-0.9940107854812398,-0.3135773057102744,992.18,-3.52,48.83,False
HAOS / PANGAEA,HAOS_Flight_104,HAOS_Flight_104_seg00,train,10.1594/PANGAEA.918840,CC BY 4.0,fixed-wing UAV,2020-02-28 17:05:10+00:00,1469.0,65.037118,24.50358,89.17,382464.510099,7214913.197116,-1155.316778599983,-635.4133560005575,64.2,-1154.7063190270374,-635.2149480329011,64.21387445887437,14.432242046754709,-0.04400264491124517,-0.07227272727272549,-0.5111243000539503,0.19411917811953572,0.04182359307359462,14.43230912670851,14.432490085774567,90.17468928393532,-0.7929525227894536,-0.28691788657598355,992.18,-3.53,48.87,False
HAOS / PANGAEA,HAOS_Flight_104,HAOS_Flight_104_seg00,train,10.1594/PANGAEA.918840,CC BY 4.0,fixed-wing UAV,2020-02-28 17:05:11+00:00,1470.0,65.037125,24.503876,89.17,382478.4497117,7214913.454837,-1141.3771658999613,-635.1556350002065,64.2,-1140.4890371103697,-635.1623581994268,64.23155844155836,13.321421820995624,0.11493813651674145,0.00512987012987054,-1.6238849239224464,0.0980187813858322,0.010833333333330586,13.321917658810397,13.32191864648977,89.50566037109161,-0.47674266176994773,0.022062881703075077,992.18,-3.58,48.77,False
HAOS / PANGAEA,HAOS_Flight_104,HAOS_Flight_104_seg00,train,10.1594/PANGAEA.918840,CC BY 4.0,fixed-wing UAV,2020-02-28 17:05:12+00:00,1471.0,65.037134,24.504174,89.7,382492.5149049,7214913.829925,-1127.3119727000012,-634.7805470004678,64.73,-1128.063475385046,-634.9850717598677,64.22413419913411,11.184472198909816,0.15203491786041923,-0.05060606060606432,-1.2942778667797938,-0.07019802815992193,-0.08668831168831304,11.185505486317343,11.185619963051018,89.22120396039543,0.315121310937712,-0.25921885345690104,992.11,-3.62,49.46,False
HAOS / PANGAEA,HAOS_Flight_104,HAOS_Flight_104_seg00,train,10.1594/PANGAEA.918840,CC BY 4.0,fixed-wing UAV,2020-02-28 17:05:13+00:00,1472.0,65.037138,24.504472,88.72,382506.5729644,7214913.784912,-1113.2539131999947,-634.8255599997938,63.75,-1118.12009271255,-634.8582883637059,64.13034632034623,10.732866087436037,-0.025457919803102413,-0.16824675324675553,0.5701989560629954,-0.23112041018782747,-0.09859307359307223,10.732896279966337,10.734214900331244,90.13590299296703,1.1102874567036172,-0.8980837177556399,992.24,-3.58,49.47,False
HAOS / PANGAEA,HAOS_Flight_104,HAOS_Flight_104_seg00,train,10.1594/PANGAEA.918840,CC BY 4.0,fixed-wing UAV,2020-02-28 17:05:14+00:00,1473.0,65.037139,24.5046235,88.795,382513.69209305,7214913.5918265,-1106.1347845499986,-635.0186454998329,63.825,-1106.597743210174,-635.0359875994739,63.8876406926406,12.324870111035807,-0.3102059025152357,-0.24779220779220879,1.5883262366953659,-0.227782251156043,-0.05432900432900212,12.32877329485213,12.33126319296209,91.44177887380266,0.9223622784391291,-1.151415157464582,992.23,-3.565,49.245000000000005,True
HAOS / PANGAEA,HAOS_Flight_104,HAOS_Flight_104_seg00,train,10.1594/PANGAEA.918840,CC BY 4.0,fixed-wing UAV,2020-02-28 17:05:15+00:00,1474.0,65.03714,24.504775,88.87,382520.8112217,7214913.398741,-1099.0156559000025,-635.2117309998721,63.900000000000006,-1093.4703524904785,-635.4787001687364,63.63476190476182,13.909518560826768,-0.4810224221151884,-0.27690476190475977,1.5778361211102379,-0.07453993194050668,0.030974025974026986,13.917833493922894,13.920587825653321,91.98062754984528,0.12880362942908508,-1.1397881216130947,992.22,-3.55,49.02,False
HAOS / PANGAEA,HAOS_Flight_104,HAOS_Flight_104_seg00,train,10.1594/PANGAEA.918840,CC BY 4.0,fixed-wing UAV,2020-02-28 17:05:16+00:00,1475.0,65.037139,24.505075,88.34,382534.9408753,7214912.728561,-1084.8860023000161,-635.8819110002369,63.370000000000005,-1078.7787060885205,-635.9980324437042,63.33383116883108,15.480542353256283,-0.4592857663962491,-0.1858441558441548,1.566062877383672,0.08721133219722788,0.12696969696969518,15.487354033732675,15.48846903397612,91.69938613266083,-0.47495924719291893,-0.6875012163081129,992.29,-3.56,49.49,False
HAOS / PANGAEA,HAOS_Flight_104,HAOS_Flight_104_seg00,train,10.1594/PANGAEA.918840,CC BY 4.0,fixed-wing UAV,2020-02-28 17:05:17+00:00,1476.0,65.03714,24.50568,87.96,382563.4394895,7214911.758124,-1056.3873880999745,-636.8523479998112,62.989999999999995,-1062.509267783966,-636.3972717015289,63.26307359307351,17.041644315594112,-0.30659975772073267,-0.02296536796536941,1.0460669286791813,0.1449133550568149,0.1091774891774886,17.04440214236497,17.044417613951534,91.03070905545945,-0.5734406714768132,-0.07719941433704706,992.34,-3.55,49.02,False
HAOS / PANGAEA,HAOS_Flight_104,HAOS_Flight_104_seg00,train,10.1594/PANGAEA.918840,CC BY 4.0,fixed-wing UAV,2020-02-28 17:05:18+00:00,1477.0,65.037145,24.505984,88.26,382577.7696029,7214911.702481,-1042.0572746999678,-636.9079910004511,63.290000000000006,-1044.6954174573323,-636.6112319591457,63.287900432900344,17.572676210614645,-0.16945905628261926,0.03251082251082238,-0.4004508877180797,0.08138160561446739,0.05853354978355085,17.57349326613403,17.573523338489593,90.5525047897072,-0.26164040202859923,0.1059966146237741,992.3,-3.57,49.1,False
HAOS / PANGAEA,HAOS_Flight_104,HAOS_Flight_104_seg00,train,10.1594/PANGAEA.918840,CC BY 4.0,fixed-wing UAV,2020-02-28 17:05:19+00:00,1478.0,65.037152,24.506287,88.11,382592.0338065,7214911.879422,-1027.7930710999644,-636.731050000526,63.14,-1027.3639153627366,-636.7361898140941,63.32809523809515,16.240742540157953,-0.1438365464917979,0.0941017316017323,-1.7540329605032525,-0.06097045777866583,0.021244588744588455,16.241379473671653,16.241652081721654,90.50742825140225,0.31720877531654007,0.3319651353207905,992.32,-3.56,49.2,False
HAOS / PANGAEA,HAOS_Flight_104,HAOS_Flight_104_seg00,train,10.1594/PANGAEA.918840,CC BY 4.0,fixed-wing UAV,2020-02-28 17:05:20+00:00,1479.0,65.037157,24.506591,88.56,382606.3623981,7214911.968215,-1013.4644794999622,-636.6422570003197,63.59,-1012.2139323770164,-636.8989050521293,63.47610389610381,14.06461028960814,-0.2913999718399509,0.07499999999999929,-1.3062274498450108,-0.22153806007759158,-0.12556818181818308,14.067628675158423,14.06782860082321,91.18692234034029,0.979267355968143,0.30546319137644506,992.26,-3.56,49.46,False
HAOS / PANGAEA,HAOS_Flight_104,HAOS_Flight_104_seg00,train,10.1594/PANGAEA.918840,CC BY 4.0,fixed-wing UAV,2020-02-28 17:05:21+00:00,1480.0,65.03716,24.506893,88.87,382620.6006933,7214911.712481,-999.2261842999724,-636.8979909997433,63.900000000000006,-999.2346947835204,-637.318989757774,63.47809523809515,13.628287640467931,-0.586912666646981,-0.15703463203463386,0.11306723571374278,-0.26739336148887105,-0.13768398268398307,13.640919708348175,13.641823571841849,92.46596296333854,1.0609094972901991,-0.6595614086558466,992.22,-3.63,49.6,False
HAOS / PANGAEA,HAOS_Flight_104,HAOS_Flight_104_seg00,train,10.1594/PANGAEA.918840,CC BY 4.0,fixed-wing UAV,2020-02-28 17:05:22+00:00,1481.0,65.037156,24.507196,88.11,382634.8408467,7214910.683449,-984.9860308999778,-637.9270230000839,63.14,-984.9573570960805,-638.0727303854233,63.16203463203454,14.290744761035626,-0.826186694817693,-0.20036796536796686,0.33805091450597047,-0.1366191667230794,0.03300865800865793,14.314606885267963,14.316009136673065,93.30874133492068,0.48760053408492127,-0.8019423220280473,992.32,-3.59,49.78,False
HAOS / PANGAEA,HAOS_Flight_104,HAOS_Flight_104_seg00,train,10.1594/PANGAEA.918840,CC BY 4.0,fixed-wing UAV,2020-02-28 17:05:23+00:00,1482.0,65.03715,24.5075,88.11,382649.1263782,7214909.423451,-970.7004993999726,-639.1870210003108,63.14,-970.6532052614491,-638.9713631474094,63.07735930735922,14.304389469479872,-0.8601510000931398,-0.091017316017318,0.0024197968635064626,0.06990038958440437,0.08232683982684108,14.330227417509043,14.330516459267715,93.44116403150838,-0.2799309708516118,-0.3639047585266311,992.32,-3.58,48.92,False
HAOS / PANGAEA,HAOS_Flight_104,HAOS_Flight_104_seg00,train,10.1594/PANGAEA.918840,CC BY 4.0,fixed-wing UAV,2020-02-28 17:05:24+00:00,1483.0,65.037146,24.507806,87.58,382663.4774015,7214908.429001,-956.3494761000038,-640.1814710004255,62.61,-956.3485781571208,-639.7930323856095,62.979999999999905,14.295584354762639,-0.6863859156488843,-0.0357142857142847,-0.009409833548460256,0.22764190589583677,0.2326190476190515,14.312052881027777,14.312097441658912,92.74887939321746,-0.9088897375990236,-0.14297554721019837,992.39,-3.57,48.45,False
HAOS / PANGAEA,HAOS_Flight_104,HAOS_Flight_104_seg00,train,10.1594/PANGAEA.918840,CC BY 4.0,fixed-wing UAV,2020-02-28 17:05:25+00:00,1484.0,65.037149,24.50811,87.58,382677.8141847,7214908.172668,-942.0126928999671,-640.4378040004522,62.61,-942.0620365519238,-640.3441349787072,63.00593073593065,14.285569802382952,-0.4048671883014663,0.374220779220785,0.0003707093067362166,0.2424388149988772,0.32273809523809405,14.291305819235653,14.296204503661782,91.62338455631033,-0.9706712744191459,1.4999589982902262,992.39,-3.57,48.45,False
HAOS / PANGAEA,HAOS_Flight_104,HAOS_Flight_104_seg00,train,10.1594/PANGAEA.918840,CC BY 4.0,fixed-wing UAV,2020-02-28 17:05:26+00:00,1485.0,65.037152,24.508413,89.17,382692.1178562,7214907.995909,-927.7090213999618,-640.6145630003884,64.2,-927.7774385523549,-640.6027667622125,63.728441558441475,14.296325773376111,-0.20150828565112988,0.6097619047619034,0.01024848354830965,0.09791262883757668,0.05141774891774631,14.297745843582621,14.310742321353668,90.80753684437917,-0.39311573179719517,2.4420370935491187,992.18,-3.65,49.31,False
HAOS / PANGAEA,HAOS_Flight_104,HAOS_Flight_104_seg00,train,10.1594/PANGAEA.918840,CC BY 4.0,fixed-wing UAV,2020-02-28 17:05:27+00:00,1486.0,65.037157,24.508715,88.87,382706.3198701,7214907.951069,-913.5070074999821,-640.6594030000269,63.900000000000006,-913.4693850051716,-640.7471515500094,64.22545454545445,14.306066769479571,-0.20904193062631293,0.4770562770562776,0.0033539559503310556,-0.1123775183959026,-0.13661255411254913,14.307593960605942,14.315544964584703,90.83715309271594,0.4497519934245177,1.9096983635884053,992.22,-3.63,49.37,False
HAOS / PANGAEA,HAOS_Flight_104,HAOS_Flight_104_seg00,train,10.1594/PANGAEA.918840,CC BY 4.0,fixed-wing UAV,2020-02-28 17:05:28+00:00,1487.0,65.03716,24.509016,89.55,382720.5303264,7214907.767861,-899.2965511999791,-640.8426109999418,64.58,-899.1653050133957,-641.0208506234651,64.68255411255403,14.303033685276773,-0.4262633224429351,0.3365367965368051,-0.008228275760131964,-0.25252443511291744,-0.22333333333333627,14.309384089548445,14.313340980974546,91.7070408312282,1.0118467211396724,1.3472686180916158,992.13,-3.68,49.73,False
HAOS / PANGAEA,HAOS_Flight_104,HAOS_Flight_104_seg00,train,10.1594/PANGAEA.918840,CC BY 4.0,fixed-wing UAV,2020-02-28 17:05:29+00:00,1488.0,65.03716,24.509323,91.07,382734.9756228,7214907.122439,-884.8512547999853,-641.4880330003798,66.1,-884.863317634618,-641.5996781948953,64.89852813852806,14.289610217959307,-0.7140908008521478,0.030389610389605082,-0.016561660602548045,-0.2640628496001227,-0.28576839826840583,14.307441625009996,14.30747389938169,92.86084653499529,1.0596362320322612,0.12169847297040906,991.93,-3.84,49.78,False
HAOS / PANGAEA,HAOS_Flight_104,HAOS_Flight_104_seg00,train,10.1594/PANGAEA.918840,CC BY 4.0,fixed-wing UAV,2020-02-28 17:05:30+00:00,1489.0,65.037157,24.50963,88.87,382749.3735084,7214906.268008,-870.4533691999968,-642.3424639999866,63.900000000000006,-870.5860845774771,-642.4490322251694,64.74333333333324,14.269910364071677,-0.9543890216431805,-0.23500000000000654,-0.016092652809390984,-0.15048277601442805,-0.22254329004328532,14.301790104853074,14.303720676917363,93.82631329529272,0.6057256230080289,-0.9413714298744231,992.22,-3.62,50.07,False
HAOS / PANGAEA,HAOS_Flight_104,HAOS_Flight_104_seg00,train,10.1594/PANGAEA.918840,CC BY 4.0,fixed-wing UAV,2020-02-28 17:05:31+00:00,1490.0,65.037152,24.509931,89.4,382763.5406998,7214905.157355,-856.2861777999788,-643.4531169999391,64.43,-856.3234969064747,-643.5084562381817,64.42852813852805,14.257424912340525,-1.015056352881004,-0.41469696969696557,0.15475709512875824,0.06381651565826019,-0.1160335497835483,14.293512672906976,14.299527198730319,94.07229778101134,-0.29035764143844855,-1.661853406555579,992.15,-3.62,49.88,False
HAOS / PANGAEA,HAOS_Flight_104,HAOS_Flight_104_seg00,train,10.1594/PANGAEA.918840,CC BY 4.0,fixed-wing UAV,2020-02-28 17:05:32+00:00,1491.0,65.037147,24.510233,89.17,382777.7394656,7214904.046417,-842.0874119999935,-644.5640550004318,64.2,-842.071234752796,-644.4791449309314,63.91393939393931,14.579424554329194,-0.8267559903266601,-0.46706709956710313,0.2290703792197064,0.24142125325411712,0.11577922077921698,14.60284718138617,14.610314763153328,93.24559801241583,-1.0004998790132649,-1.8319614773044328,992.18,-3.66,49.68,False
HAOS / PANGAEA,HAOS_Flight_104,HAOS_Flight_104_seg00,train,10.1594/PANGAEA.918840,CC BY 4.0,fixed-wing UAV,2020-02-28 17:05:33+00:00,1492.0,65.037144,24.510535,88.49,382791.916825,7214903.18393,-827.9100525999675,-645.4265419999138,63.519999999999996,-827.1646477978163,-645.161968218835,63.494393939393845,14.715565670779938,-0.5322138463727697,-0.1831385281385316,-0.47449014588977434,0.30031567370997436,0.1933712121212139,14.725186742086088,14.726325553572305,92.07129802298482,-1.1475834131426819,-0.7125562436383227,992.27,-3.65,50.06,False
HAOS / PANGAEA,HAOS_Flight_104,HAOS_Flight_104_seg00,train,10.1594/PANGAEA.918840,CC BY 4.0,fixed-wing UAV,2020-02-28 17:05:34+00:00,1493.0,65.037146,24.51084,87.88,382806.269327,7214902.779119,-813.5575505999732,-645.8313530003652,62.91,-812.6401034112362,-645.5435726236769,63.547662337662246,13.630444262549645,-0.22612464290671141,-0.08032467532467535,-1.2914159932929579,0.27071939073141493,0.03181818181818308,13.632319800701648,13.632556444118185,90.95043118613046,-1.0574309840819138,-0.33759563260836417,992.35,-3.63,50.1,False
HAOS / PANGAEA,HAOS_Flight_104,HAOS_Flight_104_seg00,train,10.1594/PANGAEA.918840,CC BY 4.0,fixed-wing UAV,2020-02-28 17:05:35+00:00,1494.0,65.037154,24.511146,88.49,382820.7144897,7214903.110996,-799.1123879000079,-645.4994760006666,63.519999999999996,-799.903759272717,-645.6142175046484,63.333744588744494,12.132733684194022,0.009224935090060171,-0.11950216450216544,-1.5300653901517762,0.1734348344526211,0.07218614718614802,12.132737191211374,12.133325699012797,89.95643605482098,-0.8024471134135369,-0.5643201658915828,992.27,-3.62,49.93,False
HAOS / PANGAEA,HAOS_Flight_104,HAOS_Flight_104_seg00,train,10.1594/PANGAEA.918840,CC BY 4.0,fixed-wing UAV,2020-02-28 17:05:36+00:00,1495.0,65.03716,24.511452,88.64,382835.1607911,7214903.229162,-784.6660864999867,-645.3813100000843,63.67,-788.3746360428481,-645.5251227534968,63.308658008657915,10.570313482246092,0.12074502599853076,0.06404761904762069,-0.7376672793284911,-0.029495744605128493,0.11319264069264179,10.57100309688049,10.571197121034238,89.34553695930339,0.15555723768300853,0.34713955935691526,992.25,-3.63,49.99,False
HAOS / PANGAEA,HAOS_Flight_104,HAOS_Flight_104_seg00,train,10.1594/PANGAEA.918840,CC BY 4.0,fixed-wing UAV,2020-02-28 17:05:37+00:00,1496.0,65.0371615,24.511605,88.41499999999999,382842.3588998,7214903.1276805,-777.4679777999991,-645.4827915001661,63.44499999999999,-778.7631323082248,-645.3727274526514,63.461839826839736,10.65739912553704,-0.049766554120196815,0.10688311688311813,1.0993370264109785,-0.31626437012477027,-0.08970779220779335,10.657515321636028,10.658051268012429,90.26755053018701,1.474830738550279,0.5745941725655832,992.28,-3.62,49.730000000000004,True
HAOS / PANGAEA,HAOS_Flight_104,HAOS_Flight_104_seg00,train,10.1594/PANGAEA.918840,CC BY 4.0,fixed-wing UAV,2020-02-28 17:05:38+00:00,1497.0,65.037163,24.511758,88.19,382849.5570085,7214903.026199,-770.2698691000114,-645.5842730002478,63.22,-767.059837791774,-645.6246558617372,63.52242424242415,12.76898753506805,-0.5117837142510098,-0.11536796536796601,2.1283850033575504,-0.44596970237054734,-0.0019480519480534753,12.77923961904212,12.77976036584133,92.29519843640395,1.672702943186355,-0.5172387510475286,992.31,-3.61,49.47,False
HAOS / PANGAEA,HAOS_Flight_104,HAOS_Flight_104_seg00,train,10.1594/PANGAEA.918840,CC BY 4.0,fixed-wing UAV,2020-02-28 17:05:39+00:00,1498.0,65.037164,24.512062,88.56,382863.8900069,7214902.510768,-755.9368706999812,-646.0997040001675,63.59,-753.2251572380887,-646.3962948811534,63.231103896103804,14.914169132252141,-0.9417059588612915,0.10298701298701118,2.152006887226662,-0.33097065803571013,0.29975108225108116,14.94387001477119,14.944224882650202,93.61295641655971,0.81877575258838,0.3948527235152089,992.26,-3.62,49.54,False
HAOS / PANGAEA,HAOS_Flight_104,HAOS_Flight_104_seg00,train,10.1594/PANGAEA.918840,CC BY 4.0,fixed-wing UAV,2020-02-28 17:05:40+00:00,1499.0,65.037162,24.512365,88.72,382878.1417077,7214901.70723,-741.6851699000108,-646.9032420003787,63.75,-737.2314995272698,-647.5080677794598,63.72839826839817,17.073001309521374,-1.17372503032243,0.4841341991341963,1.6558726633109018,-0.12974405629475427,0.13362554112554292,17.113299043776564,17.12014573782873,93.93274994158071,0.07885827694653402,1.6204619470442962,992.24,-3.59,49.93,False
HAOS / PANGAEA,HAOS_Flight_104,HAOS_Flight_104_seg00,train,10.1594/PANGAEA.918840,CC BY 4.0,fixed-wing UAV,2020-02-28 17:05:41+00:00,1500.0,65.037152,24.512972,88.41,382906.6327444,7214899.504705,-713.1941331999842,-649.1057670004666,63.44,-719.079154619046,-648.7437449417982,64.1993722943722,18.225914458873945,-1.2011940714508,0.37023809523809703,0.2245692004346438,0.09165721155750362,-0.15906385281385127,18.26545441699929,18.2692063677283,93.77067297045278,-0.3488205092718284,1.1612180705959312,992.28,-3.63,49.76,False
HAOS / PANGAEA,HAOS_Flight_104,HAOS_Flight_104_seg00,train,10.1594/PANGAEA.918840,CC BY 4.0,fixed-wing UAV,2020-02-28 17:05:42+00:00,1501.0,65.037146,24.513279,88.87,382921.0533872,7214898.289335,-698.7734903999954,-650.3211369998753,63.900000000000006,-700.7796706095219,-649.9104559223614,64.46887445887437,17.52213971039066,-0.9904106072074228,0.16600649350649377,-1.1250662318156799,0.31464473481867117,-0.14742424242424157,17.5501080680809,17.55089317833154,93.23510892303705,-0.8602306934195099,0.5419446852214882,992.22,-3.6,49.31,False
HAOS / PANGAEA,HAOS_Flight_104,HAOS_Flight_104_seg00,train,10.1594/PANGAEA.918840,CC BY 4.0,fixed-wing UAV,2020-02-28 17:05:43+00:00,1502.0,65.037145,24.513583,91.75,382935.3767626,7214897.65984,-684.4501150000142,-650.950632000342,66.78,-684.0348751982647,-650.7245661562131,64.53138528138518,15.975781995242585,-0.5719046018134577,0.07538961038961389,-1.6987049137424037,0.4545798165536894,-0.10039502164502068,15.986015301916002,15.98619306859664,92.05021158361376,-1.4527624057240334,0.2702033240175859,991.84,-3.82,49.83,False
HAOS / PANGAEA,HAOS_Flight_104,HAOS_Flight_104_seg00,train,10.1594/PANGAEA.918840,CC BY 4.0,fixed-wing UAV,2020-02-28 17:05:44+00:00,1503.0,65.03715,24.513886,88.94,382949.6564325,7214897.591688,-670.1704450999969,-651.0187840005383,63.97,-668.8281066190367,-651.0542651259883,64.6196536796536,14.124729882905854,-0.081250974100044,-0.034783549783547585,-1.1411207790040407,0.3732177543471664,-0.19535714285714612,14.12496357467324,14.125006402872225,90.32958411158899,-1.3902174651489105,-0.14109392636748608,992.21,-3.61,49.52,False
HAOS / PANGAEA,HAOS_Flight_104,HAOS_Flight_104_seg00,train,10.1594/PANGAEA.918840,CC BY 4.0,fixed-wing UAV,2020-02-28 17:05:45+00:00,1504.0,65.037156,24.514192,88.72,382964.0951583,7214897.666714,-655.7317192999762,-650.9437580006197,63.75,-655.785415432453,-650.8870681044132,64.46181818181809,13.693540437234503,0.17453090688087514,-0.31532467532467834,0.10927642294487327,0.09712426198814228,-0.09159090909091105,13.69465263318618,13.698282388478557,89.26977665331594,-0.3904777963012692,-1.3190244221996155,992.24,-3.6,49.39,False
HAOS / PANGAEA,HAOS_Flight_104,HAOS_Flight_104_seg00,train,10.1594/PANGAEA.918840,CC BY 4.0,fixed-wing UAV,2020-02-28 17:05:46+00:00,1505.0,65.037164,24.514495,89.06,382978.3800481,7214897.992612,-641.4468294999679,-650.6178600005805,64.09,-641.4410257445677,-650.7052033122266,63.98900432900424,14.3432827287956,0.11299754987624056,-0.2179653679653697,0.3103367301941091,-0.12394509079572913,0.3211038961038959,14.343727823841478,14.345383814526416,89.54862851898645,0.5119286784910733,-0.8705919892891546,992.2,-3.59,49.53,False
HAOS / PANGAEA,HAOS_Flight_104,HAOS_Flight_104_seg00,train,10.1594/PANGAEA.918840,CC BY 4.0,fixed-wing UAV,2020-02-28 17:05:47+00:00,1506.0,65.03717,24.514798,89.4,382992.648064,7214898.124693,-627.1788135999814,-650.4857790004462,64.43,-627.0988499748618,-650.6610730046607,64.02588744588735,14.314213897622722,-0.07335927471058312,0.32688311688311344,-0.04952519416195855,-0.21259731926662084,0.30944805194805625,14.314401876784148,14.318133735308688,90.29363401029809,0.8534735956651485,1.3081767970790532,992.15,-3.58,49.68,False
HAOS / PANGAEA,HAOS_Flight_104,HAOS_Flight_104_seg00,train,10.1594/PANGAEA.918840,CC BY 4.0,fixed-wing UAV,2020-02-28 17:05:48+00:00,1507.0,65.037173,24.515103,88.72,383007.0169801,7214897.905495,-612.8098974999739,-650.7049770001322,63.75,-612.8125979493223,-650.8519218616477,64.64277056277047,14.244232340471683,-0.31219708865700113,0.4009307359307428,-0.061062012558295464,-0.2570166873092319,-0.09534632034631763,14.247653209967785,14.25329321407931,91.25557571031675,1.0382065668827394,1.611884995753843,992.24,-3.58,49.4,False
HAOS / PANGAEA,HAOS_Flight_104,HAOS_Flight_104_seg00,train,10.1594/PANGAEA.918840,CC BY 4.0,fixed-wing UAV,2020-02-28 17:05:49+00:00,1508.0,65.037172,24.515408,89.63,383021.3653466,7214897.262268,-598.461530999979,-651.3482039999217,64.66,-598.6103852939184,-651.2854671819747,64.82774891774883,14.19208987250613,-0.5873926493290469,0.1361904761904782,-0.038122845562469365,-0.26643595784941,-0.16905844155844818,14.20424039059382,14.204893273783576,92.37004714406356,1.0789327611814248,0.5493359855862332,992.12,-3.65,49.29,False
HAOS / PANGAEA,HAOS_Flight_104,HAOS_Flight_104_seg00,train,10.1594/PANGAEA.918840,CC BY 4.0,fixed-wing UAV,2020-02-28 17:05:50+00:00,1509.0,65.037171,24.515706,91.68,383035.4265025,7214896.543173,-584.4003750999691,-652.0672989999875,66.71000000000001,-584.42841820431,-652.0267071603058,64.91515151515142,14.167986649346744,-0.8450690043558211,0.06281385281384644,-0.021554228138228382,-0.19592769488744466,-0.05251082251082195,14.19316692349493,14.1933059185764,93.41344123267959,0.794534211730591,0.2535688605683779,991.85,-3.83,49.85,False
HAOS / PANGAEA,HAOS_Flight_104,HAOS_Flight_104_seg00,train,10.1594/PANGAEA.918840,CC BY 4.0,fixed-wing UAV,2020-02-28 17:05:51+00:00,1510.0,65.037169,24.516005,89.25,383049.4623659,7214895.752629,-570.3645116999978,-652.8578430004418,64.28,-570.2744119952249,-652.9756051906863,64.95337662337653,14.148981416229674,-0.9792480391039362,0.031168831168834288,-0.016472620884968592,-0.047659323650520946,-0.06783549783549248,14.18282770955431,14.182861958537776,93.95911556752475,0.19638527505707865,0.12591562415576163,992.17,-3.66,49.35,False
HAOS / PANGAEA,HAOS_Flight_104,HAOS_Flight_104_seg00,train,10.1594/PANGAEA.918840,CC BY 4.0,fixed-wing UAV,2020-02-28 17:05:52+00:00,1511.0,65.037165,24.516306,89.25,383063.6144347,7214894.782666,-556.212442899996,-653.8278060005978,64.28,-556.1304553718506,-653.9852032385137,64.97748917748909,14.135041407576807,-0.940387651656863,-0.07285714285713851,0.010798205955893536,0.09747674248438898,-0.12280303030303585,14.166288311667937,14.166475662371532,93.80621178279375,-0.39560798766456257,-0.2946692808265378,992.17,-3.66,49.35,False
HAOS / PANGAEA,HAOS_Flight_104,HAOS_Flight_104_seg00,train,10.1594/PANGAEA.918840,CC BY 4.0,fixed-wing UAV,2020-02-28 17:05:53+00:00,1512.0,65.037159,24.51661,89.86,383077.8916661,7214893.604487,-541.9352114999783,-655.0059850001708,64.89,-542.0043291800713,-654.8563804940001,64.80766233766225,14.170577828141461,-0.7842945541351583,-0.21443722943723742,0.05399818149328439,0.19703573819845133,0.01691558441558172,14.192265285396141,14.193885206539791,93.16789959219562,-0.8048052880286587,-0.8656414692410792,992.09,-3.63,49.55,False
HAOS / PANGAEA,HAOS_Flight_104,HAOS_Flight_104_seg00,train,10.1594/PANGAEA.918840,CC BY 4.0,fixed-wing UAV,2020-02-28 17:05:54+00:00,1513.0,65.037157,24.516912,89.78,383092.0960186,7214892.819234,-527.730859000003,-655.7912380006164,64.81,-527.7892997155677,-655.553792346784,64.54861471861462,14.243037770563376,-0.5463161752599603,-0.039025974025975074,0.06767093105737843,0.2706133528638759,0.1358658008658047,14.25351136727528,14.2535647935418,92.19660120673643,-1.0972484082845706,-0.1568748891390257,992.1,-3.68,49.3,False
HAOS / PANGAEA,HAOS_Flight_104,HAOS_Flight_104_seg00,train,10.1594/PANGAEA.918840,CC BY 4.0,fixed-wing UAV,2020-02-28 17:05:55+00:00,1514.0,65.03716,24.517214,89.78,383106.3269893,7214892.508442,-513.4998882999644,-656.1020300006494,64.81,-513.5182536389445,-655.94901284452,64.7296103896103,14.305919690256218,-0.24306784840740647,0.057294372294371954,0.07029395768086033,0.26668317312297063,-0.056601731601730876,14.307984489891997,14.308099203181623,90.97340277562648,-1.072508415652579,0.2294319076678242,992.1,-3.68,49.3,False
HAOS / PANGAEA,HAOS_Flight_104,HAOS_Flight_104_seg00,train,10.1594/PANGAEA.918840,CC BY 4.0,fixed-wing UAV,2020-02-28 17:05:56+00:00,1515.0,65.037166,24.517514,89.78,383120.486204,7214892.615852,-499.34067359997425,-655.9946200000122,64.81,-499.1774603350553,-656.0399280435988,64.66320346320336,14.383625685925097,-0.012949829014019087,-0.15222943722943683,0.07860270681769066,0.12696116230372922,-0.12953463203463045,14.38363151540235,14.384437054415264,90.05158437543128,-0.5082014285671596,-0.606368331015866,992.1,-3.65,48.87,False
HAOS / PANGAEA,HAOS_Flight_104,HAOS_Flight_104_seg00,train,10.1594/PANGAEA.918840,CC BY 4.0,fixed-wing UAV,2020-02-28 17:05:57+00:00,1516.0,65.03717,24.517824,89.1,383135.0883123,7214892.565366,-484.7385653000092,-656.045106000267,64.13,-484.75100226709435,-655.974912502548,64.42515151515143,14.463125103891599,0.010854476200051977,-0.20177489177488894,0.06386038906963165,-0.08128503028066802,0.0014285714285691142,14.463129176995999,14.46453658771769,89.95699991849216,0.3206973177495377,-0.7992806831244896,992.19,-3.58,49.9,False
HAOS / PANGAEA,HAOS_Flight_104,HAOS_Flight_104_seg00,train,10.1594/PANGAEA.918840,CC BY 4.0,fixed-wing UAV,2020-02-28 17:05:58+00:00,1517.0,65.037177,24.518131,89.17,383149.5461833,7214892.758451,-470.2806943000178,-655.852021000348,64.2,-470.2512101272721,-656.0182190911987,64.25965367965358,14.51134646406436,-0.17551988957535514,-0.1493722943722986,0.019953604222180843,-0.23747161583520437,0.026601731601731515,14.512407912946417,14.513176616925593,90.69297901093034,0.9379034578547857,-0.5897091570012326,992.18,-3.62,49.72,False
HAOS / PANGAEA,HAOS_Flight_104,HAOS_Flight_104_seg00,train,10.1594/PANGAEA.918840,CC BY 4.0,fixed-wing UAV,2020-02-28 17:05:59+00:00,1518.0,65.03718,24.518441,89.32,383164.1523038,7214892.480493,-455.6745738000027,-656.1299790004268,64.35,-455.72830933896563,-656.3259522816987,64.12640692640683,14.50303231233596,-0.4640887554703568,-0.1485714285714259,0.12671064653960684,-0.29662001140422944,0.006114718614721681,14.510455700136195,14.511216285859803,91.83280683420173,1.1437797750022534,-0.5866265358318862,992.16,-3.64,48.63,False
HAOS / PANGAEA,HAOS_Flight_104,HAOS_Flight_104_seg00,train,10.1594/PANGAEA.918840,CC BY 4.0,fixed-wing UAV,2020-02-28 17:06:00+00:00,1519.0,65.037178,24.518749,88.79,383178.6597742,7214891.752795,-441.16710339998826,-656.8576770005748,63.82000000000001,-441.24514550260017,-656.9463966021394,63.96251082251073,14.764767757143574,-0.768759912383814,-0.13714285714285523,0.15362533484972118,-0.2662765692356288,0.00911255411255496,14.784767794093854,14.785403845973912,92.98053856093486,1.0085230256038344,-0.531457893548045,992.23,-3.57,49.25,False
HAOS / PANGAEA,HAOS_Flight_104,HAOS_Flight_104_seg00,train,10.1594/PANGAEA.918840,CC BY 4.0,fixed-wing UAV,2020-02-28 17:06:01+00:00,1520.0,65.037174,24.519054,88.94,383192.99908,7214890.744636,-426.82779760000994,-657.86583600007,63.97,-426.1987738246785,-657.8634721064664,63.85212121212112,14.810282982035403,-0.9966418939416144,-0.130346320346316,-0.575061235822119,-0.12780875700946126,0.023982683982683994,14.843779069789708,14.844351357871952,93.8498528854094,0.6611683903370246,-0.5031132601446572,992.21,-3.56,48.73,False
HAOS / PANGAEA,HAOS_Flight_104,HAOS_Flight_104_seg00,train,10.1594/PANGAEA.918840,CC BY 4.0,fixed-wing UAV,2020-02-28 17:06:02+00:00,1521.0,65.03717,24.519359,88.79,383207.3086013,7214889.672904,-412.51827629999025,-658.9375680005178,63.82000000000001,-411.62457953852936,-658.9396803900227,63.7018181818181,13.614645285499336,-1.0243774264027365,-0.08917748917748725,-1.7101303892857516,0.05415295562158917,0.10087662337661918,13.653128409331423,13.653419644406627,94.30287534160891,0.3048794212517441,-0.37423079494225503,992.23,-3.57,48.29,False
HAOS / PANGAEA,HAOS_Flight_104,HAOS_Flight_104_seg00,train,10.1594/PANGAEA.918840,CC BY 4.0,fixed-wing UAV,2020-02-28 17:06:03+00:00,1522.0,65.037165,24.519662,88.41,383221.5717695,7214888.604176,-398.2551081000129,-660.0062960004434,63.44,-398.9694832536798,-659.9122269592718,63.673766233766145,11.3900222034639,-0.888335982698436,0.07140692640692237,-1.360143081601592,0.12820561469365543,0.13170995670995467,11.4246114425637,11.42483459673252,94.45961172791289,-0.13532294310334644,0.3581095301109131,992.28,-3.58,47.95,False
HAOS / PANGAEA,HAOS_Flight_104,HAOS_Flight_104_seg00,train,10.1594/PANGAEA.918840,CC BY 4.0,fixed-wing UAV,2020-02-28 17:06:04+00:00,1523.0,65.037161,24.519968,88.64,383235.9566071,7214887.592095,-383.8702705000178,-661.018377000466,63.67,-388.84453513160156,-660.7163523554195,63.84463203463194,10.894359122296152,-0.7679661970154257,0.1742424242424221,0.5151941400435618,0.10841793616430095,0.03283549783549944,10.921393352741934,10.922783216182658,94.03222945540222,-0.6824857476352988,0.9140325123493963,992.25,-3.58,47.22,False
HAOS / PANGAEA,HAOS_Flight_104,HAOS_Flight_104_seg00,train,10.1594/PANGAEA.918840,CC BY 4.0,fixed-wing UAV,2020-02-28 17:06:05+00:00,1524.0,65.0371605,24.5201195,88.97999999999999,383243.0747329,7214887.2238735,-376.75214469997445,-661.3865985004231,64.00999999999999,-377.1807650090875,-661.4481593533027,64.02225108225099,12.420410483551024,-0.6715001103698341,0.13707792207792124,1.5247371408024861,0.12132319161321448,-0.07383116883116969,12.438549311641244,12.439304616209544,93.09464023264229,-0.9373446534544874,0.6313974621774877,992.2049999999999,-3.5949999999999998,47.345,True
HAOS / PANGAEA,HAOS_Flight_104,HAOS_Flight_104_seg00,train,10.1594/PANGAEA.918840,CC BY 4.0,fixed-wing UAV,2020-02-28 17:06:06+00:00,1525.0,65.03716,24.520271,89.32,383250.1928587,7214886.855652,-369.6340188999893,-661.7548200003803,64.35,-364.0037141644995,-662.0593525761592,64.11878787878778,13.943833403901124,-0.5253198137889967,0.026580086580082707,1.5237119293311139,0.15412494916978403,-0.043896103896102545,13.953725341374184,13.953750657207213,92.15754014849324,-0.8746700630079544,0.10914110037818804,992.16,-3.61,47.47,False
HAOS / PANGAEA,HAOS_Flight_104,HAOS_Flight_104_seg00,train,10.1594/PANGAEA.918840,CC BY 4.0,fixed-wing UAV,2020-02-28 17:06:07+00:00,1526.0,65.037159,24.520575,89.4,383264.505464,7214886.183881,-355.3214136000024,-662.4265910005197,64.43,-349.29309820128526,-662.4987989808807,64.07541125541115,15.467834342213251,-0.3632502120302661,0.04928571428571615,1.5284573578965706,0.1381757824804879,0.03150432900433486,15.47209908043158,15.472177579006917,91.34530010662638,-0.6592647041539423,0.18251265409165107,992.15,-3.57,47.06,False
HAOS / PANGAEA,HAOS_Flight_104,HAOS_Flight_104_seg00,train,10.1594/PANGAEA.918840,CC BY 4.0,fixed-wing UAV,2020-02-28 17:06:08+00:00,1527.0,65.037162,24.521178,89.1,383292.9140541,7214885.424327,-326.9128234999953,-663.1861450001597,64.13,-333.068045480073,-662.7858530002197,64.21735930735922,17.000748119694265,-0.24896824882802093,0.08958874458875243,1.0287751716412714,0.08777120127643911,-0.05931818181818471,17.002571035529087,17.00280706122873,90.83901074018536,-0.3658250041339657,0.3018960745771182,992.19,-3.6,46.2,False
HAOS / PANGAEA,HAOS_Flight_104,HAOS_Flight_104_seg00,train,10.1594/PANGAEA.918840,CC BY 4.0,fixed-wing UAV,2020-02-28 17:06:09+00:00,1528.0,65.037167,24.52148,88.56,383307.1131899,7214885.445274,-312.7136876999866,-663.1651980001479,63.59,-315.29160196189673,-662.9967354785367,64.25458874458866,17.525384685495794,-0.18770780947738785,-0.06935064935065327,-0.40731721450184466,0.018456010274888968,-0.09112554112554605,17.52638989057214,17.526527097771385,90.61365009835845,-0.04420738107824592,-0.226714046716529,992.26,-3.57,46.31,False
HAOS / PANGAEA,HAOS_Flight_104,HAOS_Flight_104_seg00,train,10.1594/PANGAEA.918840,CC BY 4.0,fixed-wing UAV,2020-02-28 17:06:10+00:00,1529.0,65.037173,24.521783,88.94,383321.4106254,7214885.542638,-298.41625219996786,-663.0678340001032,63.97,-298.0172761090814,-663.1612686191745,64.07865800865791,16.186113690690576,-0.212056228278243,-0.09266233766233967,-1.7490366306280691,-0.10403142421952793,0.0408874458874493,16.187502718205565,16.187767930160526,90.75059597802885,0.5012404986337303,-0.3279754123693228,992.21,-3.61,46.42,False
HAOS / PANGAEA,HAOS_Flight_104,HAOS_Flight_104_seg00,train,10.1594/PANGAEA.918840,CC BY 4.0,fixed-wing UAV,2020-02-28 17:06:11+00:00,1530.0,65.037177,24.522084,90.16,383335.6074148,7214885.403176,-284.2194628000143,-663.2072959998623,65.19,-282.9193745805156,-663.4208479350932,64.06926406926398,14.027311424239656,-0.3957706579164437,0.012424242424245335,-1.2876106554104325,-0.25942693995327204,0.026125541125539442,14.032893507978743,14.03289900797664,91.61613109562592,1.1616283828643053,0.05072770402984907,992.05,-3.65,46.18,False
HAOS / PANGAEA,HAOS_Flight_104,HAOS_Flight_104_seg00,train,10.1594/PANGAEA.918840,CC BY 4.0,fixed-wing UAV,2020-02-28 17:06:12+00:00,1531.0,65.037177,24.522387,88.72,383349.8592134,7214884.923842,-269.96766419999767,-663.6866300003603,63.75,-269.9626532606021,-663.9528099350074,64.1035064935064,13.61089237986971,-0.7309101081847871,-0.04041125541126078,0.11859583474021917,-0.2995139394687385,-0.05216450216450497,13.630503327560653,13.630563232390875,93.07385274375747,1.1865928497310594,-0.1698680921975656,992.24,-3.6,46.11,False
HAOS / PANGAEA,HAOS_Flight_104,HAOS_Flight_104_seg00,train,10.1594/PANGAEA.918840,CC BY 4.0,fixed-wing UAV,2020-02-28 17:06:13+00:00,1532.0,65.037173,24.52269,88.34,383364.1011484,7214883.896235,-255.72572919999948,-664.7142369998619,63.370000000000005,-255.69758982077616,-664.8826681514628,63.98844155844146,14.264503093720094,-0.9947985368539207,-0.0919047619047646,0.323090555845468,-0.1193236245056255,-0.02020562770562151,14.299149367695858,14.299444713866954,93.98931679508803,0.4082885597306333,-0.3682514484724163,992.29,-3.59,46.78,False
HAOS / PANGAEA,HAOS_Flight_104,HAOS_Flight_104_seg00,train,10.1594/PANGAEA.918840,CC BY 4.0,fixed-wing UAV,2020-02-28 17:06:14+00:00,1533.0,65.037167,24.522995,89.32,383378.4153134,7214882.609404,-241.41156420001062,-666.0010679997504,64.35,-241.43364707316192,-665.9424070087152,63.91969696969687,14.257073491560647,-0.9695573571960381,-0.0808225108225038,-0.011682491336927114,0.14885770457144076,0.0816666666666741,14.29000300953972,14.290231568834352,93.89042986321874,-0.593503922053035,-0.3240544721794041,992.16,-3.6,46.45,False
HAOS / PANGAEA,HAOS_Flight_104,HAOS_Flight_104_seg00,train,10.1594/PANGAEA.918840,CC BY 4.0,fixed-wing UAV,2020-02-28 17:06:15+00:00,1534.0,65.037162,24.523297,88.79,383392.6252936,7214881.528749,-227.2015839999658,-667.0817229999229,63.82000000000001,-227.18344283765487,-666.8217828658549,63.82679653679645,14.24113811104624,-0.6970831277110392,0.07142857142858361,-0.011600645237805907,0.3269100897940973,0.14202380952380445,14.258188509934671,14.258367424977147,92.80230895098197,-1.3098487701454309,0.2870295508249992,992.23,-3.6,47.28,False
HAOS / PANGAEA,HAOS_Flight_104,HAOS_Flight_104_seg00,train,10.1594/PANGAEA.918840,CC BY 4.0,fixed-wing UAV,2020-02-28 17:06:16+00:00,1535.0,65.037161,24.523601,88.64,383406.9369251,7214880.876668,-212.88995250000153,-667.7338040005416,63.67,-212.95137085106944,-667.3365732641373,64.06255411255404,14.233872201085035,-0.3157371776078435,0.2032251082251051,-0.006724212341381985,0.34677452481452065,-0.023722943722955137,14.237373627258123,14.238823976956741,91.27073232292787,-1.394038500976931,0.8177877873440134,992.25,-3.6,47.72,False
HAOS / PANGAEA,HAOS_Flight_104,HAOS_Flight_104_seg00,train,10.1594/PANGAEA.918840,CC BY 4.0,fixed-wing UAV,2020-02-28 17:06:17+00:00,1536.0,65.037167,24.523902,89.63,383421.1186225,7214881.019765,-198.70825510000577,-667.590707000345,64.66,-198.7156984354848,-667.4532572210705,64.23324675324666,14.227689686363476,-0.0035340780819979045,0.023982683982673336,-0.002070750758441875,0.19495779442510752,-0.16243506493506388,14.227690125286028,14.227710338290295,90.0142319490281,-0.7847038927013501,0.0965796457513461,992.12,-3.65,47.62,False
HAOS / PANGAEA,HAOS_Flight_104,HAOS_Flight_104_seg00,train,10.1594/PANGAEA.918840,CC BY 4.0,fixed-wing UAV,2020-02-28 17:06:18+00:00,1537.0,65.037176,24.524202,88.94,383435.2612332,7214881.444125,-184.56564439996146,-667.1663469998166,63.97,-184.4959914783425,-667.3436414203013,64.11051948051939,14.229730699568151,0.07417841124237157,-0.12164502164502267,0.0034177060628479694,-0.051312565879072736,-0.0575432900432844,14.22992404122126,14.230443975161766,89.70132453752518,0.20653224603762316,-0.4897831182474005,992.21,-3.61,48.52,False
HAOS / PANGAEA,HAOS_Flight_104,HAOS_Flight_104_seg00,train,10.1594/PANGAEA.918840,CC BY 4.0,fixed-wing UAV,2020-02-28 17:06:19+00:00,1538.0,65.037182,24.524505,89.1,383449.561018,7214881.555511,-170.26585959998192,-667.0549610005692,64.13,-170.2562370363485,-667.3049003985858,63.989956709956616,14.234525098489172,-0.10615920984014338,-0.09110389610389547,0.005339670454681311,-0.27066962981348297,-0.02688311688311451,14.234920953674175,14.235212484442842,90.42729644110335,1.0888032809660932,-0.36668960041670445,992.19,-3.67,48.11,False
HAOS / PANGAEA,HAOS_Flight_104,HAOS_Flight_104_seg00,train,10.1594/PANGAEA.918840,CC BY 4.0,fixed-wing UAV,2020-02-28 17:06:20+00:00,1539.0,65.037184,24.524808,89.1,383463.8485789,7214881.242093,-155.97829870000714,-667.3683790005744,64.13,-156.02694128136415,-667.5559598399816,63.928311688311595,14.240410040477514,-0.4671608483845944,-0.1754112554112517,0.015458257244915785,-0.41603415805218447,-0.045497835497833705,14.248070654625355,14.249150377749586,91.87893109945736,1.6677926023195095,-0.7053458071805863,992.19,-3.67,48.32,False
HAOS / PANGAEA,HAOS_Flight_104,HAOS_Flight_104_seg00,train,10.1594/PANGAEA.918840,CC BY 4.0,fixed-wing UAV,2020-02-28 17:06:21+00:00,1540.0,65.037183,24.52511,88.19,383478.0406389,7214880.502786,-141.78623869997682,-668.1076859999448,63.22,-141.77541695539347,-668.239222095355,63.63913419913411,14.265441612979004,-0.9382275259445123,-0.18209956709956288,0.05906096190078358,-0.4173020292214744,0.023755411255409697,14.296261584895296,14.297421290431739,93.76288164574237,1.6507116754638937,-0.7297692738686277,992.31,-3.64,48.95,False
HAOS / PANGAEA,HAOS_Flight_104,HAOS_Flight_104_seg00,train,10.1594/PANGAEA.918840,CC BY 4.0,fixed-wing UAV,2020-02-28 17:06:22+00:00,1541.0,65.037178,24.525414,88.34,383492.3292753,7214879.4241,-127.49760229996173,-669.1863719997928,63.370000000000005,-127.49605805540614,-669.4324148918706,63.56411255411247,14.35853196427908,-1.3017649068275432,-0.1279004329004323,0.12807785303474262,-0.08643435388378862,0.050703463203459975,14.417421130072874,14.41798843676218,95.18035445038515,0.30624306805230983,-0.5082713965779256,992.29,-3.64,49.25,False
HAOS / PANGAEA,HAOS_Flight_104,HAOS_Flight_104_seg00,train,10.1594/PANGAEA.918840,CC BY 4.0,fixed-wing UAV,2020-02-28 17:06:23+00:00,1542.0,65.037174,24.525716,89.02,383506.5247038,7214878.415733,-113.30217380000977,-670.1947389999405,64.05,-113.0583530268353,-670.8427519090101,63.38333333333325,14.521597319048489,-1.1110962337120895,-0.08069264069264293,0.1263232780877459,0.8333595253403985,0.10566017316017273,14.564042142796946,14.56426568143507,94.37536778184699,-3.3055878675739874,-0.3174462416739024,992.2,-3.67,49.77,False
HAOS / PANGAEA,HAOS_Flight_104,HAOS_Flight_104_seg00,train,10.1594/PANGAEA.918840,CC BY 4.0,fixed-wing UAV,2020-02-28 17:06:24+00:00,1543.0,65.037171,24.52602,88.03,383520.8157767,7214877.542235,-99.0111009000102,-671.068237000145,63.06,-98.45286341730916,-671.6546073592948,63.402727272727184,14.611178520454573,0.36495414385325375,0.08341991341991317,-0.3318987596342673,1.942887357086363,0.09785714285714064,14.615735673708276,14.615973733065605,88.56917871523717,-7.848848745139321,0.3270144708279862,992.33,-3.62,50.0,False
HAOS / PANGAEA,HAOS_Flight_104,HAOS_Flight_104_seg00,train,10.1594/PANGAEA.918840,CC BY 4.0,fixed-wing UAV,2020-02-28 17:06:25+00:00,1544.0,65.037174,24.526323,88.49,383535.0973633,7214877.292979,-84.7295143000083,-671.3174930000678,63.519999999999996,-83.83599598592616,-670.1128436213036,63.550173160173074,13.857799799779954,2.7746784804606364,0.11502164502163836,-1.3231073056816491,2.188457694321926,0.021699134199133496,14.132850241926173,14.133318291878103,78.67767029156835,-10.094120156703076,0.46629725776967834,992.27,-3.66,49.95,False
HAOS / PANGAEA,HAOS_Flight_104,HAOS_Flight_104_seg00,train,10.1594/PANGAEA.918840,CC BY 4.0,fixed-wing UAV,2020-02-28 17:06:26+00:00,1545.0,65.037205,24.526619,88.41,383549.1513211,7214880.172941,-70.67555649997666,-668.4375310000032,63.44,-70.73726381774925,-666.1052503983735,63.63277056277046,11.964963909091274,4.741869532497105,0.12681818181818016,-2.022056095451653,1.5665811483004575,0.09216450216450944,12.870341409965825,12.870966197621714,68.38093840183103,-9.862807283454828,0.5645469070851228,992.28,-3.66,50.41,False
HAOS / PANGAEA,HAOS_Flight_104,HAOS_Flight_104_seg00,train,10.1594/PANGAEA.918840,CC BY 4.0,fixed-wing UAV,2020-02-28 17:06:27+00:00,1546.0,65.037276,24.526868,89.1,383561.1838316,7214887.597456,-58.64304599998286,-661.01301600039,64.13,-59.90606816774361,-660.6291045563094,63.803809523809434,9.813687608876648,5.907840777061551,0.29935064935065725,-2.669610019481887,1.8426623397821515,0.12034632034632153,11.454739068688134,11.458649917987588,58.95205572465869,-15.10265835341738,1.4969896514669532,992.19,-3.68,50.68,False
HAOS / PANGAEA,HAOS_Flight_104,HAOS_Flight_104_seg00,train,10.1594/PANGAEA.918840,CC BY 4.0,fixed-wing UAV,2020-02-28 17:06:28+00:00,1547.0,65.03738,24.52704,89.02,383569.7328982,7214898.955315,-50.093979400000535,-649.6551569998264,64.05,-51.109888599995955,-654.2895688442504,64.23147186147177,6.625743870127501,8.427194212061409,0.36751082251082323,-3.819268610390857,3.002405490259548,0.010054112554108485,10.719985266796474,10.726283061946297,38.175621694996266,-24.30215920328163,1.9634892142289506,992.2,-3.66,50.6,False
HAOS / PANGAEA,HAOS_Flight_104,HAOS_Flight_104_seg00,train,10.1594/PANGAEA.918840,CC BY 4.0,fixed-wing UAV,2020-02-28 17:06:29+00:00,1548.0,65.0374435,24.527076,89.44,383571.70114074997,7214905.9628945,-48.125736850022804,-642.6475774999708,64.47,-46.65458042748861,-643.7747161321865,64.53883116883108,2.1751503880949343,11.912651757580647,0.3194588744588742,-4.318978096425374,2.874619191610236,-0.06716450216450198,12.10960573710882,12.113818765388947,10.347737318095426,-23.127128780880604,1.5111475421040539,992.145,-3.66,51.045,True
HAOS / PANGAEA,HAOS_Flight_104,HAOS_Flight_104_seg00,train,10.1594/PANGAEA.918840,CC BY 4.0,fixed-wing UAV,2020-02-28 17:06:30+00:00,1549.0,65.037507,24.527112,89.86,383573.6693833,7214912.970474,-46.157494299986865,-635.6399980001152,64.89,-46.759587823806086,-630.4642653290891,64.87038961038952,-2.012212322723247,14.17643259528188,0.23318181818181927,-3.6762634252150868,1.9038133257264178,-0.11211038961038966,14.318527841935772,14.320426436409653,351.9213641332351,-14.288358099332644,0.9329976706322993,992.09,-3.66,51.49,False
HAOS / PANGAEA,HAOS_Flight_104,HAOS_Flight_104_seg00,train,10.1594/PANGAEA.918840,CC BY 4.0,fixed-wing UAV,2020-02-28 17:06:31+00:00,1550.0,65.037641,24.527091,90.08,383573.2762879,7214927.852688,-46.550589699996635,-620.7577840005979,65.11,-50.679005072935105,-615.4218509416228,65.00519480519472,-5.177376462335239,15.720278409033483,0.0952380952380949,-2.4642123995679874,1.4752095226617428,-0.21119047619047748,16.550902703184114,16.55117671300297,341.7710211194302,-6.990780004027527,0.32969081978290393,992.06,-3.69,51.19,False
HAOS / PANGAEA,HAOS_Flight_104,HAOS_Flight_104_seg00,train,10.1594/PANGAEA.918840,CC BY 4.0,fixed-wing UAV,2020-02-28 17:06:32+00:00,1551.0,65.03789,24.526813,90.08,383561.2624914,7214956.130451,-58.564386199985165,-592.4800209999084,65.11,-57.114340748476565,-599.0237085110222,65.06086580086571,-6.940637121859222,17.126851640605366,-0.1891991341991357,-1.2056430786823107,1.0232817803517662,-0.1816558441558449,18.4797589480122,18.480727450211983,337.93980412518005,-2.4497805953861937,-0.5865841199348384,992.06,-3.69,51.7,False
HAOS / PANGAEA,HAOS_Flight_104,HAOS_Flight_104_seg00,train,10.1594/PANGAEA.918840,CC BY 4.0,fixed-wing UAV,2020-02-28 17:06:33+00:00,1552.0,65.03801,24.526637,89.93,383553.5230126,7214969.828301,-66.3038649999653,-578.7821709997952,64.96000000000001,-64.56027931665355,-581.168147660412,64.62679653679645,-7.588662619699861,17.766841969737015,-0.2680735930735949,-0.04887349172365596,-0.18414038683295075,0.039545454545454106,19.319639591183854,19.321499356533955,336.87145992865777,-0.3607915488697473,-0.7949682382242537,992.08,-3.65,52.24,False
HAOS / PANGAEA,HAOS_Flight_104,HAOS_Flight_104_seg00,train,10.1594/PANGAEA.918840,CC BY 4.0,fixed-wing UAV,2020-02-28 17:06:34+00:00,1553.0,65.038136,24.526479,89.4,383546.6318616,7214984.199971,-73.1950160000124,-564.4105010004714,64.43,-72.29166598787629,-563.4900245715481,64.52471861471852,-7.038384105306534,16.758570866939465,-0.11010822510822749,1.2747657732697633,-1.3806953149730532,0.08784632034631912,18.17659341890179,18.17692691676182,337.21822102744056,2.2827288535778347,-0.3470760046706436,992.15,-3.64,52.34,False
HAOS / PANGAEA,HAOS_Flight_104,HAOS_Flight_104_seg00,train,10.1594/PANGAEA.918840,CC BY 4.0,fixed-wing UAV,2020-02-28 17:06:35+00:00,1554.0,65.038271,24.526351,89.02,383541.1643724,7214999.46053,-78.66250520001631,-549.1499420003965,64.05,-78.63704752726662,-547.6510059265331,64.40658008657999,-5.039131073160334,15.005451339790909,-0.09238095238095667,1.8702008362019242,-0.9017299800300975,0.016937229437232304,15.828973810178688,15.829243384435204,341.4369176358135,5.172823942021292,-0.33438545340096737,992.2,-3.64,52.27,False
HAOS / PANGAEA,HAOS_Flight_104,HAOS_Flight_104_seg00,train,10.1594/PANGAEA.918840,CC BY 4.0,fixed-wing UAV,2020-02-28 17:06:36+00:00,1555.0,65.038411,24.526255,88.49,383537.2632419,7215015.211492,-82.56363569997484,-533.3989800000563,63.519999999999996,-82.36992813419695,-533.4791218919663,64.33995670995661,-3.2979824329026854,14.95511090687927,-0.07623376623376288,1.3438970108244455,0.36522161044192103,0.05801948051948358,15.31443862388674,15.314628364799068,347.56386891148315,5.032268001845158,-0.28521038814948935,992.27,-3.61,52.48,False
HAOS / PANGAEA,HAOS_Flight_104,HAOS_Flight_104_seg00,train,10.1594/PANGAEA.918840,CC BY 4.0,fixed-wing UAV,2020-02-28 17:06:37+00:00,1556.0,65.038553,24.526186,90.69,383534.6708167,7215031.098946,-85.15606090001529,-517.5115259997547,65.72,-85.23301239307199,-517.7407841127746,64.25411255411247,-2.351337051511443,15.735894560674751,0.023658008658010488,0.8925069998968027,0.3536088820909953,0.17100649350648922,15.910599094769617,15.91061668370706,351.5014536395038,3.459262209217214,0.08519497227737383,991.98,-3.74,52.07,False
HAOS / PANGAEA,HAOS_Flight_104,HAOS_Flight_104_seg00,train,10.1594/PANGAEA.918840,CC BY 4.0,fixed-wing UAV,2020-02-28 17:06:38+00:00,1557.0,65.038692,24.526135,89.17,383532.8795598,7215046.754786,-86.94731779996073,-501.8556860005483,64.2,-87.07260223721984,-502.0073327706168,64.38727272727263,-1.51296843310908,15.66232867106126,0.26577922077921556,0.6862067849572107,-0.10476207364553147,0.14792207792207535,15.735234757700063,15.737479196940345,354.48239332991756,2.4454375482308346,0.9676741370818825,992.18,-3.63,52.96,False
HAOS / PANGAEA,HAOS_Flight_104,HAOS_Flight_104_seg00,train,10.1594/PANGAEA.918840,CC BY 4.0,fixed-wing UAV,2020-02-28 17:06:39+00:00,1558.0,65.03883,24.526095,89.25,383531.5680394,7215062.209672,-88.25883820001036,-486.40079999994487,64.28,-88.25894925929015,-486.41612677065206,64.7856709956709,-0.9789234815970218,15.526370413383688,0.3195021645021612,0.43754019112283515,-0.11322094915834668,-0.12707792207791968,15.557199921464607,15.5604804241238,356.39232873596546,1.5756024681304166,1.1765325767438721,992.17,-3.61,52.92,False
HAOS / PANGAEA,HAOS_Flight_104,HAOS_Flight_104_seg00,train,10.1594/PANGAEA.918840,CC BY 4.0,fixed-wing UAV,2020-02-28 17:06:40+00:00,1559.0,65.038968,24.526066,89.32,383530.7992381,7215077.589311,-89.02763949998189,-471.0211610002443,64.35,-89.03044920041388,-470.95459194384944,65.02627705627695,-0.6378880508634097,15.435886772744567,0.011623376623376203,0.2693049738071984,-0.05552086465111472,-0.1977380952380905,15.44906151280475,15.449065885331356,357.6335982661784,0.9857781607719882,0.04310749219293317,992.16,-3.6,52.89,False
HAOS / PANGAEA,HAOS_Flight_104,HAOS_Flight_104_seg00,train,10.1594/PANGAEA.918840,CC BY 4.0,fixed-wing UAV,2020-02-28 17:06:41+00:00,1560.0,65.039106,24.526045,90.46,383530.4153717,7215093.043449,-89.41150589997414,-455.5670229997486,65.49,-89.53472536101697,-455.5443532251629,64.80891774891765,-0.44031353398262496,15.415328684081459,-0.07597402597401981,0.14621842575598265,0.00022220779491988196,-0.01032467532467507,15.421615818275102,15.421802958768977,358.36388505750944,0.5421938734581874,-0.2822632775305583,992.01,-3.7,53.23,False
HAOS / PANGAEA,HAOS_Flight_104,HAOS_Flight_104_seg00,train,10.1594/PANGAEA.918840,CC BY 4.0,fixed-wing UAV,2020-02-28 17:06:42+00:00,1561.0,65.039245,24.526021,90.77,383529.8970806,7215108.474296,-89.92979699996067,-440.1361760003492,65.8,-89.91107626837913,-440.1239345756865,64.87432900432891,-0.3454511993514444,15.436331188334407,-0.009025974025973937,0.05181218560425194,0.022255426316093008,-0.025530303030308232,15.440196147947047,15.44019878613245,358.7179860130948,0.19425348530698286,-0.03349375576703929,991.97,-3.7,52.84,False
HAOS / PANGAEA,HAOS_Flight_104,HAOS_Flight_104_seg00,train,10.1594/PANGAEA.918840,CC BY 4.0,fixed-wing UAV,2020-02-28 17:06:43+00:00,1562.0,65.039383,24.526003,89.32,383529.6729527,7215123.930545,-90.15392489999067,-424.6799269998446,64.35,-90.22562775971986,-424.6716908484941,64.7908658008657,-0.3366891627741211,15.459839536713645,-0.12703463203463627,0.008498157680335794,0.007202415496266212,-0.12208874458874419,15.46350536240939,15.464027156306992,358.7523920281234,0.03209604878244799,-0.4706814117968684,992.16,-3.64,52.96,False
HAOS / PANGAEA,HAOS_Flight_104,HAOS_Flight_104_seg00,train,10.1594/PANGAEA.918840,CC BY 4.0,fixed-wing UAV,2020-02-28 17:06:44+00:00,1563.0,65.039522,24.525984,88.79,383529.3741883,7215139.42073,-90.4526893000002,-409.1897419998422,63.82000000000001,-90.58445459392738,-409.20425550225923,64.62025974025964,-0.32845488399077283,15.45073601932694,-0.2532034632034623,0.11294600660096421,-0.014592553054470159,-0.06277056277055593,15.454226805302952,15.456300920450614,358.7821781106597,0.4181062954718162,-0.9386552992112795,992.23,-3.6,52.8,False
HAOS / PANGAEA,HAOS_Flight_104,HAOS_Flight_104_seg00,train,10.1594/PANGAEA.918840,CC BY 4.0,fixed-wing UAV,2020-02-28 17:06:45+00:00,1564.0,65.03966,24.525961,89.25,383528.8802375,7215154.836793,-90.94664009998087,-393.7736790003255,64.28,-90.8825375277014,-393.77021880984023,64.28445887445878,-0.11079714957219267,15.430654430604704,-0.2525757575757481,0.26139928225509124,0.030735732720415854,0.041006493506495545,15.431052205377762,15.433119149362156,359.58860461906704,0.9678053876873824,-0.9377346772094387,992.17,-3.64,53.07,False
HAOS / PANGAEA,HAOS_Flight_104,HAOS_Flight_104_seg00,train,10.1594/PANGAEA.918840,CC BY 4.0,fixed-wing UAV,2020-02-28 17:06:46+00:00,1565.0,65.039798,24.525942,89.63,383528.6055198,7215170.303838,-91.22135780000826,-378.3066340005025,64.66,-90.80604889307176,-378.3429466410498,64.11510822510814,0.19434368051940965,15.512207484767771,-0.17119047619047123,0.08641435205954906,0.12733493077473668,0.022716450216442752,15.51342484806766,15.514369361845857,0.717788886034441,0.3189923752664798,-0.6322326484178477,992.12,-3.65,53.21,False
HAOS / PANGAEA,HAOS_Flight_104,HAOS_Flight_104_seg00,train,10.1594/PANGAEA.918840,CC BY 4.0,fixed-wing UAV,2020-02-28 17:06:47+00:00,1566.0,65.039936,24.525923,89.1,383528.3205028,7215185.705025,-91.50637479999568,-362.90544700063765,64.13,-90.49385016666258,-362.7458038403047,63.942077922077836,0.062031554546905454,15.685324292154178,-0.20714285714286262,-0.6129207941573682,0.1032252998718377,-0.0774891774891806,15.685446951355944,15.686814661589738,0.2265893695999921,-2.2361494801600137,-0.7566071677650814,992.19,-3.65,53.26,False
HAOS / PANGAEA,HAOS_Flight_104,HAOS_Flight_104_seg00,train,10.1594/PANGAEA.918840,CC BY 4.0,fixed-wing UAV,2020-02-28 17:06:48+00:00,1567.0,65.040074,24.525913,88.56,383528.4318726,7215201.041602,-91.39500499999849,-347.5688700005412,63.59,-90.68198578397795,-346.97229805674147,63.70082251082242,-1.0314979077953268,15.718658084511446,-0.32616883116883244,-1.6912498693729567,-0.2278763256640275,-0.09945887445887003,15.752466470732868,15.755842916771837,356.2454899257145,-6.263087397885232,-1.1861905826716126,992.26,-3.63,53.25,False
HAOS / PANGAEA,HAOS_Flight_104,HAOS_Flight_104_seg00,train,10.1594/PANGAEA.918840,CC BY 4.0,fixed-wing UAV,2020-02-28 17:06:49+00:00,1568.0,65.040213,24.525891,88.19,383528.0153808,7215216.547445,-91.81149679998634,-332.0630270000547,63.22,-92.55684598225324,-331.3084876712818,63.28974025974017,-3.320468184199008,15.229571640826123,-0.4060606060606027,-2.784982957572762,-0.9277999751225536,0.04408008658008811,15.587346192515682,15.59263436822423,347.70041457382956,-10.854430243090784,-1.4922551827779755,992.31,-3.69,53.46,False
HAOS / PANGAEA,HAOS_Flight_104,HAOS_Flight_104_seg00,train,10.1594/PANGAEA.918840,CC BY 4.0,fixed-wing UAV,2020-02-28 17:06:50+00:00,1569.0,65.04035,24.525796,87.43,383524.1423126,7215232.007088,-95.6845650000032,-316.6033840002492,62.46000000000001,-97.32292215237597,-316.5131547750892,62.888701298701214,-6.60146382294085,13.863058134266339,-0.23800865800865623,-3.5081087765139607,-1.8720252435842042,0.1627380952380939,15.35459883681905,15.356443389044614,334.5366294395329,-14.843423128458117,-0.8880596420978512,992.41,-3.6,53.13,False
HAOS / PANGAEA,HAOS_Flight_104,HAOS_Flight_104_seg00,train,10.1594/PANGAEA.918840,CC BY 4.0,fixed-wing UAV,2020-02-28 17:06:51+00:00,1570.0,65.040468,24.525596,88.19,383515.2394113,7215245.521199,-104.5874662999995,-303.089273000136,63.22,-105.75977362813494,-303.5823714027491,62.81372294372286,-10.33668573722693,11.485521153657714,-0.08058441558441487,-3.715576437283275,-2.990262099647552,0.11219696969697068,15.451998841616234,15.452208969896327,318.01356831691334,-17.606212522347032,-0.2988030931708615,992.31,-3.64,53.4,False
HAOS / PANGAEA,HAOS_Flight_104,HAOS_Flight_104_seg00,train,10.1594/PANGAEA.918840,CC BY 4.0,fixed-wing UAV,2020-02-28 17:06:52+00:00,1571.0,65.040556,24.52531,87.65,383502.1490848,7215255.808209,-117.67779280000832,-292.8022630000487,62.68000000000001,-117.99629362682983,-293.5421124677738,62.727532467532384,-14.0326166975074,7.882533934971235,-0.01361471861471486,-2.9603387220791326,-3.9520245065067883,0.10061688311688144,16.09498905296728,16.09499481129769,299.32420439483883,-17.794919769319435,-0.0484663721893384,992.38,-3.64,53.15,False
HAOS / PANGAEA,HAOS_Flight_104,HAOS_Flight_104_seg00,train,10.1594/PANGAEA.918840,CC BY 4.0,fixed-wing UAV,2020-02-28 17:06:53+00:00,1572.0,65.040603,24.524972,87.65,383486.4501091,7215261.713756,-133.37676849996205,-286.89671600051224,62.68000000000001,-133.82500702314974,-287.81730353280665,62.78649350649343,-16.257363181385195,3.581472140644138,0.12064935064934801,-0.8799708004899536,-3.9640948289644484,0.09379870129869694,16.64718595756259,16.647623150812887,282.4237287782745,-14.74492199453934,0.41524000417715456,992.38,-3.64,53.15,False
HAOS / PANGAEA,HAOS_Flight_104,HAOS_Flight_104_seg00,train,10.1594/PANGAEA.918840,CC BY 4.0,fixed-wing UAV,2020-02-28 17:06:54+00:00,1573.0,65.040612,24.524612,88.19,383469.5462618,7215263.346174,-150.28061580000212,-285.26429800037295,63.22,-150.51101998960021,-286.3791681864855,62.96883116883108,-15.792558298487307,-0.04565572295766174,0.17398268398267902,1.530023306273943,-3.0416513668490097,0.07402597402597522,15.792624292883026,15.79358262176397,269.83436040576015,-11.578989652118784,0.6311851698109049,992.31,-3.64,53.45,False
HAOS / PANGAEA,HAOS_Flight_104,HAOS_Flight_104_seg00,train,10.1594/PANGAEA.918840,CC BY 4.0,fixed-wing UAV,2020-02-28 17:06:55+00:00,1574.0,65.040584,24.52426,87.65,383452.8798637,7215260.956939,-166.947013899975,-287.653533000499,62.68000000000001,-165.41012362012435,-287.90861497872197,63.13445887445879,-13.197316568837309,-2.5018305930538816,0.26870129870129844,2.0091694970757032,-2.52711129323599,0.010941558441560417,13.432360959058839,13.435048244140095,259.2657494740369,-11.626848868415285,1.1459934222924788,992.38,-3.63,52.84,False
HAOS / PANGAEA,HAOS_Flight_104,HAOS_Flight_104_seg00,train,10.1594/PANGAEA.918840,CC BY 4.0,fixed-wing UAV,2020-02-28 17:06:56+00:00,1575.0,65.040521,24.523936,88.56,383437.356367,7215254.502181,-182.47051060001832,-294.1082910001278,63.59,-176.90565312727483,-291.3828293725933,63.50623376623368,-11.774219304335901,-5.099878309429641,0.19586580086579986,0.32214765043534754,-2.5827782943358812,-0.04282467532467571,12.831250874236195,12.832745708130274,246.58066266892956,-10.341170393467884,0.8745376680910415,992.26,-3.7,53.13,False
HAOS / PANGAEA,HAOS_Flight_104,HAOS_Flight_104_seg00,train,10.1594/PANGAEA.918840,CC BY 4.0,fixed-wing UAV,2020-02-28 17:06:57+00:00,1576.0,65.04047750000001,24.523788500000002,88.78999999999999,383430.23729965,7215249.928913,-189.58957795001334,-298.68155900016427,63.81999999999999,-188.95856222879615,-298.10837159758125,63.526190476190386,-12.553021267966614,-7.667387181725644,0.18305194805194702,-1.0556540234816651,-1.8675926082366345,0.07383116883116969,14.709424500928405,14.710563455020969,238.58340868710116,-4.524192919989114,0.7129825294103076,992.23,-3.685,53.505,True
HAOS / PANGAEA,HAOS_Flight_104,HAOS_Flight_104_seg00,train,10.1594/PANGAEA.918840,CC BY 4.0,fixed-wing UAV,2020-02-28 17:06:58+00:00,1577.0,65.040434,24.523641,89.02,383423.1182323,7215245.355645,-196.70864530000836,-303.25482700020075,64.05,-202.01169566320806,-306.71760373604457,63.87233766233757,-13.885527351299231,-8.83506352590291,0.34352813852813924,-1.6302507853881707,-0.5223614415617703,0.0022943722943757905,16.458013772336535,16.461598613511985,237.53227682895135,1.2824992483414552,1.195761228049765,992.2,-3.67,53.88,False
HAOS / PANGAEA,HAOS_Flight_104,HAOS_Flight_104_seg00,train,10.1594/PANGAEA.918840,CC BY 4.0,fixed-wing UAV,2020-02-28 17:06:59+00:00,1578.0,65.040344,24.523368,88.87,383409.8527375,7215235.835927,-209.97414010000648,-312.77454499993473,63.900000000000006,-216.72961693139462,-315.7784986493871,64.21324675324666,-15.813522838742955,-8.712110064849185,0.1876406926406986,-2.1024307380928065,0.5379876893717324,-0.17813852813852726,18.054594051196265,18.05556909607189,241.14840718378406,4.626454003380488,0.5954513661305941,992.22,-3.65,53.54,False
HAOS / PANGAEA,HAOS_Flight_104,HAOS_Flight_104_seg00,train,10.1594/PANGAEA.918840,CC BY 4.0,fixed-wing UAV,2020-02-28 17:07:00+00:00,1579.0,65.040191,24.522763,88.41,383380.6939982,7215219.855874,-239.13287939998554,-328.75459800008684,63.44,-233.63874134069397,-324.14182386574294,64.24761904761897,-18.090388827484844,-7.759088147159446,-0.01274891774891529,-1.7825110183977273,1.3585460908585958,-0.13376623376623797,19.68414633162888,19.6841504602023,246.7851848357123,5.830712389493637,-0.03710900467450751,992.28,-3.64,53.18,False
HAOS / PANGAEA,HAOS_Flight_104,HAOS_Flight_104_seg00,train,10.1594/PANGAEA.918840,CC BY 4.0,fixed-wing UAV,2020-02-28 17:07:01+00:00,1580.0,65.040142,24.522422,90.54,383364.4538565,7215215.043088,-255.37302110000746,-333.5673839999363,65.57000000000001,-252.9103945863643,-331.29667494370597,64.18774891774883,-19.37854487553841,-5.995017883131993,-0.07989177489177735,-0.2876435921547511,2.229604116861708,-0.03189393939394236,20.284679955876264,20.28483728325233,252.80983196277134,6.594581180824833,-0.22565985072263198,992.0,-3.83,53.23,False
HAOS / PANGAEA,HAOS_Flight_104,HAOS_Flight_104_seg00,train,10.1594/PANGAEA.918840,CC BY 4.0,fixed-wing UAV,2020-02-28 17:07:02+00:00,1581.0,65.040114,24.522066,88.94,383347.6045482,7215212.558415,-272.22232940001413,-336.0520569998771,63.97,-272.3958310917708,-336.1318596320069,64.08783549783541,-18.665676011794346,-3.2998799134360297,-0.07653679653680001,1.3027119991335923,2.6566923885027904,0.010746753246753116,18.955122484974176,18.955277004085108,259.97434719736196,7.431519338089169,-0.2313470456758896,992.21,-3.7,53.08,False
HAOS / PANGAEA,HAOS_Flight_104,HAOS_Flight_104_seg00,train,10.1594/PANGAEA.918840,CC BY 4.0,fixed-wing UAV,2020-02-28 17:07:03+00:00,1582.0,65.040099,24.521708,88.64,383330.64931,7215211.629359,-289.17756759998156,-336.98111299984157,63.67,-290.241746609953,-337.896434770578,64.03467532467523,-16.773120877271225,-0.6816331061264123,-0.058398268398271114,1.1776766846887767,1.7233562402213352,-0.015259740259738308,16.786965409356135,16.787066986602255,267.67287063894963,5.270720107940901,-0.19931897939788815,992.25,-3.67,53.16,False
HAOS / PANGAEA,HAOS_Flight_104,HAOS_Flight_104_seg00,train,10.1594/PANGAEA.918840,CC BY 4.0,fixed-wing UAV,2020-02-28 17:07:04+00:00,1583.0,65.040093,24.52135,88.56,383313.8171315,7215211.553524,-306.00974609999685,-337.05694800056517,63.59,-305.94207284631324,-337.49512584425975,63.97103896103887,-16.310322642416793,0.1468325670066406,-0.10705627705627663,-0.06442521049538641,0.27424480628474157,0.05772727272727707,16.31098355411064,16.311334879430465,270.5157874132438,0.9378986227279524,-0.3760524156988572,992.26,-3.65,53.97,False
HAOS / PANGAEA,HAOS_Flight_104,HAOS_Flight_104_seg00,train,10.1594/PANGAEA.918840,CC BY 4.0,fixed-wing UAV,2020-02-28 17:07:05+00:00,1584.0,65.040085,24.520992,88.94,383296.899196,7215211.323525,-322.9276815999765,-337.28694699984044,63.97,-322.8623918947866,-337.60276963656474,63.82056277056268,-16.901971298261998,-0.13314349355692912,0.05705627705628302,-0.2936606470829872,-0.18653356485788208,0.15542207792207563,16.902495702030187,16.90259200169904,269.5486678844056,-0.6414238380151318,0.1934076192628391,992.21,-3.64,53.21,False
HAOS / PANGAEA,HAOS_Flight_104,HAOS_Flight_104_seg00,train,10.1594/PANGAEA.918840,CC BY 4.0,fixed-wing UAV,2020-02-28 17:07:06+00:00,1585.0,65.040076,24.520636,89.17,383280.1259924,7215211.020451,-339.7008851999999,-337.5900210002437,64.2,-339.74601544283723,-337.7614128313736,64.08515151515144,-16.897643936582767,-0.22623456270912357,0.20378787878787463,-0.016362347624692575,-0.089014690402621,-0.008257575757578905,16.89915834250027,16.900387042444837,269.23293973721354,-0.3006760228318615,0.6908994635384823,992.18,-3.65,53.2,False
HAOS / PANGAEA,HAOS_Flight_104,HAOS_Flight_104_seg00,train,10.1594/PANGAEA.918840,CC BY 4.0,fixed-wing UAV,2020-02-28 17:07:07+00:00,1586.0,65.040066,24.520278,89.25,383263.2502935,7215210.535537,-356.57658409996657,-338.0749350003898,64.28,-356.6576797679521,-338.055238761983,64.22813852813843,-16.934695993511383,-0.3111728743621711,0.04054112554112521,-0.04273361731782188,-0.008124136415347039,-0.17812770562770197,16.93755463313371,16.93760315195894,268.9473158387418,-0.025473230059403797,0.1371408685956579,992.17,-3.67,52.96,False
HAOS / PANGAEA,HAOS_Flight_104,HAOS_Flight_104_seg00,train,10.1594/PANGAEA.918840,CC BY 4.0,fixed-wing UAV,2020-02-28 17:07:08+00:00,1587.0,65.040057,24.519917,89.32,383246.2007336,7215210.19866,-373.62614399997983,-338.41181199997663,64.35,-373.61540742986,-338.38375858009795,64.16623376623369,-16.98311117121841,-0.24248283553981764,-0.1524675324675293,-0.04444502759872648,0.1486778808878455,-0.11248917748918075,16.984842153505433,16.985526466022527,269.1819932770947,0.5030901623741091,-0.5143121973705982,992.16,-3.67,52.31,False
HAOS / PANGAEA,HAOS_Flight_104,HAOS_Flight_104_seg00,train,10.1594/PANGAEA.918840,CC BY 4.0,fixed-wing UAV,2020-02-28 17:07:09+00:00,1588.0,65.04005,24.519556,88.87,383229.1910739,7215210.068025,-390.6358037000173,-338.54244699981064,63.900000000000006,-390.62390211038894,-338.5402044330626,63.92320346320337,-17.023586048708836,-0.013817112586480107,-0.18443722943723628,-0.013460830519548495,0.27404589936526236,0.09028138528138463,17.023591656004744,17.024590742863595,269.95349616349006,0.9236472858075567,-0.620730431260664,992.22,-3.63,51.63,False
HAOS / PANGAEA,HAOS_Flight_104,HAOS_Flight_104_seg00,train,10.1594/PANGAEA.918840,CC BY 4.0,fixed-wing UAV,2020-02-28 17:07:10+00:00,1589.0,65.040044,24.519195,88.87,383212.1711156,7215210.135006,-407.6557620000094,-338.4754659999162,63.900000000000006,-407.66257952727767,-338.4113928052709,63.797359307359216,-17.010032832257508,0.3056089631907071,0.02809523809523995,0.03678936753514961,0.33895317204218145,0.16841991341991758,17.012777956373288,17.012801154873483,271.0292878487098,1.1450820896271134,0.09461929780367921,992.22,-3.63,51.63,False
HAOS / PANGAEA,HAOS_Flight_104,HAOS_Flight_104_seg00,train,10.1594/PANGAEA.918840,CC BY 4.0,fixed-wing UAV,2020-02-28 17:07:11+00:00,1590.0,65.040042,24.518834,88.41,383195.1926808,7215210.61253,-424.63419680000516,-337.9979420006275,63.44,-424.64396777490396,-337.9289865066812,63.97939393939385,-16.950007313638537,0.6640892314978828,0.15240259740259887,0.05739670108779649,0.36595921210631843,0.04954545454545389,16.96301159699513,16.963696206649256,272.2436603427443,1.2424008147775758,0.5147547433431758,992.28,-3.61,51.05,False
HAOS / PANGAEA,HAOS_Flight_104,HAOS_Flight_104_seg00,train,10.1594/PANGAEA.918840,CC BY 4.0,fixed-wing UAV,2020-02-28 17:07:12+00:00,1591.0,65.040044,24.518472,88.79,383178.1686304,7215211.499337,-441.65824720001547,-337.111135000363,63.82000000000001,-441.56259415455474,-337.08321434227514,64.10216450216441,-16.895239430081915,1.037527387403344,0.12718614718614774,0.049626017535956635,0.37686313970871765,-0.03591991341991019,16.92706644635764,16.927544263579485,273.51408947826496,1.2829271788143648,0.43049942151285325,992.23,-3.63,50.21,False
HAOS / PANGAEA,HAOS_Flight_104,HAOS_Flight_104_seg00,train,10.1594/PANGAEA.918840,CC BY 4.0,fixed-wing UAV,2020-02-28 17:07:13+00:00,1592.0,65.04005,24.518115,89.7,383161.3801657,7215212.764631,-458.4467119000037,-335.8458409998566,64.73,-458.4344466350678,-335.8539317318745,64.23376623376615,-16.850755278566623,1.417815510915318,0.0805627705627785,-0.14879499707799937,0.3685720828865726,-0.020589826839829684,16.910297285415567,16.910489189882526,274.80951470037303,1.189600957100986,0.27296219217542744,992.11,-3.64,49.68,False
HAOS / PANGAEA,HAOS_Flight_104,HAOS_Flight_104_seg00,train,10.1594/PANGAEA.918840,CC BY 4.0,fixed-wing UAV,2020-02-28 17:07:14+00:00,1593.0,65.040057,24.517759,90.01,383144.6405478,7215214.272514,-475.1863297999953,-334.33795800060034,65.04,-475.264104711688,-334.2475833204445,64.26329004328997,-17.192829424237914,1.7746715531764892,0.08600649350648837,-0.2180986580078752,0.27393455624387286,-0.007067099567109381,17.284178971897823,17.284392955771406,275.89329139246695,0.838837970313679,0.2851028345091755,992.07,-3.68,49.44,False
HAOS / PANGAEA,HAOS_Flight_104,HAOS_Flight_104_seg00,train,10.1594/PANGAEA.918840,CC BY 4.0,fixed-wing UAV,2020-02-28 17:07:15+00:00,1594.0,65.040068,24.517399,88.72,383127.7744001,7215216.133066,-492.052477499994,-332.47740599978715,63.75,-492.8201054835436,-332.30458862552155,64.40577922077912,-17.286952594582374,1.9656846234030638,0.06642857142855974,0.6374910858231573,0.06031550694605414,-0.10636904761904376,17.398351819813897,17.398478634671584,276.4871906410004,0.44841078971299564,0.21875970360341968,992.24,-3.63,48.74,False
HAOS / PANGAEA,HAOS_Flight_104,HAOS_Flight_104_seg00,train,10.1594/PANGAEA.918840,CC BY 4.0,fixed-wing UAV,2020-02-28 17:07:16+00:00,1595.0,65.040081,24.517041,88.94,383110.9899777,7215218.217512,-508.836899899994,-330.3929599998519,63.97,-509.83800990085274,-330.3162140736384,64.39614718614709,-15.9178472525916,1.8953025670685975,-0.12673160173159914,1.5954100091966836,-0.14658396214335312,-0.11949134199133482,16.030284868884106,16.030785815937165,276.79011297189294,0.1396808580881814,-0.45295730537226353,992.21,-3.62,48.46,False
HAOS / PANGAEA,HAOS_Flight_104,HAOS_Flight_104_seg00,train,10.1594/PANGAEA.918840,CC BY 4.0,fixed-wing UAV,2020-02-28 17:07:17+00:00,1596.0,65.040094,24.516684,89.17,383094.2110836,7215220.315112,-525.615793999983,-328.29535999987274,64.2,-524.6557999887268,-328.51398349138435,64.15231601731593,-14.096132576189007,1.6725166991163576,-0.1725541125541099,1.8389057691518502,-0.25436376085913537,0.05380952380952664,14.195008478839313,14.19605722149919,276.76655235717675,-0.16354395948391484,-0.6964515358072246,992.18,-3.64,47.94,False
HAOS / PANGAEA,HAOS_Flight_104,HAOS_Flight_104_seg00,train,10.1594/PANGAEA.918840,CC BY 4.0,fixed-wing UAV,2020-02-28 17:07:18+00:00,1597.0,65.040104,24.516327,89.7,383077.4944441,7215222.087412,-542.3324334999779,-326.5230600005016,64.73,-538.0302750532308,-326.97118067540566,64.05103896103887,-12.240035714287899,1.3865750453503267,-0.019112554112545865,0.8345993841979578,-0.33876918292871494,0.07544372294372437,12.318322314480636,12.318337141560798,276.4630250529251,-1.0944289167423045,-0.08889747967954377,992.11,-3.7,47.91,False
HAOS / PANGAEA,HAOS_Flight_104,HAOS_Flight_104_seg00,train,10.1594/PANGAEA.918840,CC BY 4.0,fixed-wing UAV,2020-02-28 17:07:19+00:00,1598.0,65.04010650000001,24.51615,89.055,383069.1651949,7215222.7197415,-550.6616826999816,-325.89073050022125,64.08500000000001,-549.1358714173026,-325.7408334006837,64.11409090909083,-12.426933807793091,0.9949783332589277,-0.021666666666661172,-1.4057581346295365,-0.42551169257804133,-0.055086580086587844,12.466702280351672,12.46672110826941,274.5776945236921,-2.2126172490235714,-0.09957784170216866,992.1949999999999,-3.6500000000000004,47.709999999999994,True
HAOS / PANGAEA,HAOS_Flight_104,HAOS_Flight_104_seg00,train,10.1594/PANGAEA.918840,CC BY 4.0,fixed-wing UAV,2020-02-28 17:07:20+00:00,1599.0,65.040109,24.515973,88.41,383060.8359457,7215223.352071,-558.9909318999853,-325.25840099994093,63.44,-562.8841426688169,-324.9812240088878,64.00770562770555,-15.051551983546972,0.535551660194244,-0.12928571428572155,-2.612921029435711,-0.4030599826462975,-0.04335497835498359,15.061076744182454,15.061631634390476,272.037790554878,-1.9823692699965312,-0.49182033717904916,992.28,-3.6,47.51,False
HAOS / PANGAEA,HAOS_Flight_104,HAOS_Flight_104_seg00,train,10.1594/PANGAEA.918840,CC BY 4.0,fixed-wing UAV,2020-02-28 17:07:21+00:00,1600.0,65.04011,24.515611,88.94,383043.8297817,7215224.12929,-575.9970959000057,-324.4811820005998,63.97,-579.2389753843966,-324.6697300802952,63.85551948051939,-17.652775866664513,0.1888583679663327,-0.10837662337662834,-2.592499646862194,-0.23845133336170932,0.058852813852816155,17.653786089160704,17.65411874816578,270.61295598369907,-0.9358690160889696,-0.35173447106218275,992.21,-3.61,47.47,False
HAOS / PANGAEA,HAOS_Flight_104,HAOS_Flight_104_seg00,train,10.1594/PANGAEA.918840,CC BY 4.0,fixed-wing UAV,2020-02-28 17:07:22+00:00,1601.0,65.040107,24.515253,88.87,383026.9378146,7215224.453668,-592.8890629999805,-324.1568040000275,63.900000000000006,-598.189694402146,-324.60350727295514,63.79095238095229,-20.23655127727136,0.05864899347082542,-0.011580086580089244,-1.9565297617958777,-0.03855102164447999,0.07132034632034845,20.23663626450968,20.236639577767686,270.16605252270006,-0.15802307911979346,-0.03278657610595819,992.22,-3.6,47.72,False
HAOS / PANGAEA,HAOS_Flight_104,HAOS_Flight_104_seg00,train,10.1594/PANGAEA.918840,CC BY 4.0,fixed-wing UAV,2020-02-28 17:07:23+00:00,1602.0,65.040091,24.514532,88.87,382992.9659789,7215223.964006,-626.8608986999607,-324.6464660000056,63.900000000000006,-619.7120779389393,-324.55243209335356,63.83235930735921,-21.565835390256268,0.11175632467737273,0.03426406926406855,-0.2016628311685622,0.12180206878512934,-0.05110930735930452,21.566124954560916,21.566152173769378,270.29690982545947,0.33646730014744786,0.09103095294361702,992.22,-3.6,47.72,False
HAOS / PANGAEA,HAOS_Flight_104,HAOS_Flight_104_seg00,train,10.1594/PANGAEA.918840,CC BY 4.0,fixed-wing UAV,2020-02-28 17:07:24+00:00,1603.0,65.040084,24.514176,88.72,382976.1821522,7215223.890744,-643.644725399965,-324.71972800046206,63.75,-641.3213651826585,-324.3799946236004,63.85948051948043,-20.639876939608484,0.3022531310410841,-0.11379870129869829,1.4194110199111378,0.26064594049363166,-0.08061688311688187,20.642089938700643,20.642403619293553,270.8389871229949,0.8195901097796,-0.3158652667443894,992.24,-3.61,48.05,False
HAOS / PANGAEA,HAOS_Flight_104,HAOS_Flight_104_seg00,train,10.1594/PANGAEA.918840,CC BY 4.0,fixed-wing UAV,2020-02-28 17:07:25+00:00,1604.0,65.040083,24.513818,88.87,382959.3376255,7215224.408077,-660.4892521000002,-324.202395000495,63.900000000000006,-660.9918318181562,-323.9479258312714,63.604761904761816,-18.727013350433992,0.633048205664636,-0.12696969696969518,2.0934726136337645,0.3637561325137,0.08463744588744504,18.737710080424133,18.738140258893804,271.93609004501866,1.371200957645324,-0.3882393520769806,992.22,-3.61,47.82,False
HAOS / PANGAEA,HAOS_Flight_104,HAOS_Flight_104_seg00,train,10.1594/PANGAEA.918840,CC BY 4.0,fixed-wing UAV,2020-02-28 17:07:26+00:00,1605.0,65.040086,24.513461,88.41,382942.5464187,7215225.362816,-677.2804588999716,-323.24765599984676,63.44,-678.7753918835265,-323.1138982122711,63.60554112554104,-16.452931712340956,1.029765396068484,0.05547619047619179,1.4226198825758445,0.32534913093284956,0.12663419913419816,16.48512598380415,16.48521932852592,273.5813890382856,1.342581278444708,0.192812574328151,992.28,-3.61,48.42,False
HAOS / PANGAEA,HAOS_Flight_104,HAOS_Flight_104_seg00,train,10.1594/PANGAEA.918840,CC BY 4.0,fixed-wing UAV,2020-02-28 17:07:27+00:00,1606.0,65.040094,24.513108,88.56,382925.9697681,7215226.900883,-693.8571094999788,-321.70958899986,63.59,-693.8976952428382,-321.8883950391344,63.7157142857142,-15.881773585282303,1.2837464675303352,0.12629870129870113,-0.09015825768236141,0.142828140718251,0.030140692640690858,15.933572644170777,15.934073194541847,274.6212526019081,0.47018599186326976,0.4541499357496042,992.26,-3.56,48.31,False
HAOS / PANGAEA,HAOS_Flight_104,HAOS_Flight_104_seg00,train,10.1594/PANGAEA.918840,CC BY 4.0,fixed-wing UAV,2020-02-28 17:07:28+00:00,1607.0,65.040099,24.512752,88.34,382909.2329612,7215228.156091,-710.5939163999865,-320.4543810002506,63.370000000000005,-710.5389390540911,-320.54640527721045,63.85813852813844,-16.63324822770568,1.315421677504986,0.1157575757575735,-0.3752311617990358,-0.039977283593984225,-0.013571428571427901,16.68518147321521,16.685583016798347,274.52176102201213,-0.2407862220320429,0.39749727265404117,992.29,-3.59,48.57,False
HAOS / PANGAEA,HAOS_Flight_104,HAOS_Flight_104_seg00,train,10.1594/PANGAEA.918840,CC BY 4.0,fixed-wing UAV,2020-02-28 17:07:29+00:00,1608.0,65.040104,24.5124,89.55,382892.658416,7215229.346325,-727.1684615999693,-319.2641470003873,64.58,-727.1641916982495,-319.25755168412445,63.947229437229346,-16.632235908880375,1.2037919003423667,0.09915584415584533,-0.018027903033271286,-0.16520549679474072,-0.023409090909087382,16.67574245027728,16.67603724358428,274.139680157844,-0.5700059657633781,0.3406831478173455,992.13,-3.64,48.06,False
HAOS / PANGAEA,HAOS_Flight_104,HAOS_Flight_104_seg00,train,10.1594/PANGAEA.918840,CC BY 4.0,fixed-wing UAV,2020-02-28 17:07:30+00:00,1609.0,65.040108,24.512047,89.21,382876.1038858,7215230.47741,-743.7229917999939,-318.1330620003864,64.24,-743.8034108718518,-318.1388214765257,64.05645021645013,-16.66930403377222,0.9850106839155046,0.06893939393939874,-0.04108447835199058,-0.23398743606841776,-0.06560606060606311,16.698381449043573,16.698523756841478,273.38174909048536,-0.8094898878754164,0.23654471456044243,992.17,-3.6,48.29,False
HAOS / PANGAEA,HAOS_Flight_104,HAOS_Flight_104_seg00,train,10.1594/PANGAEA.918840,CC BY 4.0,fixed-wing UAV,2020-02-28 17:07:31+00:00,1610.0,65.04011,24.511691,88.87,382859.3441096,7215231.366905,-760.4827679999871,-317.24356700014323,63.900000000000006,-760.502799765794,-317.28753031629344,64.08510822510814,-16.714404865584356,0.7358170282055312,-0.03205627705628089,-0.040336417853069406,-0.24218488522620873,-0.14000000000000234,16.730593435669498,16.73062414599545,272.5207003820932,-0.8348711506848571,-0.10978015464303431,992.22,-3.55,48.52,False
HAOS / PANGAEA,HAOS_Flight_104,HAOS_Flight_104_seg00,train,10.1594/PANGAEA.918840,CC BY 4.0,fixed-wing UAV,2020-02-28 17:07:32+00:00,1611.0,65.04011,24.511335,88.72,382842.5825628,7215232.032006,-777.2443148000166,-316.5784660000354,63.75,-777.2322206030206,-316.66718742011466,63.99233766233757,-16.74997686947836,0.5006409134630871,-0.21106060606060595,-0.025921585714286266,-0.22295688963050964,-0.08083333333333087,16.75745704014464,16.758786144340046,271.71200678911566,-0.7650522106753166,-0.7216036735459239,992.24,-3.57,48.31,False
HAOS / PANGAEA,HAOS_Flight_104,HAOS_Flight_104_seg00,train,10.1594/PANGAEA.918840,CC BY 4.0,fixed-wing UAV,2020-02-28 17:07:33+00:00,1612.0,65.040108,24.51098,88.79,382825.8529845,7215232.405679,-793.9738930999883,-316.2047930005938,63.82000000000001,-794.0027535047507,-316.28624848936727,63.66298701298693,-16.76624803701293,0.2899032489445119,-0.19372294372294263,0.010342544047261981,-0.17884471974014104,0.08918831168831076,16.768754191423657,16.769873157281577,270.99059596074255,-0.611213689709135,-0.6618865773957414,992.23,-3.57,48.68,False
HAOS / PANGAEA,HAOS_Flight_104,HAOS_Flight_104_seg00,train,10.1594/PANGAEA.918840,CC BY 4.0,fixed-wing UAV,2020-02-28 17:07:34+00:00,1613.0,65.040103,24.510623,88.79,382809.0330481,7215232.511374,-810.7938294999767,-316.0990979997441,63.82000000000001,-810.7647166770464,-316.08738092222563,63.604891774891684,-16.729291781383836,0.14295147398280506,-0.032683982683984425,0.04996256028152857,-0.11204972190508045,0.0850541125541131,16.729902529022414,16.72993445514102,270.4895794096974,-0.38218782591903344,-0.11193441682051276,992.23,-3.6,48.98,False
HAOS / PANGAEA,HAOS_Flight_104,HAOS_Flight_104_seg00,train,10.1594/PANGAEA.918840,CC BY 4.0,fixed-wing UAV,2020-02-28 17:07:35+00:00,1614.0,65.040097,24.510268,88.34,382792.3243967,7215232.538593,-827.5024808999733,-316.071879000403,63.370000000000005,-827.4613370675183,-316.00034554140166,63.59761904761896,-16.66632291644987,0.06580380513435102,-0.023614718614716423,0.06145896114446714,-0.025435528097077054,0.04213203463203641,16.666452822846026,16.66646955270034,270.2262203089045,-0.08594210539086442,-0.08118240995534536,992.29,-3.56,48.78,False
HAOS / PANGAEA,HAOS_Flight_104,HAOS_Flight_104_seg00,train,10.1594/PANGAEA.918840,CC BY 4.0,fixed-wing UAV,2020-02-28 17:07:36+00:00,1615.0,65.040092,24.509915,88.34,382775.707435,7215232.684889,-844.1194426000002,-315.92558300029486,63.370000000000005,-844.0973625099462,-315.95577331195693,63.55766233766225,-16.6063738590949,0.09208041778865095,0.05158008658008839,0.052382364068193965,0.09944875005055565,0.08609307359307117,16.606629144753327,16.60670924827379,270.31769519891566,0.34472648832833513,0.17795976165486457,992.29,-3.51,48.83,False
HAOS / PANGAEA,HAOS_Flight_104,HAOS_Flight_104_seg00,train,10.1594/PANGAEA.918840,CC BY 4.0,fixed-wing UAV,2020-02-28 17:07:37+00:00,1616.0,65.040088,24.509563,88.87,382759.133329,7215232.890273,-860.6935486000148,-315.72019900009036,63.900000000000006,-860.6740847857081,-315.81618470582436,63.70077922077914,-16.561558188313484,0.2647013052354623,0.1485714285714259,0.02373914491801088,0.2331027879039027,0.007348484848483494,16.563673397102672,16.564339705381393,270.9156732855611,0.8066551765756994,0.5139130268147086,992.22,-3.57,48.85,False
HAOS / PANGAEA,HAOS_Flight_104,HAOS_Flight_104_seg00,train,10.1594/PANGAEA.918840,CC BY 4.0,fixed-wing UAV,2020-02-28 17:07:38+00:00,1617.0,65.040085,24.509213,88.72,382742.6181763,7215233.136262,-877.2087012999691,-315.47421000059694,63.75,-877.2204788865731,-315.426370701486,63.8548051948051,-16.55889556925888,0.5582859935964564,0.06627705627705538,-0.012446604541594297,0.32607124354568384,-0.0668939393939354,16.568304250111638,16.568436811372884,271.93100555206706,1.1241133808615866,0.2291951723588157,992.24,-3.55,49.01,False
HAOS / PANGAEA,HAOS_Flight_104,HAOS_Flight_104_seg00,train,10.1594/PANGAEA.918840,CC BY 4.0,fixed-wing UAV,2020-02-28 17:07:39+00:00,1618.0,65.040084,24.508862,88.79,382726.082662,7215233.696612,-893.7442156000179,-314.91385999973863,63.82000000000001,-893.7918759242259,-314.69961271863144,63.83333333333325,-16.586451397396672,0.91684379232683,0.014783549783555117,-0.029629189503623365,0.36008526618468295,0.0062770562770566585,16.611772105881126,16.611778684146813,273.1639000472843,1.2340846705658504,0.05099003163558071,992.23,-3.54,49.25,False
HAOS / PANGAEA,HAOS_Flight_104,HAOS_Flight_104_seg00,train,10.1594/PANGAEA.918840,CC BY 4.0,fixed-wing UAV,2020-02-28 17:07:40+00:00,1619.0,65.040088,24.508508,89.4,382709.4857548,7215234.82617,-910.3411227999604,-313.78430199995637,64.43,-910.3933816813665,-313.59268311683235,63.88437229437221,-16.618153948266126,1.2784565259658223,0.0788311688311687,-0.02776216926653774,0.3132894663825567,-0.003733766233770197,16.66725807495215,16.6674444978898,274.39917489319873,1.0673558682076996,0.2709899593950976,992.15,-3.58,49.12,False
HAOS / PANGAEA,HAOS_Flight_104,HAOS_Flight_104_seg00,train,10.1594/PANGAEA.918840,CC BY 4.0,fixed-wing UAV,2020-02-28 17:07:41+00:00,1620.0,65.040096,24.508153,88.56,382692.7800065,7215236.417488,-927.0468710999703,-312.19298399984837,63.59,-927.0281838207582,-312.1426996666998,63.99099567099559,-16.641975735929748,1.5434227250919434,0.007316017316014722,-0.011685473593331608,0.15483054434940868,-0.19418831168831296,16.713393135554632,16.713394736788636,275.2986117836997,0.526055539264488,0.025080298469590832,992.26,-3.53,49.43,False
HAOS / PANGAEA,HAOS_Flight_104,HAOS_Flight_104_seg00,train,10.1594/PANGAEA.918840,CC BY 4.0,fixed-wing UAV,2020-02-28 17:07:42+00:00,1621.0,65.040106,24.507798,88.26,382676.1123738,7215238.132449,-943.7145037999726,-310.4780230000615,63.290000000000006,-943.677333153226,-310.50583766664846,63.89900432900424,-16.64152489545279,1.5881176146646396,-0.30954545454545723,0.014195277920975968,-0.0870690693286491,0.03940476190476261,16.717130986026973,16.719996614605304,275.4512859717277,-0.29348379487836207,-1.0608053233903483,992.3,-3.5,49.25,False
HAOS / PANGAEA,HAOS_Flight_104,HAOS_Flight_104_seg00,train,10.1594/PANGAEA.918840,CC BY 4.0,fixed-wing UAV,2020-02-28 17:07:43+00:00,1622.0,65.040115,24.507444,89.55,382659.5090013,7215239.7999,-960.3178763000178,-308.8105720002204,64.58,-960.3112336116637,-308.9664644373705,63.37190476190467,-16.613585180087796,1.3692845864346452,0.08612554112553994,-0.1607360231075745,-0.2830354415849996,0.4962878787878786,16.669917600716577,16.670140084099906,274.711644193943,-1.0016475995183873,0.29601742654138047,992.13,-3.58,49.55,False
HAOS / PANGAEA,HAOS_Flight_104,HAOS_Flight_104_seg00,train,10.1594/PANGAEA.918840,CC BY 4.0,fixed-wing UAV,2020-02-28 17:07:44+00:00,1623.0,65.040121,24.50709,89.1,382642.8920961,7215241.07408,-976.9347814999637,-307.53639200050384,64.13,-976.9045035134016,-307.76726849377917,64.07125541125532,-16.96299694166794,1.0220467314946404,0.6830303030303,-0.23704510724851957,-0.33511733324610304,0.20350649350649164,16.993758994536634,17.007479976741187,273.44799077269096,-1.184501609662679,2.3016508755699823,992.19,-3.56,49.58,False
HAOS / PANGAEA,HAOS_Flight_104,HAOS_Flight_104_seg00,train,10.1594/PANGAEA.918840,CC BY 4.0,fixed-wing UAV,2020-02-28 17:07:45+00:00,1624.0,65.040122,24.506738,87.96,382626.3447542,7215241.854992,-993.4821233999683,-306.7554799998179,62.989999999999995,-994.2372274949996,-306.92237097438124,64.73796536796527,-17.087675394584835,0.6990499199424391,0.4931385281385232,0.595830977437231,-0.2918503451094523,-0.3157792207792198,17.10196834230702,17.109076736902143,272.3426409746176,-0.9279653116364852,1.6516770899696824,992.34,-3.5,49.49,False
HAOS / PANGAEA,HAOS_Flight_104,HAOS_Flight_104_seg00,train,10.1594/PANGAEA.918840,CC BY 4.0,fixed-wing UAV,2020-02-28 17:07:46+00:00,1625.0,65.040119,24.506387,89.02,382609.7823818,7215242.159696,-1010.0444957999862,-306.4507760005072,64.05,-1011.0798543025712,-306.3691686538943,65.05753246753237,-15.771334986793477,0.43834604127573584,0.051471861471860336,1.5396449853851095,-0.19295385926437802,-0.31064935064934573,15.777425471779548,15.777509431785534,271.592060149418,-0.5310347440296092,0.1869195939973192,992.2,-3.52,49.25,False
HAOS / PANGAEA,HAOS_Flight_104,HAOS_Flight_104_seg00,train,10.1594/PANGAEA.918840,CC BY 4.0,fixed-wing UAV,2020-02-28 17:07:47+00:00,1626.0,65.040115,24.506035,93.88,382593.1924937,7215242.399091,-1026.6343838999746,-306.21138100046664,68.91,-1025.7798974685866,-306.04567889182977,64.840909090909,-14.008385423814616,0.3131422014136831,-0.12816017316016826,1.790888602482653,-0.05848207367176883,-0.08899350649350168,14.011884963146393,14.012471061537735,271.2805714865584,-0.04089352397823355,-0.5240431450000457,991.56,-3.94,49.73,False
HAOS / PANGAEA,HAOS_Flight_104,HAOS_Flight_104_seg00,train,10.1594/PANGAEA.918840,CC BY 4.0,fixed-wing UAV,2020-02-28 17:07:48+00:00,1627.0,65.040114,24.505679,88.79,382576.4751273,7215242.925289,-1043.3517502999748,-305.6851829998195,63.82000000000001,-1039.0966251502005,-305.7428842510669,64.80121212121203,-12.18955778182817,0.3213818939321982,-0.12651515151514303,0.8415055966457317,0.1073724436382264,-0.09166666666666856,12.1937937180467,12.194450021294033,271.5102731014615,0.5859337728252869,-0.5944437231035116,992.23,-3.57,49.82,False
HAOS / PANGAEA,HAOS_Flight_104,HAOS_Flight_104_seg00,train,10.1594/PANGAEA.918840,CC BY 4.0,fixed-wing UAV,2020-02-28 17:07:49+00:00,1628.0,65.0401145,24.505502,88.49000000000001,382568.13125305,7215243.329468001,-1051.6956245499896,-305.2810039995238,63.52000000000001,-1050.159013032243,-305.40291510396537,64.58787878787871,-12.325374230523153,0.5278870886901359,-0.3114935064935054,-1.3404682218574067,0.2658463808953968,-0.19213203463203854,12.336673567086468,12.340605451331696,272.452439032209,0.8865057556234007,-1.446376277066433,992.27,-3.5549999999999997,49.765,True
HAOS / PANGAEA,HAOS_Flight_104,HAOS_Flight_104_seg00,train,10.1594/PANGAEA.918840,CC BY 4.0,fixed-wing UAV,2020-02-28 17:07:50+00:00,1629.0,65.040115,24.505325,88.19,382559.7873788,7215243.733647,-1060.0394988000044,-304.87682500015944,63.22,-1063.7473736112468,-304.68711007368665,64.17822510822502,-14.870494225542984,0.8530746557229918,-0.5107792207792201,-2.5607524970778286,0.2562861200442228,0.12832251082251034,14.894943265422132,14.903698544070327,273.2832846127083,0.48020049615741883,-1.9640242730027755,992.31,-3.54,49.71,False
HAOS / PANGAEA,HAOS_Flight_104,HAOS_Flight_104_seg00,train,10.1594/PANGAEA.918840,CC BY 4.0,fixed-wing UAV,2020-02-28 17:07:51+00:00,1630.0,65.040117,24.504969,89.4,382543.0380054,7215244.636789,-1076.7888722000062,-303.9736830005422,64.43,-1079.9000014833289,-303.6967657925194,63.56632034632027,-17.44687922467881,1.0404593287785815,-0.0548484848484847,-2.5644096170992725,0.10181646534942956,0.39615800865800566,17.477876023572527,17.477962085199223,273.4128400245238,-0.12937447904103472,-0.17980310503234068,992.15,-3.59,49.58,False
HAOS / PANGAEA,HAOS_Flight_104,HAOS_Flight_104_seg00,train,10.1594/PANGAEA.918840,CC BY 4.0,fixed-wing UAV,2020-02-28 17:07:52+00:00,1631.0,65.04012,24.504619,89.17,382526.603419,7215245.604338,-1093.2234585999977,-303.00613400060683,64.2,-1098.6411320606044,-302.6061914161295,64.06852813852805,-19.99931345974153,1.056707586421851,0.2815367965367912,-1.9352718371185347,-0.0764221762835291,0.06346320346320411,20.02721073400388,20.029189518100935,273.0245356546262,-0.5142676511989237,0.8053946187953963,992.18,-3.6,49.62,False
HAOS / PANGAEA,HAOS_Flight_104,HAOS_Flight_104_seg00,train,10.1594/PANGAEA.918840,CC BY 4.0,fixed-wing UAV,2020-02-28 17:07:53+00:00,1632.0,65.040126,24.503905,89.78,382493.0377801,7215247.581737,-1126.7890974999755,-301.02873500064015,64.81,-1119.898628402812,-301.5833506196757,64.12939393939385,-21.31742289891588,0.8876149762115233,0.07207792207792352,-0.22509999539926184,-0.2588251372779382,-0.13826839826839787,21.33589415509034,21.336015903257785,272.384304722126,-0.7572728959032791,0.19355856337001096,992.1,-3.58,49.61,False
HAOS / PANGAEA,HAOS_Flight_104,HAOS_Flight_104_seg00,train,10.1594/PANGAEA.918840,CC BY 4.0,fixed-wing UAV,2020-02-28 17:07:54+00:00,1633.0,65.040125,24.503545,88.49,382476.0993812,7215248.152375,-1143.7274964000098,-300.45809700060636,63.519999999999996,-1141.2759778584361,-300.83096146370644,64.2126839826839,-20.449513450540053,0.5390573118659745,0.0049999999999954525,1.3449239248911908,-0.3703487293635419,-0.06649350649350794,20.456617099346968,20.45661771039618,271.5099898628197,-0.9662083203899536,0.014004216360360614,992.27,-3.53,49.75,False
HAOS / PANGAEA,HAOS_Flight_104,HAOS_Flight_104_seg00,train,10.1594/PANGAEA.918840,CC BY 4.0,fixed-wing UAV,2020-02-28 17:07:55+00:00,1634.0,65.04012,24.503189,88.72,382459.325241,7215248.238047,-1160.5016366000054,-300.3724250001833,63.75,-1160.797655303892,-300.50523599594374,64.13939393939384,-18.627575049133497,0.14691751748443949,-0.060909090909092356,2.004572977326916,-0.3406419513476635,0.028928571428576078,18.628154416582568,18.628253994548174,270.45188808134606,-1.002823336340992,-0.18734123243360024,992.24,-3.54,49.33,False
HAOS / PANGAEA,HAOS_Flight_104,HAOS_Flight_104_seg00,train,10.1594/PANGAEA.918840,CC BY 4.0,fixed-wing UAV,2020-02-28 17:07:56+00:00,1635.0,65.040112,24.502842,89.32,382442.9420858,7215247.97793,-1176.8847917999956,-300.63254200015217,64.35,-1178.5311279567031,-300.53712642873757,64.09086580086571,-16.44036749588622,-0.14222659082935252,0.06285714285714761,1.3574264019493967,-0.11454271220347323,0.12979437229436996,16.44098268969745,16.441102846930292,269.5043431901377,-0.37387072359877155,0.2190520797214077,992.16,-3.58,49.42,False
HAOS / PANGAEA,HAOS_Flight_104,HAOS_Flight_104_seg00,train,10.1594/PANGAEA.918840,CC BY 4.0,fixed-wing UAV,2020-02-28 17:07:57+00:00,1636.0,65.040104,24.502488,89.63,382426.2560701,7215247.7658,-1193.5708074999857,-300.84467200003564,64.66,-1193.6783902956645,-300.78968917760244,64.26510822510814,-15.912722245234704,-0.08216790692250697,0.19867965367964757,-0.12650440887432524,0.23392469582279318,0.005919913419909051,15.912934387438272,15.914174638469369,269.7041466341485,0.8065663785132933,0.7153246472713812,992.12,-3.59,49.55,False
HAOS / PANGAEA,HAOS_Flight_104,HAOS_Flight_104_seg00,train,10.1594/PANGAEA.918840,CC BY 4.0,fixed-wing UAV,2020-02-28 17:07:58+00:00,1637.0,65.040098,24.502132,89.25,382409.4793133,7215247.768078,-1210.3475642999983,-300.8423939999193,64.28,-1210.3565724471725,-300.7014622425826,64.48822510822501,-16.69337631363487,0.32562280081623385,0.07469696969696571,-0.41823389177920944,0.4446926688124222,-0.14695887445886768,16.69655182835777,16.69671891703035,271.1174759471643,1.5275275243402389,0.2563279290875955,992.17,-3.56,49.3,False
HAOS / PANGAEA,HAOS_Flight_104,HAOS_Flight_104_seg00,train,10.1594/PANGAEA.918840,CC BY 4.0,fixed-wing UAV,2020-02-28 17:07:59+00:00,1638.0,65.040096,24.501776,89.02,382392.6903992,7215248.246044,-1227.1364783999743,-300.36442800052464,64.05,-1227.0651429229342,-300.13844357597,64.41450216450207,-16.749190028793123,0.8072174307023374,-0.0952380952380878,-0.048209892860086256,0.4516381958965212,-0.08993506493506231,16.768630433075106,16.768900885145612,272.75920168282903,1.5343608193372156,-0.32541013149053,992.2,-3.51,49.45,False
HAOS / PANGAEA,HAOS_Flight_104,HAOS_Flight_104_seg00,train,10.1594/PANGAEA.918840,CC BY 4.0,fixed-wing UAV,2020-02-28 17:08:00+00:00,1639.0,65.0401,24.501419,90.01,382375.9403567,7215249.274204,-1243.8865209000069,-299.3362680003047,65.04,-1243.8549525047588,-299.0870273811779,64.29774891774883,-16.789796099355044,1.2288991926092763,-0.10517316017315892,-0.02511308906736076,0.3371001590845708,-0.018008658008660916,16.83470956932473,16.835038095505887,274.1861975858387,1.14012939450059,-0.35794498117199325,992.07,-3.6,49.32,False
HAOS / PANGAEA,HAOS_Flight_104,HAOS_Flight_104_seg00,train,10.1594/PANGAEA.918840,CC BY 4.0,fixed-wing UAV,2020-02-28 17:08:01+00:00,1640.0,65.040108,24.501062,88.72,382359.1874303,7215250.928618,-1260.6394472999964,-297.68185400031507,63.75,-1260.6447351216443,-297.6806451907514,64.20415584415575,-16.799416206927845,1.481417748871479,-0.13125541125540963,-0.012212917313945582,0.12564665476037362,0.005097402597407097,16.86460742028291,16.865118185866507,275.0394604718302,0.42235261473996166,-0.4459178370580676,992.24,-3.5,49.36,False
HAOS / PANGAEA,HAOS_Flight_104,HAOS_Flight_104_seg00,train,10.1594/PANGAEA.918840,CC BY 4.0,fixed-wing UAV,2020-02-28 17:08:02+00:00,1641.0,65.040118,24.500707,88.94,382342.4882851,7215252.663885,-1277.3385925000184,-295.9465870000422,63.97,-1277.4537849186145,-296.12419188343495,64.03523809523801,-16.814221933982935,1.4801925021300235,-0.09497835497834473,-0.011986198914087254,-0.12724495778824974,0.008798701298697864,16.8792484752312,16.8795156914086,275.03090281531865,-0.4341352364780195,-0.3223959562196634,992.21,-3.53,49.71,False
HAOS / PANGAEA,HAOS_Flight_104,HAOS_Flight_104_seg00,train,10.1594/PANGAEA.918840,CC BY 4.0,fixed-wing UAV,2020-02-28 17:08:03+00:00,1642.0,65.040124,24.500345,89.17,382325.5203176,7215254.039523,-1294.3065599999973,-294.5709490003064,64.2,-1294.2731789896102,-294.7202601864914,64.01419913419906,-16.82338860475602,1.2269278332949796,-0.1136580086580139,-0.009160849563386364,-0.31539935824658016,0.019372294372283605,16.86806912645157,16.8684520391671,274.1711899988741,-1.0710638095204408,-0.3860563769703336,992.18,-3.56,49.45,False
HAOS / PANGAEA,HAOS_Flight_104,HAOS_Flight_104_seg00,train,10.1594/PANGAEA.918840,CC BY 4.0,fixed-wing UAV,2020-02-28 17:08:04+00:00,1643.0,65.040128,24.499987,88.79,382308.6757669,7215255.108506,-1311.1511106999824,-293.5019660005346,63.82000000000001,-1311.1005621281265,-293.670336216845,63.80792207792199,-16.832543633109708,0.8493937856368632,-0.056233766233777516,-0.0015200623387272572,-0.34895250433652336,0.071569264069268,16.85396080936528,16.854054621962206,272.8887751962778,-1.1852020998773174,-0.19116844709446307,992.23,-3.55,49.03,False
HAOS / PANGAEA,HAOS_Flight_104,HAOS_Flight_104_seg00,train,10.1594/PANGAEA.918840,CC BY 4.0,fixed-wing UAV,2020-02-28 17:08:05+00:00,1644.0,65.040128,24.49963,88.49,382291.8638923,7215255.761084,-1327.9629852999933,-292.84938800055534,63.519999999999996,-1327.9382662558296,-293.02147261521765,63.901731601731505,-16.826428729433474,0.5290228246219328,0.029480519480522105,0.02626870973813311,-0.2777332867388935,0.006709956709965326,16.834742912669476,16.834768725370242,271.8007857991195,-0.9426277527183387,0.10033462502186014,992.27,-3.53,49.41,False
HAOS / PANGAEA,HAOS_Flight_104,HAOS_Flight_104_seg00,train,10.1594/PANGAEA.918840,CC BY 4.0,fixed-wing UAV,2020-02-28 17:08:06+00:00,1645.0,65.040124,24.499275,89.4,382275.1221962,7215255.953046,-1344.7046813999768,-292.65742600057274,64.43,-1344.7534195869935,-292.6122905676011,63.86688311688303,-16.780006213633442,0.29392721215907613,-0.042813852813846864,0.028363094805172295,-0.19293406811640068,-0.0012445887445906578,16.782580306246846,16.782634917128398,271.0035196908411,-0.6558459192052566,-0.14616630486203525,992.15,-3.54,49.14,False
HAOS / PANGAEA,HAOS_Flight_104,HAOS_Flight_104_seg00,train,10.1594/PANGAEA.918840,CC BY 4.0,fixed-wing UAV,2020-02-28 17:08:07+00:00,1646.0,65.04012,24.498918,88.41,382258.3348622,7215256.205476,-1361.4920153999701,-292.4049960002303,63.44,-1361.4982786830965,-292.4336181908995,63.81610389610381,-16.76970253982313,0.14315468838913148,0.02699134199134079,-0.02882569631987053,0.02683876408364938,0.06958874458874043,16.77031354921422,16.770335270098226,270.489093960709,0.08957703597652741,0.09221584555470588,992.28,-3.54,49.32,False
HAOS / PANGAEA,HAOS_Flight_104,HAOS_Flight_104_seg00,train,10.1594/PANGAEA.918840,CC BY 4.0,fixed-wing UAV,2020-02-28 17:08:08+00:00,1647.0,65.040118,24.498561,89.02,382241.5339087,7215256.697267,-1378.2929689000011,-291.9132050005719,64.05,-1378.2928246666397,-292.32598119082286,63.92086580086571,-16.837657606273183,0.3476047403263749,0.09636363636363399,-0.05513767543493486,0.5311133008746651,-0.001071428571428612,16.841245284170245,16.841520972643767,271.18267376279414,1.7977018000656126,0.3278361733513017,992.2,-3.52,48.9,False
HAOS / PANGAEA,HAOS_Flight_104,HAOS_Flight_104_seg00,train,10.1594/PANGAEA.918840,CC BY 4.0,fixed-wing UAV,2020-02-28 17:08:09+00:00,1648.0,65.04012,24.498207,88.94,382224.8817677,7215257.489477,-1394.9451098999707,-291.12099500000477,63.97,-1395.1735938956429,-291.73840871024674,64.00883116883108,-16.879977890693,1.2053812901384617,0.024848484848483565,0.05609564014730495,1.2263317619010934,-0.009945887445887536,16.922960664283902,16.922978907157557,274.08449756084025,4.160970887153658,0.08412903121304816,992.21,-3.51,48.94,False
HAOS / PANGAEA,HAOS_Flight_104,HAOS_Flight_104_seg00,train,10.1594/PANGAEA.918840,CC BY 4.0,fixed-wing UAV,2020-02-28 17:08:10+00:00,1649.0,65.040122,24.497853,88.87,382208.2155273,7215258.463505,-1411.6113502999651,-290.146967000328,63.900000000000006,-1412.0527804480257,-289.91521861054594,63.97056277056268,-16.725466325978573,2.8002682641285617,0.07647186147185892,0.35281697586503924,1.933606413377504,0.055757575757574784,16.958264244094345,16.958436664920672,279.5046155371015,6.663979399971647,0.2583687311403795,992.22,-3.5,48.99,False
HAOS / PANGAEA,HAOS_Flight_104,HAOS_Flight_104_seg00,train,10.1594/PANGAEA.918840,CC BY 4.0,fixed-wing UAV,2020-02-28 17:08:11+00:00,1650.0,65.040145,24.497495,89.32,382191.4720178,7215261.635086,-1428.3548597999616,-286.97538600023836,64.35,-1428.6245265476,-286.1378721819896,64.1617748917748,-16.17434393896292,5.07259411689347,0.13636363636363313,0.8446107075766918,2.5276311590624516,0.03679653679654038,16.95112423795569,16.951672718995347,287.4124563607835,9.039867992308055,0.460907028978622,992.16,-3.55,49.25,False
HAOS / PANGAEA,HAOS_Flight_104,HAOS_Flight_104_seg00,train,10.1594/PANGAEA.918840,CC BY 4.0,fixed-wing UAV,2020-02-28 17:08:12+00:00,1651.0,65.040198,24.49715,89.17,382175.4531073,7215268.164861,-1444.373770300008,-280.44561100006104,64.2,-1444.4014683259516,-279.770030376759,64.24329004328995,-15.03624491082519,7.855530582253465,0.15006493506493968,1.5155412559500974,2.8681966169057773,0.03517316017316219,16.964610863413164,16.96527456989046,297.58435152171756,11.010671212209035,0.5068116947787551,992.18,-3.54,49.07,False
HAOS / PANGAEA,HAOS_Flight_104,HAOS_Flight_104_seg00,train,10.1594/PANGAEA.918840,CC BY 4.0,fixed-wing UAV,2020-02-28 17:08:13+00:00,1652.0,65.04028,24.496835,89.17,382160.9983873,7215277.884003,-1458.8284902999876,-270.7264689998701,64.2,-1458.6970163692504,-270.4268110174827,64.46190476190468,-13.143261427062725,10.808987350705024,0.2067099567099575,2.3579908286786804,2.9312084475511924,-0.03299783549783797,17.017036419065928,17.018291850065893,309.4337987852016,12.730417038886396,0.6959511241275108,992.18,-3.54,49.07,False
HAOS / PANGAEA,HAOS_Flight_104,HAOS_Flight_104_seg00,train,10.1594/PANGAEA.918840,CC BY 4.0,fixed-wing UAV,2020-02-28 17:08:14+00:00,1653.0,65.040386,24.496568,89.63,382148.9331944,7215290.253876,-1470.8936832000036,-258.3565960004926,64.66,-1470.687991180077,-258.15205567534895,64.65670995670986,-10.320263253467829,13.71794747735585,0.08406926406926374,3.1694034584432984,2.3451162791595195,-0.134318181818184,17.166534787556053,17.166740641529284,323.04518559949037,13.431903246954624,0.28059102028339633,992.12,-3.58,49.07,False
HAOS / PANGAEA,HAOS_Flight_104,HAOS_Flight_104_seg00,train,10.1594/PANGAEA.918840,CC BY 4.0,fixed-wing UAV,2020-02-28 17:08:15+00:00,1654.0,65.040513,24.496365,89.78,382139.9069337,7215304.752286,-1479.919943899964,-243.85818600002676,64.81,-1479.337542876186,-242.990916062771,64.6300432900432,-6.804454510176129,15.499219909024063,-0.06192640692641049,3.3978183270571662,0.709667277478033,-0.1421212121212143,16.927091273143894,16.927204549163427,336.2976052791108,11.923689701625658,-0.20961108265855274,992.1,-3.59,48.38,False
HAOS / PANGAEA,HAOS_Flight_104,HAOS_Flight_104_seg00,train,10.1594/PANGAEA.918840,CC BY 4.0,fixed-wing UAV,2020-02-28 17:08:16+00:00,1655.0,65.040654,24.496237,89.78,382134.547407,7215320.682644,-1485.2794706000132,-227.9278279999271,64.81,-1484.2969002004293,-227.15361585730082,64.53285714285704,-3.524626599353496,15.137282032311916,-0.2001731601731649,2.8309666038979344,-1.1318084870140552,-0.10443722943722378,15.54221026722465,15.543499261256361,346.89256500274166,9.384374459510912,-0.7378901046673324,992.1,-3.59,48.38,False
HAOS / PANGAEA,HAOS_Flight_104,HAOS_Flight_104_seg00,train,10.1594/PANGAEA.918840,CC BY 4.0,fixed-wing UAV,2020-02-28 17:08:17+00:00,1656.0,65.040801,24.496193,89.32,382133.0814412,7215337.105565,-1486.7454364000005,-211.50490699987859,64.35,-1486.386796074893,-212.71635199814716,64.22969696969687,-1.1425213023802598,13.235602934995953,-0.27080086580085805,2.7402003455657677,-1.580541901439581,0.039621212121215166,13.284823671365238,13.287583417920079,355.0663541981327,11.191128424737164,-1.1677684703122082,992.16,-3.59,48.82,False
HAOS / PANGAEA,HAOS_Flight_104,HAOS_Flight_104_seg00,train,10.1594/PANGAEA.918840,CC BY 4.0,fixed-wing UAV,2020-02-28 17:08:18+00:00,1657.0,65.040943,24.496231,88.64,382135.528831,7215352.911063,-1484.2980466000154,-195.69940900057554,63.67,-1486.5819428051898,-200.68240998730892,63.991255411255324,1.9557740917780393,11.976198229432754,-0.12093073593073456,3.519739998701425,-0.7561666017037325,0.1489177489177429,12.13484142165601,12.135443979172381,9.274821852216007,15.818321261892267,-0.5709667874223169,992.25,-3.53,48.73,False
HAOS / PANGAEA,HAOS_Flight_104,HAOS_Flight_104_seg00,train,10.1594/PANGAEA.918840,CC BY 4.0,fixed-wing UAV,2020-02-28 17:08:19+00:00,1658.0,65.04100700000001,24.496291,88.68,382138.6368246,7215359.912324499,-1481.1900529999984,-188.69814750086516,63.71000000000001,-1482.475247891337,-188.76395553928165,63.987835497835405,5.89695869502259,11.723269731588488,0.027034632034627748,3.543355617964039,-0.2908991276774344,0.11773809523809575,13.122849349527005,13.122877196777793,26.702996721917202,14.580176563585752,0.11803596030852374,992.245,-3.525,48.989999999999995,True
HAOS / PANGAEA,HAOS_Flight_104,HAOS_Flight_104_seg00,train,10.1594/PANGAEA.918840,CC BY 4.0,fixed-wing UAV,2020-02-28 17:08:20+00:00,1659.0,65.041071,24.496351,88.72,382141.7448182,7215366.913586,-1478.0820593999815,-181.69688600022346,63.75,-1474.7880254151446,-177.23587052413194,64.04532467532458,9.042485327706117,11.394399974077885,0.11454545454545695,2.7108437891777157,-0.1478907845337858,0.0656168831168884,14.546439140595423,14.546890125803642,38.43517497938751,9.011420472482826,0.45116439830559785,992.24,-3.52,49.25,False
HAOS / PANGAEA,HAOS_Flight_104,HAOS_Flight_104_seg00,train,10.1594/PANGAEA.918840,CC BY 4.0,fixed-wing UAV,2020-02-28 17:08:21+00:00,1660.0,65.041182,24.496529,89.7,382150.6188413,7215378.973667,-1469.2080362999695,-169.63680499978364,64.73,-1464.3902772359247,-165.97515559112588,64.21692640692632,11.318646273378022,11.427488162520916,0.15826839826840455,1.8170813491357194,0.419942897241512,-0.03411255411255354,16.084130040708132,16.08490870512793,44.72583766688285,3.7910812528737683,0.5637742649404516,992.11,-3.59,48.74,False
HAOS / PANGAEA,HAOS_Flight_104,HAOS_Flight_104_seg00,train,10.1594/PANGAEA.918840,CC BY 4.0,fixed-wing UAV,2020-02-28 17:08:22+00:00,1661.0,65.041371,24.496959,89.7,382171.646095,7215399.162921,-1448.180782600015,-149.447550999932,64.73,-1452.1507328683886,-154.3808941990901,64.36186147186139,12.676648025977556,12.234285768560909,0.04632034632034987,0.683552221752052,0.7433045843376291,-0.10626623376623812,17.617467282255205,17.617528175536314,46.017337485135045,-0.1184467231691991,0.15064334684299993,992.11,-3.53,48.64,False
HAOS / PANGAEA,HAOS_Flight_104,HAOS_Flight_104_seg00,train,10.1594/PANGAEA.918840,CC BY 4.0,fixed-wing UAV,2020-02-28 17:08:23+00:00,1662.0,65.041461,24.497185,89.02,382182.7189373,7215408.854421,-1437.1079403000185,-139.75605100020766,64.05,-1439.0369811839696,-141.50658405400407,64.30956709956702,12.685750716882126,12.914097331196174,-0.05426406926407168,-0.97466130898556,0.23790704372775195,-0.0947402597402629,18.102546260967916,18.102627591587265,44.488944220544454,-2.926484353647709,-0.17174892365525593,992.2,-3.53,48.21,False
HAOS / PANGAEA,HAOS_Flight_104,HAOS_Flight_104_seg00,train,10.1594/PANGAEA.918840,CC BY 4.0,fixed-wing UAV,2020-02-28 17:08:24+00:00,1663.0,65.041557,24.497396,89.1,382193.0622497,7215419.05723,-1426.7646278999746,-129.55324199981987,64.13,-1426.7792314346243,-128.55269953669776,64.25333333333325,10.727325408006436,12.710099856016413,-0.14316017316017593,-2.6980472591963576,-0.22424486581966363,-0.03845238095238024,16.631961662989994,16.632577779597128,40.16436877783963,-7.085319944356429,-0.4931631829650127,992.19,-3.53,48.52,False
HAOS / PANGAEA,HAOS_Flight_104,HAOS_Flight_104_seg00,train,10.1594/PANGAEA.918840,CC BY 4.0,fixed-wing UAV,2020-02-28 17:08:25+00:00,1664.0,65.041666,24.497576,88.94,382202.0098021,7215430.907712,-1417.8170754999737,-117.70275999978185,63.97,-1417.5823303679567,-116.08638434197124,64.02324675324667,7.289656198489411,12.465607599556847,-0.13116883116883216,-2.9978097281344844,0.433815811164024,0.10364718614718527,14.440583794234376,14.441179507940989,30.318304331831598,-10.475712538112449,-0.5204231251922756,992.21,-3.54,48.32,False
HAOS / PANGAEA,HAOS_Flight_104,HAOS_Flight_104_seg00,train,10.1594/PANGAEA.918840,CC BY 4.0,fixed-wing UAV,2020-02-28 17:08:26+00:00,1665.0,65.041792,24.497698,88.94,382208.3139613,7215444.738411,-1411.5129162999801,-103.87206100020558,63.97,-1412.1999190376455,-103.62148433758406,63.99099567099558,4.731705951737467,13.577731478344461,0.0641341991341946,-2.0624292836597533,1.3420649653157497,0.14931818181818102,14.378589406187723,14.378732437431069,19.212943701614734,-9.259419302444881,0.2555601568637197,992.21,-3.54,48.32,False
HAOS / PANGAEA,HAOS_Flight_104,HAOS_Flight_104_seg00,train,10.1594/PANGAEA.918840,CC BY 4.0,fixed-wing UAV,2020-02-28 17:08:27+00:00,1666.0,65.041929,24.497766,89.32,382212.1032634,7215459.792562,-1407.7236142000183,-88.81790999975055,64.35,-1408.1189184644818,-88.93092138528232,64.15151515151506,3.164797631169904,15.149737530188347,0.16746753246752988,-1.5366502411293368,1.131148583300062,-0.024729437229431994,15.476772637725732,15.477678658451554,11.799465726941833,-6.618007739114347,0.6199489120550457,992.16,-3.54,48.49,False
HAOS / PANGAEA,HAOS_Flight_104,HAOS_Flight_104_seg00,train,10.1594/PANGAEA.918840,CC BY 4.0,fixed-wing UAV,2020-02-28 17:08:28+00:00,1667.0,65.042071,24.497791,88.87,382213.901375,7215475.613341,-1405.9255025999737,-72.99713100027293,63.900000000000006,-1405.8703237753057,-73.32200927720737,64.32593073593064,1.6584054694787937,15.840028644944585,0.014675324675330614,-1.1499479087658528,0.4984529946559775,-0.18100649350649078,15.92660717710656,15.926613938280054,5.9769282233860395,-4.366661626016679,0.05279429068368768,992.22,-3.54,48.33,False
HAOS / PANGAEA,HAOS_Flight_104,HAOS_Flight_104_seg00,train,10.1594/PANGAEA.918840,CC BY 4.0,fixed-wing UAV,2020-02-28 17:08:29+00:00,1668.0,65.042213,24.497793,89.32,382214.6256213,7215491.481351,-1405.2012562999735,-57.12912099994719,64.35,-1404.8021075255242,-57.25086409539315,64.18086580086572,0.8649018136381983,16.1466435195003,-0.1945454545454517,-0.4943481511868413,0.2082242792506488,-0.12923160173160397,16.16979134352252,16.170961629629204,3.0661424749084745,-1.8089396980407457,-0.6893159865493784,992.16,-3.58,47.98,False
HAOS / PANGAEA,HAOS_Flight_104,HAOS_Flight_104_seg00,train,10.1594/PANGAEA.918840,CC BY 4.0,fixed-wing UAV,2020-02-28 17:08:30+00:00,1669.0,65.042358,24.497793,89.4,382215.2685245,7215507.588411,-1404.558353099972,-41.022061000578105,64.43,-1404.1405201480293,-41.02872223820677,63.93683982683974,0.6697091671051112,16.256477203445883,-0.24378787878787733,-0.056034382793200166,0.08619196208202062,-0.03912337662337606,16.27026617590076,16.272092488813605,2.359048827304548,-0.21241667091774727,-0.8584353336866155,992.15,-3.6,48.3,False
HAOS / PANGAEA,HAOS_Flight_104,HAOS_Flight_104_seg00,train,10.1594/PANGAEA.918840,CC BY 4.0,fixed-wing UAV,2020-02-28 17:08:31+00:00,1670.0,65.042504,24.497796,88.87,382216.0712766,7215523.859484,-1403.7556009999826,-24.75098800007254,63.900000000000006,-1403.462689191314,-24.737909688501386,63.69329004328996,0.752833048051798,16.319027443664343,-0.2727922077922038,0.06505558928029131,0.06483941774379787,-0.04213203463203463,16.3363831463794,16.338660590572932,2.64130913307298,0.2176912738425187,-0.9566615548697015,992.22,-3.58,48.42,False
HAOS / PANGAEA,HAOS_Flight_104,HAOS_Flight_104_seg00,train,10.1594/PANGAEA.918840,CC BY 4.0,fixed-wing UAV,2020-02-28 17:08:32+00:00,1671.0,65.042652,24.497803,87.43,382217.0534176,7215540.268024,-1402.7734599999967,-8.342447999864817,62.46000000000001,-1402.6348540519257,-8.390667350878081,63.39125541125533,0.7998203456656938,16.38615603893348,-0.3280519480519466,-0.08271083485078634,0.06022512881706277,0.04782467532467294,16.40566433636922,16.408943914775186,2.7944313749895855,-0.2974505212528982,-1.145548702240267,992.41,-3.52,48.47,False
HAOS / PANGAEA,HAOS_Flight_104,HAOS_Flight_104_seg00,train,10.1594/PANGAEA.918840,CC BY 4.0,fixed-wing UAV,2020-02-28 17:08:33+00:00,1672.0,65.042799,24.497811,88.26,382218.052803,7215556.651563,-1401.7740745999618,8.041090999729931,63.290000000000006,-1401.8630484999826,8.034402389365571,63.03718614718607,0.5874113783502253,16.43947770129847,-0.17714285714285793,-0.34878891872199347,0.030326183972018583,0.15359307359307195,16.449968973189733,16.45092273432532,2.0464080905671835,-1.2191267658627112,-0.6169705126785372,992.3,-3.55,48.05,False
HAOS / PANGAEA,HAOS_Flight_104,HAOS_Flight_104_seg00,train,10.1594/PANGAEA.918840,CC BY 4.0,fixed-wing UAV,2020-02-28 17:08:34+00:00,1673.0,65.042946,24.497808,88.26,382218.5597864,7215573.086738,-1401.2670911999885,24.476265999488533,63.290000000000006,-1401.4600312952252,24.488288051718854,63.036969696969614,0.10224250822170688,16.446808406877516,-0.020865800865802697,-0.5563461606044484,-0.004424696998851729,0.10571428571428498,16.447126201954685,16.447139437746312,0.35617784326416313,-1.9387543639704947,-0.07268878889207231,992.3,-3.55,48.31,False
HAOS / PANGAEA,HAOS_Flight_104,HAOS_Flight_104_seg00,train,10.1594/PANGAEA.918840,CC BY 4.0,fixed-wing UAV,2020-02-28 17:08:35+00:00,1674.0,65.043094,24.497792,87.65,382218.4861403,7215589.558862,-1401.3407372999936,40.94838999956846,62.68000000000001,-1401.6585634835392,40.9280192031206,62.995454545454464,-0.5252809428586716,16.430628307300765,0.03428571428571203,-0.6053628005396376,-0.009206022666081282,0.01830086580086565,16.439022679028206,16.439058432641687,358.16889936262623,-2.10813983465356,0.11949760738239029,992.38,-3.52,48.59,False
HAOS / PANGAEA,HAOS_Flight_104,HAOS_Flight_104_seg00,train,10.1594/PANGAEA.918840,CC BY 4.0,fixed-wing UAV,2020-02-28 17:08:36+00:00,1675.0,65.043241,24.497759,88.19,382217.5444957,7215605.983272,-1402.282381900004,57.37280000001192,63.22,-1402.5105931809426,57.349544666320384,63.10554112554104,-1.1084830928575684,16.428396361545353,0.015735930735928605,-0.4751051799754009,0.01849488105254693,-0.02146103896103746,16.465750568352103,16.46575808757993,356.1398981739571,-1.6444519151307613,0.05475621288281047,992.31,-3.57,47.95,False
HAOS / PANGAEA,HAOS_Flight_104,HAOS_Flight_104_seg00,train,10.1594/PANGAEA.918840,CC BY 4.0,fixed-wing UAV,2020-02-28 17:08:37+00:00,1676.0,65.043388,24.497715,88.56,382216.1222555,7215622.421146,-1403.704622099991,73.81067399960011,63.59,-1403.8755296692543,73.7848119262113,63.02692640692632,-1.4754913028094734,16.46761806940586,-0.008636363636362887,-0.15353662759360986,0.05830876192065659,0.036471861471861544,16.533587616258266,16.533589871871918,354.8799955323647,-0.5150473012601814,-0.029928600687509355,992.26,-3.58,48.23,False
HAOS / PANGAEA,HAOS_Flight_104,HAOS_Flight_104_seg00,train,10.1594/PANGAEA.918840,CC BY 4.0,fixed-wing UAV,2020-02-28 17:08:38+00:00,1677.0,65.043534,24.497667,87.27,382214.513233,7215638.763793,-1405.3136445999844,90.15332099981606,62.3,-1405.4615757865615,90.2847808051321,63.08826839826831,-1.4155563480447881,16.545013885386666,0.0886796536796517,0.5426031878238291,0.19437067417499776,0.03148268398268428,16.605459470973017,16.605696261316602,355.1098035714367,1.8968197540512481,0.30597898188353423,992.43,-3.55,47.95,False
HAOS / PANGAEA,HAOS_Flight_104,HAOS_Flight_104_seg00,train,10.1594/PANGAEA.918840,CC BY 4.0,fixed-wing UAV,2020-02-28 17:08:39+00:00,1678.0,65.043681,24.497629,88.34,382213.3665015,7215655.218755,-1406.4603760999744,106.60828300006688,63.370000000000005,-1406.706642365344,106.87483969698464,63.204285714285625,-0.3902849271618152,16.856359417755854,0.05432900432900567,1.4151089462070559,0.044053401432133654,-0.027456709956709346,16.860877057405293,16.860964586453754,358.6736350404672,4.875776804058907,0.1846174353610562,992.29,-3.55,48.39,False
HAOS / PANGAEA,HAOS_Flight_104,HAOS_Flight_104_seg00,train,10.1594/PANGAEA.918840,CC BY 4.0,fixed-wing UAV,2020-02-28 17:08:40+00:00,1679.0,65.043829,24.49761,88.34,382213.1196747,7215671.709347,-1406.7072028999683,123.09887500014156,63.370000000000005,-1406.2421456408852,123.99749964064381,63.19692640692632,1.4146615443693236,16.633120688250933,0.033766233766233,1.651457759791299,-0.8983223615365361,0.015714285714285126,16.693171391770907,16.693205542183364,4.861357179554545,6.136266148849529,0.11589529639824611,992.29,-3.55,48.19,False
HAOS / PANGAEA,HAOS_Flight_104,HAOS_Flight_104_seg00,train,10.1594/PANGAEA.918840,CC BY 4.0,fixed-wing UAV,2020-02-28 17:08:41+00:00,1680.0,65.043976,24.497625,88.34,382214.4869369,7215688.079427,-1405.3399406999815,139.46895499993116,63.370000000000005,-1403.8773192766052,140.1410810734865,63.27181818181809,2.9126305924207827,15.059714694682782,0.08575757575757592,1.1213064375543809,-1.8201727630354831,0.029199134199135557,15.338788206802713,15.339027935790122,10.946167338166276,5.429885040512006,0.3203314297590477,992.29,-3.55,48.06,False
HAOS / PANGAEA,HAOS_Flight_104,HAOS_Flight_104_seg00,train,10.1594/PANGAEA.918840,CC BY 4.0,fixed-wing UAV,2020-02-28 17:08:42+00:00,1681.0,65.044117,24.497706,88.34,382218.9551961,7215703.663892,-1400.8716814999934,155.05341999977827,63.370000000000005,-1400.4168844560436,154.11692903000937,63.368441558441475,3.6572744194780853,12.992775162179967,0.09216450216450411,1.5243848995668259,-2.041403072486027,0.10087662337662096,13.49769841840932,13.498013071922426,15.721127260578555,8.779789104529698,0.39121891493798194,992.29,-3.51,48.18,False
HAOS / PANGAEA,HAOS_Flight_104,HAOS_Flight_104_seg00,train,10.1594/PANGAEA.918840,CC BY 4.0,fixed-wing UAV,2020-02-28 17:08:43+00:00,1682.0,65.044245,24.497865,88.41,382226.9795956,7215717.628364,-1392.8472820000025,169.0178919993341,63.44,-1396.562770437649,166.12663139784644,63.4561471861471,5.9614003915544345,10.976908549710728,0.28751082251081783,3.0817695172063395,-2.279691761833284,0.1706709956709922,12.491229560661266,12.494537943045302,28.505745547225672,16.81265806131475,1.3185450217270374,992.28,-3.54,47.78,False
HAOS / PANGAEA,HAOS_Flight_104,HAOS_Flight_104_seg00,train,10.1594/PANGAEA.918840,CC BY 4.0,fixed-wing UAV,2020-02-28 17:08:44+00:00,1683.0,65.0442965,24.497975500000003,88.6,382232.39683995,7215723.154095,-1387.4300376499887,174.54362299945205,63.629999999999995,-1388.4940836729347,176.07074612943083,63.94346320346311,9.820813453890764,8.433391638513399,0.4335064935064885,3.3782809141774806,-2.940759243442585,0.03827922077922352,12.944901367900396,12.952158094486874,49.346443383208054,19.830492757199043,1.9180380613631904,992.255,-3.5300000000000002,48.03,True
HAOS / PANGAEA,HAOS_Flight_104,HAOS_Flight_104_seg00,train,10.1594/PANGAEA.918840,CC BY 4.0,fixed-wing UAV,2020-02-28 17:08:45+00:00,1684.0,65.044348,24.498086,88.79,382237.8140843,7215728.679826,-1382.0127932999749,180.06935399957,63.82000000000001,-1376.9211435298675,182.99341467487324,64.32316017316008,12.717962219909396,5.095390062825558,0.3640692640692649,2.3151453286816945,-3.5205553830379586,-0.07259740259740077,13.700713956556577,13.705550311768738,68.16673106162375,17.575211261741458,1.5221633405670143,992.23,-3.52,48.28,False
HAOS / PANGAEA,HAOS_Flight_104,HAOS_Flight_104_seg00,train,10.1594/PANGAEA.918840,CC BY 4.0,fixed-wing UAV,2020-02-28 17:08:46+00:00,1685.0,65.044418,24.498349,90.39,382250.5112042,7215735.932163,-1369.3156734000077,187.32169099990278,65.42,-1363.058159233116,186.26152625508195,64.67160173160164,14.451104111254153,1.3922808724374818,0.28831168831168696,1.2512470570370624,-3.608635061654347,-0.10810606060606176,14.518018324208782,14.520880816661196,84.49686590669097,14.884854049346895,1.1376808804996013,992.02,-3.63,47.84,False
HAOS / PANGAEA,HAOS_Flight_104,HAOS_Flight_104_seg00,train,10.1594/PANGAEA.918840,CC BY 4.0,fixed-wing UAV,2020-02-28 17:08:47+00:00,1686.0,65.04444,24.498934,90.46,382278.1272825,7215737.379621,-1341.6995951000135,188.76914899982512,65.49,-1348.0189353073592,185.7779764197482,64.89978354978345,15.22045633398352,-2.121880060483136,0.14785714285714135,0.06348286158180372,-3.5836463409860926,-0.1444588744588735,15.367649983187897,15.368361257481842,97.93643916031755,13.556910570543806,0.5512442615276882,992.01,-3.61,47.39,False
HAOS / PANGAEA,HAOS_Flight_104,HAOS_Flight_104_seg00,train,10.1594/PANGAEA.918840,CC BY 4.0,fixed-wing UAV,2020-02-28 17:08:48+00:00,1687.0,65.044391,24.499204,89.32,382290.6034471,7215731.435667,-1329.2234305000165,182.82519499957561,64.35,-1332.617246565149,182.01776613411567,64.96731601731592,14.57806983441776,-5.775011809534703,-0.0006060606060600549,-1.5537947898809534,-3.5866036851531433,-0.11617965367965155,15.680270453580397,15.68027046529287,111.61068704777858,14.782610846287815,-0.002214548208328964,992.16,-3.55,47.27,False
HAOS / PANGAEA,HAOS_Flight_104,HAOS_Flight_104_seg00,train,10.1594/PANGAEA.918840,CC BY 4.0,fixed-wing UAV,2020-02-28 17:08:49+00:00,1688.0,65.044314,24.499436,89.78,382301.2192554,7215722.347958,-1318.6076221999829,173.7374860001728,64.81,-1318.8627956385237,174.2279528006788,64.89857142857133,12.112866754221614,-9.295087430789422,-0.08450216450216175,-2.75749974415578,-2.6973763419903776,-0.0204437229437211,15.268274013507446,15.268507850060278,127.50166085289317,14.666837420548088,-0.317099886235115,992.1,-3.55,47.81,False
HAOS / PANGAEA,HAOS_Flight_104,HAOS_Flight_104_seg00,train,10.1594/PANGAEA.918840,CC BY 4.0,fixed-wing UAV,2020-02-28 17:08:50+00:00,1689.0,65.044221,24.499643,89.7,382310.5312811,7215711.595412,-1309.2955964999855,162.9849399998784,64.73,-1308.3915130567057,163.42759127253683,64.7983116883116,9.063070346106201,-11.169764493515459,-0.04149350649350225,-1.8384641310062761,-0.9075573257178675,0.06916666666666416,14.384119122805824,14.384178970318374,140.94436188887477,7.644530349168921,-0.16527923500998723,992.11,-3.59,47.5,False
HAOS / PANGAEA,HAOS_Flight_104,HAOS_Flight_104_seg00,train,10.1594/PANGAEA.918840,CC BY 4.0,fixed-wing UAV,2020-02-28 17:08:51+00:00,1690.0,65.044122,24.499832,89.78,382318.9899335,7215700.281424,-1300.8369440999813,151.6709519997239,64.81,-1300.7366549463113,151.88842381364788,64.81558441558433,8.435938492209061,-11.110202082225157,0.053831168831166565,0.3453451420974716,0.6311393333477895,0.047911255411257514,13.949969482124853,13.950073345576088,142.790721551231,-2.74819653145019,0.22109607300841444,992.1,-3.54,48.01,False
HAOS / PANGAEA,HAOS_Flight_104,HAOS_Flight_104_seg00,train,10.1594/PANGAEA.918840,CC BY 4.0,fixed-wing UAV,2020-02-28 17:08:52+00:00,1691.0,65.044028,24.500025,90.01,382327.6414854,7215689.41274,-1292.1853922000155,140.80226799938828,65.04,-1291.5196360722875,141.20718710808652,64.90597402597393,9.753760630301144,-9.90748582681988,0.054329004329012776,1.2658366558423495,1.5265377889401393,-0.031709956709953246,13.903025636236501,13.903131786851507,135.44796882597439,-8.244317935964528,0.22389420046477154,992.07,-3.53,47.89,False
HAOS / PANGAEA,HAOS_Flight_104,HAOS_Flight_104_seg00,train,10.1594/PANGAEA.918840,CC BY 4.0,fixed-wing UAV,2020-02-28 17:08:53+00:00,1692.0,65.043951,24.500252,90.23,382338.0057984,7215680.37451,-1281.8210792000173,131.76403800025582,65.26,-1281.229133685709,132.07345216000812,64.92424242424235,10.96761180389376,-8.057126504344879,-0.009588744588739928,1.2701508333331049,2.044612047599145,-0.05793290043290611,13.609033624321988,13.609037002372697,126.30208567930197,-10.06087358500366,-0.04036983962385004,992.04,-3.58,47.94,False
HAOS / PANGAEA,HAOS_Flight_104,HAOS_Flight_104_seg00,train,10.1594/PANGAEA.918840,CC BY 4.0,fixed-wing UAV,2020-02-28 17:08:54+00:00,1693.0,65.043888,24.500511,89.4,382349.8929899,7215672.971124,-1269.9338876999682,124.36065199971199,64.43,-1269.5844124645,125.09293409939676,64.88679653679645,12.294062296967354,-5.81826173162159,-0.06153679653679944,1.2299732353931176,2.2095381266042367,-0.04518398268398727,13.601328513765354,13.601467719209367,115.32622165596706,-10.571186564017912,-0.2592228153254082,992.15,-3.53,47.54,False
HAOS / PANGAEA,HAOS_Flight_104,HAOS_Flight_104_seg00,train,10.1594/PANGAEA.918840,CC BY 4.0,fixed-wing UAV,2020-02-28 17:08:55+00:00,1694.0,65.043853,24.500798,89.7,382363.2356342,7215668.509456,-1256.5912434000056,119.89898400008678,64.73,-1256.6410090917743,120.43692869676494,64.80116883116875,13.427558274679996,-3.6380502511364057,-0.09995670995671446,0.9448094717581625,1.9596200248214402,0.000422077922074493,13.911676061845347,13.91203515642432,105.15971255126613,-8.850183821211942,-0.4116685176683738,992.11,-3.54,47.97,False
HAOS / PANGAEA,HAOS_Flight_104,HAOS_Flight_104_seg00,train,10.1594/PANGAEA.918840,CC BY 4.0,fixed-wing UAV,2020-02-28 17:08:56+00:00,1695.0,65.043839,24.501101,90.08,382377.4231906,7215666.325835,-1242.4036869999836,117.71536299958825,65.11,-1242.72929591514,117.81683359712395,64.68688311688302,14.18368124048368,-1.8990216819787094,-0.06069264069265046,0.5856534756466658,1.4488484707541964,0.07180735930736404,14.310244473113444,14.310373177416029,97.62585401354318,-6.128277312969857,-0.24300153051222934,992.06,-3.54,47.75,False
HAOS / PANGAEA,HAOS_Flight_104,HAOS_Flight_104_seg00,train,10.1594/PANGAEA.918840,CC BY 4.0,fixed-wing UAV,2020-02-28 17:08:57+00:00,1696.0,65.043837,24.501404,89.4,382391.6990623,7215665.584425,-1228.1278153000167,116.97395299933851,64.43,-1228.273646610807,116.63888533280752,64.67978354978345,14.598865225973327,-0.7403533096280128,0.043658008658013614,0.3141361212069569,0.8546704730458359,0.007326839826845344,14.61762596693493,14.617691162797577,92.90315792532641,-3.4460843883997776,0.17112301313729833,992.15,-3.53,48.52,False
HAOS / PANGAEA,HAOS_Flight_104,HAOS_Flight_104_seg00,train,10.1594/PANGAEA.918840,CC BY 4.0,fixed-wing UAV,2020-02-28 17:08:58+00:00,1697.0,65.04384,24.501713,89.63,382406.2250343,7215665.33173,-1213.6018432999845,116.72125799953938,64.66,-1213.5315654631934,116.33612697786792,64.77419913419905,14.811953482897593,-0.1896807358870376,-0.04603896103895977,0.16702264448065307,0.337655545538901,-0.06892857142857522,14.813167951558802,14.813239495364352,90.73368523674361,-1.3268001714506301,-0.17807329775549377,992.12,-3.53,48.46,False
HAOS / PANGAEA,HAOS_Flight_104,HAOS_Flight_104_seg00,train,10.1594/PANGAEA.918840,CC BY 4.0,fixed-wing UAV,2020-02-28 17:08:59+00:00,1698.0,65.043843,24.502029,89.63,382421.136799,7215665.09787,-1198.6900785999605,116.48739799950272,64.66,-1198.6497396450118,116.25952386103344,64.58770562770553,14.932910514934633,-0.06504221855021086,-0.09419913419913684,0.11267454826946732,0.07178481278771898,0.011764069264071253,14.933052164150478,14.933349269809607,90.24955758242515,-0.27899562205402684,-0.36142251275900433,992.12,-3.53,48.76,False
HAOS / PANGAEA,HAOS_Flight_104,HAOS_Flight_104_seg00,train,10.1594/PANGAEA.918840,CC BY 4.0,fixed-wing UAV,2020-02-28 17:09:00+00:00,1699.0,65.043846,24.50235,89.78,382436.2394572,7215664.873492,-1183.5874203999992,116.26301999948919,64.81,-1183.665744433324,116.2060425407675,64.58580086580078,15.037302579436528,-0.046111110311599646,-0.022510822510817263,0.08216084826625547,0.03643529004622437,0.017478354978358368,15.037373277937295,15.037390127184727,90.17569399263556,-0.13963356824689724,-0.08577124049160868,992.1,-3.6,48.07,False
HAOS / PANGAEA,HAOS_Flight_104,HAOS_Flight_104_seg00,train,10.1594/PANGAEA.918840,CC BY 4.0,fixed-wing UAV,2020-02-28 17:09:01+00:00,1700.0,65.04385,24.502669,89.4,382451.2718976,7215664.715889,-1168.5549800000153,116.10541700012982,64.43,-1168.5751344861387,116.16730164041024,64.5426839826839,15.097232211467144,0.007828361542237872,-0.0592424242424201,0.020964595885516246,0.0771880064812791,-0.08679653679654109,15.097234241085536,15.097350475995306,89.97029044593137,-0.2935277465466872,-0.22483081343834177,992.15,-3.57,48.34,False
HAOS / PANGAEA,HAOS_Flight_104,HAOS_Flight_104_seg00,train,10.1594/PANGAEA.918840,CC BY 4.0,fixed-wing UAV,2020-02-28 17:09:02+00:00,1701.0,65.043855,24.50299,89.02,382466.3996358,7215664.680315,-1153.4272418000037,116.06984299980104,64.05,-1153.4712800103898,116.22169926385197,64.46731601731594,15.07923177120756,0.10826490265095856,-0.19610389610389944,0.13586782208142267,0.07722473321019052,-0.11522727272727451,15.07962042290659,15.08089549188007,89.58863849954218,-0.28762126521706843,-0.7450646594739977,992.2,-3.54,48.61,False
HAOS / PANGAEA,HAOS_Flight_104,HAOS_Flight_104_seg00,train,10.1594/PANGAEA.918840,CC BY 4.0,fixed-wing UAV,2020-02-28 17:09:03+00:00,1702.0,65.043863,24.503309,89.78,382481.4130239,7215664.951764,-1138.4138536999817,116.34129199944437,64.81,-1138.4166709437236,116.38383144571216,64.1504761904761,15.36896785562999,0.16227782796261891,-0.2896969696969691,0.18273214015488293,0.00800216772585216,-0.006287878787876622,15.369824561159966,15.37255448437532,89.39504791549723,-0.024817447937578757,-1.079807284265073,992.1,-3.61,47.89,False
HAOS / PANGAEA,HAOS_Flight_104,HAOS_Flight_104_seg00,train,10.1594/PANGAEA.918840,CC BY 4.0,fixed-wing UAV,2020-02-28 17:09:04+00:00,1703.0,65.043871,24.503627,88.64,382496.4295318,7215665.238001,-1123.397345800011,116.62752899993211,63.67,-1122.7333442991298,116.54625491977721,63.887922077922,15.444696051517326,0.12426923810266288,-0.2086796536796527,-0.5689011064970373,-0.059542391272824347,0.08152597402597195,15.445195983453674,15.446605651894961,89.53900360366703,0.21552702943683175,-0.7740747337856965,992.25,-3.57,47.91,False
HAOS / PANGAEA,HAOS_Flight_104,HAOS_Flight_104_seg00,train,10.1594/PANGAEA.918840,CC BY 4.0,fixed-wing UAV,2020-02-28 17:09:05+00:00,1704.0,65.043878,24.503944,88.94,382511.3965253,7215665.386493,-1108.430352299998,116.77602099999785,63.97,-1107.527278840689,116.63236992191749,63.73311688311679,14.231165642635915,0.04319304541697022,-0.12664502164502522,-1.7515643048749325,-0.09479904004969342,0.01327922077922139,14.231231190143504,14.231794691774498,89.82610197437089,0.38722090664489833,-0.5098668976250585,992.21,-3.56,47.8,False
HAOS / PANGAEA,HAOS_Flight_104,HAOS_Flight_104_seg00,train,10.1594/PANGAEA.918840,CC BY 4.0,fixed-wing UAV,2020-02-28 17:09:06+00:00,1705.0,65.043882,24.504262,87.81,382526.3453629,7215665.291584,-1093.48151469999,116.68111199978739,62.84,-1094.271013013858,116.63264101061115,63.63463203463195,11.94156744176746,-0.06532884199672395,-0.1821212121212099,-1.4223835282440973,-0.16169091665137714,-0.011428571428570677,11.941746137976526,11.943134804555369,90.31344541695682,0.7917546544090907,-0.8737388828184505,992.36,-3.55,47.79,False
HAOS / PANGAEA,HAOS_Flight_104,HAOS_Flight_104_seg00,train,10.1594/PANGAEA.918840,CC BY 4.0,fixed-wing UAV,2020-02-28 17:09:07+00:00,1706.0,65.043884,24.504579,88.72,382541.2747104,7215664.919416,-1078.5521672000177,116.30894399993122,63.75,-1083.644143957154,116.50171223792404,63.36887445887437,11.38639858614772,-0.28018878788578405,-0.14950216450216658,0.4762523754376957,-0.22563963530391362,0.03583333333333272,11.38984541244892,11.390826546685474,91.40961128318907,0.9904572182757898,-0.7520164549410774,992.24,-3.58,47.3,False
HAOS / PANGAEA,HAOS_Flight_104,HAOS_Flight_104_seg00,train,10.1594/PANGAEA.918840,CC BY 4.0,fixed-wing UAV,2020-02-28 17:09:08+00:00,1707.0,65.043884,24.504738,88.53,382548.7681286,7215664.6456675,-1071.058749000018,116.03519549965858,63.56,-1071.4982158415626,116.07226343483958,63.335627705627616,12.894072192642852,-0.5166081126045512,-0.11045454545454447,1.525895985498778,-0.19485569804669112,0.004621212121215024,12.904417137209045,12.904889842912494,92.29435985350841,0.6234406483547437,-0.4904076387041037,992.265,-3.5949999999999998,47.54,True
HAOS / PANGAEA,HAOS_Flight_104,HAOS_Flight_104_seg00,train,10.1594/PANGAEA.918840,CC BY 4.0,fixed-wing UAV,2020-02-28 17:09:09+00:00,1708.0,65.043884,24.504897,88.34,382556.2615468,7215664.371919,-1063.5653308000183,115.76144699938595,63.370000000000005,-1057.8559995718683,115.46849601271494,63.147965367965284,14.438190557145276,-0.6699001839791663,-0.14025974025973653,1.56991630844351,-0.12027034628834343,0.022629870129868834,14.45372314737398,14.454403675547189,92.65649257989855,0.20461894204780123,-0.5559840069640618,992.29,-3.61,47.78,False
HAOS / PANGAEA,HAOS_Flight_104,HAOS_Flight_104_seg00,train,10.1594/PANGAEA.918840,CC BY 4.0,fixed-wing UAV,2020-02-28 17:09:10+00:00,1709.0,65.043883,24.505211,87.65,382570.9989911,7215663.584355,-1048.8278864999884,114.97388300020248,62.68000000000001,-1042.621834727272,114.73246306688125,63.05510822510814,16.033904809529872,-0.7571488051812381,-0.0651948051948068,1.6019684055212622,-0.05305305842180985,0.062132034632028876,16.051771794859672,16.051904189748857,92.70359773760401,-0.06895244831861483,-0.23270743517080877,992.38,-3.57,47.45,False
HAOS / PANGAEA,HAOS_Flight_104,HAOS_Flight_104_seg00,train,10.1594/PANGAEA.918840,CC BY 4.0,fixed-wing UAV,2020-02-28 17:09:11+00:00,1710.0,65.043881,24.505833,87.96,382600.2912197,7215662.192694,-1019.5356578999781,113.58222199976444,62.989999999999995,-1025.7881899528086,113.95419840235246,63.01757575757567,17.6421273681878,-0.776006300822786,-0.01599567099567878,1.0853108944784253,0.021759291149244575,0.00135281385281516,17.65918582082078,17.65919306524985,92.51858768326133,-0.22935619379313335,-0.051898439553308584,992.34,-3.61,47.55,False
HAOS / PANGAEA,HAOS_Flight_104,HAOS_Flight_104_seg00,train,10.1594/PANGAEA.918840,CC BY 4.0,fixed-wing UAV,2020-02-28 17:09:12+00:00,1711.0,65.043882,24.506146,87.81,382615.0187942,7215661.732705,-1004.8080834000139,113.12223299965262,62.84,-1007.3375799908964,113.18045046523568,63.023116883116785,18.204526598486723,-0.7136302228827489,-0.062489177489176484,-0.40970469935498954,0.12423835762724167,0.12365800865801546,18.21850863188374,18.218615799981226,92.24488535001774,-0.36124283852797223,-0.19652278718697008,992.36,-3.58,47.58,False
HAOS / PANGAEA,HAOS_Flight_104,HAOS_Flight_104_seg00,train,10.1594/PANGAEA.918840,CC BY 4.0,fixed-wing UAV,2020-02-28 17:09:13+00:00,1712.0,65.043881,24.506467,88.19,382630.1154925,7215661.081848,-989.711385099974,112.47137599997222,63.22,-989.3791367558351,112.52693795658696,62.89259740259732,16.82271796947782,-0.5275295855683027,0.23132034632035214,-1.8198023074692458,0.19785929215241538,0.3141774891774851,16.830987117345252,16.832576643130537,91.79610200620539,-0.49723839003104703,0.7874074804343294,992.31,-3.58,47.63,False
HAOS / PANGAEA,HAOS_Flight_104,HAOS_Flight_104_seg00,train,10.1594/PANGAEA.918840,CC BY 4.0,fixed-wing UAV,2020-02-28 17:09:14+00:00,1713.0,65.043883,24.506781,88.94,382644.8726272,7215660.733286,-974.9542504000128,112.12281399965286,63.97,-973.6921440519408,112.12539129409907,63.48575757575749,14.564921983548231,-0.31791163857791815,0.5658658008657937,-1.3661565458866392,0.11462694754848002,0.10419913419912774,14.568391132750033,14.579376677395345,91.25040856995565,-0.29170270149588956,2.2243658681309166,992.21,-3.64,47.44,False
HAOS / PANGAEA,HAOS_Flight_104,HAOS_Flight_104_seg00,train,10.1594/PANGAEA.918840,CC BY 4.0,fixed-wing UAV,2020-02-28 17:09:15+00:00,1714.0,65.043886,24.507094,87.88,382659.6243675,7215660.416469,-960.2025100999745,111.80599700007588,62.91,-960.2492927887387,111.89111467943113,64.0243290043289,14.090404877704543,-0.2982756904713426,0.4397186147186076,0.07326478950130877,-0.05527621966553298,-0.17830086580086046,14.093561579855042,14.10041951380512,91.2126966032136,0.20891618162005454,1.7870465523094559,992.35,-3.59,47.51,False
HAOS / PANGAEA,HAOS_Flight_104,HAOS_Flight_104_seg00,train,10.1594/PANGAEA.918840,CC BY 4.0,fixed-wing UAV,2020-02-28 17:09:16+00:00,1715.0,65.043888,24.507406,88.64,382674.3004182,7215660.153247,-945.5264594000182,111.54277499951422,63.67,-945.5113342965317,111.52883991315639,64.3651948051947,14.711451562550849,-0.4284640779089841,0.20926406926407282,0.3057533191565369,-0.16118859629412796,-0.19248917748917194,14.717689646929582,14.719177286588513,91.66824093319576,0.6023274579775948,0.8146074803838645,992.25,-3.6,47.19,False
HAOS / PANGAEA,HAOS_Flight_104,HAOS_Flight_104_seg00,train,10.1594/PANGAEA.918840,CC BY 4.0,fixed-wing UAV,2020-02-28 17:09:17+00:00,1716.0,65.043891,24.507716,91.53,382688.9014203,7215659.834492,-930.925457299978,111.22401999961585,66.56,-930.826389663637,111.03418652361316,64.44285714285705,14.701911516017617,-0.6206528830595985,0.05474025974026375,0.00022579502433472953,-0.20490826083068825,-0.12089826839827111,14.71500636174044,14.71510817908241,92.41735151916879,0.7964660540778293,0.21314101454217854,991.87,-3.81,47.51,False
HAOS / PANGAEA,HAOS_Flight_104,HAOS_Flight_104_seg00,train,10.1594/PANGAEA.918840,CC BY 4.0,fixed-wing UAV,2020-02-28 17:09:18+00:00,1717.0,65.043889,24.50803,89.32,382703.6895917,7215659.088088,-916.1372859000112,110.47761599998921,64.35,-916.1075112644965,110.28753414703719,64.47467532467523,14.711903152599518,-0.8382805995703606,-0.03253246753246941,-0.002975735822531078,-0.17558793511213366,-0.13054112554112862,14.735766309733732,14.735802221003356,93.26117304135141,0.6830254972966238,-0.12649291656982822,992.16,-3.64,47.19,False
HAOS / PANGAEA,HAOS_Flight_104,HAOS_Flight_104_seg00,train,10.1594/PANGAEA.918840,CC BY 4.0,fixed-wing UAV,2020-02-28 17:09:19+00:00,1718.0,65.043885,24.508345,88.49,382718.4867348,7215657.988558,-901.340142800007,109.3780859997496,63.519999999999996,-901.4025833584379,109.35762532447244,64.37779220779211,14.695960044372555,-0.9718287532838659,-0.2063419913419935,-0.018934987015370552,-0.0639204729441154,-0.20077922077921784,14.72805801018939,14.72950337821662,93.78340251376204,0.2528394863887753,-0.8026687428906629,992.27,-3.61,47.15,False
HAOS / PANGAEA,HAOS_Flight_104,HAOS_Flight_104_seg00,train,10.1594/PANGAEA.918840,CC BY 4.0,fixed-wing UAV,2020-02-28 17:09:20+00:00,1719.0,65.04388,24.508657,88.72,382733.151893,7215656.85928,-886.6749845999875,108.24880800023675,63.75,-886.7155911757513,108.34387664046946,64.06199134199125,14.674033178568777,-0.9661215454585914,-0.4340909090909051,-0.02314917879039058,0.0754264848391415,-0.013755411255408134,14.705802955511697,14.712208382282109,93.76685201412897,-0.2879339176258217,-1.6907854036393544,992.24,-3.57,47.09,False
HAOS / PANGAEA,HAOS_Flight_104,HAOS_Flight_104_seg00,train,10.1594/PANGAEA.918840,CC BY 4.0,fixed-wing UAV,2020-02-28 17:09:21+00:00,1720.0,65.043876,24.508969,89.02,382747.799169,7215655.844008,-872.0277085999842,107.2335359994322,64.05,-872.0545170013004,107.42538223355525,63.5096103896103,14.649661686791774,-0.8209757836055829,-0.23385281385280976,-0.022426790150944953,0.16706405732946195,0.21967532467532358,14.672647640242765,14.674511096226288,93.2075346785104,-0.6465810277221308,-0.9131034317926825,992.2,-3.62,46.84,False
HAOS / PANGAEA,HAOS_Flight_104,HAOS_Flight_104_seg00,train,10.1594/PANGAEA.918840,CC BY 4.0,fixed-wing UAV,2020-02-28 17:09:22+00:00,1721.0,65.043875,24.509279,88.34,382762.3674828,7215655.187557,-857.4593948000111,106.57708499953151,63.370000000000005,-857.4162678021678,106.7019250732583,63.594285714285625,14.629179598266887,-0.6319934307996675,0.005259740259742074,-0.010837478896007724,0.1477964859671559,0.10901515151515007,14.642824570926267,14.642825515582354,92.4736899586847,-0.5752839067050688,0.020580790529679996,992.29,-3.58,46.57,False
HAOS / PANGAEA,HAOS_Flight_104,HAOS_Flight_104_seg00,train,10.1594/PANGAEA.918840,CC BY 4.0,fixed-wing UAV,2020-02-28 17:09:23+00:00,1722.0,65.043876,24.509589,89.02,382776.9860684,7215654.730439,-842.8408092000172,106.11996699962765,64.05,-842.7961578047666,106.16139537195592,63.520129870129786,14.627986728999758,-0.5253828116712711,-0.015822510822509628,0.004482732467636197,0.03988836154954356,0.03786796536796189,14.637418585344639,14.6374271371181,92.05696686510026,-0.1566298912377119,-0.06193460500180524,992.2,-3.62,46.47,False
HAOS / PANGAEA,HAOS_Flight_104,HAOS_Flight_104_seg00,train,10.1594/PANGAEA.918840,CC BY 4.0,fixed-wing UAV,2020-02-28 17:09:24+00:00,1723.0,65.043878,24.509901,88.03,382791.6683473,7215654.41155,-828.1585303000174,105.80107800010592,63.06,-828.1602943441683,105.65115944991575,63.562640692640606,14.63814506320216,-0.5522167077005804,0.08099567099566585,0.016669692644995848,-0.0798548203036269,0.12231601731601849,14.648557409643225,14.648781330961748,92.16043017620927,0.30919822295328564,0.31679998821387273,992.33,-3.61,46.04,False
HAOS / PANGAEA,HAOS_Flight_104,HAOS_Flight_104_seg00,train,10.1594/PANGAEA.918840,CC BY 4.0,fixed-wing UAV,2020-02-28 17:09:25+00:00,1724.0,65.043878,24.510214,88.49,382806.3953624,7215653.788325,-813.4315152000054,105.17785299941897,63.519999999999996,-813.5198676783623,105.05696195655476,63.68212121212112,14.66132611428975,-0.6850924522785249,0.22880952380952735,0.031150401951663298,-0.14364884742656514,0.03948051948052189,14.677323839778271,14.679107224075636,92.67536331100683,0.5540361408180812,0.8931299950461532,992.27,-3.63,46.37,False
HAOS / PANGAEA,HAOS_Flight_104,HAOS_Flight_104_seg00,train,10.1594/PANGAEA.918840,CC BY 4.0,fixed-wing UAV,2020-02-28 17:09:26+00:00,1725.0,65.043876,24.510524,88.72,382820.9567023,7215653.024341,-798.8701752999914,104.41386900004,63.75,-798.8376421155888,104.2809745453587,64.02025974025966,14.700445867105486,-0.8395144025537107,0.15995670995670963,0.03281367813951874,-0.10501412993591686,-0.07382034632034795,14.724397886629996,14.725266696153726,93.26850245784544,0.4014296227543072,0.6224012661042772,992.24,-3.64,46.18,False
HAOS / PANGAEA,HAOS_Flight_104,HAOS_Flight_104_seg00,train,10.1594/PANGAEA.918840,CC BY 4.0,fixed-wing UAV,2020-02-28 17:09:27+00:00,1726.0,65.043872,24.510837,89.7,382835.6620103,7215651.972299,-784.1648673000163,103.36182700004429,64.73,-784.1189759441513,103.37793315144734,64.00203463203454,14.726953470568787,-0.8951207121503586,0.08116883116883145,0.1912123747815997,0.004727662279915279,-0.08487554112553752,14.754131611640808,14.75435488229736,93.47822255651545,-0.05925410091074782,0.31520557488461654,992.11,-3.71,46.14,False
HAOS / PANGAEA,HAOS_Flight_104,HAOS_Flight_104_seg00,train,10.1594/PANGAEA.918840,CC BY 4.0,fixed-wing UAV,2020-02-28 17:09:28+00:00,1727.0,65.043869,24.51115,89.17,382850.3789999,7215651.024061,-769.4478776999749,102.41358899977058,64.2,-769.3837351744512,102.49073312105799,64.18259740259732,15.082870616668686,-0.8300590779938801,-0.009794372294365417,0.24228699707521173,0.10349178461567732,-0.14436147186147608,15.105693764674553,15.105696939957994,93.14999425602394,-0.44402465678564207,-0.03714997308618909,992.18,-3.67,45.64,False
HAOS / PANGAEA,HAOS_Flight_104,HAOS_Flight_104_seg00,train,10.1594/PANGAEA.918840,CC BY 4.0,fixed-wing UAV,2020-02-28 17:09:29+00:00,1728.0,65.043866,24.511466,89.17,382865.2430022,7215650.167491,-754.5838754000142,101.55701899994165,64.2,-753.953234710814,101.71781499545958,63.982445887445806,15.211527464719211,-0.688137142919004,-0.2075541125541207,-0.5313033360403665,0.16496550003309096,0.014399350649345166,15.227084439818793,15.228498916407018,92.59017324294416,-0.5535084068102979,-0.7809267964219341,992.18,-3.67,45.64,False
HAOS / PANGAEA,HAOS_Flight_104,HAOS_Flight_104_seg00,train,10.1594/PANGAEA.918840,CC BY 4.0,fixed-wing UAV,2020-02-28 17:09:30+00:00,1729.0,65.043867,24.51178,88.11,382880.017455,7215649.676515,-739.8094225999666,101.06604299973696,63.14,-738.9606802450128,101.11445883521998,63.76748917748908,14.020263944587953,-0.5001280779276982,0.019004329004324916,-1.750049429006026,0.18775668082097496,0.21997835497835894,14.029181343551183,14.029194215448209,92.04297744240336,-0.5305440891094413,0.0776144488927209,992.32,-3.62,45.86,False
HAOS / PANGAEA,HAOS_Flight_104,HAOS_Flight_104_seg00,train,10.1594/PANGAEA.918840,CC BY 4.0,fixed-wing UAV,2020-02-28 17:09:31+00:00,1730.0,65.04387,24.512091,89.1,382894.6881552,7215649.420394,-725.1387224000064,100.80992199946195,64.13,-725.912706821638,100.71755883960418,64.02045454545446,11.711428606707159,-0.31262378127705404,0.23240259740259717,-1.4540786173156732,0.12918230633198746,0.06283549783550058,11.715600438672308,11.717905299408176,91.52908506472528,-0.39830170850146135,1.136428461687813,992.19,-3.65,44.92,False
HAOS / PANGAEA,HAOS_Flight_104,HAOS_Flight_104_seg00,train,10.1594/PANGAEA.918840,CC BY 4.0,fixed-wing UAV,2020-02-28 17:09:32+00:00,1731.0,65.043872,24.512404,88.56,382909.3805646,7215649.009656,-710.4463129999931,100.39918399974704,63.59,-715.5378230315985,100.48921127266587,64.23229437229428,11.112106709956606,-0.24176346526372328,0.14467532467532607,0.4358030366917376,0.00584567857007201,-0.09798701298701573,11.114736393932109,11.115677939566659,91.24637402540043,-0.07953799644428644,0.7457502459679464,992.26,-3.63,45.62,False
HAOS / PANGAEA,HAOS_Flight_104,HAOS_Flight_104_seg00,train,10.1594/PANGAEA.918840,CC BY 4.0,fixed-wing UAV,2020-02-28 17:09:33+00:00,1732.0,65.04387249999999,24.512556500000002,89.66499999999999,382916.5718937,7215648.814997001,-703.2549838999985,100.20452500041574,64.695,-703.6884934017248,100.23403190907673,64.30980519480511,12.583034680090634,-0.30093242413691,0.036428571428565704,1.4806736145045534,-0.07373326516899681,-0.12056277056277409,12.586632674558375,12.586685390724472,91.3700090718367,0.16892672694129163,0.16582652586196417,992.115,-3.73,45.525,True
HAOS / PANGAEA,HAOS_Flight_104,HAOS_Flight_104_seg00,train,10.1594/PANGAEA.918840,CC BY 4.0,fixed-wing UAV,2020-02-28 17:09:34+00:00,1733.0,65.043873,24.512709,90.77,382923.7632228,7215648.620338,-696.0636548000039,100.00986600015312,65.8,-690.3717536714172,99.88734642439205,64.30515151515141,14.073453938965713,-0.3892299956017169,-0.09645021645022211,1.511154734631731,-0.0845528453290143,-0.07175324675323935,14.078835383712164,14.079165756745638,91.58422747928302,0.17761855198435286,-0.39251143543113726,991.97,-3.83,45.43,False
HAOS / PANGAEA,HAOS_Flight_104,HAOS_Flight_104_seg00,train,10.1594/PANGAEA.918840,CC BY 4.0,fixed-wing UAV,2020-02-28 17:09:35+00:00,1734.0,65.043875,24.513013,88.11,382938.085267,7215648.285795,-681.7416105999728,99.67532300017774,63.14,-675.5415855237934,99.4555719178733,64.11690476190466,15.605344149354096,-0.4700381147949386,-0.107077922077913,1.5566988180727321,-0.07670876959306483,-0.035216450216445594,15.61242139609164,15.612788589183438,91.72524617580541,0.11209748465529759,-0.39295741924695077,992.32,-3.62,45.29,False
HAOS / PANGAEA,HAOS_Flight_104,HAOS_Flight_104_seg00,train,10.1594/PANGAEA.918840,CC BY 4.0,fixed-wing UAV,2020-02-28 17:09:36+00:00,1735.0,65.043877,24.513628,88.49,382966.9908358,7215647.365332,-652.8360417999793,98.75485999975353,63.519999999999996,-659.161065372709,98.94727019480217,64.09099567099558,17.186851575111177,-0.5426475347878466,-0.1668831168831133,1.0787539986998524,-0.07065988747197238,-0.03126623376623883,17.195416058121797,17.196225847162324,91.8084224485936,0.12298454711424325,-0.5560434276376097,992.27,-3.62,44.61,False
HAOS / PANGAEA,HAOS_Flight_104,HAOS_Flight_104_seg00,train,10.1594/PANGAEA.918840,CC BY 4.0,fixed-wing UAV,2020-02-28 17:09:37+00:00,1736.0,65.043878,24.51393,88.64,382981.2245709,7215646.887334,-638.6023066999624,98.27686200011522,63.67,-641.167882373571,98.3702768482976,63.78313852813844,17.7628521467538,-0.6113578897388834,-0.16961038961039065,-0.37222090833662946,-0.07207853893459415,0.15999458874458838,17.77336982276524,17.774179096122722,91.9712152700339,0.29172489921697126,-0.5467541946853398,992.25,-3.66,43.97,False
HAOS / PANGAEA,HAOS_Flight_104,HAOS_Flight_104_seg00,train,10.1594/PANGAEA.918840,CC BY 4.0,fixed-wing UAV,2020-02-28 17:09:38+00:00,1737.0,65.043878,24.514238,89.32,382995.7275915,7215646.322503,-624.0992861000123,97.71203099936247,64.35,-623.6353610792014,97.7245544153244,63.7517748917748,16.44240975843792,-0.6868046126570349,0.15310606060606347,-1.7533266646102277,-0.07790047183302207,0.1222402597402592,16.45674752921553,16.457459728224638,92.39187224702755,0.5545157095733089,0.5330383776699569,992.16,-3.7,44.68,False
HAOS / PANGAEA,HAOS_Flight_104,HAOS_Flight_104_seg00,train,10.1594/PANGAEA.918840,CC BY 4.0,fixed-wing UAV,2020-02-28 17:09:39+00:00,1738.0,65.043877,24.514547,89.17,383010.2367854,7215645.621181,-609.590092199971,97.01070899982005,64.2,-608.2830628566952,96.99666762298354,64.08935064935056,14.256198817533345,-0.7671588334049275,0.07487012987012776,-1.2990319488068849,-0.12797122833003982,-0.17357683982684335,14.276825186318923,14.277021500896366,93.08024668918051,0.7518687358632377,0.300466180209024,992.18,-3.66,44.85,False
HAOS / PANGAEA,HAOS_Flight_104,HAOS_Flight_104_seg00,train,10.1594/PANGAEA.918840,CC BY 4.0,fixed-wing UAV,2020-02-28 17:09:40+00:00,1739.0,65.043876,24.514855,88.56,383024.7552068,7215644.939982,-595.0716707999818,96.32950999960303,63.59,-595.1229634441347,96.19023674851455,63.901515151515056,13.844345860824149,-0.9427470693171145,-0.19404761904762324,0.13724156915526464,-0.19682451621709873,-0.09337662337662067,13.87640747278721,13.877764186974888,93.89560971875403,0.7436113776700443,-0.8011716994820517,992.26,-3.64,44.87,False
HAOS / PANGAEA,HAOS_Flight_104,HAOS_Flight_104_seg00,train,10.1594/PANGAEA.918840,CC BY 4.0,fixed-wing UAV,2020-02-28 17:09:41+00:00,1740.0,65.043871,24.515164,89.1,383039.2678643,7215643.811639,-580.5590132999932,95.20116699952632,64.13,-580.5943711350469,95.11117348434931,63.70125541125532,14.530681955843875,-1.160807865839125,-0.11188311688311359,0.35405840043165426,-0.16017626836852017,0.12193722943723273,14.576974754841306,14.577404118536476,94.56746944452061,0.5325092701525322,-0.4397554792687139,992.19,-3.63,45.37,False
HAOS / PANGAEA,HAOS_Flight_104,HAOS_Flight_104_seg00,train,10.1594/PANGAEA.918840,CC BY 4.0,fixed-wing UAV,2020-02-28 17:09:42+00:00,1741.0,65.043865,24.515473,88.41,383053.7434592,7215642.540029,-566.0834183999687,93.92955699935555,63.44,-566.061599532447,93.8686210168363,63.67774891774883,14.552462661687457,-1.2630996060541548,0.04982683982684222,0.025441190691481097,-0.029914274859120127,0.13126623376623314,14.607175980819214,14.607260963253477,94.96062825905909,0.1088287351552183,0.1954420594057325,992.28,-3.65,45.05,False
HAOS / PANGAEA,HAOS_Flight_104,HAOS_Flight_104_seg00,train,10.1594/PANGAEA.918840,CC BY 4.0,fixed-wing UAV,2020-02-28 17:09:43+00:00,1742.0,65.043858,24.515781,88.19,383068.2435589,7215641.262282,-551.5833186999662,92.65180999971926,63.22,-551.489445811672,92.584974272241,63.800909090909,14.581564337226837,-1.2206364155573652,0.1506493506493527,0.028758418071873848,0.13138325762878722,-0.014047619047619975,14.632565454480982,14.633340937958131,94.78512691483104,-0.5218736412195697,0.5898669683903394,992.31,-3.62,45.6,False
HAOS / PANGAEA,HAOS_Flight_104,HAOS_Flight_104_seg00,train,10.1594/PANGAEA.918840,CC BY 4.0,fixed-wing UAV,2020-02-28 17:09:44+00:00,1743.0,65.043851,24.516095,89.1,383082.9676837,7215639.853757,-536.859193900018,91.24328499939293,64.13,-536.8984708579933,91.42734818572157,63.979047619047535,14.609979497831205,-1.0003330907965804,0.021731601731602268,0.03289881493357427,0.28411938424234506,0.010378787878785545,14.644185440631063,14.644201565196534,93.91688097661995,-1.1174211197364337,0.08502542885223456,992.19,-3.65,45.77,False
HAOS / PANGAEA,HAOS_Flight_104,HAOS_Flight_104_seg00,train,10.1594/PANGAEA.918840,CC BY 4.0,fixed-wing UAV,2020-02-28 17:09:45+00:00,1744.0,65.043848,24.516406,89.7,383097.6082979,7215639.018851,-522.2185796999838,90.40837899968028,64.73,-522.2694868160096,90.58430809064784,63.84437229437221,14.647361967093985,-0.6523976470726751,0.1714069264069238,0.042003220023190124,0.34995358545248223,0.1810822510822483,14.661883756358776,14.662885651173768,92.55028467535817,-1.3728015925734407,0.6697942945813876,992.11,-3.66,46.28,False
HAOS / PANGAEA,HAOS_Flight_104,HAOS_Flight_104_seg00,train,10.1594/PANGAEA.918840,CC BY 4.0,fixed-wing UAV,2020-02-28 17:09:46+00:00,1745.0,65.04385,24.516718,89.02,383112.2593422,7215638.586984,-507.56753539998317,89.97651199996471,64.05,-507.6037469238053,90.12255289157622,64.32186147186138,14.693985937877585,-0.30042591989161593,0.38389610389609885,0.044504902600749574,0.29506842635402464,0.007554112554114312,14.697056796375488,14.702069741858578,91.17127779147307,-1.154106455313813,1.4962605396395277,992.2,-3.64,46.35,False
HAOS / PANGAEA,HAOS_Flight_104,HAOS_Flight_104_seg00,train,10.1594/PANGAEA.918840,CC BY 4.0,fixed-wing UAV,2020-02-28 17:09:47+00:00,1746.0,65.043854,24.517028,89.02,383126.867927,7215638.538706,-492.95895060000475,89.92823399975896,64.05,-492.8815149402544,89.9834562508646,64.6121645021644,14.736371772295485,-0.06226079436462584,0.1865151515151524,0.03920052954470066,0.12113211797228018,-0.11988095238094942,14.736503296841557,14.737683580521288,90.24207176473055,-0.47284731366976995,0.725135414171026,992.2,-3.65,46.82,False
HAOS / PANGAEA,HAOS_Flight_104,HAOS_Flight_104_seg00,train,10.1594/PANGAEA.918840,CC BY 4.0,fixed-wing UAV,2020-02-28 17:09:48+00:00,1747.0,65.04386,24.517341,89.02,383141.6563161,7215638.615957,-478.1705615000101,90.00548500008881,64.05,-478.13100337921435,89.99803130284697,64.69489177489169,14.772386996966986,-0.058161683947055565,0.1441341991342,0.036127564174634585,-0.11370060822394024,-0.026482683982685273,14.772501493302983,14.773204629903388,90.22558316413352,0.4392555837094126,0.5590129238718325,992.2,-3.65,46.82,False
HAOS / PANGAEA,HAOS_Flight_104,HAOS_Flight_104_seg00,train,10.1594/PANGAEA.918840,CC BY 4.0,fixed-wing UAV,2020-02-28 17:09:49+00:00,1748.0,65.043866,24.517656,91.37,383156.4624456,7215638.680759,-463.364431999973,90.07028699945658,66.4,-463.33674094632045,89.8671328829705,64.9004329004328,14.808626900644754,-0.2896620108125063,0.13354978354978186,0.020853612664495813,-0.2839451872519909,-0.06896103896103867,14.811459575713913,14.812061649469786,91.12058293214938,1.0971645873427434,0.5166021321800064,991.89,-3.82,46.97,False
HAOS / PANGAEA,HAOS_Flight_104,HAOS_Flight_104_seg00,train,10.1594/PANGAEA.918840,CC BY 4.0,fixed-wing UAV,2020-02-28 17:09:50+00:00,1749.0,65.043868,24.517973,89.55,383171.3848362,7215638.266295,-448.4420414000051,89.65582299977541,64.58,-448.51374957792484,89.41870728122196,64.96199134199125,14.814094222295978,-0.6260520584510374,0.006212121212122668,0.14661791445323047,-0.31773517802922413,-0.13596320346319857,14.827316979378091,14.827318280707534,92.41991233881902,1.1924732123581272,0.024004903041313835,992.13,-3.68,46.95,False
HAOS / PANGAEA,HAOS_Flight_104,HAOS_Flight_104_seg00,train,10.1594/PANGAEA.918840,CC BY 4.0,fixed-wing UAV,2020-02-28 17:09:51+00:00,1750.0,65.043865,24.518286,89.7,383186.135905,7215637.381078,-433.6909726000158,88.7706059999764,64.73,-433.7085525017285,88.61502876606842,64.91285714285705,15.101862729551215,-0.9251323668709546,-0.13837662337661527,0.16993117002093072,-0.21446699673789382,-0.17582251082251332,15.130172761685186,15.1308055267503,93.50552935686562,0.7812359361001353,-0.5239976821801227,992.11,-3.7,47.64,False
HAOS / PANGAEA,HAOS_Flight_104,HAOS_Flight_104_seg00,train,10.1594/PANGAEA.918840,CC BY 4.0,fixed-wing UAV,2020-02-28 17:09:52+00:00,1751.0,65.043859,24.5186,89.78,383200.8588698,7215636.1703,-418.96800779999467,87.55982800014317,64.81,-418.3100241188224,87.56844254748005,64.68523809523802,15.15395656233784,-1.054986051926825,-0.345432900432904,-0.5821568670501591,-0.013525565479401536,-0.07277056277056815,15.190635110586463,15.194562150706538,93.98238421101928,0.20136138666509626,-1.30267343999673,992.1,-3.7,48.13,False
HAOS / PANGAEA,HAOS_Flight_104,HAOS_Flight_104_seg00,train,10.1594/PANGAEA.918840,CC BY 4.0,fixed-wing UAV,2020-02-28 17:09:53+00:00,1752.0,65.043853,24.518913,88.72,383215.5864337,7215634.931302,-404.2404438999947,86.32082999963313,63.75,-403.4006393770528,86.50505666221477,64.22199134199124,13.937548995450896,-0.9521834978297576,-0.28391774891775157,-1.7394009811687283,0.1995060941420057,0.04373376623377112,13.97003670052923,13.972921480573921,93.90825213019582,-0.38328793350834206,-1.164281095032711,992.24,-3.67,47.67,False
HAOS / PANGAEA,HAOS_Flight_104,HAOS_Flight_104_seg00,train,10.1594/PANGAEA.918840,CC BY 4.0,fixed-wing UAV,2020-02-28 17:09:54+00:00,1753.0,65.043851,24.519224,89.48,383230.1757528,7215634.05846,-389.65112479997333,85.44798799976707,64.51,-390.4349261279206,85.66407555182053,64.11740259740252,11.675154600000383,-0.6559738636428136,-0.25796536796536174,-1.3619771459940182,0.2728727759503151,-0.03641774891774929,11.6935681741585,11.696413244014682,93.2158083440026,-0.9162345563850668,-1.263765656747798,992.14,-3.67,47.98,False
HAOS / PANGAEA,HAOS_Flight_104,HAOS_Flight_104_seg00,train,10.1594/PANGAEA.918840,CC BY 4.0,fixed-wing UAV,2020-02-28 17:09:55+00:00,1754.0,65.043851,24.519535,88.87,383244.8178196,7215633.569926,-375.009057999996,84.95945399999619,63.900000000000006,-380.05033017705205,85.19310893492914,63.70606060606052,11.21359470346286,-0.4064379459291274,-0.35675324675325015,0.5963569936135684,0.14829305734372866,0.07655844155843639,11.220957979487375,11.226627759772317,92.07578301742569,-0.8080028676853043,-1.8210185205684803,992.22,-3.68,48.3,False
HAOS / PANGAEA,HAOS_Flight_104,HAOS_Flight_104_seg00,train,10.1594/PANGAEA.918840,CC BY 4.0,fixed-wing UAV,2020-02-28 17:09:56+00:00,1755.0,65.043853,24.5196925,88.45,383252.25192854996,7215633.4679475,-367.57494905003114,84.85747549962252,63.480000000000004,-368.0077367209949,84.85119965996228,63.40389610389602,12.86786858722752,-0.3593877489553563,-0.10484848484848897,1.656195521102191,-0.022574134176053917,0.2065584415584425,12.872886293767065,12.873313277359134,91.59980260863199,-0.14756798995918496,-0.4666585796052256,992.2750000000001,-3.68,48.42,True
HAOS / PANGAEA,HAOS_Flight_104,HAOS_Flight_104_seg00,train,10.1594/PANGAEA.918840,CC BY 4.0,fixed-wing UAV,2020-02-28 17:09:57+00:00,1756.0,65.043855,24.51985,88.03,383259.6860375,7215633.365969,-360.14084010000806,84.75549700018018,63.06,-354.314593002597,84.47433343701843,63.49636363636354,14.525985745667242,-0.45158621428123524,0.05636363636363484,1.650033171212442,-0.11054757896415879,0.09303030303030724,14.533003543392423,14.53311284108676,91.78064703750732,0.22821208488744182,0.2222102458469673,992.33,-3.68,48.54,False
HAOS / PANGAEA,HAOS_Flight_104,HAOS_Flight_104_seg00,train,10.1594/PANGAEA.918840,CC BY 4.0,fixed-wing UAV,2020-02-28 17:09:58+00:00,1757.0,65.043857,24.520167,88.03,383274.5907178,7215633.040623,-345.23615979996976,84.43015099968761,63.06,-338.9557652296604,83.9480272313998,63.516623376623286,16.167934929652404,-0.5804829068836739,0.08121212121212551,1.6300222776028477,-0.103304057317537,0.018961038961037957,16.17835221197321,16.178556045064408,92.05622677840688,0.16934397566262824,0.2876110401548925,992.33,-3.68,48.54,False
HAOS / PANGAEA,HAOS_Flight_104,HAOS_Flight_104_seg00,train,10.1594/PANGAEA.918840,CC BY 4.0,fixed-wing UAV,2020-02-28 17:09:59+00:00,1758.0,65.043856,24.520798,88.87,383304.2871568,7215631.712776,-315.53972080000676,83.10230399947613,63.900000000000006,-321.9787231432922,83.31336762325108,63.65878787878779,17.786030300872937,-0.6581943289163092,0.09428571428571075,1.094000876735521,-0.03351584201762847,0.028116883116879876,17.79820478694938,17.798454523753072,92.11933498883258,-0.017964007328851943,0.30352066560172064,992.22,-3.69,49.17,False
HAOS / PANGAEA,HAOS_Flight_104,HAOS_Flight_104_seg00,train,10.1594/PANGAEA.918840,CC BY 4.0,fixed-wing UAV,2020-02-28 17:10:00+00:00,1759.0,65.043854,24.521114,89.55,383319.1398514,7215630.943148,-300.6870262000011,82.3326759999618,64.58,-303.38370462791454,82.63163857356719,63.70519480519471,18.355936683123446,-0.6475145909189308,0.13744588744588526,-0.4029028247319104,0.06340780025509218,0.036969696969702426,18.367353828472133,18.36786808620602,92.02029876374917,-0.1634536256330492,0.42874560730206907,992.13,-3.75,49.48,False
HAOS / PANGAEA,HAOS_Flight_104,HAOS_Flight_104_seg00,train,10.1594/PANGAEA.918840,CC BY 4.0,fixed-wing UAV,2020-02-28 17:10:01+00:00,1760.0,65.043855,24.521432,88.72,383334.0875621,7215630.47407,-285.73931550001726,81.86359800025821,63.75,-285.2668497770453,82.01833844141322,63.93367965367956,16.980224651409117,-0.5313787284061249,0.1682251082251156,-1.8103206880973488,0.14082420563821074,-0.0742640692640677,16.98853709314973,16.989369978088114,91.79242773756647,-0.2989901765007235,0.5673398267255222,992.24,-3.7,49.76,False
HAOS / PANGAEA,HAOS_Flight_104,HAOS_Flight_104_seg00,train,10.1594/PANGAEA.918840,CC BY 4.0,fixed-wing UAV,2020-02-28 17:10:02+00:00,1761.0,65.043859,24.521749,88.34,383349.0210399,7215630.288413,-270.80583769996883,81.67794100008905,63.370000000000005,-269.4232553250963,81.56888111675494,64.04164502164494,14.735295306928748,-0.36586617964250934,-0.011082251082250139,-1.344033630356435,0.10101671590373229,-0.13731601731602083,14.739836696646357,14.739840862780428,91.42231841074772,-0.23617508177406507,-0.043078231322280114,992.29,-3.71,50.0,False
HAOS / PANGAEA,HAOS_Flight_104,HAOS_Flight_104_seg00,train,10.1594/PANGAEA.918840,CC BY 4.0,fixed-wing UAV,2020-02-28 17:10:03+00:00,1762.0,65.043861,24.522068,88.64,383364.0612876,7215629.959647,-255.76558999996632,81.34917499963194,63.67,-255.7962591631878,81.2866060821282,63.91151515151506,14.292157390696246,-0.3293452965986603,-0.10640692640692606,0.09711490454635907,-0.043798123411754375,0.006028138528138882,14.295951566958562,14.296347562885156,91.32007757401834,0.158710990423542,-0.4264532642770628,992.25,-3.71,50.35,False
HAOS / PANGAEA,HAOS_Flight_104,HAOS_Flight_104_seg00,train,10.1594/PANGAEA.918840,CC BY 4.0,fixed-wing UAV,2020-02-28 17:10:04+00:00,1763.0,65.043863,24.522386,89.7,383379.0068428,7215629.541524,-240.82003479998093,80.93105199933052,64.73,-240.8389405437038,80.91019052355762,63.82883116883109,14.929525116021466,-0.4534624264660181,0.0009740259740276258,0.28810759555987175,-0.1472759544980491,0.056406926406923574,14.936410156464378,14.936410188223235,91.73974039159481,0.5413609720273441,0.003736344729703404,992.11,-3.79,50.35,False
HAOS / PANGAEA,HAOS_Flight_104,HAOS_Flight_104_seg00,train,10.1594/PANGAEA.918840,CC BY 4.0,fixed-wing UAV,2020-02-28 17:10:05+00:00,1764.0,65.043863,24.522701,88.87,383393.8588695,7215629.043258,-225.96800809999695,80.4327859999612,63.900000000000006,-225.93720893114488,80.37968122919617,63.91346320346312,14.86837258181599,-0.6238972055947585,0.006406926406921087,-0.07381565844679017,-0.15510087657127514,0.018160173160172377,14.881456614016198,14.881457993205922,92.40279951807304,0.608826326075245,0.024667600061467267,992.22,-3.75,50.59,False
HAOS / PANGAEA,HAOS_Flight_104,HAOS_Flight_104_seg00,train,10.1594/PANGAEA.918840,CC BY 4.0,fixed-wing UAV,2020-02-28 17:10:06+00:00,1765.0,65.043862,24.523019,88.49,383408.7810886,7215628.316196,-211.04578899999615,79.70572399999946,63.519999999999996,-211.10219538007183,79.6623961123681,63.84164502164493,14.781893799127886,-0.7636641796085684,0.03729437229437238,-0.08527845746645824,-0.11320576626097179,0.03739177489178047,14.801606915058672,14.801653898741096,92.9573930437453,0.4541135055141627,0.1443630831783243,992.27,-3.72,50.6,False
HAOS / PANGAEA,HAOS_Flight_104,HAOS_Flight_104_seg00,train,10.1594/PANGAEA.918840,CC BY 4.0,fixed-wing UAV,2020-02-28 17:10:07+00:00,1766.0,65.04386,24.523331,88.79,383423.4677369,7215627.478526,-196.35914069996215,78.86805399972945,63.82000000000001,-196.3734213328891,78.85235286997903,63.98805194805186,14.697815666883074,-0.850308738116702,0.08119047619048203,-0.0661978563794392,-0.0806318160985029,0.040941558441558,14.722391460893544,14.722615332243628,93.31102652910135,0.32765241574873233,0.31596935029853485,992.23,-3.71,50.4,False
HAOS / PANGAEA,HAOS_Flight_104,HAOS_Flight_104_seg00,train,10.1594/PANGAEA.918840,CC BY 4.0,fixed-wing UAV,2020-02-28 17:10:08+00:00,1767.0,65.043856,24.523643,88.87,383438.1428127,7215626.52113,-181.6840648999787,77.91065800003707,63.900000000000006,-181.7065640463057,77.9617786361347,64.0040259740259,14.649498086369007,-0.9249278118055742,0.11917748917748838,-0.03495095378686841,-0.06527670784813466,0.0801298701298645,14.678667706559088,14.67915150523038,93.61269787524276,0.2625749993922854,0.46517962283644543,992.22,-3.72,51.13,False
HAOS / PANGAEA,HAOS_Flight_104,HAOS_Flight_104_seg00,train,10.1594/PANGAEA.918840,CC BY 4.0,fixed-wing UAV,2020-02-28 17:10:09+00:00,1768.0,65.043853,24.523954,89.1,383452.7521534,7215625.552885,-167.07472420000704,76.94241299945861,64.13,-167.0744251601511,77.00249724636788,64.22640692640684,14.627913759309337,-0.9808621538129714,0.24145021645021103,-0.012807977710508567,-0.01051486036498872,-0.015357142857144623,14.6607623101452,14.662750414625418,93.83617652788593,0.044184604631652954,0.9435271866760898,992.19,-3.69,51.23,False
HAOS / PANGAEA,HAOS_Flight_104,HAOS_Flight_104_seg00,train,10.1594/PANGAEA.918840,CC BY 4.0,fixed-wing UAV,2020-02-28 17:10:10+00:00,1769.0,65.04385,24.524263,90.31,383467.2905848,7215624.731507,-152.5362927999813,76.12103499937803,65.34,-152.450736527687,76.00005432850875,64.48692640692632,14.62388213094799,-0.9459575325355516,0.08846320346319914,-0.005379414935902105,0.10528535611859269,-0.14265151515150976,14.654445203869736,14.654712210466217,93.70106708450606,-0.40980357533297607,0.3458682034094443,992.03,-3.8,51.24,False
HAOS / PANGAEA,HAOS_Flight_104,HAOS_Flight_104_seg00,train,10.1594/PANGAEA.918840,CC BY 4.0,fixed-wing UAV,2020-02-28 17:10:11+00:00,1770.0,65.043847,24.524576,88.87,383481.9735995,7215623.735977,-137.8532780999667,75.12550499942154,63.900000000000006,-137.8266608982551,75.11058218129678,64.40333333333324,14.617154929437532,-0.770291441575786,-0.04385281385280848,-0.005438967094942626,0.17154748488754024,-0.07722943722943398,14.637437177871844,14.637502867819622,93.01656937721998,-0.6693286527684855,-0.17165393133481108,992.22,-3.7,51.49,False
HAOS / PANGAEA,HAOS_Flight_104,HAOS_Flight_104_seg00,train,10.1594/PANGAEA.918840,CC BY 4.0,fixed-wing UAV,2020-02-28 17:10:12+00:00,1771.0,65.043843,24.524888,89.25,383496.6577964,7215622.74527,-123.16908119997242,74.13479799963534,64.28,-123.21642666881195,74.45947144535718,64.3992207792207,14.613004196758105,-0.6028625627604711,-0.06599567099566883,0.006075954220762014,0.023262698080358746,-0.11044372294372806,14.625434520862896,14.625583419222574,92.3624097789691,-0.09212204347596332,-0.25853917329850173,992.17,-3.73,51.78,False
HAOS / PANGAEA,HAOS_Flight_104,HAOS_Flight_104_seg00,train,10.1594/PANGAEA.918840,CC BY 4.0,fixed-wing UAV,2020-02-28 17:10:13+00:00,1772.0,65.043841,24.525199,89.48,383511.2992501,7215621.95164,-108.52762750000693,73.34116799943149,64.51,-108.6006525047389,73.90485705577584,64.2713419913419,14.629306837879057,-0.7237660454150685,-0.2647402597402646,0.00340282110128598,-0.32619154867534306,-0.0750432900432898,14.647199590546675,14.649591914126415,92.83232529026805,1.2724634366530252,-1.0354776693284515,992.14,-3.76,51.87,False
HAOS / PANGAEA,HAOS_Flight_104,HAOS_Flight_104_seg00,train,10.1594/PANGAEA.918840,CC BY 4.0,fixed-wing UAV,2020-02-28 17:10:14+00:00,1773.0,65.043843,24.525507,88.49,383525.7621564,7215621.642747,-94.06472119997488,73.03227499965578,63.519999999999996,-93.95781299305384,73.01193935452704,63.86974025974017,14.619809838960677,-1.2552456601111572,-0.21608225108224843,-0.03994684285714101,-0.706952806266866,0.0843614718614738,14.673598106619906,14.675189025488976,94.90733665227515,2.7630260621419316,-0.8436721599347784,992.27,-3.71,51.8,False
HAOS / PANGAEA,HAOS_Flight_104,HAOS_Flight_104_seg00,train,10.1594/PANGAEA.918840,CC BY 4.0,fixed-wing UAV,2020-02-28 17:10:15+00:00,1774.0,65.04384,24.525817,89.4,383540.3550822,7215620.691752,-79.47179539996432,72.08127999957651,64.43,-79.36103282681755,71.39436573555352,63.8391774891774,14.549413152164774,-2.1376716579488004,-0.096017316017317,-0.09869336580082333,-0.986107956720879,0.049220779220776834,14.705613322455575,14.705926781898448,98.35837741455191,3.8532706124938736,-0.37409584159982573,992.15,-3.74,52.5,False
HAOS / PANGAEA,HAOS_Flight_104,HAOS_Flight_104_seg00,train,10.1594/PANGAEA.918840,CC BY 4.0,fixed-wing UAV,2020-02-28 17:10:16+00:00,1775.0,65.043821,24.526129,88.49,383554.9566114,7215618.048686,-64.87026619998505,69.43821399938315,63.519999999999996,-64.85898668872429,68.73659603862944,63.677705627705535,14.42242310735903,-3.2274615735529153,-0.11764069264069477,-0.1668757589840002,-1.0639960054435136,0.05204545454545517,14.779133820912657,14.779602018627203,102.6138778772629,4.172217836034066,-0.4560600721447405,992.27,-3.75,51.97,False
HAOS / PANGAEA,HAOS_Flight_104,HAOS_Flight_104_seg00,train,10.1594/PANGAEA.918840,CC BY 4.0,fixed-wing UAV,2020-02-28 17:10:17+00:00,1776.0,65.043787,24.52644,87.96,383569.4552058,7215613.621534,-50.371671799977776,65.01106199994683,62.989999999999995,-50.51618661209949,64.93944258844769,63.60389610389601,14.215661634196774,-4.265663668835828,0.008073593073593344,-0.09279911553236886,-0.9157735979752957,0.0927976190476194,14.841863839612598,14.841866035526165,106.70281308662004,3.474311922641559,0.031167430721268815,992.34,-3.73,52.0,False
HAOS / PANGAEA,HAOS_Flight_104,HAOS_Flight_104_seg00,train,10.1594/PANGAEA.918840,CC BY 4.0,fixed-wing UAV,2020-02-28 17:10:18+00:00,1777.0,65.043746,24.526743,89.02,383583.4957212,7215608.547429,-36.331156399974134,59.93695699982345,64.05,-36.42766342033074,60.20526870095779,63.69385281385272,14.236824876294293,-5.059008769503507,0.06795454545454405,-0.07726716168740566,-0.5167388604244287,0.08274891774891913,15.108962647653392,15.109115464130696,109.56250172254602,1.9734190314863715,0.25769356181934494,992.2,-3.77,51.94,False
HAOS / PANGAEA,HAOS_Flight_104,HAOS_Flight_104_seg00,train,10.1594/PANGAEA.918840,CC BY 4.0,fixed-wing UAV,2020-02-28 17:10:19+00:00,1778.0,65.043704,24.527039,88.87,383597.2514574,7215603.334728,-22.57542020000983,54.72425599955022,63.900000000000006,-22.042536859510903,54.82142504944068,63.7398051948051,14.061127310821963,-5.299141389684685,0.1735714285714316,-0.7174033538229381,0.16474254319104453,0.07178300865802889,15.026516586322082,15.027519015453912,110.64965114959278,0.356766254723966,0.6617946333009993,992.22,-3.74,52.32,False
HAOS / PANGAEA,HAOS_Flight_104,HAOS_Flight_104_seg00,train,10.1594/PANGAEA.918840,CC BY 4.0,fixed-wing UAV,2020-02-28 17:10:20+00:00,1779.0,65.043664,24.527329,88.87,383610.7412491,7215598.304407,-9.085628499975428,49.69393499940634,63.900000000000006,-8.305408798686813,49.60698592158842,64.04099567099558,12.802018168648416,-4.729523683121418,0.21152056277060183,-1.3566460760218053,0.6196820856540768,-0.03264339826838558,13.647712755608925,13.649351794429116,110.27603423199395,-0.48229111150809306,0.8879337885579431,992.22,-3.74,52.32,False
HAOS / PANGAEA,HAOS_Flight_104,HAOS_Flight_104_seg00,train,10.1594/PANGAEA.918840,CC BY 4.0,fixed-wing UAV,2020-02-28 17:10:21+00:00,1780.0,65.043626,24.527614,89.1,383623.9967597,7215593.578042,4.169882100017276,44.9675699993968,64.13,3.5614994777859295,45.36237768319784,64.1628463203463,11.347835158778352,-4.0597772183765315,0.10828463203466043,-1.2461646226294363,0.5197042523865001,-0.06518398268401171,12.052184609175848,12.052671048991177,109.6850689265766,-0.2911892709410353,0.5147685392465852,992.19,-3.72,52.63,False
HAOS / PANGAEA,HAOS_Flight_104,HAOS_Flight_104_seg00,train,10.1594/PANGAEA.918840,CC BY 4.0,fixed-wing UAV,2020-02-28 17:10:22+00:00,1781.0,65.043589,24.527903,89.4,383637.3964738,7215588.883353,17.56959620001726,40.27288099937141,64.43,14.390261518869892,41.487431484835355,64.2575649350649,10.309688923389544,-3.6901151783484174,0.08115259740257841,-1.0381462353888153,0.36966204002812475,-0.02713203463206071,10.950188844332247,10.950489553924227,109.69365569011188,0.009547607365988406,0.4246151614339791,992.15,-3.72,51.94,False
HAOS / PANGAEA,HAOS_Flight_104,HAOS_Flight_104_seg00,train,10.1594/PANGAEA.918840,CC BY 4.0,fixed-wing UAV,2020-02-28 17:10:23+00:00,1782.0,65.0435705,24.5280495,89.325,383644.21727585,7215586.537385499,24.390398250019643,37.92691349890083,64.355,24.180877324565017,37.98214732650101,64.32515151515146,9.271542688000721,-3.320453138320282,0.054020562770539016,-0.7786096765416133,0.27724653002110067,-0.020349025974027768,9.848193380473429,9.84834153958943,109.70416414130858,0.00834842537597082,0.31428294424407494,992.16,-3.715,51.91,True
HAOS / PANGAEA,HAOS_Flight_104,HAOS_Flight_104_seg00,train,10.1594/PANGAEA.918840,CC BY 4.0,fixed-wing UAV,2020-02-28 17:10:24+00:00,1783.0,65.043552,24.528196,89.25,383651.0380779,7215584.191418,31.21120030002203,35.580945999361575,64.28,32.933346894871335,34.84652520819479,64.36560606060598,8.752469570306317,-3.135622118306216,0.04045454545452287,-0.5190731176944041,0.18483102001406593,-0.013566017316016143,9.297195794859288,9.297283808629118,109.71035254086382,0.006188399555237906,0.24930744059681026,992.17,-3.71,51.88,False
